phenotype,description,group,metric,bonf_pval,OR_CI,n_total,n_cases,n_controls,p,snp,color,groupnum,OR,lower,upper
250,Diabetes mellitus,endocrine/metabolic,VFI,< 0.0001,2.28 (2.19 - 2.37),21922,2548,19374,0,vfi_zscore,brown,3,2.275324795194542,2.1885275514660543,2.366335822498231
250.2,Type 2 diabetes,endocrine/metabolic,VFI,< 0.0001,2.30 (2.21 - 2.39),21793,2419,19374,0,vfi_zscore,brown,3,2.2961073606871505,2.206817340885758,2.3898244036884972
272,Disorders of lipoid metabolism,endocrine/metabolic,VFI,< 0.0001,2.11 (2.03 - 2.18),22779,3840,18939,0,vfi_zscore,brown,3,2.10624546119849,2.0345203590299796,2.1810459306807997
272.1,Hyperlipidemia,endocrine/metabolic,VFI,< 0.0001,2.11 (2.04 - 2.18),22762,3823,18939,0,vfi_zscore,brown,3,2.107504286939055,2.035646771002298,2.1824463928760647
278,"Overweight, obesity and other hyperalimentation",endocrine/metabolic,VFI,< 0.0001,3.39 (3.23 - 3.56),22779,2246,20533,0,vfi_zscore,brown,3,3.3898888163810295,3.231935697329021,3.558056862763764
278.1,Obesity,endocrine/metabolic,VFI,< 0.0001,3.70 (3.51 - 3.90),22416,1883,20533,0,vfi_zscore,brown,3,3.6974131797181604,3.509146148372907,3.899209278073399
401,Hypertension,circulatory system,VFI,< 0.0001,2.30 (2.23 - 2.38),22779,5287,17492,0,vfi_zscore,red,8,2.3032553987454647,2.22685587127887,2.3829355867304423
401.1,Essential hypertension,circulatory system,VFI,< 0.0001,2.31 (2.23 - 2.39),22489,4997,17492,0,vfi_zscore,red,8,2.3093021458979326,2.231542489411528,2.390444999075909
785,Abdominal pain,symptoms,VFI,< 0.0001,2.40 (2.32 - 2.49),22779,11159,11620,0,vfi_zscore,purple,17,2.4024873798470474,2.3226301247755043,2.485887455244088
272,Disorders of lipoid metabolism,endocrine/metabolic,SFI,< 0.0001,2.07 (1.99 - 2.15),22779,3840,18939,0,sfi_zscore,brown,3,2.0683495414666746,1.9938648643881114,2.1461372524174993
272.1,Hyperlipidemia,endocrine/metabolic,SFI,< 0.0001,2.07 (1.99 - 2.15),22762,3823,18939,0,sfi_zscore,brown,3,2.0694725583890454,1.994877380642829,2.1473790369577204
278,"Overweight, obesity and other hyperalimentation",endocrine/metabolic,SFI,< 0.0001,4.13 (3.92 - 4.35),22779,2246,20533,0,sfi_zscore,brown,3,4.127585288234939,3.9176033685906044,4.352876814519288
278.1,Obesity,endocrine/metabolic,SFI,< 0.0001,4.72 (4.45 - 5.01),22416,1883,20533,0,sfi_zscore,brown,3,4.7165595249001155,4.4484297533211725,5.00692983495681
278.11,Morbid obesity,endocrine/metabolic,SFI,< 0.0001,5.06 (4.69 - 5.47),21444,911,20533,0,sfi_zscore,brown,3,5.062150869335823,4.69357853801685,5.471219488524691
401,Hypertension,circulatory system,SFI,< 0.0001,2.33 (2.25 - 2.41),22779,5287,17492,0,sfi_zscore,red,8,2.3259707180174507,2.245124401736241,2.4104780779315065
401.1,Essential hypertension,circulatory system,SFI,< 0.0001,2.34 (2.26 - 2.43),22489,4997,17492,0,sfi_zscore,red,8,2.3419255575088767,2.2592329908056787,2.4284243524337423
785,Abdominal pain,symptoms,SFI,< 0.0001,2.83 (2.73 - 2.94),22779,11159,11620,0,sfi_zscore,purple,17,2.83046291692261,2.7282910846319046,2.937543491225586
260,Protein-calorie malnutrition,endocrine/metabolic,SFD,< 0.0001,2.52 (2.40 - 2.64),21730,1335,20395,3e-323,sat_hu_zscore,brown,3,2.517827886144412,2.4024245170124905,2.639680378636883
278.11,Morbid obesity,endocrine/metabolic,VFI,< 0.0001,3.72 (3.47 - 3.98),21444,911,20533,1.19780151564e-313,vfi_zscore,brown,3,3.716853359845989,3.4749752349782486,3.981070670185207
260,Protein-calorie malnutrition,endocrine/metabolic,VFD,< 0.0001,2.89 (2.73 - 3.06),21735,1340,20395,1.2162907344399958e-277,vat_hu_zscore,brown,3,2.8879437419831313,2.725092232271969,3.0626611459128235
250,Diabetes mellitus,endocrine/metabolic,SFI,< 0.0001,2.04 (1.96 - 2.12),21922,2548,19374,4.663747760417924e-272,sfi_zscore,brown,3,2.041223903052744,1.962032832744161,2.1241261721332823
250.2,Type 2 diabetes,endocrine/metabolic,SFI,< 0.0001,2.07 (1.98 - 2.15),21793,2419,19374,2.4770368752473866e-268,sfi_zscore,brown,3,2.065941188697313,1.9839131393343241,2.1519067255811706
572,Ascites (non malignant),digestive,VFD,< 0.0001,2.43 (2.31 - 2.56),20235,1700,18535,3.4655311498613932e-251,vat_hu_zscore,chartreuse4,10,2.4278474032407065,2.306800495743784,2.556366326780736
572,Ascites (non malignant),digestive,SFD,< 0.0001,2.07 (1.98 - 2.16),20231,1698,18533,6.97863940208814e-239,sat_hu_zscore,chartreuse4,10,2.068656927407505,1.9813869602536158,2.160078023126787
327.3,Sleep apnea,neurological,SFI,< 0.0001,2.21 (2.10 - 2.32),21714,1380,20334,1.0383459986802046e-228,sfi_zscore,darkblue,6,2.207694973163989,2.104433841709046,2.316855279883708
426,Cardiac conduction disorders,circulatory system,SFI,< 0.0001,1.75 (1.69 - 1.81),21209,4335,16874,1.1319508372083881e-224,sfi_zscore,red,8,1.749707021891923,1.6908842862926772,1.8108407202296328
327.3,Sleep apnea,neurological,VFI,< 0.0001,2.11 (2.02 - 2.21),21714,1380,20334,1.4250257536161342e-218,vfi_zscore,darkblue,6,2.1110063297530015,2.0155475863042205,2.211603258578987
426,Cardiac conduction disorders,circulatory system,VFI,< 0.0001,1.66 (1.61 - 1.71),21209,4335,16874,2.0343149685028637e-209,vfi_zscore,red,8,1.6581799746579642,1.6058972565713252,1.7123723602137295
507,Pleurisy; pleural effusion,respiratory,SFD,< 0.0001,1.91 (1.83 - 1.99),21979,1826,20153,1.2504166338971406e-206,sat_hu_zscore,coral4,9,1.9073575255880968,1.8302959684955369,1.98776011885458
327.32,Obstructive sleep apnea,neurological,SFI,< 0.0001,2.20 (2.09 - 2.31),21537,1203,20334,6.981189217838149e-205,sfi_zscore,darkblue,6,2.19950649460534,2.0913742947568723,2.314062385850899
327.32,Obstructive sleep apnea,neurological,VFI,< 0.0001,2.10 (2.00 - 2.21),21537,1203,20334,1.803239402116949e-195,vfi_zscore,darkblue,6,2.103927565603469,2.0038143807573308,2.209638603595524
571.5,Other chronic nonalcoholic liver disease,digestive,VFI,< 0.0001,1.93 (1.85 - 2.01),20207,1672,18535,3.7894161530779546e-193,vfi_zscore,chartreuse4,10,1.929051047341106,1.8472044810761035,2.014890758609988
512,Other symptoms of respiratory system,respiratory,SFI,< 0.0001,1.65 (1.59 - 1.70),22779,3788,18991,3.891286143877973e-192,sfi_zscore,coral4,9,1.6479196389875272,1.5943169190978703,1.7034841504032132
562,Diverticulosis and diverticulitis,digestive,VFI,< 0.0001,1.90 (1.82 - 1.99),18101,1703,16398,7.219752140701086e-189,vfi_zscore,chartreuse4,10,1.902050314493644,1.822192059062676,1.9858272061041287
789,Nausea and vomiting,symptoms,SFI,< 0.0001,1.58 (1.53 - 1.62),22779,5084,17695,1.3293829837458552e-188,sfi_zscore,purple,17,1.5750967092067505,1.5280202876337228,1.6238112693606201
426.7,Abnormal electrocardiogram [ECG] [EKG],circulatory system,SFI,< 0.0001,1.71 (1.65 - 1.77),20446,3572,16874,4.253918930047483e-186,sfi_zscore,red,8,1.7058954078568889,1.6456977840627791,1.7684991503663132
427,Cardiac dysrhythmias,circulatory system,SFI,< 0.0001,1.64 (1.58 - 1.69),21173,4299,16874,9.698294172427784e-186,sfi_zscore,red,8,1.636636138798921,1.5832428180846712,1.692017169767877
571,Chronic liver disease and cirrhosis,digestive,VFI,< 0.0001,1.83 (1.76 - 1.91),20492,1957,18535,3.598324046004654e-185,vfi_zscore,chartreuse4,10,1.8301703604723931,1.7570672663519478,1.906555009790488
530,Diseases of esophagus,digestive,SFI,< 0.0001,1.66 (1.60 - 1.72),22396,3394,19002,4.75406584703347e-182,sfi_zscore,chartreuse4,10,1.6570464949627237,1.601070492575208,1.7151242391909343
530.1,"Esophagitis, GERD and related diseases",digestive,SFI,< 0.0001,1.68 (1.62 - 1.74),22068,3066,19002,4.1567696578466503e-178,sfi_zscore,chartreuse4,10,1.6771389556765548,1.6185175364839695,1.738027664900124
426.7,Abnormal electrocardiogram [ECG] [EKG],circulatory system,VFI,< 0.0001,1.63 (1.57 - 1.68),20446,3572,16874,2.161891270404824e-174,vfi_zscore,red,8,1.6257795208882915,1.5717640438219445,1.6818093519364745
530.11,GERD,digestive,SFI,< 0.0001,1.71 (1.65 - 1.78),21643,2641,19002,5.197662829757884e-174,sfi_zscore,chartreuse4,10,1.7114761791568591,1.648626320590856,1.7768689395122845
507,Pleurisy; pleural effusion,respiratory,VFD,< 0.0001,1.97 (1.88 - 2.06),21984,1828,20156,1.821037408890747e-172,vat_hu_zscore,coral4,9,1.9672460235031621,1.8764298736483782,2.0629312940169657
562,Diverticulosis and diverticulitis,digestive,SFI,< 0.0001,1.93 (1.84 - 2.02),18101,1703,16398,5.3121869994726125e-171,sfi_zscore,chartreuse4,10,1.9265362780564015,1.8398961958110975,2.01765563205377
296,Mood disorders,mental disorders,SFI,< 0.0001,1.69 (1.63 - 1.76),21132,2636,18496,1.2718896751014767e-170,sfi_zscore,magenta,5,1.6925093653000338,1.6310304746671074,1.756463280090596
427,Cardiac dysrhythmias,circulatory system,VFI,< 0.0001,1.57 (1.52 - 1.62),21173,4299,16874,2.8024341889383472e-167,vfi_zscore,red,8,1.5706553916678863,1.521091794135762,1.6219597351018664
530,Diseases of esophagus,digestive,VFI,< 0.0001,1.60 (1.55 - 1.65),22396,3394,19002,1.1023968901038682e-166,vfi_zscore,chartreuse4,10,1.5982827307865428,1.545817959191832,1.6526204063136982
530.1,"Esophagitis, GERD and related diseases",digestive,VFI,< 0.0001,1.61 (1.56 - 1.67),22068,3066,19002,1.7617887458405392e-163,vfi_zscore,chartreuse4,10,1.6145206549368112,1.5598688636744247,1.671175607141543
512,Other symptoms of respiratory system,respiratory,VFI,< 0.0001,1.57 (1.52 - 1.62),22779,3788,18991,3.348143621668832e-163,vfi_zscore,coral4,9,1.5669706746099756,1.5171473512316593,1.6185137884464749
296.2,Depression,mental disorders,SFI,< 0.0001,1.70 (1.63 - 1.76),20917,2421,18496,1.1576236015870317e-161,sfi_zscore,magenta,5,1.696483113300083,1.6328972814984573,1.762683498153116
530.11,GERD,digestive,VFI,< 0.0001,1.64 (1.58 - 1.70),21643,2641,19002,2.234195561372549e-158,vfi_zscore,chartreuse4,10,1.641548244461752,1.5831732762539996,1.702159642850228
745,Pain in joint,musculoskeletal,SFI,< 0.0001,1.65 (1.59 - 1.71),22779,2669,20110,1.7679070550529701e-156,sfi_zscore,darkolivegreen,14,1.6483121284331324,1.588853264644549,1.7100609091472954
276,"Disorders of fluid, electrolyte, and acid-base balance",endocrine/metabolic,SFD,< 0.0001,1.61 (1.55 - 1.67),22667,3018,19649,5.852892435671296e-156,sat_hu_zscore,brown,3,1.6079022882947713,1.5526161386935768,1.6651616350094325
260.2,severe protein-calorie malnutrition,endocrine/metabolic,SFD,< 0.0001,2.68 (2.49 - 2.89),20836,441,20395,3.645755493943177e-152,sat_hu_zscore,brown,3,2.6804867813553845,2.4909519225585517,2.885856541221403
760,Back pain,symptoms,SFI,< 0.0001,1.66 (1.60 - 1.73),22779,2332,20447,3.9157842232962825e-152,sfi_zscore,purple,17,1.6648231122083825,1.6027260037284679,1.7293872353966064
550,Abdominal hernia,digestive,SFI,< 0.0001,1.83 (1.75 - 1.91),22779,1544,21235,2.4988795858454886e-149,sfi_zscore,chartreuse4,10,1.8294736829499192,1.7481474784854645,1.9146792211797194
571.5,Other chronic nonalcoholic liver disease,digestive,SFI,< 0.0001,1.76 (1.68 - 1.84),20207,1672,18535,1.246390076789311e-146,sfi_zscore,chartreuse4,10,1.7583472642514104,1.6845822824489194,1.8355170399892038
285,Other anemias,hematopoietic,SFD,< 0.0001,1.59 (1.54 - 1.65),22010,2813,19197,3.488926416857324e-142,sat_hu_zscore,darkorange1,4,1.5934962185533972,1.5371739010883025,1.6518496167932413
296,Mood disorders,mental disorders,VFI,< 0.0001,1.61 (1.55 - 1.67),21132,2636,18496,3.0114047407469813e-140,vfi_zscore,magenta,5,1.6108946611286408,1.5522947702128291,1.6717586673478781
789,Nausea and vomiting,symptoms,VFI,< 0.0001,1.48 (1.44 - 1.53),22779,5084,17695,9.844229305736508e-139,vfi_zscore,purple,17,1.4810881211194415,1.4363383343704479,1.5273117611337326
571,Chronic liver disease and cirrhosis,digestive,SFI,< 0.0001,1.68 (1.61 - 1.75),20492,1957,18535,1.3734674642392534e-138,sfi_zscore,chartreuse4,10,1.6814534304270456,1.6145199408080264,1.75126505478388
276,"Disorders of fluid, electrolyte, and acid-base balance",endocrine/metabolic,VFD,< 0.0001,1.62 (1.56 - 1.68),22672,3019,19653,4.4586833187756875e-138,vat_hu_zscore,brown,3,1.6211313509281255,1.5609741769099124,1.6837602637871225
250.4,Abnormal glucose,endocrine/metabolic,VFI,< 0.0001,1.90 (1.80 - 1.99),20594,1220,19374,1.9276872788838744e-137,vfi_zscore,brown,3,1.8960624945191462,1.80315916882895,1.9938422694132036
512.7,Shortness of breath,respiratory,SFI,< 0.0001,1.66 (1.59 - 1.72),21209,2218,18991,2.0339142633599772e-137,sfi_zscore,coral4,9,1.6563509495477826,1.5919837872187674,1.7233467708016978
745,Pain in joint,musculoskeletal,VFI,< 0.0001,1.58 (1.53 - 1.64),22779,2669,20110,1.449298530049788e-136,vfi_zscore,darkolivegreen,14,1.5821645587551758,1.5259855431509277,1.6404217573605313
285,Other anemias,hematopoietic,VFD,< 0.0001,1.64 (1.58 - 1.70),22014,2814,19200,3.1075937738079963e-136,vat_hu_zscore,darkorange1,4,1.639169670754798,1.5765602920695194,1.704427872314973
994,Sepsis and SIRS,injuries & poisonings,SFD,< 0.0001,1.68 (1.61 - 1.75),22774,1837,20937,6.273603792578334e-136,sat_hu_zscore,gray50,18,1.6781552544595884,1.6108260658327196,1.7481187527414126
038,Septicemia,infectious diseases,SFD,< 0.0001,1.68 (1.62 - 1.75),22014,1840,20174,1.147615556890268e-134,sat_hu_zscore,blue,1,1.6835368123240295,1.615273134793038,1.7545168843270489
296.2,Depression,mental disorders,VFI,< 0.0001,1.62 (1.56 - 1.68),20917,2421,18496,2.581658998042689e-134,vfi_zscore,magenta,5,1.616730997499455,1.5561836284567103,1.679671118690835
994.2,Sepsis,injuries & poisonings,SFD,< 0.0001,1.69 (1.62 - 1.76),22686,1749,20937,2.007249134155983e-133,sat_hu_zscore,gray50,18,1.6862318005623749,1.617322846116508,1.7578789141238949
338,Pain,neurological,SFI,< 0.0001,1.55 (1.50 - 1.60),22779,2988,19791,3.4839022886161497e-133,sfi_zscore,darkblue,6,1.5480986177368223,1.4950394110800727,1.6030686884713248
740,Osteoarthrosis,musculoskeletal,SFI,< 0.0001,1.99 (1.89 - 2.11),22779,1154,21625,4.8119492101425555e-133,sfi_zscore,darkolivegreen,14,1.9937144307573345,1.8868614753666109,2.106745903024326
276.1,Electrolyte imbalance,endocrine/metabolic,SFD,< 0.0001,1.63 (1.57 - 1.70),21793,2144,19649,2.2871959137897054e-129,sat_hu_zscore,brown,3,1.6323182505087075,1.568741770786148,1.6983525520225713
514,Abnormal findings examination of lungs,respiratory,SFD,< 0.0001,1.52 (1.47 - 1.57),22481,3375,19106,9.188201232427227e-129,sat_hu_zscore,coral4,9,1.5217425508348308,1.4707287751595688,1.5745054910407146
562.1,Diverticulosis,digestive,VFI,< 0.0001,1.84 (1.75 - 1.93),17525,1127,16398,1.8964747692973974e-127,vfi_zscore,chartreuse4,10,1.8383759349823974,1.7493419741577396,1.932174037653797
198,Secondary malignant neoplasm,neoplasms,VFD,< 0.0001,1.71 (1.64 - 1.79),21122,2095,19027,3.539867951430526e-125,vat_hu_zscore,darkcyan,2,1.7140386886263703,1.6397280128288632,1.7919398097569348
495,Asthma,respiratory,SFI,< 0.0001,1.78 (1.69 - 1.86),22150,1251,20899,4.488528500835165e-124,sfi_zscore,coral4,9,1.7775084492875857,1.6948557252115792,1.864133515575394
560,Intestinal obstruction without mention of hernia,digestive,VFD,< 0.0001,1.77 (1.69 - 1.86),18264,1866,16398,1.2573686423423105e-123,vat_hu_zscore,chartreuse4,10,1.7722498268896347,1.6902867331729052,1.8584966459972578
760,Back pain,symptoms,VFI,< 0.0001,1.58 (1.52 - 1.64),22779,2332,20447,2.783920762280813e-121,vfi_zscore,purple,17,1.577802762863657,1.518684334272191,1.639169079149077
250.4,Abnormal glucose,endocrine/metabolic,SFI,< 0.0001,1.86 (1.76 - 1.96),20594,1220,19374,3.485917599260667e-120,sfi_zscore,brown,3,1.8567034043038109,1.7625111610846944,1.9558532648487876
260.2,severe protein-calorie malnutrition,endocrine/metabolic,VFD,< 0.0001,3.15 (2.86 - 3.48),20839,444,20395,1.3199954098484968e-119,vat_hu_zscore,brown,3,3.1531014068213103,2.864504986498732,3.4766246941784464
418,Nonspecific chest pain,circulatory system,SFI,< 0.0001,1.58 (1.52 - 1.64),22763,2264,20499,3.468389194474799e-119,sfi_zscore,red,8,1.5772647228338885,1.5176928473901594,1.6391196190929653
539,Bariatric surgery,digestive,SFI,< 0.0001,2.20 (2.06 - 2.35),22779,526,22253,4.476582758631838e-119,sfi_zscore,chartreuse4,10,2.2015446295547485,2.059818614028833,2.3537620348229322
427.2,Atrial fibrillation and flutter,circulatory system,SFI,< 0.0001,2.01 (1.89 - 2.13),18160,1286,16874,1.2191508866022506e-118,sfi_zscore,red,8,2.006707409030405,1.8919899246453296,2.128791246688485
276.1,Electrolyte imbalance,endocrine/metabolic,VFD,< 0.0001,1.67 (1.60 - 1.75),21798,2145,19653,2.76143860171248e-117,vat_hu_zscore,brown,3,1.6707709685323255,1.5994082441904784,1.7454906076245191
427.21,Atrial fibrillation,circulatory system,SFI,< 0.0001,2.03 (1.91 - 2.16),18094,1220,16874,1.8111050669948884e-116,sfi_zscore,red,8,2.0326678470375783,1.9133146164019637,2.1599250518160003
562.1,Diverticulosis,digestive,SFI,< 0.0001,1.89 (1.79 - 1.99),17525,1127,16398,1.9283062797730012e-115,sfi_zscore,chartreuse4,10,1.8852498267663573,1.7854360294607414,1.990775620785682
550,Abdominal hernia,digestive,VFI,< 0.0001,1.65 (1.58 - 1.72),22779,1544,21235,1.9422549766307222e-112,vfi_zscore,chartreuse4,10,1.6502155227189097,1.5797857182458572,1.7236545813544848
599,Other symptoms/disorders or the urinary system,genitourinary,SFI,< 0.0001,1.56 (1.50 - 1.62),22458,2291,20167,1.5745974194850162e-111,sfi_zscore,black,11,1.559276308101443,1.499883771654383,1.6209233577940452
514,Abnormal findings examination of lungs,respiratory,VFD,< 0.0001,1.51 (1.46 - 1.57),22485,3376,19109,1.9332994219170276e-110,vat_hu_zscore,coral4,9,1.513813073735657,1.4597524895336538,1.5699779406343235
411,Ischemic Heart Disease,circulatory system,VFI,< 0.0001,1.68 (1.60 - 1.75),22701,1495,21206,4.873627419450739e-110,vfi_zscore,red,8,1.6767201904841897,1.6022065040285585,1.754707709910616
300,Anxiety disorders,mental disorders,SFI,< 0.0001,1.58 (1.51 - 1.64),20585,2089,18496,5.930963545422471e-110,sfi_zscore,magenta,5,1.57568354142307,1.5138749800925424,1.639985929112154
512.7,Shortness of breath,respiratory,VFI,< 0.0001,1.55 (1.49 - 1.61),21209,2218,18991,3.7298772765581656e-109,vfi_zscore,coral4,9,1.5521262976745889,1.492982919277431,1.6135339129587363
571.8,Liver abscess and sequelae of chronic liver disease,digestive,VFD,< 0.0001,2.36 (2.19 - 2.55),19218,683,18535,1.0546937899392998e-108,vat_hu_zscore,chartreuse4,10,2.3619326128392064,2.1896444222024014,2.549462736068835
278,"Overweight, obesity and other hyperalimentation",endocrine/metabolic,VFD,< 0.0001,0.56 (0.53 - 0.59),22779,2246,20533,1.522654530651745e-108,vat_hu_zscore,brown,3,0.5628833110230101,0.5347876604817173,0.5920912487800499
562.2,Diverticulitis,digestive,VFI,< 0.0001,1.87 (1.77 - 1.98),17230,832,16398,3.975071623026167e-108,vfi_zscore,chartreuse4,10,1.8730849498154436,1.771644512617305,1.9804295014717908
285.2,Anemia of chronic disease,hematopoietic,SFD,< 0.0001,1.96 (1.85 - 2.09),19920,723,19197,5.2302632695747295e-108,sat_hu_zscore,darkorange1,4,1.9648899134707836,1.850295137663204,2.0861267115246873
560.4,Other intestinal obstruction,digestive,VFD,< 0.0001,1.83 (1.74 - 1.93),17794,1396,16398,5.760057379889463e-108,vat_hu_zscore,chartreuse4,10,1.8307006367038945,1.7351500149393644,1.9318938074012497
411.4,Coronary atherosclerosis,circulatory system,VFI,< 0.0001,1.77 (1.68 - 1.86),22362,1156,21206,1.417591292785872e-107,vfi_zscore,red,8,1.7663958859732432,1.6792395716727488,1.858164362908608
338.2,Chronic pain,neurological,SFI,< 0.0001,1.62 (1.55 - 1.69),21469,1678,19791,1.7896370163744884e-107,sfi_zscore,darkblue,6,1.6173176158157592,1.5495017266694533,1.6879760335633107
411,Ischemic Heart Disease,circulatory system,SFI,< 0.0001,1.82 (1.72 - 1.91),22701,1495,21206,3.105561381732315e-107,sfi_zscore,red,8,1.8157406198948043,1.7217179190002976,1.914870642806496
278.1,Obesity,endocrine/metabolic,VFD,< 0.0001,0.53 (0.50 - 0.56),22416,1883,20533,1.1016903550403268e-106,vat_hu_zscore,brown,3,0.5339598651998746,0.5046645109296606,0.5645387956682641
038,Septicemia,infectious diseases,VFD,< 0.0001,1.67 (1.60 - 1.75),22019,1840,20179,2.8205333576436286e-105,vat_hu_zscore,blue,1,1.6735953120014868,1.597908933429281,1.7530272113041558
599,Other symptoms/disorders or the urinary system,genitourinary,VFI,< 0.0001,1.53 (1.47 - 1.58),22458,2291,20167,1.593289728160286e-104,vfi_zscore,black,11,1.5251876870403551,1.4681070800120035,1.5843845935156984
427.21,Atrial fibrillation,circulatory system,VFI,< 0.0001,1.75 (1.67 - 1.85),18094,1220,16874,1.6212863824459354e-103,vfi_zscore,red,8,1.754130420583916,1.6669982297981498,1.8459811053630797
495,Asthma,respiratory,VFI,< 0.0001,1.71 (1.63 - 1.79),22150,1251,20899,2.195039043534123e-103,vfi_zscore,coral4,9,1.7060941307726434,1.6252354342136541,1.7908032587531555
250.42,Other abnormal glucose,endocrine/metabolic,VFI,< 0.0001,1.84 (1.74 - 1.94),20335,961,19374,7.33809553661722e-103,vfi_zscore,brown,3,1.8351317199021273,1.7363485737818893,1.9393030672541731
427.2,Atrial fibrillation and flutter,circulatory system,VFI,< 0.0001,1.73 (1.64 - 1.82),18160,1286,16874,1.0729278985073244e-102,vfi_zscore,red,8,1.728319099422929,1.6443282530492345,1.8167268387806035
276.12,Hyposmolality and/or hyponatremia,endocrine/metabolic,SFD,< 0.0001,1.79 (1.70 - 1.89),20645,996,19649,7.41566265136909e-102,sat_hu_zscore,brown,3,1.7901663689304252,1.6970967424795764,1.8879125641199344
338,Pain,neurological,VFI,< 0.0001,1.47 (1.42 - 1.52),22779,2988,19791,9.949202722353016e-102,vfi_zscore,darkblue,6,1.4700165587306397,1.4190383330875682,1.5227494008557498
994,Sepsis and SIRS,injuries & poisonings,VFD,< 0.0001,1.65 (1.58 - 1.73),22779,1837,20942,1.3482468488942538e-101,vat_hu_zscore,gray50,18,1.653983160511156,1.5795417896110828,1.7320725660424579
411.4,Coronary atherosclerosis,circulatory system,SFI,< 0.0001,1.92 (1.81 - 2.04),22362,1156,21206,2.005257462291139e-101,sfi_zscore,red,8,1.9243024887130609,1.8122386929902663,2.0433667128371065
250.3,Insulin pump user,endocrine/metabolic,VFI,< 0.0001,1.99 (1.87 - 2.12),20046,672,19374,4.232051649136144e-101,vfi_zscore,brown,3,1.989509241796168,1.86763177314187,2.119214658098793
585,Renal failure,genitourinary,VFI,< 0.0001,1.54 (1.48 - 1.61),21601,2057,19544,5.192728269455554e-101,vfi_zscore,black,11,1.5426878522510243,1.4823980928840785,1.6053164615046607
418,Nonspecific chest pain,circulatory system,VFI,< 0.0001,1.52 (1.46 - 1.58),22763,2264,20499,8.544616239581115e-101,vfi_zscore,red,8,1.520400894094773,1.4628655019057417,1.5800649928136035
198,Secondary malignant neoplasm,neoplasms,SFD,< 0.0001,1.54 (1.48 - 1.61),21117,2091,19026,1.38899475394158e-99,sat_hu_zscore,darkcyan,2,1.5430393729195668,1.482233081261387,1.6061340465726412
994.2,Sepsis,injuries & poisonings,VFD,< 0.0001,1.66 (1.58 - 1.74),22691,1749,20942,3.872697613815505e-98,vat_hu_zscore,gray50,18,1.6575565552325668,1.5813353901770701,1.7375910842225444
318,Tobacco use disorder,mental disorders,SFI,< 0.0001,1.55 (1.48 - 1.61),22095,2049,20046,1.1411447608405871e-97,sfi_zscore,magenta,5,1.5451747676807157,1.4835416637573908,1.609257328958976
296.22,Major depressive disorder,mental disorders,SFI,< 0.0001,1.69 (1.61 - 1.78),19667,1171,18496,3.05145294001285e-97,sfi_zscore,magenta,5,1.691132479519768,1.6098248366317376,1.7763615090558644
740.1,Osteoarthritis; localized,musculoskeletal,SFI,< 0.0001,2.08 (1.94 - 2.22),22289,664,21625,9.825415480708265e-97,sfi_zscore,darkolivegreen,14,2.076763691258623,1.9389163298968932,2.2243136190384845
740,Osteoarthrosis,musculoskeletal,VFI,< 0.0001,1.67 (1.59 - 1.76),22779,1154,21625,1.0793756097771357e-95,vfi_zscore,darkolivegreen,14,1.6730065594931096,1.5935513329660655,1.756246572289989
571.8,Liver abscess and sequelae of chronic liver disease,digestive,SFD,< 0.0001,1.95 (1.83 - 2.08),19215,682,18533,1.0998210485185322e-95,sat_hu_zscore,chartreuse4,10,1.9537360028936184,1.8337096670631008,2.0810577011412783
561,Symptoms involving digestive system,digestive,VFI,< 0.0001,1.50 (1.44 - 1.56),18833,2435,16398,4.2035462079813265e-95,vfi_zscore,chartreuse4,10,1.501243791122189,1.4445145483165358,1.560117187342274
195,"Cancer, suspected or other",neoplasms,VFD,< 0.0001,1.70 (1.62 - 1.79),20570,1543,19027,5.2390081517742056e-95,vat_hu_zscore,darkcyan,2,1.70357295318268,1.6197668916716295,1.7919027695302456
300.1,Anxiety disorder,mental disorders,SFI,< 0.0001,1.56 (1.49 - 1.62),20313,1817,18496,8.501755979528091e-95,sfi_zscore,magenta,5,1.5580788502320764,1.4938130055185406,1.6249878923058019
250.42,Other abnormal glucose,endocrine/metabolic,SFI,< 0.0001,1.81 (1.71 - 1.92),20335,961,19374,2.3618139040051635e-92,sfi_zscore,brown,3,1.8126708390713184,1.7116982083101637,1.9192072775296698
276.12,Hyposmolality and/or hyponatremia,endocrine/metabolic,VFD,< 0.0001,1.90 (1.78 - 2.02),20649,996,19653,5.6775007114947265e-92,vat_hu_zscore,brown,3,1.8977463895974145,1.7843109985938748,2.018841367586072
562.2,Diverticulitis,digestive,SFI,< 0.0001,1.84 (1.73 - 1.95),17230,832,16398,5.879638735559435e-92,sfi_zscore,chartreuse4,10,1.8356974032024957,1.7312335095292968,1.946338954990407
300,Anxiety disorders,mental disorders,VFI,< 0.0001,1.53 (1.47 - 1.60),20585,2089,18496,1.7598918080693756e-90,vfi_zscore,magenta,5,1.5343731625774024,1.471772045917886,1.5994826233002457
244,Hypothyroidism,endocrine/metabolic,SFI,< 0.0001,1.63 (1.55 - 1.71),22313,1579,20734,2.180506122201752e-90,sfi_zscore,brown,3,1.6277385891919054,1.5522914315630365,1.70655962410878
561,Symptoms involving digestive system,digestive,SFI,< 0.0001,1.48 (1.43 - 1.54),18833,2435,16398,5.258865628009485e-90,sfi_zscore,chartreuse4,10,1.4806066437392331,1.4250176044823741,1.538290043661974
198.4,Secondary malignant neoplasm of liver,neoplasms,VFD,< 0.0001,2.06 (1.92 - 2.21),19778,751,19027,1.3293818251675343e-89,vat_hu_zscore,darkcyan,2,2.0585811036271586,1.9187625730571911,2.2094193174509056
508,Pulmonary collapse; interstitial and compensatory emphysema,respiratory,SFD,< 0.0001,1.74 (1.65 - 1.84),21101,948,20153,1.456733987666998e-89,sat_hu_zscore,coral4,9,1.7441861458404284,1.6516217309029375,1.8412753719594352
198.3,Secondary malignant neoplasm of digestive systems,neoplasms,VFD,< 0.0001,2.14 (1.99 - 2.31),19711,684,19027,2.3362840035546736e-89,vat_hu_zscore,darkcyan,2,2.1449560683227835,1.9911661942858085,2.3117769434125037
591,Urinary tract infection,genitourinary,SFI,< 0.0001,1.58 (1.51 - 1.65),21702,1640,20062,1.9480001760188192e-88,sfi_zscore,black,11,1.5821253606973678,1.5122091422358477,1.6549839963219148
244.4,Hypothyroidism NOS,endocrine/metabolic,SFI,< 0.0001,1.64 (1.57 - 1.73),22196,1462,20734,2.699694998169182e-88,sfi_zscore,brown,3,1.6448436328408886,1.566083871898144,1.7272404672549104
509,"Respiratory failure, insufficiency, arrest",respiratory,SFD,< 0.0001,1.79 (1.69 - 1.90),20983,830,20153,6.573922915691626e-88,sat_hu_zscore,coral4,9,1.7911977217201964,1.6907865290636241,1.8968337153444657
427,Cardiac dysrhythmias,circulatory system,SFD,< 0.0001,1.39 (1.35 - 1.44),21170,4298,16872,9.92990884225039e-87,sat_hu_zscore,red,8,1.3904022051927554,1.3456304815487887,1.4366598577861256
574,Cholelithiasis and cholecystitis,digestive,VFI,< 0.0001,1.61 (1.53 - 1.69),21947,1258,20689,1.0495253583321225e-86,vfi_zscore,chartreuse4,10,1.6091672485394828,1.534756151510016,1.6868742735017346
550.5,Ventral hernia,digestive,SFI,< 0.0001,2.01 (1.87 - 2.15),21761,526,21235,8.150266731796815e-86,sfi_zscore,chartreuse4,10,2.0090619033198607,1.8736628971485032,2.1538738850031316
426.7,Abnormal electrocardiogram [ECG] [EKG],circulatory system,SFD,< 0.0001,1.42 (1.37 - 1.47),20441,3569,16872,1.5350683697949253e-85,sat_hu_zscore,red,8,1.416405055092025,1.3679277420256248,1.4665713327272967
585,Renal failure,genitourinary,SFI,< 0.0001,1.53 (1.47 - 1.60),21601,2057,19544,1.5701971350611338e-85,sfi_zscore,black,11,1.5313283395827952,1.4673355592804636,1.5979059279450154
401.2,Hypertensive heart and/or renal disease,circulatory system,VFI,< 0.0001,1.90 (1.78 - 2.02),18153,661,17492,2.5119645644197632e-85,vfi_zscore,red,8,1.8965971258722398,1.7787020528511663,2.0220400917159256
740.11,"Osteoarthrosis, localized, primary",musculoskeletal,SFI,< 0.0001,2.08 (1.94 - 2.24),22191,566,21625,2.672528360010429e-85,sfi_zscore,darkolivegreen,14,2.0831598252186607,1.9353567493292034,2.2419643423586457
503,Pulmonary congestion and hypostasis,respiratory,SFD,< 0.0001,1.89 (1.77 - 2.02),20773,620,20153,1.1390699418636426e-84,sat_hu_zscore,coral4,9,1.8929037519452054,1.7748940948595342,2.017938454092789
198.4,Secondary malignant neoplasm of liver,neoplasms,SFD,< 0.0001,1.81 (1.70 - 1.92),19776,750,19026,1.8925885186085572e-84,sat_hu_zscore,darkcyan,2,1.8067591659199138,1.701958117916531,1.9172671943883512
338.2,Chronic pain,neurological,VFI,< 0.0001,1.54 (1.47 - 1.61),21469,1678,19791,2.5881712054517537e-84,vfi_zscore,darkblue,6,1.5396014788694825,1.473978952110116,1.6078934462934327
512.8,Cough,respiratory,SFI,< 0.0001,1.58 (1.51 - 1.65),20553,1562,18991,2.9433478891161467e-84,sfi_zscore,coral4,9,1.576421885555743,1.5055971287293954,1.6502817121039808
573.5,Jaundice (not of newborn),digestive,SFD,< 0.0001,2.14 (1.98 - 2.31),18949,416,18533,4.499622546518749e-84,sat_hu_zscore,chartreuse4,10,2.1390630187948982,1.980797688155739,2.3094104213986784
195,"Cancer, suspected or other",neoplasms,SFD,< 0.0001,1.56 (1.50 - 1.64),20566,1540,19026,1.6186979161911396e-83,sat_hu_zscore,darkcyan,2,1.5645912649654805,1.4950802421758396,1.636929673512446
560,Intestinal obstruction without mention of hernia,digestive,SFD,< 0.0001,1.53 (1.47 - 1.60),18260,1866,16394,1.849955414369211e-83,sat_hu_zscore,chartreuse4,10,1.5297965512805183,1.4652080639037965,1.5969779796210046
260.3,Adult failure to thrive,endocrine/metabolic,SFD,< 0.0001,2.46 (2.25 - 2.70),20662,267,20395,3.4059677118740486e-83,sat_hu_zscore,brown,3,2.4619606742172073,2.2471510768030285,2.698061010112471
285.2,Anemia of chronic disease,hematopoietic,VFD,< 0.0001,2.02 (1.88 - 2.17),19924,724,19200,1.856058256764921e-82,vat_hu_zscore,darkorange1,4,2.018182517345052,1.879104378524885,2.1682693087340232
457,"Encounter for long-term (current) use of anticoagulants, antithrombotics, aspirin",circulatory system,SFI,< 0.0001,1.75 (1.65 - 1.85),20676,1096,19580,3.909830012563181e-81,sfi_zscore,red,8,1.7490688002547088,1.6512519705556001,1.8523422116786081
574.1,Cholelithiasis,digestive,VFI,< 0.0001,1.67 (1.58 - 1.76),21642,953,20689,1.1378646634882067e-80,vfi_zscore,chartreuse4,10,1.6664064210200817,1.5807641854659844,1.7562467764689091
276.6,Fluid overload,endocrine/metabolic,SFD,< 0.0001,2.18 (2.01 - 2.36),19995,346,19649,7.431006881658883e-80,sat_hu_zscore,brown,3,2.180562163715456,2.0110684796460694,2.363759372821306
512.8,Cough,respiratory,VFI,< 0.0001,1.54 (1.47 - 1.61),20553,1562,18991,1.3625471509940723e-79,vfi_zscore,coral4,9,1.5385541817677548,1.4711472075568233,1.6087606047170429
571.81,Portal hypertension,digestive,VFD,< 0.0001,2.63 (2.38 - 2.91),18919,384,18535,2.2568793499367772e-79,vat_hu_zscore,chartreuse4,10,2.6335119932794133,2.3829262194882905,2.9142893419023626
994.21,Septic shock,injuries & poisonings,SFD,< 0.0001,1.97 (1.83 - 2.11),21397,460,20937,7.33749805175212e-79,sat_hu_zscore,gray50,18,1.966413444823133,1.8320752563885114,2.109613531532123
457,"Encounter for long-term (current) use of anticoagulants, antithrombotics, aspirin",circulatory system,VFI,< 0.0001,1.62 (1.54 - 1.70),20676,1096,19580,1.5036327785467103e-78,vfi_zscore,red,8,1.6184499230139733,1.5389066030722696,1.7017952284458648
574,Cholelithiasis and cholecystitis,digestive,SFI,< 0.0001,1.60 (1.52 - 1.68),21947,1258,20689,1.0804146330043374e-77,sfi_zscore,chartreuse4,10,1.5990237224545418,1.5218777023398902,1.6796502646641174
740.9,Osteoarthrosis NOS,musculoskeletal,SFI,< 0.0001,1.96 (1.82 - 2.10),22266,641,21625,4.240983053061066e-77,sfi_zscore,darkolivegreen,14,1.9572903711504481,1.823141104390007,2.1007011655454115
427,Cardiac dysrhythmias,circulatory system,VFD,< 0.0001,1.38 (1.33 - 1.42),21173,4299,16874,1.4701141545545995e-76,vat_hu_zscore,red,8,1.3756366206954111,1.3300056882527223,1.4228968387467722
585.1,Acute renal failure,genitourinary,SFD,< 0.0001,1.58 (1.50 - 1.65),20840,1300,19540,2.0000474447231707e-76,sat_hu_zscore,black,11,1.5764871378555818,1.5020106545172802,1.6541184550131331
509.1,Respiratory failure,respiratory,SFD,< 0.0001,1.80 (1.69 - 1.91),20842,689,20153,2.2971461819490104e-76,sat_hu_zscore,coral4,9,1.796968261847578,1.6882668126993359,1.9116734736840693
300.1,Anxiety disorder,mental disorders,VFI,< 0.0001,1.52 (1.45 - 1.58),20313,1817,18496,3.462297505638421e-76,vfi_zscore,magenta,5,1.5151322304478119,1.4496542149293838,1.583307111253611
514,Abnormal findings examination of lungs,respiratory,VFI,< 0.0001,1.37 (1.33 - 1.42),22485,3376,19109,4.896011199880037e-76,vfi_zscore,coral4,9,1.37289225963036,1.3273967924371652,1.4198483822805485
594,Urinary calculus,genitourinary,VFI,< 0.0001,1.62 (1.54 - 1.71),22265,1081,21184,6.01496852856186e-75,vfi_zscore,black,11,1.6209935799777575,1.539092228458365,1.706751040081516
276.4,Acid-base balance disorder,endocrine/metabolic,SFD,< 0.0001,1.94 (1.80 - 2.08),20138,489,19649,1.5717305267244272e-74,sat_hu_zscore,brown,3,1.9351950738411567,1.8022916014709347,2.076778395551355
244,Hypothyroidism,endocrine/metabolic,VFI,< 0.0001,1.50 (1.44 - 1.57),22313,1579,20734,7.150128468714991e-74,vfi_zscore,brown,3,1.5016804520924167,1.4371550304929093,1.5688441866097127
574.1,Cholelithiasis,digestive,SFI,< 0.0001,1.66 (1.57 - 1.75),21642,953,20689,1.2041519826439362e-73,sfi_zscore,chartreuse4,10,1.6565932081923713,1.5684378138169601,1.749116883396394
591,Urinary tract infection,genitourinary,VFI,< 0.0001,1.50 (1.43 - 1.56),21702,1640,20062,1.324427061922755e-73,vfi_zscore,black,11,1.4967794547365971,1.4328439996232598,1.5632897325048687
159,Malignant neoplasm of other and ill-defined sites within the digestive organs and peritoneum,neoplasms,VFD,< 0.0001,1.95 (1.81 - 2.09),20908,703,20205,3.4939396484529063e-73,vat_hu_zscore,darkcyan,2,1.9455807775111273,1.8104657213343802,2.091359030676808
567,Peritonitis and retroperitoneal infections,digestive,VFD,< 0.0001,1.67 (1.58 - 1.76),20648,1215,19433,4.896608543721817e-73,vat_hu_zscore,chartreuse4,10,1.667590721195157,1.5776701017822936,1.7627253120493742
427.7,Tachycardia NOS,circulatory system,SFD,< 0.0001,1.54 (1.47 - 1.62),18412,1540,16872,4.956803637867394e-73,sat_hu_zscore,red,8,1.544979600168329,1.4735741845031254,1.6193885714401448
782.3,Edema,symptoms,SFD,< 0.0001,1.55 (1.47 - 1.62),22706,1291,21415,9.72487513121637e-73,sat_hu_zscore,purple,17,1.545226187009801,1.4735882758814893,1.6197755488317842
573.5,Jaundice (not of newborn),digestive,VFD,< 0.0001,2.40 (2.18 - 2.64),18952,417,18535,2.02892323595367e-72,vat_hu_zscore,chartreuse4,10,2.400710438056831,2.183273170390575,2.64227138781819
740.1,Osteoarthritis; localized,musculoskeletal,VFI,< 0.0001,1.74 (1.64 - 1.85),22289,664,21625,3.025964660080126e-72,vfi_zscore,darkolivegreen,14,1.739131759567691,1.6370245782531418,1.8470733710805234
318,Tobacco use disorder,mental disorders,VFI,< 0.0001,1.45 (1.39 - 1.51),22095,2049,20046,3.135527626339463e-72,vfi_zscore,magenta,5,1.447505673230514,1.3901603810489478,1.5069563922752454
198.3,Secondary malignant neoplasm of digestive systems,neoplasms,SFD,< 0.0001,1.77 (1.66 - 1.88),19707,681,19026,3.886957683416524e-72,sat_hu_zscore,darkcyan,2,1.770104928289348,1.6627342754046035,1.8835018073873122
292.4,Altered mental status,mental disorders,SFD,< 0.0001,1.65 (1.56 - 1.74),21846,904,20942,1.0537100089014978e-71,sat_hu_zscore,magenta,5,1.651986546204301,1.5632846311061819,1.7449283810939669
585,Renal failure,genitourinary,SFD,< 0.0001,1.45 (1.39 - 1.51),21596,2056,19540,1.1786608733032317e-71,sat_hu_zscore,black,11,1.4517226997162178,1.3935091073017998,1.5120501180975878
457.3,Encounter for long-term (current) use of aspirin,circulatory system,SFI,< 0.0001,1.74 (1.63 - 1.84),20544,964,19580,1.206132743879614e-71,sfi_zscore,red,8,1.7355358402062502,1.6335975947531551,1.8433327972050446
296.22,Major depressive disorder,mental disorders,VFI,< 0.0001,1.59 (1.51 - 1.68),19667,1171,18496,2.0839832949232102e-71,vfi_zscore,magenta,5,1.5941996681815511,1.5144810120643704,1.6776827236454848
575.2,Obstruction of bile duct,digestive,SFD,< 0.0001,1.90 (1.77 - 2.04),21146,460,20686,3.0243874217658043e-71,sat_hu_zscore,chartreuse4,10,1.9039588849544247,1.7734538262080475,2.043036167867859
157,Pancreatic cancer,neoplasms,VFD,< 0.0001,2.34 (2.14 - 2.58),20624,419,20205,3.053919358346949e-71,vat_hu_zscore,darkcyan,2,2.3442493344229605,2.135772120657594,2.5754814280340876
586,Other disorders of the kidney and ureters,genitourinary,VFI,< 0.0001,1.56 (1.49 - 1.64),20753,1209,19544,1.0748797656303938e-70,vfi_zscore,black,11,1.5604827971706605,1.4855518887551251,1.6387551084749452
244.4,Hypothyroidism NOS,endocrine/metabolic,VFI,< 0.0001,1.51 (1.44 - 1.57),22196,1462,20734,2.332926348564801e-70,vfi_zscore,brown,3,1.505363039094327,1.4386694776743671,1.5748433622164986
426,Cardiac conduction disorders,circulatory system,SFD,< 0.0001,1.34 (1.30 - 1.39),21204,4332,16872,4.117628208555003e-69,sat_hu_zscore,red,8,1.3424909922402393,1.2990888838209906,1.3873224890118236
798,Malaise and fatigue,symptoms,SFI,< 0.0001,1.41 (1.36 - 1.47),22779,2484,20295,4.870268785196686e-69,sfi_zscore,purple,17,1.4145305853890306,1.3607049567651206,1.4702381138302445
426.3,Bundle branch block,circulatory system,SFI,< 0.0001,1.89 (1.76 - 2.03),17571,697,16874,1.3362175318338578e-68,sfi_zscore,red,8,1.892172361673709,1.7615686512729543,2.032124905915411
571.51,Cirrhosis of liver without mention of alcohol,digestive,VFD,< 0.0001,2.06 (1.90 - 2.24),19105,570,18535,2.385272573541539e-68,vat_hu_zscore,chartreuse4,10,2.060980344016786,1.900714908020461,2.2356674127739606
457.3,Encounter for long-term (current) use of aspirin,circulatory system,VFI,< 0.0001,1.60 (1.52 - 1.69),20544,964,19580,2.5058895735476934e-67,vfi_zscore,red,8,1.5990979194494648,1.5162080692055373,1.686053526750818
401.2,Hypertensive heart and/or renal disease,circulatory system,SFI,< 0.0001,1.89 (1.75 - 2.03),18153,661,17492,2.6012271567740873e-67,sfi_zscore,red,8,1.8857799597111913,1.7547908316460952,2.025607791944826
567,Peritonitis and retroperitoneal infections,digestive,SFD,< 0.0001,1.55 (1.48 - 1.63),20645,1215,19430,7.968648232649052e-67,sat_hu_zscore,chartreuse4,10,1.5541999661328367,1.4779925468805568,1.6336245579981739
208,Benign neoplasm of colon,neoplasms,VFI,< 0.0001,1.55 (1.48 - 1.63),21993,1098,20895,1.6665472111059967e-66,vfi_zscore,darkcyan,2,1.5518848606433526,1.4759542259142528,1.6312225622616285
575.2,Obstruction of bile duct,digestive,VFD,< 0.0001,2.15 (1.97 - 2.35),21149,460,20689,6.906263115838017e-66,vat_hu_zscore,chartreuse4,10,2.1540563065616896,1.973714930221477,2.3523967110893835
514,Abnormal findings examination of lungs,respiratory,SFI,< 0.0001,1.36 (1.31 - 1.41),22485,3376,19109,1.0625832203349653e-65,sfi_zscore,coral4,9,1.3608122806645349,1.3135759676193586,1.409598085461265
585.3,Chronic renal failure [CKD],genitourinary,VFI,< 0.0001,1.60 (1.51 - 1.68),20496,952,19544,1.1864510774848084e-65,vfi_zscore,black,11,1.595609565642891,1.5121970714412445,1.683079981753413
327,Sleep disorders,neurological,SFI,< 0.0001,1.51 (1.44 - 1.58),21829,1495,20334,1.7757158068993356e-65,sfi_zscore,darkblue,6,1.5099857721952572,1.440041985516557,1.5828437994837237
157,Pancreatic cancer,neoplasms,SFD,< 0.0001,1.92 (1.78 - 2.07),20621,419,20202,1.992231645907998e-65,sat_hu_zscore,darkcyan,2,1.9222400245201157,1.78284174358269,2.0714593720497163
272.11,Hypercholesterolemia,endocrine/metabolic,VFI,< 0.0001,1.80 (1.69 - 1.93),19472,533,18939,2.300140164759807e-65,vfi_zscore,brown,3,1.8046965209645762,1.68600644393691,1.9308714288852369
426.7,Abnormal electrocardiogram [ECG] [EKG],circulatory system,VFD,< 0.0001,1.37 (1.32 - 1.42),20446,3572,16874,5.445370916912867e-65,vat_hu_zscore,red,8,1.37189055125978,1.3228652062966801,1.4227791564717411
452,Other venous embolism and thrombosis,circulatory system,SFD,< 0.0001,1.51 (1.44 - 1.58),20950,1373,19577,1.027041440516588e-64,sat_hu_zscore,red,8,1.5068018694983272,1.436893310455466,1.5795124687761097
586,Other disorders of the kidney and ureters,genitourinary,SFI,< 0.0001,1.56 (1.48 - 1.64),20753,1209,19544,1.1195089278939903e-63,sfi_zscore,black,11,1.5597231286724667,1.4808447577191741,1.6422614035579388
426.3,Bundle branch block,circulatory system,VFI,< 0.0001,1.69 (1.59 - 1.80),17571,697,16874,1.8648094557791475e-63,vfi_zscore,red,8,1.6928680112349317,1.5918934676764236,1.7998156100561402
681,Superficial cellulitis and abscess,dermatologic,SFI,< 0.0001,1.53 (1.46 - 1.61),22636,1155,21481,2.231609157443052e-63,sfi_zscore,firebrick,13,1.533809685883118,1.4588825742180294,1.6119997685845915
550.5,Ventral hernia,digestive,VFI,< 0.0001,1.78 (1.66 - 1.90),21761,526,21235,3.2581642386024434e-63,vfi_zscore,chartreuse4,10,1.7793960107073485,1.6631178879955206,1.9028603414449494
272.1,Hyperlipidemia,endocrine/metabolic,VFD,< 0.0001,0.72 (0.69 - 0.75),22762,3823,18939,4.214881638328115e-63,vat_hu_zscore,brown,3,0.7210111252069917,0.6938646849050534,0.7490108686480684
272,Disorders of lipoid metabolism,endocrine/metabolic,VFD,< 0.0001,0.72 (0.69 - 0.75),22779,3840,18939,4.57500716469053e-63,vat_hu_zscore,brown,3,0.7215036331473582,0.6943869428251884,0.7494715837826393
285.1,Acute posthemorrhagic anemia,hematopoietic,SFD,< 0.0001,1.70 (1.60 - 1.81),19911,714,19197,4.8143022298798473e-63,sat_hu_zscore,darkorange1,4,1.7020725545103141,1.5988896570253632,1.8107740498687661
458,Hypotension,circulatory system,SFD,< 0.0001,1.58 (1.50 - 1.67),22406,956,21450,7.225014974017194e-63,sat_hu_zscore,red,8,1.579735520920341,1.4969381171250378,1.6662179457400714
366,Cataract,sense organs,SFI,< 0.0001,1.69 (1.59 - 1.80),22779,1016,21763,8.823912200433004e-63,sfi_zscore,darkseagreen4,7,1.6891633634552612,1.5881674862967718,1.7958804491263352
594.1,Calculus of kidney,genitourinary,VFI,< 0.0001,1.64 (1.55 - 1.74),22007,823,21184,2.1918965264475473e-62,vfi_zscore,black,11,1.638685721877941,1.5458497872332642,1.7363022623477857
740.11,"Osteoarthrosis, localized, primary",musculoskeletal,VFI,< 0.0001,1.73 (1.62 - 1.85),22191,566,21625,4.316262263253978e-62,vfi_zscore,darkolivegreen,14,1.7314846416789995,1.6226064286236332,1.846889094007291
250.3,Insulin pump user,endocrine/metabolic,SFI,< 0.0001,1.73 (1.62 - 1.84),20046,672,19374,9.43936218765886e-62,sfi_zscore,brown,3,1.7256853739007199,1.6174103828776034,1.8402011621586685
594,Urinary calculus,genitourinary,SFI,< 0.0001,1.54 (1.46 - 1.62),22265,1081,21184,1.139541707698855e-61,sfi_zscore,black,11,1.5358714525288928,1.459569819606861,1.6155583535193292
041,Bacterial infection NOS,infectious diseases,SFD,< 0.0001,1.49 (1.42 - 1.56),21603,1429,20174,3.263395887868351e-61,sat_hu_zscore,blue,1,1.4854490922134453,1.4169602008497086,1.556603927098872
508,Pulmonary collapse; interstitial and compensatory emphysema,respiratory,VFD,< 0.0001,1.69 (1.59 - 1.80),21104,948,20156,8.395247050479436e-61,vat_hu_zscore,coral4,9,1.689603518209294,1.5872467242132944,1.7986018023688202
790.6,Other abnormal blood chemistry,symptoms,SFI,< 0.0001,1.51 (1.44 - 1.59),22589,1222,21367,8.904560999736564e-61,sfi_zscore,purple,17,1.5141956913648882,1.4408552969135138,1.5906606716077263
427.7,Tachycardia NOS,circulatory system,VFD,< 0.0001,1.53 (1.46 - 1.61),18414,1540,16874,1.0726583509475602e-60,vat_hu_zscore,red,8,1.5325184188780914,1.456440009676678,1.6125731761243889
571.81,Portal hypertension,digestive,SFD,< 0.0001,1.97 (1.81 - 2.13),18916,383,18533,1.1316931111637152e-60,sat_hu_zscore,chartreuse4,10,1.9677214082544094,1.8143397214732282,2.1325324942161394
276.41,Acidosis,endocrine/metabolic,SFD,< 0.0001,1.93 (1.78 - 2.09),20033,384,19649,1.4787676030166344e-60,sat_hu_zscore,brown,3,1.9309267582309282,1.784231320525374,2.088030165331826
250.22,Type 2 diabetes with renal manifestations,endocrine/metabolic,VFI,< 0.0001,2.17 (1.98 - 2.38),19631,257,19374,7.856104591346893e-60,vfi_zscore,brown,3,2.1710354541735977,1.9773910676770758,2.3826425219950615
569,Other disorders of intestine,digestive,VFD,< 0.0001,1.49 (1.42 - 1.56),21152,1719,19433,8.49076912272753e-60,vat_hu_zscore,chartreuse4,10,1.485903525677429,1.4168210319353935,1.5583240302003851
276.5,Hypovolemia,endocrine/metabolic,SFD,< 0.0001,1.58 (1.50 - 1.67),20628,979,19649,8.701166473820246e-60,sat_hu_zscore,brown,3,1.5809393831550924,1.4958070028782098,1.6699540181349883
401.22,Hypertensive chronic kidney disease,circulatory system,VFI,< 0.0001,1.86 (1.73 - 2.01),17949,457,17492,9.491918752765516e-60,vfi_zscore,red,8,1.8636967506177806,1.7287745231349037,2.008108604105547
208,Benign neoplasm of colon,neoplasms,SFI,< 0.0001,1.56 (1.48 - 1.65),21993,1098,20895,2.3731729785862973e-59,sfi_zscore,darkcyan,2,1.5596622701458054,1.477901904027379,1.6452583887526238
783,Fever of unknown origin,symptoms,VFI,< 0.0001,1.38 (1.33 - 1.44),22779,2398,20381,3.187419716937375e-59,vfi_zscore,purple,17,1.3808035223267565,1.327890469086259,1.4355427360866075
327,Sleep disorders,neurological,VFI,< 0.0001,1.47 (1.40 - 1.54),21829,1495,20334,4.225995026554398e-59,vfi_zscore,darkblue,6,1.4718025842448785,1.4043859755974546,1.541995040862451
366,Cataract,sense organs,VFI,< 0.0001,1.54 (1.46 - 1.62),22779,1016,21763,8.919069286956945e-59,vfi_zscore,darkseagreen4,7,1.5361300015160222,1.457980241032723,1.6179744884505474
600,Hyperplasia of prostate,genitourinary,VFI,< 0.0001,1.78 (1.66 - 1.91),8945,703,8242,1.1047355171375864e-58,vfi_zscore,black,11,1.781128254065679,1.660905496344676,1.9107831812152114
569,Other disorders of intestine,digestive,SFD,< 0.0001,1.44 (1.37 - 1.50),21147,1717,19430,2.8626864505981032e-58,sat_hu_zscore,chartreuse4,10,1.4352595836735886,1.3732138538254128,1.499583942907079
458.9,Hypotension NOS,circulatory system,SFD,< 0.0001,1.63 (1.54 - 1.73),22171,721,21450,1.1733656389423129e-57,sat_hu_zscore,red,8,1.6334058879074695,1.5375820205281971,1.7340025237091645
560.4,Other intestinal obstruction,digestive,SFD,< 0.0001,1.49 (1.42 - 1.56),17790,1396,16394,1.1823744630134858e-57,sat_hu_zscore,chartreuse4,10,1.4875312390537303,1.416650802354046,1.5613964834766305
428,Congestive heart failure; nonhypertensive,circulatory system,SFI,< 0.0001,1.64 (1.55 - 1.75),22590,922,21668,1.5527471954124114e-57,sfi_zscore,red,8,1.6444006841861358,1.5467309876825206,1.7474062208690777
575,Other biliary tract disease,digestive,SFD,< 0.0001,1.48 (1.41 - 1.55),21979,1293,20686,2.8499787944096463e-57,sat_hu_zscore,chartreuse4,10,1.4778398562952817,1.408254437771958,1.5501681831570995
276.5,Hypovolemia,endocrine/metabolic,VFD,< 0.0001,1.65 (1.55 - 1.76),20633,980,19653,3.3524647810747224e-57,vat_hu_zscore,brown,3,1.6536315593206847,1.5544454562434549,1.7591549461129725
260.3,Adult failure to thrive,endocrine/metabolic,VFD,< 0.0001,2.60 (2.31 - 2.92),20663,268,20395,2.151900416030327e-56,vat_hu_zscore,brown,3,2.595571028460162,2.308188540722123,2.9237762833385963
575,Other biliary tract disease,digestive,VFD,< 0.0001,1.54 (1.46 - 1.63),21984,1295,20689,3.417862635324827e-56,vat_hu_zscore,chartreuse4,10,1.5414716144195377,1.4608569015336148,1.6265143211022939
427.3,Other specified cardiac dysrhythmias,circulatory system,SFD,< 0.0001,1.52 (1.44 - 1.60),18093,1221,16872,3.8242805815511113e-56,sat_hu_zscore,red,8,1.517411038644604,1.440504059274335,1.597701143662521
159,Malignant neoplasm of other and ill-defined sites within the digestive organs and peritoneum,neoplasms,SFD,< 0.0001,1.64 (1.54 - 1.74),20904,702,20202,5.057146315520471e-56,sat_hu_zscore,darkcyan,2,1.6394259485663867,1.5411527645457779,1.7427567360858827
386.9,Dizziness and giddiness (Light-headedness and vertigo),sense organs,SFI,< 0.0001,1.52 (1.44 - 1.60),22688,1091,21597,5.634027063549003e-56,sfi_zscore,darkseagreen4,7,1.5194630527401043,1.4420823039025752,1.6002452210295361
427.6,Premature beats,circulatory system,SFI,< 0.0001,1.78 (1.66 - 1.92),17555,681,16874,9.018904477043623e-56,sfi_zscore,red,8,1.783226481820167,1.6588514681506505,1.916136179569408
426,Cardiac conduction disorders,circulatory system,VFD,< 0.0001,1.31 (1.27 - 1.36),21209,4335,16874,1.3350947949547596e-55,vat_hu_zscore,red,8,1.3122153339573461,1.2684860155150741,1.3574874580711174
416,Cardiomegaly,circulatory system,SFI,< 0.0001,1.66 (1.56 - 1.77),22077,769,21308,1.7964410656490604e-55,sfi_zscore,red,8,1.6625456105731549,1.5597446053835566,1.7710872312242545
503,Pulmonary congestion and hypostasis,respiratory,VFD,< 0.0001,1.84 (1.71 - 1.99),20776,620,20156,1.8900417806207086e-55,vat_hu_zscore,coral4,9,1.8448961426481845,1.7090632264038241,1.9917983655297846
571.51,Cirrhosis of liver without mention of alcohol,digestive,SFD,< 0.0001,1.75 (1.63 - 1.87),19102,569,18533,1.9990575721996235e-55,sat_hu_zscore,chartreuse4,10,1.746894770424537,1.6285242940239537,1.8723455085942264
292.4,Altered mental status,mental disorders,VFD,< 0.0001,1.66 (1.56 - 1.77),21851,906,20945,3.3326635251717025e-55,vat_hu_zscore,magenta,5,1.6628789049267363,1.5602669503189444,1.7722771749142743
427.7,Tachycardia NOS,circulatory system,SFI,< 0.0001,1.44 (1.37 - 1.51),18414,1540,16874,4.62292627483375e-55,sfi_zscore,red,8,1.4386517491668336,1.3743071021950863,1.5056026965603775
585.1,Acute renal failure,genitourinary,VFD,< 0.0001,1.54 (1.46 - 1.62),20845,1301,19544,1.0548579103865421e-54,vat_hu_zscore,black,11,1.5376764908953322,1.456611714495736,1.6232182816315013
038.3,Bacteremia,infectious diseases,SFD,< 0.0001,1.66 (1.56 - 1.77),20817,643,20174,1.2852653786628461e-54,sat_hu_zscore,blue,1,1.6647344641359072,1.5605345740414018,1.7743924831861941
276,"Disorders of fluid, electrolyte, and acid-base balance",endocrine/metabolic,SFI,< 0.0001,1.33 (1.29 - 1.38),22672,3019,19653,1.437183293990739e-54,sfi_zscore,brown,3,1.3334332410426204,1.2858478614391577,1.382559748834681
452,Other venous embolism and thrombosis,circulatory system,VFD,< 0.0001,1.52 (1.44 - 1.60),20955,1375,19580,2.8550547196697966e-54,vat_hu_zscore,red,8,1.5150612913243222,1.4375543720525183,1.5967112846697098
512.9,Other dyspnea,respiratory,VFI,< 0.0001,1.53 (1.45 - 1.61),19976,985,18991,3.447047116483886e-54,vfi_zscore,coral4,9,1.5264483083844589,1.446615902257416,1.6099750466522158
287.3,Thrombocytopenia,hematopoietic,VFD,< 0.0001,1.68 (1.58 - 1.80),21685,822,20863,4.040265862913083e-54,vat_hu_zscore,darkorange1,4,1.6835502948204286,1.5761500523395162,1.7982871439825172
994.21,Septic shock,injuries & poisonings,VFD,< 0.0001,1.99 (1.82 - 2.17),21402,460,20942,4.051352463215201e-54,vat_hu_zscore,gray50,18,1.9893387165799872,1.8237874226753095,2.1706829965332193
287,Purpura and other hemorrhagic conditions,hematopoietic,VFD,< 0.0001,1.66 (1.56 - 1.77),21733,870,20863,7.012998617259071e-54,vat_hu_zscore,darkorange1,4,1.6591329157779289,1.5559268539289575,1.769178312107147
428,Congestive heart failure; nonhypertensive,circulatory system,VFI,< 0.0001,1.53 (1.45 - 1.62),22590,922,21668,1.6552525137182942e-53,vfi_zscore,red,8,1.5302580182609145,1.449277593269252,1.6150989118408254
681,Superficial cellulitis and abscess,dermatologic,VFI,< 0.0001,1.49 (1.42 - 1.57),22636,1155,21481,1.9647577379060201e-53,vfi_zscore,firebrick,13,1.4914312871362878,1.4170758249894433,1.569015376545699
512.9,Other dyspnea,respiratory,SFI,< 0.0001,1.56 (1.47 - 1.65),19976,985,18991,3.473484750347769e-53,sfi_zscore,coral4,9,1.5560475757443277,1.4702371556181546,1.6460257147025874
790.6,Other abnormal blood chemistry,symptoms,VFI,< 0.0001,1.47 (1.40 - 1.54),22589,1222,21367,5.044569134757529e-53,vfi_zscore,purple,17,1.4702621780590035,1.3992482618114845,1.544246820955499
575.8,Other disorders of biliary tract,digestive,SFD,< 0.0001,1.60 (1.50 - 1.70),21413,727,20686,5.255077980849714e-53,sat_hu_zscore,chartreuse4,10,1.5974101368968758,1.5039352846818372,1.6954441686943837
197,Chemotherapy,neoplasms,VFD,< 0.0001,1.43 (1.37 - 1.50),20973,1946,19027,5.713798537212855e-53,vat_hu_zscore,darkcyan,2,1.428857814643606,1.3650528971324551,1.4955921723835823
338.1,Acute pain,neurological,SFI,< 0.0001,1.41 (1.35 - 1.48),21413,1622,19791,1.1674107269247599e-52,sfi_zscore,darkblue,6,1.4142699832674357,1.3525171026023857,1.4783869730551489
599.5,Frequency of urination and polyuria,genitourinary,SFI,< 0.0001,1.60 (1.51 - 1.70),20976,809,20167,1.292707975590388e-52,sfi_zscore,black,11,1.600837973774356,1.5064965545911604,1.7000462387334925
458,Hypotension,circulatory system,VFD,< 0.0001,1.61 (1.52 - 1.72),22411,958,21453,2.1764295025214173e-52,vat_hu_zscore,red,8,1.613559924684688,1.5171858571678867,1.7160223330207833
427.7,Tachycardia NOS,circulatory system,VFI,< 0.0001,1.44 (1.38 - 1.51),18414,1540,16874,2.6613126540452967e-52,vfi_zscore,red,8,1.443700354170624,1.3767711735611106,1.513381804688155
250.41,Impaired fasting glucose,endocrine/metabolic,VFI,< 0.0001,1.97 (1.80 - 2.15),19686,312,19374,3.4274084543469604e-52,vfi_zscore,brown,3,1.9688098017912046,1.8032196693904183,2.1476787222489295
562,Diverticulosis and diverticulitis,digestive,SFD,< 0.0001,0.61 (0.57 - 0.65),18097,1703,16394,3.9539502021212955e-52,sat_hu_zscore,chartreuse4,10,0.6075541914538997,0.5692715311525087,0.647402971350868
465,Acute upper respiratory infections of multiple or unspecified sites,respiratory,SFI,< 0.0001,1.53 (1.44 - 1.61),22591,876,21715,4.468946574496895e-52,sfi_zscore,coral4,9,1.5261425882336874,1.444687617534236,1.6113324985598296
585.1,Acute renal failure,genitourinary,VFI,< 0.0001,1.46 (1.39 - 1.53),20845,1301,19544,1.793352273430837e-51,vfi_zscore,black,11,1.4554132905555646,1.3859130220270042,1.5278316310859552
285.1,Acute posthemorrhagic anemia,hematopoietic,VFD,< 0.0001,1.74 (1.62 - 1.87),19914,714,19200,1.8950625454138774e-51,vat_hu_zscore,darkorange1,4,1.7365247820416085,1.6163854751108695,1.8656312370317454
575.8,Other disorders of biliary tract,digestive,VFD,< 0.0001,1.72 (1.60 - 1.84),21417,728,20689,1.9382146372273526e-51,vat_hu_zscore,chartreuse4,10,1.7151316764714213,1.599064498387425,1.839727804845812
415,Pulmonary heart disease,circulatory system,SFI,< 0.0001,1.56 (1.47 - 1.65),22205,897,21308,2.2519425167639355e-51,sfi_zscore,red,8,1.5606756699789999,1.4724681805631905,1.653177853758641
272.11,Hypercholesterolemia,endocrine/metabolic,SFI,< 0.0001,1.78 (1.65 - 1.92),19472,533,18939,2.3329157622129367e-51,sfi_zscore,brown,3,1.7848356034744877,1.6546242158183813,1.9237819926838307
198.1,Secondary malignancy of lymph nodes,neoplasms,VFD,< 0.0001,1.68 (1.57 - 1.79),19852,825,19027,2.513709560723995e-51,vat_hu_zscore,darkcyan,2,1.6753094762496992,1.5665485811033253,1.7916120926286687
740.9,Osteoarthrosis NOS,musculoskeletal,VFI,< 0.0001,1.61 (1.51 - 1.72),22266,641,21625,7.734365626805941e-51,vfi_zscore,darkolivegreen,14,1.612867177239075,1.514727032897196,1.7164055329316976
427.3,Other specified cardiac dysrhythmias,circulatory system,SFI,< 0.0001,1.48 (1.41 - 1.56),18095,1221,16874,8.610092042237694e-51,sfi_zscore,red,8,1.4791242822414985,1.4050118218396175,1.5565134845049253
276.6,Fluid overload,endocrine/metabolic,VFD,< 0.0001,2.17 (1.96 - 2.40),19999,346,19653,9.403471372616046e-51,vat_hu_zscore,brown,3,2.166851498185661,1.9589908882061469,2.3984852665601983
509,"Respiratory failure, insufficiency, arrest",respiratory,VFD,< 0.0001,1.66 (1.56 - 1.78),20986,830,20156,1.044226007182298e-50,vat_hu_zscore,coral4,9,1.6641342047670273,1.5567863238740978,1.7788339765710166
594.1,Calculus of kidney,genitourinary,SFI,< 0.0001,1.54 (1.46 - 1.63),22007,823,21184,1.1092350670822418e-50,sfi_zscore,black,11,1.542175183633544,1.456705110595733,1.6317194282411247
798,Malaise and fatigue,symptoms,VFI,< 0.0001,1.33 (1.28 - 1.38),22779,2484,20295,2.8229892657712825e-50,vfi_zscore,purple,17,1.3294943612192924,1.2805135411035788,1.3800848550603093
783,Fever of unknown origin,symptoms,SFI,< 0.0001,1.33 (1.28 - 1.39),22779,2398,20381,2.956110855905949e-50,sfi_zscore,purple,17,1.3347315801623216,1.2848811222389362,1.3862483866702076
416,Cardiomegaly,circulatory system,VFI,< 0.0001,1.56 (1.47 - 1.65),22077,769,21308,4.835940511848094e-50,vfi_zscore,red,8,1.5573138289662136,1.4685888398320708,1.6505036432495352
287.3,Thrombocytopenia,hematopoietic,SFD,< 0.0001,1.55 (1.46 - 1.64),21680,822,20858,1.624479686813454e-49,sat_hu_zscore,darkorange1,4,1.549103285209471,1.4612203311105485,1.6409770538286002
250.24,Type 2 diabetes with neurological manifestations,endocrine/metabolic,VFI,< 0.0001,2.14 (1.93 - 2.37),19597,223,19374,2.321292659877273e-49,vfi_zscore,brown,3,2.140293628664601,1.9335633231619886,2.3668450774921057
573,Other disorders of liver,digestive,VFD,< 0.0001,1.55 (1.46 - 1.64),19689,1154,18535,8.804534480979271e-49,vat_hu_zscore,chartreuse4,10,1.5461894375526595,1.4587298235591795,1.6387954045649447
038.3,Bacteremia,infectious diseases,VFD,< 0.0001,1.74 (1.62 - 1.88),20822,643,20179,9.407158637052578e-49,vat_hu_zscore,blue,1,1.743402262238293,1.6186234500085979,1.8778091727221633
287,Purpura and other hemorrhagic conditions,hematopoietic,SFD,< 0.0001,1.53 (1.44 - 1.62),21728,870,20858,1.1074556700689923e-48,sat_hu_zscore,darkorange1,4,1.5295112194097682,1.4444773497925985,1.6183184738756078
286.2,Encounter for long-term (current) use of anticoagulants,hematopoietic,SFI,< 0.0001,1.58 (1.48 - 1.68),21682,819,20863,3.5643744679814055e-48,sfi_zscore,darkorange1,4,1.5796541205450694,1.4849952508325523,1.6792594427738294
600,Hyperplasia of prostate,genitourinary,SFI,< 0.0001,1.80 (1.66 - 1.95),8945,703,8242,4.313909584494026e-48,sfi_zscore,black,11,1.8006450939336904,1.6636183222801664,1.948991037128854
585.3,Chronic renal failure [CKD],genitourinary,SFI,< 0.0001,1.55 (1.46 - 1.64),20496,952,19544,6.463233332394995e-48,sfi_zscore,black,11,1.5500260244312576,1.4606799578489027,1.6439054906909178
339,Other headache syndromes,neurological,SFI,< 0.0001,1.56 (1.47 - 1.66),22209,720,21489,6.636337318202528e-48,sfi_zscore,darkblue,6,1.563902270044866,1.4718842685923295,1.6605381231302652
707,Chronic ulcer of skin,dermatologic,SFD,< 0.0001,1.73 (1.61 - 1.86),22774,424,22350,7.553318708092183e-48,sat_hu_zscore,firebrick,13,1.7305478913041439,1.606209732382873,1.8624835054208926
185,Cancer of prostate,neoplasms,SFI,< 0.0001,1.98 (1.81 - 2.18),8719,477,8242,1.553947835422951e-47,sfi_zscore,darkcyan,2,1.9843715593030893,1.8086977612182797,2.1776041399293145
433,Cerebrovascular disease,circulatory system,SFI,< 0.0001,1.58 (1.49 - 1.68),22650,937,21713,1.6437734815896243e-47,sfi_zscore,red,8,1.5828080716658577,1.4869439982146426,1.6838487313894304
782.3,Edema,symptoms,SFI,< 0.0001,1.46 (1.38 - 1.53),22711,1292,21419,2.5434378736229483e-47,sfi_zscore,purple,17,1.4573179362527846,1.3843948259351702,1.5333520212046041
575.1,Cholangitis,digestive,SFD,< 0.0001,1.85 (1.70 - 2.01),21001,315,20686,2.916404648135313e-47,sat_hu_zscore,chartreuse4,10,1.8530859796453991,1.703162493428187,2.0139563697243625
707.1,Decubitus ulcer,dermatologic,SFD,< 0.0001,1.90 (1.74 - 2.07),22631,281,22350,2.9501523950507557e-47,sat_hu_zscore,firebrick,13,1.9012255929807196,1.7413441652633233,2.073552245508972
599.5,Frequency of urination and polyuria,genitourinary,VFI,< 0.0001,1.53 (1.44 - 1.62),20976,809,20167,3.026363554652202e-47,vfi_zscore,black,11,1.5262295925281186,1.4406392846305138,1.6159534686260577
185,Cancer of prostate,neoplasms,VFI,< 0.0001,1.82 (1.68 - 1.98),8719,477,8242,3.3673721443609574e-47,vfi_zscore,darkcyan,2,1.8242535942385354,1.6814859975610579,1.9799595158457004
585.1,Acute renal failure,genitourinary,SFI,< 0.0001,1.46 (1.38 - 1.53),20845,1301,19544,4.2191314056451965e-47,sfi_zscore,black,11,1.4560869774974008,1.383242788331722,1.5321059435281295
276,"Disorders of fluid, electrolyte, and acid-base balance",endocrine/metabolic,VFI,< 0.0001,1.29 (1.25 - 1.34),22672,3019,19653,4.755721227494639e-47,vfi_zscore,brown,3,1.2939553057456867,1.249270073254404,1.3400306855719684
599.3,Dysuria,genitourinary,VFI,< 0.0001,1.50 (1.42 - 1.59),21129,962,20167,6.083453213828004e-47,vfi_zscore,black,11,1.5047821941379804,1.4228871064856354,1.5905073619090584
274.1,Gout,endocrine/metabolic,VFI,< 0.0001,1.91 (1.75 - 2.09),22743,293,22450,1.165631187956098e-46,vfi_zscore,brown,3,1.9108354972250199,1.74836817986348,2.087088948866633
292,Neurological disorders,mental disorders,SFD,< 0.0001,1.42 (1.35 - 1.49),22327,1385,20942,1.786709164942896e-46,sat_hu_zscore,magenta,5,1.417070530178914,1.3506966138922722,1.4860218818188222
599.3,Dysuria,genitourinary,SFI,< 0.0001,1.48 (1.41 - 1.57),21129,962,20167,2.2360847180269992e-46,sfi_zscore,black,11,1.484731376365317,1.4060091795125587,1.5669662470507475
286,Coagulation defects,hematopoietic,SFD,< 0.0001,1.59 (1.49 - 1.70),21499,641,20858,2.848695797305795e-46,sat_hu_zscore,darkorange1,4,1.5927177404299362,1.493368821948504,1.6969757185393404
592,Cystitis and urethritis,genitourinary,SFI,< 0.0001,1.56 (1.47 - 1.66),20858,796,20062,3.1093764926123327e-46,sfi_zscore,black,11,1.5593128532564176,1.4665152962317436,1.6568522835478454
465,Acute upper respiratory infections of multiple or unspecified sites,respiratory,VFI,< 0.0001,1.53 (1.45 - 1.63),22591,876,21715,3.2189289818540073e-46,vfi_zscore,coral4,9,1.5343346611666435,1.4462447994343568,1.6267494164204443
458.9,Hypotension NOS,circulatory system,VFD,< 0.0001,1.67 (1.55 - 1.79),22175,722,21453,4.04772620946165e-46,vat_hu_zscore,red,8,1.666826799438164,1.5537173704065153,1.7881219163265178
274,Gout and other crystal arthropathies,endocrine/metabolic,VFI,< 0.0001,1.84 (1.69 - 2.00),22779,329,22450,5.994938026511138e-46,vfi_zscore,brown,3,1.8384412858884227,1.689862640215534,1.9986978266847049
592.1,Cystitis,genitourinary,SFI,< 0.0001,1.56 (1.47 - 1.66),20841,779,20062,6.7542686350818724e-46,sfi_zscore,black,11,1.5642558137984437,1.4701698975370732,1.663207413072123
550.6,Incisional hernia,digestive,SFI,< 0.0001,1.97 (1.79 - 2.16),21492,257,21235,7.184967951543388e-46,sfi_zscore,chartreuse4,10,1.968039288635417,1.7914506307808549,2.1595853196400037
288,Diseases of white blood cells,hematopoietic,SFD,< 0.0001,1.49 (1.41 - 1.57),20914,1024,19890,7.441242731259238e-46,sat_hu_zscore,darkorange1,4,1.486178798164053,1.4066644167918998,1.5691213446151921
427.6,Premature beats,circulatory system,VFI,< 0.0001,1.58 (1.48 - 1.68),17555,681,16874,1.0283234614980745e-45,vfi_zscore,red,8,1.5772381948805059,1.4806205673584723,1.679294708387594
452.2,Deep vein thrombosis [DVT],circulatory system,SFD,< 0.0001,1.58 (1.48 - 1.68),20269,692,19577,1.294200234267387e-45,sat_hu_zscore,red,8,1.5763372600197443,1.4795079879703923,1.678016501631383
585.32,End stage renal disease,genitourinary,SFD,< 0.0001,1.88 (1.72 - 2.05),19831,291,19540,1.7646584407811964e-45,sat_hu_zscore,black,11,1.879983151241356,1.7212947744853229,2.0505131512915287
560.1,Paralytic ileus,digestive,SFD,< 0.0001,1.74 (1.61 - 1.87),16846,452,16394,1.8790374150648904e-45,sat_hu_zscore,chartreuse4,10,1.735929423779844,1.6073033643940857,1.8728518255306303
592,Cystitis and urethritis,genitourinary,VFI,< 0.0001,1.52 (1.44 - 1.61),20858,796,20062,2.7675969656004232e-45,vfi_zscore,black,11,1.5221695805260615,1.4354805910413584,1.6131090542561792
509.1,Respiratory failure,respiratory,VFD,< 0.0001,1.69 (1.57 - 1.81),20845,689,20156,4.0945491129227603e-45,vat_hu_zscore,coral4,9,1.685618454021266,1.5674918159889961,1.8125449673159948
250.41,Impaired fasting glucose,endocrine/metabolic,SFI,< 0.0001,1.96 (1.78 - 2.15),19686,312,19374,4.845141967920024e-45,sfi_zscore,brown,3,1.9561261707058895,1.7805257743303238,2.1465108145843206
578.9,Hemorrhage of gastrointestinal tract,digestive,SFD,< 0.0001,1.58 (1.48 - 1.68),20584,662,19922,4.923572231127469e-45,sat_hu_zscore,chartreuse4,10,1.5811031641998854,1.482713173635146,1.6844876236959627
195.1,"Malignant neoplasm, other",neoplasms,VFD,< 0.0001,1.58 (1.49 - 1.69),19950,923,19027,4.973814445766104e-45,vat_hu_zscore,darkcyan,2,1.5834014886136627,1.4852181564430254,1.6879694908814364
427.3,Other specified cardiac dysrhythmias,circulatory system,VFI,< 0.0001,1.44 (1.37 - 1.52),18095,1221,16874,5.2005170289983717e-45,vfi_zscore,red,8,1.440296084715553,1.3686377996346497,1.5150309103949278
592.1,Cystitis,genitourinary,VFI,< 0.0001,1.52 (1.44 - 1.62),20841,779,20062,6.628681534721782e-45,vfi_zscore,black,11,1.5246806566337605,1.4371409002514082,1.6165471720735778
276.14,Hypopotassemia,endocrine/metabolic,SFD,< 0.0001,1.52 (1.44 - 1.61),20516,867,19649,1.1612883690728042e-44,sat_hu_zscore,brown,3,1.5224887719932438,1.4350080207745501,1.6140290505576782
782.3,Edema,symptoms,VFI,< 0.0001,1.41 (1.34 - 1.48),22711,1292,21419,1.2626750121937482e-44,vfi_zscore,purple,17,1.4076703673969575,1.3416502107301795,1.4763304779611341
782.3,Edema,symptoms,VFD,< 0.0001,1.47 (1.39 - 1.55),22711,1292,21419,1.5148214191984865e-44,vat_hu_zscore,purple,17,1.4691891628640978,1.3921097269115894,1.5504363816178475
280,Iron deficiency anemias,hematopoietic,VFD,< 0.0001,1.51 (1.43 - 1.60),20338,1138,19200,2.8360430956346076e-44,vat_hu_zscore,darkorange1,4,1.5129775079621857,1.427439716224278,1.6035101222935562
340,Migraine,neurological,SFI,< 0.0001,1.52 (1.43 - 1.61),22232,743,21489,3.8177202440224123e-44,sfi_zscore,darkblue,6,1.5182774959292584,1.4311857108492547,1.6096235109698396
401.22,Hypertensive chronic kidney disease,circulatory system,SFI,< 0.0001,1.81 (1.66 - 1.97),17949,457,17492,4.2086300563214516e-44,sfi_zscore,red,8,1.8102744424071928,1.6642150690395312,1.96695376045178
285,Other anemias,hematopoietic,SFI,< 0.0001,1.30 (1.26 - 1.35),22014,2814,19200,4.87709485386476e-44,sfi_zscore,darkorange1,4,1.3030057770344776,1.2552040348602456,1.3523565323115632
585.31,Renal dialysis,genitourinary,SFD,< 0.0001,1.88 (1.72 - 2.05),19820,280,19540,5.216466373878552e-44,sat_hu_zscore,black,11,1.8797331359879004,1.718419517092188,2.053221304639103
288.2,Elevated white blood cell count,hematopoietic,SFD,< 0.0001,1.49 (1.41 - 1.58),20833,943,19890,8.667098251844235e-44,sat_hu_zscore,darkorange1,4,1.4925172347914504,1.4098893954706238,1.5788006783391817
366.2,Senile cataract,sense organs,VFI,< 0.0001,1.58 (1.48 - 1.68),22346,583,21763,9.349171688998044e-44,vfi_zscore,darkseagreen4,7,1.579807933192964,1.4803995953998046,1.6847047929988639
585,Renal failure,genitourinary,VFD,< 0.0001,1.37 (1.31 - 1.43),21601,2057,19544,1.38934072294375e-43,vat_hu_zscore,black,11,1.3699933439116916,1.3102397573994071,1.432410022815077
276.4,Acid-base balance disorder,endocrine/metabolic,VFD,< 0.0001,1.83 (1.68 - 1.99),20142,489,19653,1.907671228610144e-43,vat_hu_zscore,brown,3,1.8265811609600693,1.6770104736721583,1.9896281180589164
578.9,Hemorrhage of gastrointestinal tract,digestive,VFD,< 0.0001,1.68 (1.56 - 1.81),20587,663,19924,2.08803547332502e-43,vat_hu_zscore,chartreuse4,10,1.6777919442847267,1.5589507157112223,1.805609000489228
366.2,Senile cataract,sense organs,SFI,< 0.0001,1.69 (1.57 - 1.82),22346,583,21763,2.4008151951625105e-43,sfi_zscore,darkseagreen4,7,1.6901247274705629,1.5680019551259188,1.8201145630867865
726,Peripheral enthesopathies and allied syndromes,musculoskeletal,SFI,< 0.0001,1.63 (1.52 - 1.74),21981,566,21415,3.793996582294968e-43,sfi_zscore,darkolivegreen,14,1.628552687176458,1.5185660476724228,1.7448237914966238
292,Neurological disorders,mental disorders,SFI,< 0.0001,1.43 (1.36 - 1.50),22332,1387,20945,4.546510758346011e-43,sfi_zscore,magenta,5,1.42996850496684,1.3586036018384726,1.5043805528152163
960,Poisoning by antibiotics,injuries & poisonings,SFI,< 0.0001,1.45 (1.37 - 1.53),21233,1091,20142,4.55007902607455e-43,sfi_zscore,gray50,18,1.4482238571471857,1.373393817962568,1.5262731600940331
764,Sciatica,symptoms,SFI,< 0.0001,1.71 (1.59 - 1.85),22260,438,21822,6.03554643671412e-43,sfi_zscore,purple,17,1.7134706156420043,1.5857791967699273,1.8493465289176148
977,Personal history of allergy to medicinal agents,injuries & poisonings,SFI,< 0.0001,1.48 (1.40 - 1.57),21030,888,20142,1.0193339383148755e-42,sfi_zscore,gray50,18,1.4849411163089576,1.402775979922185,1.5708554503891563
041,Bacterial infection NOS,infectious diseases,VFD,< 0.0001,1.44 (1.36 - 1.51),21608,1429,20179,1.0540767315920356e-42,vat_hu_zscore,blue,1,1.436476191357952,1.3638525671276378,1.5128308501385965
550.2,Diaphragmatic hernia,digestive,SFI,< 0.0001,1.72 (1.59 - 1.86),21711,476,21235,1.112864696414207e-42,sfi_zscore,chartreuse4,10,1.7212884703546243,1.5916138461789031,1.8594842906237863
386.9,Dizziness and giddiness (Light-headedness and vertigo),sense organs,VFI,< 0.0001,1.44 (1.36 - 1.51),22688,1091,21597,1.2965112956246542e-42,vfi_zscore,darkseagreen4,7,1.4370306752436812,1.3639149755887758,1.5132581970104673
278.11,Morbid obesity,endocrine/metabolic,VFD,< 0.0001,0.59 (0.55 - 0.64),21444,911,20533,2.648242382817427e-42,vat_hu_zscore,brown,3,0.5946211101179312,0.5514871913055093,0.640442107663993
041.2,Streptococcus infection,infectious diseases,SFD,< 0.0001,1.88 (1.71 - 2.05),20440,266,20174,2.7979111277658685e-42,sat_hu_zscore,blue,1,1.8776247945331799,1.7134161596655382,2.054316199113802
575.1,Cholangitis,digestive,VFD,< 0.0001,2.06 (1.86 - 2.29),21004,315,20689,3.431589562517647e-42,vat_hu_zscore,chartreuse4,10,2.059834214588344,1.8566478928922239,2.2864977120826855
564,Functional digestive disorders,digestive,SFI,< 0.0001,1.41 (1.34 - 1.48),17698,1300,16398,3.5398014819562715e-42,sfi_zscore,chartreuse4,10,1.4085771625307644,1.3404497768730401,1.479507819251783
592.11,Acute cystitis,genitourinary,SFI,< 0.0001,1.59 (1.48 - 1.70),20722,660,20062,4.731155258015483e-42,sfi_zscore,black,11,1.5880900534011015,1.4849310427962286,1.696989187666351
573,Other disorders of liver,digestive,SFD,< 0.0001,1.45 (1.37 - 1.53),19685,1152,18533,6.687892084947007e-42,sat_hu_zscore,chartreuse4,10,1.4501905361281608,1.373886708465235,1.5297569140305005
272.13,Mixed hyperlipidemia,endocrine/metabolic,VFI,< 0.0001,1.99 (1.80 - 2.20),19148,209,18939,9.0979417761708e-42,vfi_zscore,brown,3,1.9904047740840927,1.8004413215709276,2.197963488560549
261,Vitamin deficiency,endocrine/metabolic,SFI,< 0.0001,1.49 (1.40 - 1.57),21258,863,20395,1.0229769482110423e-41,sfi_zscore,brown,3,1.4873286850216225,1.4037272475920328,1.5748673870448042
599.4,Urinary incontinence,genitourinary,SFI,< 0.0001,1.69 (1.57 - 1.83),20652,485,20167,1.2600721249478209e-41,sfi_zscore,black,11,1.6944640187823838,1.5688028501478353,1.8282312738090336
041,Bacterial infection NOS,infectious diseases,SFI,< 0.0001,1.39 (1.32 - 1.45),21608,1429,20179,1.3379450187732974e-41,sfi_zscore,blue,1,1.3855307690837833,1.321216758123109,1.4523452068435034
592.11,Acute cystitis,genitourinary,VFI,< 0.0001,1.54 (1.45 - 1.64),20722,660,20062,1.653722334710744e-41,vfi_zscore,black,11,1.5405245972436215,1.446241657695532,1.6397373495124574
291.8,Alteration of consciousness,mental disorders,SFD,< 0.0001,1.68 (1.56 - 1.81),21367,425,20942,1.8264704422393574e-41,sat_hu_zscore,magenta,5,1.6831611406631286,1.5594073182480352,1.8143498985663082
198.1,Secondary malignancy of lymph nodes,neoplasms,SFD,< 0.0001,1.52 (1.43 - 1.61),19849,823,19026,2.0526599131249712e-41,sat_hu_zscore,darkcyan,2,1.5171374676484464,1.4272812163388617,1.611281984028165
338.1,Acute pain,neurological,VFI,< 0.0001,1.37 (1.31 - 1.43),21413,1622,19791,6.77333266321855e-41,vfi_zscore,darkblue,6,1.36927739813638,1.307451847801764,1.433464295214354
285,Other anemias,hematopoietic,VFI,< 0.0001,1.28 (1.24 - 1.33),22014,2814,19200,7.093376460483605e-41,vfi_zscore,darkorange1,4,1.281368198195755,1.2355710530866424,1.328612548737409
427.3,Other specified cardiac dysrhythmias,circulatory system,VFD,< 0.0001,1.47 (1.39 - 1.56),18095,1221,16874,7.377174479155539e-41,vat_hu_zscore,red,8,1.470664697570425,1.3898264586404914,1.5560621061878257
721,Spondylosis and allied disorders,musculoskeletal,SFI,< 0.0001,1.56 (1.46 - 1.67),22067,754,21313,8.283266302604455e-41,sfi_zscore,darkolivegreen,14,1.5635582415935858,1.4638006820887812,1.6687344013753957
285.21,Anemia in chronic kidney disease,hematopoietic,SFD,< 0.0001,2.02 (1.82 - 2.24),19401,204,19197,8.957174169967256e-41,sat_hu_zscore,darkorange1,4,2.0192070972309706,1.8199522295597192,2.237020947394409
284,Aplastic anemia,hematopoietic,SFD,< 0.0001,1.67 (1.55 - 1.80),19678,481,19197,1.1202381988126141e-40,sat_hu_zscore,darkorange1,4,1.6703510361941143,1.548030265208255,1.7998290077509058
155,Cancer of liver and intrahepatic bile duct,neoplasms,VFD,< 0.0001,1.93 (1.75 - 2.13),20578,373,20205,1.3538589319488667e-40,vat_hu_zscore,darkcyan,2,1.9323273625403823,1.75412541965803,2.128973908537037
339,Other headache syndromes,neurological,VFI,< 0.0001,1.54 (1.44 - 1.64),22209,720,21489,1.958688870547181e-40,vfi_zscore,darkblue,6,1.5371273655846214,1.4422351497680648,1.6369605879913949
286,Coagulation defects,hematopoietic,VFD,< 0.0001,1.65 (1.53 - 1.78),21504,641,20863,2.4716443968671954e-40,vat_hu_zscore,darkorange1,4,1.6512680183731718,1.5334809984352558,1.7779501584351667
038,Septicemia,infectious diseases,VFI,< 0.0001,1.33 (1.28 - 1.39),22019,1840,20179,3.089783714826333e-40,vfi_zscore,blue,1,1.3344505812718856,1.2785997401476785,1.392295961923426
562.1,Diverticulosis,digestive,SFD,< 0.0001,0.60 (0.55 - 0.65),17521,1127,16394,3.235828893416686e-40,sat_hu_zscore,chartreuse4,10,0.5986719909424829,0.554416218518735,0.6451643078019467
041,Bacterial infection NOS,infectious diseases,VFI,< 0.0001,1.37 (1.31 - 1.44),21608,1429,20179,4.198351142785836e-40,vfi_zscore,blue,1,1.373870819752071,1.3105478905284789,1.439645749263504
260.6,Anorexia,endocrine/metabolic,SFD,< 0.0001,1.79 (1.64 - 1.95),20731,336,20395,8.89419557394619e-40,sat_hu_zscore,brown,3,1.7870157540385427,1.6380292719264478,1.9465872107605449
189,Cancer of urinary organs (incl. kidney and bladder),neoplasms,SFI,< 0.0001,1.62 (1.51 - 1.74),22779,615,22164,1.0519274055507928e-39,sfi_zscore,darkcyan,2,1.6219675296059377,1.5087198555644086,1.7421268022818537
426.8,Other cardiac conduction disorders,circulatory system,SFD,< 0.0001,1.78 (1.63 - 1.94),17213,341,16872,1.075117454004951e-39,sat_hu_zscore,red,8,1.7785482350015878,1.6312626010942306,1.9361770035205055
433,Cerebrovascular disease,circulatory system,VFI,< 0.0001,1.44 (1.36 - 1.52),22650,937,21713,1.1781406023888878e-39,vfi_zscore,red,8,1.4404795885257335,1.363983288016816,1.5204597368496748
296.1,Bipolar,mental disorders,SFI,< 0.0001,1.71 (1.58 - 1.85),18850,354,18496,1.3341992284656587e-39,sfi_zscore,magenta,5,1.7066594412467049,1.575104642227059,1.8470066290753966
721,Spondylosis and allied disorders,musculoskeletal,VFI,< 0.0001,1.49 (1.40 - 1.58),22067,754,21313,1.3532546577962515e-39,vfi_zscore,darkolivegreen,14,1.4884802298994224,1.4023944207297914,1.5787586669184301
284.1,Pancytopenia,hematopoietic,SFD,< 0.0001,1.66 (1.54 - 1.79),19671,474,19197,1.5705138969638783e-39,sat_hu_zscore,darkorange1,4,1.664244441026643,1.5414217132597217,1.7942606339076683
721.1,Spondylosis without myelopathy,musculoskeletal,SFI,< 0.0001,1.57 (1.47 - 1.68),22020,707,21313,1.6057873357769943e-39,sfi_zscore,darkolivegreen,14,1.57262463437862,1.469345770933382,1.6816681815307444
272,Disorders of lipoid metabolism,endocrine/metabolic,SFD,< 0.0001,0.77 (0.74 - 0.80),22774,3840,18934,1.7604518407453873e-39,sat_hu_zscore,brown,3,0.7714989839141868,0.742049966694209,0.8017292215351574
770,Myalgia and myositis unspecified,symptoms,SFI,< 0.0001,1.53 (1.43 - 1.63),22779,677,22102,2.8052126165247546e-39,sfi_zscore,purple,17,1.5268465291520268,1.4325892281349386,1.6258904677139334
568,Other disorders of peritoneum,digestive,VFD,< 0.0001,1.58 (1.48 - 1.69),20205,772,19433,2.9133294278104493e-39,vat_hu_zscore,chartreuse4,10,1.5802480745118928,1.4756391778195257,1.6920637556314446
411.2,Myocardial infarction,circulatory system,VFI,< 0.0001,1.59 (1.48 - 1.70),21738,532,21206,2.9583061516828256e-39,vfi_zscore,red,8,1.5853892447536533,1.47920757734408,1.697881038394025
619,Noninflammatory female genital disorders,genitourinary,SFI,< 0.0001,1.47 (1.39 - 1.56),13153,914,12239,3.502096300468547e-39,sfi_zscore,black,11,1.474658821663321,1.3911242359196356,1.5627123096804527
411.2,Myocardial infarction,circulatory system,SFI,< 0.0001,1.71 (1.58 - 1.85),21738,532,21206,3.521796124866893e-39,sfi_zscore,red,8,1.7093573021691397,1.576693013828566,1.8513406408518762
452,Other venous embolism and thrombosis,circulatory system,SFI,< 0.0001,1.38 (1.32 - 1.45),20955,1375,19580,3.965580668922423e-39,sfi_zscore,red,8,1.384425649457878,1.3182568242257344,1.4532145469879396
426.31,Right bundle branch block,circulatory system,SFI,< 0.0001,1.90 (1.73 - 2.09),17214,340,16874,4.03631644034061e-39,sfi_zscore,red,8,1.9017444944367952,1.7263066346181197,2.0932658752341617
274,Gout and other crystal arthropathies,endocrine/metabolic,SFI,< 0.0001,1.87 (1.70 - 2.05),22779,329,22450,4.2287890473892666e-39,sfi_zscore,brown,3,1.8675477983624067,1.6996209140248377,2.049850228998905
272.1,Hyperlipidemia,endocrine/metabolic,SFD,< 0.0001,0.77 (0.74 - 0.80),22757,3823,18934,4.919047764152253e-39,sat_hu_zscore,brown,3,0.7725082073663406,0.7429947172479955,0.8028055519496117
198.2,Secondary malignancy of respiratory organs,neoplasms,VFD,< 0.0001,1.84 (1.68 - 2.01),19447,420,19027,8.386202931104101e-39,vat_hu_zscore,darkcyan,2,1.8375554098685265,1.676789110425388,2.0137997638718885
197,Chemotherapy,neoplasms,SFD,< 0.0001,1.33 (1.28 - 1.39),20969,1943,19026,1.4366744493931797e-38,sat_hu_zscore,darkcyan,2,1.3349578133860405,1.2777545586738552,1.394190563450509
280,Iron deficiency anemias,hematopoietic,SFD,< 0.0001,1.43 (1.35 - 1.51),20334,1137,19197,1.9176374943765246e-38,sat_hu_zscore,darkorange1,4,1.430381914221417,1.3545428676779607,1.509407830977895
274.1,Gout,endocrine/metabolic,SFI,< 0.0001,1.90 (1.72 - 2.09),22743,293,22450,2.2777500906203493e-38,sfi_zscore,brown,3,1.8988537082835695,1.7221334327434878,2.0914276019645883
564,Functional digestive disorders,digestive,VFI,< 0.0001,1.39 (1.32 - 1.46),17698,1300,16398,2.5450693977182456e-38,vfi_zscore,chartreuse4,10,1.389272028167383,1.3214720416707602,1.4598608294214512
764,Sciatica,symptoms,VFI,< 0.0001,1.63 (1.51 - 1.76),22260,438,21822,2.6378541300847006e-38,vfi_zscore,purple,17,1.6309704069468083,1.5135972852041522,1.7554883387005404
284,Aplastic anemia,hematopoietic,VFD,< 0.0001,1.77 (1.62 - 1.93),19682,482,19200,2.8377658422023815e-38,vat_hu_zscore,darkorange1,4,1.7684882035689797,1.622042605685753,1.928077735062028
599.4,Urinary incontinence,genitourinary,VFI,< 0.0001,1.59 (1.48 - 1.71),20652,485,20167,2.896217362868171e-38,vfi_zscore,black,11,1.5906729084300915,1.481843122904942,1.705802967289002
761,Cervicalgia,symptoms,SFI,< 0.0001,1.48 (1.40 - 1.57),22779,769,22010,4.918393546444734e-38,sfi_zscore,purple,17,1.4835906326641988,1.396641112355127,1.5746645658397191
286.7,Other and unspecified coagulation defects,hematopoietic,SFD,< 0.0001,1.85 (1.69 - 2.03),21104,246,20858,5.585933859692589e-38,sat_hu_zscore,darkorange1,4,1.8539638085879324,1.685913099252878,2.034767143800626
189,Cancer of urinary organs (incl. kidney and bladder),neoplasms,VFI,< 0.0001,1.53 (1.44 - 1.64),22779,615,22164,6.175286062194547e-38,vfi_zscore,darkcyan,2,1.5336914258044656,1.4364471043687508,1.6362801143751293
994,Sepsis and SIRS,injuries & poisonings,VFI,< 0.0001,1.32 (1.27 - 1.38),22779,1837,20942,6.688478484288527e-38,vfi_zscore,gray50,18,1.321932413046439,1.2666998655724089,1.3791110081377316
426.31,Right bundle branch block,circulatory system,VFI,< 0.0001,1.72 (1.58 - 1.86),17214,340,16874,7.86953343479781e-38,vfi_zscore,red,8,1.715915931378774,1.5795364732434627,1.8624239162616152
569.2,Gastrointestinal complications,digestive,SFI,< 0.0001,1.60 (1.49 - 1.72),19889,456,19433,8.555770644490157e-38,sfi_zscore,chartreuse4,10,1.6012729637889245,1.4894373733570743,1.7196174479847077
562,Diverticulosis and diverticulitis,digestive,VFD,< 0.0001,0.69 (0.65 - 0.73),18101,1703,16398,1.44654863602867e-37,vat_hu_zscore,chartreuse4,10,0.6929756271778049,0.6549415373900572,0.7327505819660649
348.8,"Encephalopathy, not elsewhere classified",neurological,SFD,< 0.0001,1.82 (1.66 - 2.00),21392,253,21139,1.8327978053858111e-37,sat_hu_zscore,darkblue,6,1.823836194262541,1.6617919578476947,1.9982743363448405
426.2,Atrioventricular [AV] block,circulatory system,SFI,< 0.0001,1.86 (1.69 - 2.05),17209,335,16874,1.920094172372766e-37,sfi_zscore,red,8,1.8614101625487078,1.691314029568281,2.046530517621686
276.1,Electrolyte imbalance,endocrine/metabolic,SFI,< 0.0001,1.31 (1.26 - 1.37),21798,2145,19653,2.689006912311882e-37,sfi_zscore,brown,3,1.31291457644161,1.2589395273227102,1.368765994381616
550.6,Incisional hernia,digestive,VFI,< 0.0001,1.83 (1.67 - 2.01),21492,257,21235,3.0164638298422735e-37,vfi_zscore,chartreuse4,10,1.8318430423790693,1.6677599811552428,2.0091639853316643
726,Peripheral enthesopathies and allied syndromes,musculoskeletal,VFI,< 0.0001,1.55 (1.45 - 1.66),21981,566,21415,3.038282435446622e-37,vfi_zscore,darkolivegreen,14,1.550870449048823,1.4489818176899776,1.6583412465019205
535,Gastritis and duodenitis,digestive,SFI,< 0.0001,1.43 (1.36 - 1.52),21631,928,20703,3.5640128067808384e-37,sfi_zscore,chartreuse4,10,1.4342118059794622,1.356314274309885,1.515531865846124
285.22,Anemia in neoplastic disease,hematopoietic,SFD,< 0.0001,1.85 (1.68 - 2.03),19452,255,19197,4.562434165532167e-37,sat_hu_zscore,darkorange1,4,1.8520288293090656,1.6824692791712736,2.0348659329182133
284.1,Pancytopenia,hematopoietic,VFD,< 0.0001,1.76 (1.61 - 1.92),19675,475,19200,5.167499561054187e-37,vat_hu_zscore,darkorange1,4,1.7577280056950482,1.611203190271995,1.9174485072105243
585.33,"Chronic Kidney Disease, Stage III",genitourinary,VFI,< 0.0001,1.67 (1.54 - 1.80),19928,384,19544,5.231697728264792e-37,vfi_zscore,black,11,1.668051631255467,1.540708799143146,1.804259614621526
276.14,Hypopotassemia,endocrine/metabolic,VFD,< 0.0001,1.53 (1.43 - 1.64),20521,868,19653,5.859415972643662e-37,vat_hu_zscore,brown,3,1.5318290622288688,1.4341550391560445,1.6359537553248613
276.13,Hyperpotassemia,endocrine/metabolic,SFD,< 0.0001,1.79 (1.63 - 1.96),19949,300,19649,6.723214247141565e-37,sat_hu_zscore,brown,3,1.790672292885104,1.6349096568697394,1.9576679940335042
327.4,Insomnia,neurological,SFI,< 0.0001,1.44 (1.36 - 1.52),21374,1040,20334,8.853983063492074e-37,sfi_zscore,darkblue,6,1.4366998216194715,1.3578715193813722,1.5190295182491014
994.2,Sepsis,injuries & poisonings,VFI,< 0.0001,1.32 (1.27 - 1.38),22691,1749,20942,1.0430035652476749e-36,vfi_zscore,gray50,18,1.323074665418888,1.2666997985220663,1.381465030084825
530.2,Esophageal bleeding (varices/hemorrhage),digestive,VFD,< 0.0001,1.99 (1.79 - 2.21),19303,301,19002,1.2155518098631483e-36,vat_hu_zscore,chartreuse4,10,1.9857115147083406,1.7856302042022072,2.2091181410573615
506,Empyema and pneumothorax,respiratory,SFD,< 0.0001,1.73 (1.59 - 1.88),20498,345,20153,1.4952253056301478e-36,sat_hu_zscore,coral4,9,1.7314680242092613,1.5884304568955507,1.8838705697238467
427.9,Palpitations,circulatory system,SFI,< 0.0001,1.61 (1.49 - 1.73),17353,479,16874,1.8154282526251318e-36,sfi_zscore,red,8,1.6078431566226594,1.4925278745944464,1.7300793541539978
721.1,Spondylosis without myelopathy,musculoskeletal,VFI,< 0.0001,1.48 (1.39 - 1.57),22020,707,21313,2.628704331195657e-36,vfi_zscore,darkolivegreen,14,1.4792929049796226,1.3911945127235337,1.571754077690646
569,Other disorders of intestine,digestive,SFI,< 0.0001,1.33 (1.27 - 1.38),21152,1719,19433,3.3269461496967096e-36,sfi_zscore,chartreuse4,10,1.3254478443277706,1.2682030332473544,1.3847555361472095
261,Vitamin deficiency,endocrine/metabolic,VFI,< 0.0001,1.44 (1.36 - 1.53),21258,863,20395,4.398822217147848e-36,vfi_zscore,brown,3,1.441059586393936,1.3605992755839544,1.5252513685235647
681.7,Cellulitis and abscess of trunk,dermatologic,SFI,< 0.0001,1.63 (1.51 - 1.76),21882,401,21481,5.890464333036563e-36,sfi_zscore,firebrick,13,1.632724012158624,1.5110081023063275,1.7618970795415112
415,Pulmonary heart disease,circulatory system,VFI,< 0.0001,1.43 (1.35 - 1.52),22205,897,21308,9.28790274615782e-36,vfi_zscore,red,8,1.4330619758714818,1.3538681385522557,1.5158730594741303
291,Other specified nonpsychotic and/or transient mental disorders,mental disorders,SFD,< 0.0001,1.59 (1.47 - 1.71),21430,488,20942,1.1715584112213625e-35,sat_hu_zscore,magenta,5,1.586766522303454,1.4745483446552625,1.7051335298295833
537,Other disorders of stomach and duodenum,digestive,VFD,< 0.0001,1.50 (1.41 - 1.60),21588,885,20703,1.3175928104851686e-35,vat_hu_zscore,chartreuse4,10,1.501397821620532,1.408268512971745,1.6004616194636025
285.22,Anemia in neoplastic disease,hematopoietic,VFD,< 0.0001,2.09 (1.86 - 2.34),19456,256,19200,3.006434198666532e-35,vat_hu_zscore,darkorange1,4,2.0858450909707367,1.8571858031915216,2.3440348688355033
290,Delirium dementia and amnestic and other cognitive disorders,mental disorders,SFD,< 0.0001,1.52 (1.42 - 1.63),21591,649,20942,3.61600546183922e-35,sat_hu_zscore,magenta,5,1.5225429188054842,1.4238018071668541,1.6267131815944809
351,Other peripheral nerve disorders,neurological,SFI,< 0.0001,1.59 (1.48 - 1.71),22444,486,21958,3.666004809027045e-35,sfi_zscore,darkblue,6,1.588852913491655,1.475502373846621,1.708757290426385
276.41,Acidosis,endocrine/metabolic,VFD,< 0.0001,1.83 (1.66 - 2.01),20037,384,19653,4.1312922780407387e-35,vat_hu_zscore,brown,3,1.8284175039109518,1.6615127659390898,2.012057950736659
578,Gastrointestinal hemorrhage,digestive,SFI,< 0.0001,1.34 (1.28 - 1.41),21412,1488,19924,4.4142863007251345e-35,sfi_zscore,chartreuse4,10,1.3446756604600025,1.2826650004177658,1.4090299734995744
590,Pyelonephritis,genitourinary,VFI,< 0.0001,1.58 (1.47 - 1.70),20580,518,20062,4.791824916706253e-35,vfi_zscore,black,11,1.5817122887906028,1.4698433641948017,1.7002214091489876
286.2,Encounter for long-term (current) use of anticoagulants,hematopoietic,VFI,< 0.0001,1.44 (1.36 - 1.52),21682,819,20863,4.88915774396625e-35,vfi_zscore,darkorange1,4,1.4397190973093963,1.3583150699686481,1.5249495810679485
401.3,Other hypertensive complications,circulatory system,VFI,< 0.0001,1.86 (1.68 - 2.05),17740,248,17492,6.225000984010411e-35,vfi_zscore,red,8,1.8564043181219905,1.6807928508527037,2.0465694447281835
960,Poisoning by antibiotics,injuries & poisonings,VFI,< 0.0001,1.39 (1.32 - 1.47),21233,1091,20142,6.629636658895237e-35,vfi_zscore,gray50,18,1.3934205433772116,1.3213989333849774,1.4684903753205178
560.1,Paralytic ileus,digestive,VFD,< 0.0001,1.75 (1.60 - 1.91),16850,452,16398,6.933260473998895e-35,vat_hu_zscore,chartreuse4,10,1.7458990743253358,1.5976661005368524,1.9077179010847525
539,Bariatric surgery,digestive,VFI,< 0.0001,1.58 (1.47 - 1.70),22779,526,22253,7.247304775268597e-35,vfi_zscore,chartreuse4,10,1.584322502415872,1.4715636639566223,1.703771571660098
501,Pneumonitis due to inhalation of food or vomitus,respiratory,SFD,< 0.0001,1.86 (1.69 - 2.06),20383,230,20153,7.559829194184097e-35,sat_hu_zscore,coral4,9,1.8640828633016628,1.686380777923349,2.056701979993878
260.6,Anorexia,endocrine/metabolic,VFD,< 0.0001,1.91 (1.72 - 2.12),20731,336,20395,9.63847340020692e-35,vat_hu_zscore,brown,3,1.9095148260118553,1.7224270572651894,2.1171916615689197
605,Erectile dysfunction [ED],genitourinary,VFI,< 0.0001,1.90 (1.72 - 2.11),8696,264,8432,1.2619717104924922e-34,vfi_zscore,black,11,1.9016476558274076,1.7159219609619172,2.107317408447874
426.9,Cardiac pacemaker/device in situ,circulatory system,SFI,< 0.0001,1.81 (1.64 - 1.99),17228,354,16874,1.670740177364132e-34,sfi_zscore,red,8,1.8091414355344366,1.6442678849833758,1.9881164739814512
495.2,Asthma with exacerbation,respiratory,SFI,< 0.0001,1.84 (1.66 - 2.02),21142,243,20899,2.1642778826156857e-34,sfi_zscore,coral4,9,1.83686648841588,1.6646759685345973,2.02327727596996
261.4,Vitamin D deficiency,endocrine/metabolic,SFI,< 0.0001,1.50 (1.40 - 1.60),21040,645,20395,2.1886352777484212e-34,sfi_zscore,brown,3,1.496596767531284,1.4022437218401562,1.5957957632134754
590,Pyelonephritis,genitourinary,SFI,< 0.0001,1.55 (1.44 - 1.66),20580,518,20062,2.2317542523847232e-34,sfi_zscore,black,11,1.54636674009897,1.4411615173998065,1.6574308848575425
288.1,Decreased white blood cell count,hematopoietic,SFD,< 0.0001,1.48 (1.39 - 1.58),20636,746,19890,2.404328858915385e-34,sat_hu_zscore,darkorange1,4,1.4825652567313348,1.3910323487016085,1.578385975159384
275,Disorders of mineral metabolism,endocrine/metabolic,SFD,< 0.0001,1.42 (1.35 - 1.51),22774,899,21875,2.4739115285083323e-34,sat_hu_zscore,brown,3,1.424463299970499,1.3452505230139293,1.5069961290257832
720,Spinal stenosis,musculoskeletal,SFI,< 0.0001,1.68 (1.54 - 1.82),21774,461,21313,2.492953217912907e-34,sfi_zscore,darkolivegreen,14,1.6778218734255848,1.543072824732151,1.8219513003639887
720,Spinal stenosis,musculoskeletal,VFI,< 0.0001,1.57 (1.46 - 1.69),21774,461,21313,2.761983642085615e-34,vfi_zscore,darkolivegreen,14,1.5692257478534997,1.458923891404849,1.6861293436822977
292,Neurological disorders,mental disorders,VFI,< 0.0001,1.34 (1.28 - 1.41),22332,1387,20945,2.838061266980395e-34,vfi_zscore,magenta,5,1.3409325005832764,1.2789495270039626,1.405313906944072
290.2,Delirium due to conditions classified elsewhere,mental disorders,SFD,< 0.0001,1.74 (1.59 - 1.90),21236,294,20942,3.0129794991284536e-34,sat_hu_zscore,magenta,5,1.740540265007594,1.5906790975639178,1.9010032889827984
292,Neurological disorders,mental disorders,VFD,< 0.0001,1.39 (1.32 - 1.46),22332,1387,20945,3.3765180614087423e-34,vat_hu_zscore,magenta,5,1.388180972413859,1.3168062391232125,1.4632601969078938
550.4,Umbilical hernia,digestive,VFI,< 0.0001,1.83 (1.66 - 2.01),21481,246,21235,3.7188957751123607e-34,vfi_zscore,chartreuse4,10,1.8263725539310203,1.6561983705045007,2.0106779590832256
427.22,Atrial flutter,circulatory system,SFI,< 0.0001,1.88 (1.70 - 2.08),17160,286,16874,4.182315009945726e-34,sfi_zscore,red,8,1.877565570665025,1.695249954602382,2.0769053992592448
585.3,Chronic renal failure [CKD],genitourinary,SFD,< 0.0001,1.42 (1.34 - 1.51),20492,952,19540,4.937066034909906e-34,sat_hu_zscore,black,11,1.4235513287970882,1.3442475065467654,1.5063530397273903
452,Other venous embolism and thrombosis,circulatory system,VFI,< 0.0001,1.35 (1.29 - 1.42),20955,1375,19580,5.028321629996006e-34,vfi_zscore,red,8,1.34980527922609,1.285771703362944,1.4163322430080678
770,Myalgia and myositis unspecified,symptoms,VFI,< 0.0001,1.49 (1.40 - 1.59),22779,677,22102,6.4395269146529285e-34,vfi_zscore,purple,17,1.4885211218455268,1.3952374790468607,1.5865440294700015
428.1,Congestive heart failure (CHF) NOS,circulatory system,SFI,< 0.0001,1.57 (1.46 - 1.69),22264,596,21668,7.185461110482657e-34,sfi_zscore,red,8,1.5749084119334296,1.4626189322564398,1.6939439048951126
197,Chemotherapy,neoplasms,SFI,< 0.0001,1.30 (1.25 - 1.36),20973,1946,19027,7.613071593020134e-34,sfi_zscore,darkcyan,2,1.300128969043673,1.2459034059573642,1.3562387895617902
535,Gastritis and duodenitis,digestive,VFI,< 0.0001,1.42 (1.34 - 1.50),21631,928,20703,8.160743909657625e-34,vfi_zscore,chartreuse4,10,1.4181850565238592,1.3397850040659092,1.5000979645926857
550.4,Umbilical hernia,digestive,SFI,< 0.0001,1.80 (1.64 - 1.98),21481,246,21235,9.866629517634544e-34,sfi_zscore,chartreuse4,10,1.8002501639573882,1.635120739441188,1.9784476152355845
727,"Other disorders of synovium, tendon, and bursa",musculoskeletal,VFI,< 0.0001,1.61 (1.49 - 1.74),21822,407,21415,1.257562217955692e-33,vfi_zscore,darkolivegreen,14,1.6082175926306128,1.4879282773487736,1.7360007858879654
288.1,Decreased white blood cell count,hematopoietic,VFD,< 0.0001,1.54 (1.43 - 1.65),20639,747,19892,1.279055516184218e-33,vat_hu_zscore,darkorange1,4,1.5379782040830008,1.4341083330756543,1.6490713570539335
198.2,Secondary malignancy of respiratory organs,neoplasms,SFD,< 0.0001,1.63 (1.51 - 1.77),19443,417,19026,1.4533835417708035e-33,sat_hu_zscore,darkcyan,2,1.6330742345327978,1.5067461708669627,1.7670568850354917
250.24,Type 2 diabetes with neurological manifestations,endocrine/metabolic,SFI,< 0.0001,1.89 (1.71 - 2.10),19597,223,19374,1.45505870458407e-33,sfi_zscore,brown,3,1.8937365940790987,1.7053828021863313,2.0988171307143006
379,Other disorders of eye,sense organs,SFI,< 0.0001,1.64 (1.51 - 1.77),22348,494,21854,1.7416749079563697e-33,sfi_zscore,darkseagreen4,7,1.63505569148387,1.5084637070783102,1.7700343582734788
362,Other retinal disorders,sense organs,SFI,< 0.0001,1.61 (1.49 - 1.73),22299,572,21727,2.3731078852002255e-33,sfi_zscore,darkseagreen4,7,1.6060904133470069,1.485898905421937,1.7340060062997045
327.4,Insomnia,neurological,VFI,< 0.0001,1.40 (1.33 - 1.48),21374,1040,20334,3.8526369889136396e-33,vfi_zscore,darkblue,6,1.4023510830097576,1.326501838696316,1.481564625685072
593,Hematuria,genitourinary,SFI,< 0.0001,1.49 (1.40 - 1.59),20724,662,20062,4.926870241989158e-33,sfi_zscore,black,11,1.4934627084265981,1.3977826601922507,1.5940309725447606
306,Other mental disorder,mental disorders,SFI,< 0.0001,1.55 (1.44 - 1.66),18990,494,18496,9.001300610272404e-33,sfi_zscore,magenta,5,1.5491509105306052,1.4406548125740706,1.6637814232126704
427.1,"Paroxysmal tachycardia, unspecified",circulatory system,SFI,< 0.0001,1.68 (1.54 - 1.83),17274,400,16874,1.0999712202587287e-32,sfi_zscore,red,8,1.6826437871603979,1.5433344875130217,1.8319867979610935
977,Personal history of allergy to medicinal agents,injuries & poisonings,VFI,< 0.0001,1.42 (1.34 - 1.50),21030,888,20142,1.1287637746393234e-32,vfi_zscore,gray50,18,1.4195142318873073,1.3394265504766296,1.503260948041042
428.1,Congestive heart failure (CHF) NOS,circulatory system,VFI,< 0.0001,1.50 (1.40 - 1.60),22264,596,21668,1.1569428076938085e-32,vfi_zscore,red,8,1.4960660768035479,1.399379022811852,1.5980064671296321
426.21,First degree AV block,circulatory system,SFI,< 0.0001,1.96 (1.75 - 2.18),17110,236,16874,1.6405272465071397e-32,sfi_zscore,red,8,1.9564301460135631,1.749868056346397,2.184560347614814
195.1,"Malignant neoplasm, other",neoplasms,SFD,< 0.0001,1.43 (1.35 - 1.51),19947,921,19026,2.607010900051093e-32,sat_hu_zscore,darkcyan,2,1.428159323590635,1.3456879614848098,1.5143656834600625
702,Degenerative skin conditions and other dermatoses,dermatologic,VFI,< 0.0001,1.45 (1.36 - 1.54),22351,699,21652,2.9058498938362395e-32,vfi_zscore,firebrick,13,1.4504112063536796,1.363138986750676,1.5420313619510249
278,"Overweight, obesity and other hyperalimentation",endocrine/metabolic,SFD,< 0.0001,0.74 (0.71 - 0.78),22774,2246,20528,3.281231541857766e-32,sat_hu_zscore,brown,3,0.7442202475531422,0.708296662993219,0.7812614678745069
426.32,Left bundle branch block,circulatory system,SFI,< 0.0001,1.80 (1.63 - 1.99),17202,328,16874,4.2740724595533114e-32,sfi_zscore,red,8,1.80484695600583,1.6348551141297316,1.9897950781269318
585.33,"Chronic Kidney Disease, Stage III",genitourinary,SFI,< 0.0001,1.76 (1.60 - 1.93),19928,384,19544,5.909387805833274e-32,sfi_zscore,black,11,1.7615995641248916,1.6018237283064796,1.9346937705321043
558,Noninfectious gastroenteritis,digestive,SFI,< 0.0001,1.37 (1.30 - 1.45),17448,1050,16398,6.635841262590139e-32,sfi_zscore,chartreuse4,10,1.37433053120046,1.3029294581015902,1.4487214398816166
789,Nausea and vomiting,symptoms,VFD,< 0.0001,1.21 (1.17 - 1.24),22779,5084,17695,6.762091055057474e-32,vat_hu_zscore,purple,17,1.205522343666508,1.1685245275838327,1.2436881102063622
550.2,Diaphragmatic hernia,digestive,VFI,< 0.0001,1.55 (1.44 - 1.66),21711,476,21235,6.922478840525618e-32,vfi_zscore,chartreuse4,10,1.5466628966799667,1.437277061869515,1.6624515299661058
722,Intervertebral disc disorders,musculoskeletal,SFI,< 0.0001,1.50 (1.40 - 1.61),21946,633,21313,7.599670242524674e-32,sfi_zscore,darkolivegreen,14,1.5047905253397613,1.4047492471957326,1.6101473440011667
480,Pneumonia,respiratory,SFD,< 0.0001,1.38 (1.30 - 1.45),22505,1071,21434,8.08496893684252e-32,sat_hu_zscore,coral4,9,1.3756935952584588,1.3038382736047125,1.450415331734078
276.1,Electrolyte imbalance,endocrine/metabolic,VFI,< 0.0001,1.27 (1.22 - 1.32),21798,2145,19653,1.145573885114983e-31,vfi_zscore,brown,3,1.2707740256108508,1.2206219452462672,1.3225929133555596
182,Malignant neoplasm of uterus,neoplasms,SFI,< 0.0001,1.83 (1.65 - 2.02),11735,279,11456,1.1706118404201046e-31,sfi_zscore,darkcyan,2,1.8295859550670797,1.6526843092328751,2.023513965432963
197,Chemotherapy,neoplasms,VFI,< 0.0001,1.28 (1.23 - 1.34),20973,1946,19027,1.226294928637803e-31,vfi_zscore,darkcyan,2,1.2849268471939663,1.2318759032127709,1.339803318640893
288,Diseases of white blood cells,hematopoietic,VFD,< 0.0001,1.43 (1.35 - 1.52),20917,1025,19892,1.8141784536873024e-31,vat_hu_zscore,darkorange1,4,1.4322574380513025,1.34825922513862,1.521209537344915
506,Empyema and pneumothorax,respiratory,VFD,< 0.0001,1.81 (1.64 - 2.00),20501,345,20156,2.630677654736156e-31,vat_hu_zscore,coral4,9,1.8130646063837157,1.6399806985519632,2.0041153635372386
348,Other conditions of brain,neurological,SFD,< 0.0001,1.59 (1.47 - 1.72),21548,409,21139,3.264008935722319e-31,sat_hu_zscore,darkblue,6,1.5887881891529156,1.4680742853737418,1.7164222510751737
512.7,Shortness of breath,respiratory,SFD,< 0.0001,1.27 (1.22 - 1.33),21206,2218,18988,3.6419966743445697e-31,sat_hu_zscore,coral4,9,1.2726780312361865,1.2217069767916653,1.3253372633848204
627,Menopausal and postmenopausal disorders,genitourinary,SFI,< 0.0001,1.55 (1.44 - 1.66),12294,589,11705,4.012976078177628e-31,sfi_zscore,black,11,1.545338323949567,1.4352293643147702,1.6626947602498536
480,Pneumonia,respiratory,SFI,< 0.0001,1.39 (1.31 - 1.47),22510,1071,21439,4.431189762252125e-31,sfi_zscore,coral4,9,1.3896727552151138,1.3139831814065337,1.4686647956121188
558,Noninfectious gastroenteritis,digestive,VFI,< 0.0001,1.39 (1.32 - 1.47),17448,1050,16398,4.509845615818278e-31,vfi_zscore,chartreuse4,10,1.391750397746276,1.3156208146960664,1.471271258485284
596,Other disorders of bladder,genitourinary,SFI,< 0.0001,1.49 (1.39 - 1.60),22038,647,21391,5.6195505713254e-31,sfi_zscore,black,11,1.4924274817782939,1.3937772512593212,1.5963210814907536
306,Other mental disorder,mental disorders,VFI,< 0.0001,1.56 (1.44 - 1.68),18990,494,18496,7.010092927893658e-31,vfi_zscore,magenta,5,1.5581581413248682,1.4442159648876025,1.6788683504588384
763,"Thoracic or lumbosacral neuritis or radiculitis, unspecified",symptoms,SFI,< 0.0001,1.67 (1.53 - 1.83),22169,347,21822,8.280240476240164e-31,sfi_zscore,purple,17,1.6738017686083153,1.5321272749966355,1.825317811037099
579,Other symptoms involving abdomen and pelvis,digestive,VFI,< 0.0001,1.34 (1.27 - 1.41),21219,1295,19924,8.464697462911766e-31,vfi_zscore,chartreuse4,10,1.3380068337175501,1.2730695609159899,1.4054802421499113
426.2,Atrioventricular [AV] block,circulatory system,VFI,< 0.0001,1.64 (1.51 - 1.79),17209,335,16874,8.74217310497878e-31,vfi_zscore,red,8,1.6447265428013964,1.5103814797817825,1.788865224163839
250.22,Type 2 diabetes with renal manifestations,endocrine/metabolic,SFI,< 0.0001,1.86 (1.67 - 2.06),19631,257,19374,8.992438327625612e-31,sfi_zscore,brown,3,1.855797575466822,1.6687874672932301,2.0595289007496946
578,Gastrointestinal hemorrhage,digestive,VFI,< 0.0001,1.32 (1.26 - 1.38),21412,1488,19924,1.1691689666013547e-30,vfi_zscore,chartreuse4,10,1.3184980324129798,1.257553500345217,1.3817464927003063
783,Fever of unknown origin,symptoms,VFD,< 0.0001,1.27 (1.22 - 1.33),22779,2398,20381,1.5075358001568945e-30,vat_hu_zscore,purple,17,1.2737698149136476,1.2222080226731624,1.327410457215941
280,Iron deficiency anemias,hematopoietic,SFI,< 0.0001,1.36 (1.29 - 1.43),20338,1138,19200,2.0355521483839582e-30,sfi_zscore,darkorange1,4,1.3558948593485347,1.2866870527597516,1.427923317385486
960.2,Allergy/adverse effect of penicillin,injuries & poisonings,SFI,< 0.0001,1.48 (1.38 - 1.58),20790,648,20142,2.1961273855117393e-30,sfi_zscore,gray50,18,1.4779485615749701,1.3816042520827858,1.5792856037400511
990,Effects radiation NOS,injuries & poisonings,VFD,< 0.0001,1.50 (1.40 - 1.61),21152,755,20397,2.2061826186028385e-30,vat_hu_zscore,gray50,18,1.5001882368317043,1.3994302890285193,1.6078277571337132
426.32,Left bundle branch block,circulatory system,VFI,< 0.0001,1.64 (1.51 - 1.78),17202,328,16874,2.6619613912661777e-30,vfi_zscore,red,8,1.6400468362765446,1.505709449344365,1.78414557640565
280.2,Iron deficiency anemia secondary to blood loss (chronic),hematopoietic,SFD,< 0.0001,1.60 (1.48 - 1.74),19604,407,19197,3.4685713919548435e-30,sat_hu_zscore,darkorange1,4,1.6043741508968767,1.4777781949601045,1.7384548279501402
362.2,Degeneration of macula and posterior pole of retina,sense organs,SFI,< 0.0001,1.77 (1.61 - 1.96),22117,390,21727,3.689550246746058e-30,sfi_zscore,darkseagreen4,7,1.7747933674527974,1.6069174294170603,1.95722013639891
783,Fever of unknown origin,symptoms,SFD,< 0.0001,1.26 (1.21 - 1.31),22774,2398,20376,5.6753126297355904e-30,sat_hu_zscore,purple,17,1.2590478755996075,1.2098397724871854,1.3098207181298729
574.3,Cholecystitis without cholelithiasis,digestive,VFI,< 0.0001,1.60 (1.47 - 1.73),21063,374,20689,6.015335234361989e-30,vfi_zscore,chartreuse4,10,1.5962101126040087,1.471448075240494,1.7290764447096136
038,Septicemia,infectious diseases,SFI,< 0.0001,1.29 (1.24 - 1.35),22019,1840,20179,6.521160580174658e-30,sfi_zscore,blue,1,1.2933261856518845,1.2369260505764863,1.3517400828051787
288.2,Elevated white blood cell count,hematopoietic,VFD,< 0.0001,1.44 (1.35 - 1.53),20836,944,19892,6.965063194264624e-30,vat_hu_zscore,darkorange1,4,1.4376485057709016,1.3501803658265563,1.5304641280749904
286.7,Other and unspecified coagulation defects,hematopoietic,VFD,< 0.0001,1.96 (1.75 - 2.20),21109,246,20863,7.60453546426757e-30,vat_hu_zscore,darkorange1,4,1.9608427021443633,1.7455330466890118,2.203118208587664
350,Abnormal movement,neurological,SFI,< 0.0001,1.50 (1.40 - 1.61),22743,651,22092,9.527135991835473e-30,sfi_zscore,darkblue,6,1.4987771293301078,1.3965962079361847,1.6065950978432952
427.9,Palpitations,circulatory system,VFI,< 0.0001,1.54 (1.43 - 1.65),17353,479,16874,1.0205363240287376e-29,vfi_zscore,red,8,1.5365159093450313,1.425414425314745,1.6541195670543223
579,Other symptoms involving abdomen and pelvis,digestive,SFI,< 0.0001,1.33 (1.27 - 1.40),21219,1295,19924,1.0227977400526071e-29,sfi_zscore,chartreuse4,10,1.3343972878781314,1.26901090135757,1.4023399712371822
379.2,Disorders of vitreous body,sense organs,SFI,< 0.0001,1.68 (1.53 - 1.83),22256,402,21854,1.112629336815669e-29,sfi_zscore,darkseagreen4,7,1.6785611493159687,1.5332292459088992,1.8347947858142046
579,Other symptoms involving abdomen and pelvis,digestive,VFD,< 0.0001,1.37 (1.30 - 1.45),21219,1295,19924,1.1378421295449084e-29,vat_hu_zscore,chartreuse4,10,1.3689157687581615,1.2963230922125601,1.4453633933251486
272.13,Mixed hyperlipidemia,endocrine/metabolic,SFI,< 0.0001,1.90 (1.70 - 2.13),19148,209,18939,1.2278476388641845e-29,sfi_zscore,brown,3,1.9036273823084202,1.700436717534249,2.1263581747096114
427.2,Atrial fibrillation and flutter,circulatory system,SFD,< 0.0001,1.37 (1.30 - 1.45),18157,1285,16872,1.2888515587090747e-29,sat_hu_zscore,red,8,1.3709552600709551,1.2976233070873486,1.4477292626007765
189.1,Cancer of kidney and renal pelvis,neoplasms,VFI,< 0.0001,1.68 (1.53 - 1.83),22450,286,22164,1.6566485490838756e-29,vfi_zscore,darkcyan,2,1.6770372794284591,1.5315808605215584,1.8332967778587077
280.1,"Iron deficiency anemias, unspecified or not due to blood loss",hematopoietic,SFI,< 0.0001,1.40 (1.32 - 1.48),20065,865,19200,1.7744733465309253e-29,sfi_zscore,darkorange1,4,1.3966203719352352,1.317255035704229,1.4795554892305829
041.2,Streptococcus infection,infectious diseases,VFD,< 0.0001,1.91 (1.70 - 2.14),20445,266,20179,1.9203680850668603e-29,vat_hu_zscore,blue,1,1.9079279257896566,1.7049821126875815,2.1350639571973864
433.31,Transient cerebral ischemia,circulatory system,SFI,< 0.0001,1.61 (1.48 - 1.75),22205,492,21713,1.966870886760799e-29,sfi_zscore,red,8,1.6115311096643121,1.4820353590348243,1.7499049638748803
722,Intervertebral disc disorders,musculoskeletal,VFI,< 0.0001,1.46 (1.36 - 1.55),21946,633,21313,2.039959242345227e-29,vfi_zscore,darkolivegreen,14,1.455722078819204,1.3628905005529943,1.553283030510407
593,Hematuria,genitourinary,VFI,< 0.0001,1.45 (1.36 - 1.55),20724,662,20062,2.2709053352651312e-29,vfi_zscore,black,11,1.4549050916895794,1.3622046213308006,1.5523634546697758
426.8,Other cardiac conduction disorders,circulatory system,VFD,< 0.0001,1.78 (1.61 - 1.97),17215,341,16874,2.31863791720048e-29,vat_hu_zscore,red,8,1.783863695599406,1.6124937233382526,1.9730253619026894
568,Other disorders of peritoneum,digestive,SFD,< 0.0001,1.43 (1.35 - 1.53),20202,772,19430,2.7274861834981586e-29,sat_hu_zscore,chartreuse4,10,1.4337757705684988,1.3456286937571442,1.5259502732447823
433.3,Cerebral ischemia,circulatory system,SFI,< 0.0001,1.59 (1.47 - 1.73),22235,522,21713,3.4866918413303483e-29,sfi_zscore,red,8,1.5938309210094042,1.4680847811549247,1.728033248690769
261.4,Vitamin D deficiency,endocrine/metabolic,VFI,< 0.0001,1.45 (1.36 - 1.55),21040,645,20395,3.803227579583167e-29,vfi_zscore,brown,3,1.4531145506167453,1.3604562936527742,1.5505339477204372
577,Diseases of pancreas,digestive,VFD,< 0.0001,1.35 (1.28 - 1.43),22779,1328,21451,4.7862638232611314e-29,vat_hu_zscore,chartreuse4,10,1.3548099977971593,1.2844973544964216,1.428752553147659
687.4,Disturbance of skin sensation,dermatologic,SFI,< 0.0001,1.44 (1.35 - 1.53),21960,683,21277,5.073902422674301e-29,sfi_zscore,firebrick,13,1.4382358685566028,1.3487330045672647,1.5320837648275136
189.1,Cancer of kidney and renal pelvis,neoplasms,SFI,< 0.0001,1.72 (1.56 - 1.89),22450,286,22164,5.356477506669e-29,sfi_zscore,darkcyan,2,1.7180096840850625,1.560728661713025,1.8873433613409962
687.4,Disturbance of skin sensation,dermatologic,VFI,< 0.0001,1.45 (1.36 - 1.55),21960,683,21277,5.43864675495216e-29,vfi_zscore,firebrick,13,1.4502271235485262,1.3579510778024273,1.5471668798614735
619,Noninflammatory female genital disorders,genitourinary,VFI,< 0.0001,1.41 (1.33 - 1.50),13153,914,12239,5.97090694777924e-29,vfi_zscore,black,11,1.4107957655819092,1.3275511727123541,1.4981057269887341
797,Shock,symptoms,SFD,< 0.0001,1.79 (1.61 - 1.98),22774,205,22569,6.827576925869999e-29,sat_hu_zscore,purple,17,1.7862313220997574,1.6107474224285083,1.975548385050993
426.91,Cardiac pacemaker in situ,circulatory system,SFI,< 0.0001,1.89 (1.69 - 2.11),17142,268,16874,8.033023914044321e-29,sfi_zscore,red,8,1.8911082257453289,1.6889627346120306,2.1140480338051666
577.1,Acute pancreatitis,digestive,VFI,< 0.0001,1.48 (1.38 - 1.59),22051,600,21451,8.193492776157326e-29,vfi_zscore,chartreuse4,10,1.4825134717415094,1.3824720069761514,1.5880473141526492
720.1,Spinal stenosis of lumbar region,musculoskeletal,SFI,< 0.0001,1.78 (1.61 - 1.97),21615,302,21313,8.564526874451369e-29,sfi_zscore,darkolivegreen,14,1.7806792086806527,1.6069847212592294,1.9693113358197034
763,"Thoracic or lumbosacral neuritis or radiculitis, unspecified",symptoms,VFI,< 0.0001,1.60 (1.47 - 1.74),22169,347,21822,9.378013411874042e-29,vfi_zscore,purple,17,1.6042479558095188,1.4748376613153238,1.7422435921274493
537,Other disorders of stomach and duodenum,digestive,SFD,< 0.0001,1.39 (1.31 - 1.48),21583,883,20700,9.712815512659497e-29,sat_hu_zscore,chartreuse4,10,1.3934052037392628,1.3136212763365767,1.4765959676362994
495.2,Asthma with exacerbation,respiratory,VFI,< 0.0001,1.74 (1.58 - 1.92),21142,243,20899,1.0336091729105647e-28,vfi_zscore,coral4,9,1.7435792075704362,1.578993581758469,1.9213257672383903
427.22,Atrial flutter,circulatory system,VFI,< 0.0001,1.66 (1.52 - 1.81),17160,286,16874,1.18848825666201e-28,vfi_zscore,red,8,1.6600926281306339,1.5168241677969392,1.8143037044689843
562.1,Diverticulosis,digestive,VFD,< 0.0001,0.68 (0.64 - 0.73),17525,1127,16398,1.2031118786114463e-28,vat_hu_zscore,chartreuse4,10,0.6819877518221459,0.6371613171944235,0.7293779404814729
155,Cancer of liver and intrahepatic bile duct,neoplasms,SFD,< 0.0001,1.61 (1.48 - 1.75),20574,372,20202,1.3686597304215541e-28,sat_hu_zscore,darkcyan,2,1.6087550156940382,1.477602153027039,1.7481887809822776
362,Other retinal disorders,sense organs,VFI,< 0.0001,1.46 (1.37 - 1.56),22299,572,21727,1.6859951396873698e-28,vfi_zscore,darkseagreen4,7,1.4608079650413468,1.3653081102617517,1.5614218068888959
340,Migraine,neurological,VFI,< 0.0001,1.45 (1.36 - 1.55),22232,743,21489,1.6988454629219022e-28,vfi_zscore,darkblue,6,1.452639641528719,1.358991167994904,1.551123944940614
707.1,Decubitus ulcer,dermatologic,VFD,< 0.0001,1.85 (1.66 - 2.07),22636,281,22355,1.7521178679325284e-28,vat_hu_zscore,firebrick,13,1.8536902451275006,1.6616836716969279,2.0678454123511174
249,Secondary diabetes mellitus,endocrine/metabolic,VFI,< 0.0001,1.80 (1.62 - 2.00),19616,242,19374,1.8037942864038962e-28,vfi_zscore,brown,3,1.8033522565078592,1.6225394987850779,1.9997607194291265
562.2,Diverticulitis,digestive,SFD,< 0.0001,0.62 (0.57 - 0.68),17226,832,16394,1.8547334691684972e-28,sat_hu_zscore,chartreuse4,10,0.6229344380443588,0.5720926285963187,0.6766439351658315
288.11,Neutropenia,hematopoietic,SFD,< 0.0001,1.48 (1.38 - 1.58),20509,619,19890,2.1428226583381413e-28,sat_hu_zscore,darkorange1,4,1.4755550748066653,1.3761599889983644,1.5798729439405101
276.13,Hyperpotassemia,endocrine/metabolic,VFD,< 0.0001,1.83 (1.65 - 2.04),19953,300,19653,2.353131381044512e-28,vat_hu_zscore,brown,3,1.8323359984175682,1.645350928358008,2.0401979985746848
707,Chronic ulcer of skin,dermatologic,VFD,< 0.0001,1.66 (1.51 - 1.81),22779,424,22355,3.0525749422653505e-28,vat_hu_zscore,firebrick,13,1.656503849147099,1.5140702762391045,1.8119344711359044
278.1,Obesity,endocrine/metabolic,SFD,< 0.0001,0.74 (0.70 - 0.78),22411,1883,20528,3.619093004667753e-28,sat_hu_zscore,brown,3,0.7430830964983794,0.7044331211867907,0.7830634747233781
573.3,Hepatomegaly,digestive,VFI,< 0.0001,1.72 (1.56 - 1.90),18800,265,18535,3.885304625174496e-28,vfi_zscore,chartreuse4,10,1.7228033297843202,1.561867224481211,1.8963685852005827
110.1,Dermatophytosis,infectious diseases,SFI,< 0.0001,1.62 (1.48 - 1.76),22002,375,21627,4.0206719929582964e-28,sfi_zscore,blue,1,1.6167847651456393,1.482684918178026,1.7599003090153647
727,"Other disorders of synovium, tendon, and bursa",musculoskeletal,SFI,< 0.0001,1.59 (1.46 - 1.72),21822,407,21415,4.4894916786281875e-28,sfi_zscore,darkolivegreen,14,1.5855980001105754,1.459135293609098,1.7201679520058424
351,Other peripheral nerve disorders,neurological,VFI,< 0.0001,1.51 (1.40 - 1.62),22444,486,21958,5.998698101455144e-28,vfi_zscore,darkblue,6,1.5076032286153969,1.3998889960039396,1.6214189471334988
452.2,Deep vein thrombosis [DVT],circulatory system,VFD,< 0.0001,1.50 (1.39 - 1.61),20272,692,19580,6.183963383134676e-28,vat_hu_zscore,red,8,1.4996385976031341,1.3945901774576077,1.612221924116745
594.3,Calculus of ureter,genitourinary,VFI,< 0.0001,1.72 (1.56 - 1.89),21442,258,21184,6.708914983527635e-28,vfi_zscore,black,11,1.7182599783880328,1.557824090529775,1.8912764636358927
288,Diseases of white blood cells,hematopoietic,VFI,< 0.0001,1.36 (1.29 - 1.43),20917,1025,19892,7.621364453856329e-28,vfi_zscore,darkorange1,4,1.358410144705104,1.28538460214141,1.434573073824766
280.1,"Iron deficiency anemias, unspecified or not due to blood loss",hematopoietic,VFD,< 0.0001,1.45 (1.36 - 1.55),20065,865,19200,8.458681344805977e-28,vat_hu_zscore,darkorange1,4,1.4486686960050341,1.355331576169881,1.5480917901344307
379,Other disorders of eye,sense organs,VFI,< 0.0001,1.49 (1.38 - 1.60),22348,494,21854,8.72614120148313e-28,vfi_zscore,darkseagreen4,7,1.487201857171266,1.3841330498998992,1.5960741259962745
614,Inflammatory diseases of female pelvic organs,genitourinary,SFI,< 0.0001,1.46 (1.36 - 1.56),12981,618,12363,8.799794334972384e-28,sfi_zscore,black,11,1.4599410227617722,1.3636441505669947,1.5620451080501543
761,Cervicalgia,symptoms,VFI,< 0.0001,1.41 (1.33 - 1.50),22779,769,22010,1.3865048647258271e-27,vfi_zscore,purple,17,1.4104268496554637,1.3250590393839585,1.499849469932579
573.9,Abnormal serum enzyme levels,digestive,SFI,< 0.0001,1.49 (1.39 - 1.60),19055,520,18535,1.6072079739489517e-27,sfi_zscore,chartreuse4,10,1.4895295499638108,1.3852758064509818,1.5994788118598613
038.1,Gram negative septicemia,infectious diseases,SFD,< 0.0001,1.73 (1.56 - 1.91),20410,236,20174,1.617444644299437e-27,sat_hu_zscore,blue,1,1.7298339664760718,1.5647234585568897,1.9071898861902685
270,Disorders of protein plasma/amino-acid transport and metabolism,endocrine/metabolic,SFD,< 0.0001,1.65 (1.51 - 1.81),22622,280,22342,1.9415200544337595e-27,sat_hu_zscore,brown,3,1.653036647890612,1.5076676917787841,1.8081254296404836
596,Other disorders of bladder,genitourinary,VFI,< 0.0001,1.43 (1.34 - 1.53),22038,647,21391,2.008945882050601e-27,vfi_zscore,black,11,1.434433281471647,1.3432215628236566,1.5303070482448404
716,Other arthropathies,musculoskeletal,SFI,< 0.0001,1.70 (1.55 - 1.88),22235,282,21953,2.4794254177935117e-27,sfi_zscore,darkolivegreen,14,1.7047530748516377,1.5460551150050816,1.8756274892508031
994,Sepsis and SIRS,injuries & poisonings,SFI,< 0.0001,1.28 (1.22 - 1.34),22779,1837,20942,3.710179225112371e-27,sfi_zscore,gray50,18,1.2775029897241583,1.2216553840104065,1.335318976907909
798,Malaise and fatigue,symptoms,VFD,< 0.0001,1.25 (1.20 - 1.30),22779,2484,20295,3.75649840890043e-27,vat_hu_zscore,purple,17,1.25156376267735,1.2015360688371466,1.3035773360649068
271.3,Intestinal disaccharidase deficiencies and disaccharide malabsorption,endocrine/metabolic,SFI,< 0.0001,1.83 (1.64 - 2.04),22774,204,22570,3.96591046130297e-27,sfi_zscore,brown,3,1.8269884542325414,1.635164312724692,2.036031683604132
455,Hemorrhoids,circulatory system,VFI,< 0.0001,1.41 (1.32 - 1.50),20314,734,19580,4.231408449275999e-27,vfi_zscore,red,8,1.4111985814676502,1.3248611161209458,1.501689131519755
994.2,Sepsis,injuries & poisonings,SFI,< 0.0001,1.28 (1.23 - 1.34),22691,1749,20942,5.177794293394235e-27,sfi_zscore,gray50,18,1.2831949396612827,1.2259340996091077,1.342509112735048
741,Symptoms and disorders of the joints,musculoskeletal,SFI,< 0.0001,1.57 (1.44 - 1.70),22724,402,22322,6.117855210291588e-27,sfi_zscore,darkolivegreen,14,1.568998844717495,1.443942757202337,1.7019368888842064
362.2,Degeneration of macula and posterior pole of retina,sense organs,VFI,< 0.0001,1.54 (1.43 - 1.67),22117,390,21727,6.968625082381871e-27,vfi_zscore,darkseagreen4,7,1.5441263830145344,1.4254354698241762,1.6706658377555135
577,Diseases of pancreas,digestive,VFI,< 0.0001,1.31 (1.25 - 1.37),22779,1328,21451,8.446265586311639e-27,vfi_zscore,chartreuse4,10,1.3088628704685072,1.2456358065118665,1.374535790634171
327.3,Sleep apnea,neurological,VFD,< 0.0001,0.72 (0.68 - 0.77),21714,1380,20334,9.525246025113737e-27,vat_hu_zscore,darkblue,6,0.7238326913319701,0.6820318672703215,0.7677295991661168
110,Dermatophytosis / Dermatomycosis,infectious diseases,SFI,< 0.0001,1.55 (1.43 - 1.68),22054,427,21627,9.767137551914924e-27,sfi_zscore,blue,1,1.554617052327087,1.4326861142685186,1.6841071758794683
702,Degenerative skin conditions and other dermatoses,dermatologic,SFI,< 0.0001,1.47 (1.37 - 1.58),22351,699,21652,1.101282667496012e-26,sfi_zscore,firebrick,13,1.46970408391095,1.3687311324457208,1.5763287618231852
189.11,"Malignant neoplasm of kidney, except pelvis",neoplasms,VFI,< 0.0001,1.68 (1.53 - 1.85),22418,254,22164,1.1236262600547396e-26,vfi_zscore,darkcyan,2,1.6797374845188915,1.5258158503846337,1.845667614278735
560,Intestinal obstruction without mention of hernia,digestive,SFI,< 0.0001,1.28 (1.22 - 1.34),18264,1866,16398,1.1448712784764945e-26,sfi_zscore,chartreuse4,10,1.277013919443716,1.2207525131560424,1.3353029771663052
271,Disorders of carbohydrate transport and metabolism,endocrine/metabolic,SFI,< 0.0001,1.80 (1.62 - 2.01),22779,209,22570,1.2766921021636037e-26,sfi_zscore,brown,3,1.8037730074721174,1.6163860050948826,2.007641336454467
110,Dermatophytosis / Dermatomycosis,infectious diseases,VFI,< 0.0001,1.52 (1.41 - 1.65),22054,427,21627,1.325207400981631e-26,vfi_zscore,blue,1,1.5242627622370197,1.40973187160159,1.6458412737571284
480,Pneumonia,respiratory,VFI,< 0.0001,1.33 (1.27 - 1.41),22510,1071,21439,1.761800123884549e-26,vfi_zscore,coral4,9,1.3348911384797093,1.2653388294308183,1.407325650735559
389,Hearing loss,sense organs,SFI,< 0.0001,1.45 (1.36 - 1.56),22769,738,22031,1.817136980529742e-26,sfi_zscore,darkseagreen4,7,1.4542269501331775,1.3565799785633597,1.5572074906976439
288.2,Elevated white blood cell count,hematopoietic,VFI,< 0.0001,1.36 (1.29 - 1.44),20836,944,19892,2.1113653414217826e-26,vfi_zscore,darkorange1,4,1.36111005617513,1.2853915979429884,1.4401696765882488
174,Breast cancer,neoplasms,VFI,< 0.0001,1.43 (1.34 - 1.53),22011,622,21389,2.5025225078837028e-26,vfi_zscore,darkcyan,2,1.430361175847739,1.3382091957734414,1.5273887106070918
182,Malignant neoplasm of uterus,neoplasms,VFI,< 0.0001,1.62 (1.48 - 1.77),11735,279,11456,2.964242501705194e-26,vfi_zscore,darkcyan,2,1.6199689751215751,1.48030216397008,1.7697093650123985
174.1,Breast cancer [female],neoplasms,VFI,< 0.0001,1.43 (1.34 - 1.53),12388,614,11774,3.643014431900483e-26,vfi_zscore,darkcyan,2,1.431773838005828,1.3389860014201362,1.529506323834206
420,Carditis,circulatory system,SFD,< 0.0001,1.60 (1.46 - 1.74),22421,316,22105,3.7481038585795433e-26,sat_hu_zscore,red,8,1.599260868988011,1.4641858452459857,1.742709145073373
426.9,Cardiac pacemaker/device in situ,circulatory system,VFI,< 0.0001,1.57 (1.44 - 1.70),17228,354,16874,4.0557462598064614e-26,vfi_zscore,red,8,1.5660832497563104,1.439974668840361,1.7007931946369614
573.9,Abnormal serum enzyme levels,digestive,VFI,< 0.0001,1.49 (1.38 - 1.60),19055,520,18535,4.386759558298729e-26,vfi_zscore,chartreuse4,10,1.485805505947968,1.3796111506776327,1.5980833800466123
316,Substance addiction and disorders,mental disorders,SFI,< 0.0001,1.41 (1.32 - 1.50),20690,644,20046,5.85556388906603e-26,sfi_zscore,magenta,5,1.4061626885396918,1.3190068446926422,1.4974355420647412
627,Menopausal and postmenopausal disorders,genitourinary,VFI,< 0.0001,1.44 (1.34 - 1.54),12294,589,11705,6.744363274401282e-26,vfi_zscore,black,11,1.4391982954535263,1.3440698117419332,1.5394053114772184
280.2,Iron deficiency anemia secondary to blood loss (chronic),hematopoietic,VFD,< 0.0001,1.65 (1.51 - 1.82),19607,407,19200,6.74984093449981e-26,vat_hu_zscore,darkorange1,4,1.6533182679988747,1.5052021453043751,1.8153869863987797
476,Allergic rhinitis,respiratory,VFI,< 0.0001,1.45 (1.36 - 1.56),21700,571,21129,7.987191259452031e-26,vfi_zscore,coral4,9,1.4545943497835763,1.355525969004894,1.559006467466369
687.1,Rash and other nonspecific skin eruption,dermatologic,SFI,< 0.0001,1.39 (1.31 - 1.48),22021,744,21277,1.0272530296918095e-25,sfi_zscore,firebrick,13,1.3929996153617874,1.3085810613491609,1.4813051188778952
726.1,Enthesopathy,musculoskeletal,SFI,< 0.0001,1.65 (1.50 - 1.81),21715,300,21415,1.1584520401738605e-25,sfi_zscore,darkolivegreen,14,1.6500098554340945,1.5006489670904084,1.810298796507339
389,Hearing loss,sense organs,VFI,< 0.0001,1.38 (1.30 - 1.47),22769,738,22031,1.231077629722094e-25,vfi_zscore,darkseagreen4,7,1.3849530319685706,1.3024129930559896,1.4714196216980242
288,Diseases of white blood cells,hematopoietic,SFI,< 0.0001,1.34 (1.27 - 1.41),20917,1025,19892,1.332029244097613e-25,sfi_zscore,darkorange1,4,1.3386834584485339,1.2669684066698044,1.4133741656520231
155.1,"Malignant neoplasm of liver, primary",neoplasms,VFD,< 0.0001,1.84 (1.64 - 2.06),20466,261,20205,1.661044888385931e-25,vat_hu_zscore,darkcyan,2,1.8387479513881828,1.6396443786020056,2.0613597892995053
288.11,Neutropenia,hematopoietic,VFD,< 0.0001,1.50 (1.39 - 1.62),20511,619,19892,1.8052027276784647e-25,vat_hu_zscore,darkorange1,4,1.5018955234300786,1.3911350308623216,1.6209619315216008
695,Erythematous conditions,dermatologic,SFI,< 0.0001,1.45 (1.35 - 1.55),22139,573,21566,1.9160404485294824e-25,sfi_zscore,firebrick,13,1.4485651086386953,1.350156675772777,1.5521311262323656
716.9,Arthropathy NOS,musculoskeletal,SFI,< 0.0001,1.71 (1.54 - 1.89),22212,259,21953,2.0806354081256897e-25,sfi_zscore,darkolivegreen,14,1.708583386646643,1.5427694642375385,1.8876355561258227
110.1,Dermatophytosis,infectious diseases,VFI,< 0.0001,1.54 (1.42 - 1.67),22002,375,21627,2.3510611801108367e-25,vfi_zscore,blue,1,1.5426385585495481,1.420533456418027,1.6726932628517341
990,Effects radiation NOS,injuries & poisonings,SFD,< 0.0001,1.40 (1.31 - 1.49),21147,752,20395,2.4227388734695855e-25,sat_hu_zscore,gray50,18,1.400612842868516,1.3136232453492773,1.4915199444586744
720.1,Spinal stenosis of lumbar region,musculoskeletal,VFI,< 0.0001,1.59 (1.46 - 1.73),21615,302,21313,2.621105288630944e-25,vfi_zscore,darkolivegreen,14,1.5894959122197108,1.455185357918909,1.7332916568887184
573,Other disorders of liver,digestive,VFI,< 0.0001,1.32 (1.26 - 1.40),19689,1154,18535,2.703793489157463e-25,vfi_zscore,chartreuse4,10,1.3239281443847626,1.2552464498476938,1.3954393861446817
427.1,"Paroxysmal tachycardia, unspecified",circulatory system,VFI,< 0.0001,1.52 (1.40 - 1.65),17274,400,16874,2.7950723113953167e-25,vfi_zscore,red,8,1.5210533777626887,1.4042077541975282,1.6451562162793254
174.11,Malignant neoplasm of female breast,neoplasms,VFI,< 0.0001,1.43 (1.33 - 1.53),12376,602,11774,3.034711662165546e-25,vfi_zscore,darkcyan,2,1.4271078771719738,1.333701297774007,1.5255080172853113
575,Other biliary tract disease,digestive,VFI,< 0.0001,1.30 (1.24 - 1.37),21984,1295,20689,3.0961372738625755e-25,vfi_zscore,chartreuse4,10,1.3007213297614106,1.237338351811743,1.3665489639325774
317.11,Alcoholic liver damage,mental disorders,VFD,< 0.0001,1.89 (1.68 - 2.13),20279,233,20046,3.2663277923845535e-25,vat_hu_zscore,magenta,5,1.891287564857896,1.676526368302347,2.1333602413428125
289.4,Lymphadenitis,hematopoietic,SFI,< 0.0001,1.31 (1.25 - 1.38),21111,1219,19892,3.8319484688327433e-25,sfi_zscore,darkorange1,4,1.3142654152501196,1.247600642852571,1.3835723290222772
585.32,End stage renal disease,genitourinary,VFD,< 0.0001,1.77 (1.59 - 1.97),19835,291,19544,3.845209266492761e-25,vat_hu_zscore,black,11,1.7689217878573205,1.5876223751145289,1.9703680340529617
338.1,Acute pain,neurological,SFD,< 0.0001,1.28 (1.22 - 1.34),21409,1622,19787,4.353185373989721e-25,sat_hu_zscore,darkblue,6,1.27990417757063,1.2210939474295834,1.3407953577641514
465.2,Acute pharyngitis,respiratory,SFI,< 0.0001,1.51 (1.40 - 1.63),22084,369,21715,4.476204008812423e-25,sfi_zscore,coral4,9,1.5119224467034926,1.3967354233229516,1.633798369099213
270.3,Disorders of plasma protein metabolism,endocrine/metabolic,SFD,< 0.0001,1.65 (1.50 - 1.82),22592,250,22342,5.039313700490514e-25,sat_hu_zscore,brown,3,1.6541514920003046,1.5013585366527962,1.8176175292930512
939,Atopic/contact dermatitis due to other or unspecified,dermatologic,SFI,< 0.0001,1.38 (1.30 - 1.46),21951,802,21149,5.3202543256015295e-25,sfi_zscore,firebrick,13,1.377847352591059,1.2958494193670826,1.46355857633837
317,Alcohol-related disorders,mental disorders,VFI,< 0.0001,1.46 (1.36 - 1.57),20650,604,20046,7.165001061463645e-25,vfi_zscore,magenta,5,1.4610409238736508,1.3585197880085185,1.5695138185549933
532,Dysphagia,digestive,SFI,< 0.0001,1.40 (1.31 - 1.50),19781,779,19002,7.483274595811652e-25,sfi_zscore,chartreuse4,10,1.403343654150938,1.3149102387340066,1.4960797454107215
578,Gastrointestinal hemorrhage,digestive,VFD,< 0.0001,1.31 (1.24 - 1.38),21412,1488,19924,8.61343342930686e-25,vat_hu_zscore,chartreuse4,10,1.307760825308723,1.24244091680047,1.3762967861810609
367,Disorders of refraction and accommodation; blindness and low vision,sense organs,VFI,< 0.0001,1.42 (1.33 - 1.52),22779,606,22173,8.81817690168289e-25,vfi_zscore,darkseagreen4,7,1.4221654910293544,1.328976782521642,1.5201031658612432
483,Acute bronchitis and bronchiolitis,respiratory,SFI,< 0.0001,1.67 (1.51 - 1.84),21695,256,21439,8.964784896799274e-25,sfi_zscore,coral4,9,1.6702423259275367,1.5126075830037786,1.8398379526724713
714,Rheumatoid arthritis and other inflammatory polyarthropathies,musculoskeletal,SFI,< 0.0001,1.69 (1.52 - 1.86),22337,275,22062,1.0384573867677492e-24,sfi_zscore,darkolivegreen,14,1.6857649516836237,1.523936363775402,1.8606110630740522
509,"Respiratory failure, insufficiency, arrest",respiratory,VFI,< 0.0001,1.36 (1.29 - 1.45),20986,830,20156,1.1538592758765185e-24,vfi_zscore,coral4,9,1.364743969692457,1.285416844661998,1.4477536909009172
476,Allergic rhinitis,respiratory,SFI,< 0.0001,1.44 (1.34 - 1.54),21700,571,21129,1.2311447576189268e-24,sfi_zscore,coral4,9,1.4406740551837747,1.3425330102509423,1.5438872073415244
189.11,"Malignant neoplasm of kidney, except pelvis",neoplasms,SFI,< 0.0001,1.70 (1.53 - 1.88),22418,254,22164,1.2391917662050258e-24,sfi_zscore,darkcyan,2,1.6968418406145243,1.5315694670737203,1.8753715088949712
426.21,First degree AV block,circulatory system,VFI,< 0.0001,1.67 (1.51 - 1.84),17110,236,16874,1.2634629834034276e-24,vfi_zscore,red,8,1.6715817950510388,1.5135580918972034,1.8427812784586513
275,Disorders of mineral metabolism,endocrine/metabolic,VFI,< 0.0001,1.35 (1.28 - 1.43),22779,899,21880,1.3163442261425844e-24,vfi_zscore,brown,3,1.352958560735619,1.2763419803919596,1.4329746907031709
288.2,Elevated white blood cell count,hematopoietic,SFI,< 0.0001,1.34 (1.27 - 1.42),20836,944,19892,1.5777551316278348e-24,sfi_zscore,darkorange1,4,1.343693584141164,1.2691379842115176,1.4214247377753146
701,Other hypertrophic and atrophic conditions of skin,dermatologic,SFI,< 0.0001,1.44 (1.34 - 1.55),22730,559,22171,1.8889064173408836e-24,sfi_zscore,firebrick,13,1.441751439634898,1.3429581781787208,1.5456987178876127
496,Chronic airway obstruction,respiratory,SFI,< 0.0001,1.44 (1.34 - 1.55),21629,730,20899,1.9024047948364848e-24,sfi_zscore,coral4,9,1.441498614122523,1.3428987317604906,1.5455187705214533
427.21,Atrial fibrillation,circulatory system,SFD,< 0.0001,1.34 (1.27 - 1.42),18091,1219,16872,2.0527917515649235e-24,sat_hu_zscore,red,8,1.3417421007168806,1.267645383415937,1.4193576119530358
535.2,Atrophic gastritis,digestive,SFI,< 0.0001,1.54 (1.42 - 1.67),21068,365,20703,2.8554809032331687e-24,sfi_zscore,chartreuse4,10,1.5403157381500718,1.4158213630722107,1.6726496313133836
289.4,Lymphadenitis,hematopoietic,VFD,< 0.0001,1.34 (1.26 - 1.41),21111,1219,19892,2.9519700144080314e-24,vat_hu_zscore,darkorange1,4,1.336560082340386,1.2636818385424298,1.4133491459676581
270,Disorders of protein plasma/amino-acid transport and metabolism,endocrine/metabolic,VFD,< 0.0001,1.76 (1.58 - 1.96),22627,280,22347,3.5700454896215524e-24,vat_hu_zscore,brown,3,1.7603394474068876,1.5778321783971043,1.963525752165051
428,Congestive heart failure; nonhypertensive,circulatory system,SFD,< 0.0001,1.35 (1.27 - 1.43),22586,922,21664,3.669805144916121e-24,sat_hu_zscore,red,8,1.3489351088735098,1.272516592343611,1.4286619585285014
571.51,Cirrhosis of liver without mention of alcohol,digestive,VFI,< 0.0001,1.44 (1.34 - 1.54),19105,570,18535,4.2237335528168996e-24,vfi_zscore,chartreuse4,10,1.4384073866557505,1.339821554111273,1.5423777816423792
585.31,Renal dialysis,genitourinary,VFD,< 0.0001,1.77 (1.58 - 1.97),19824,280,19544,4.324847331799449e-24,vat_hu_zscore,black,11,1.7655307615668239,1.5811945660534372,1.970763598690059
296.1,Bipolar,mental disorders,VFI,< 0.0001,1.58 (1.44 - 1.72),18850,354,18496,4.389210928909569e-24,vfi_zscore,magenta,5,1.5795950293152459,1.4442413189441077,1.7241909581994361
716,Other arthropathies,musculoskeletal,VFI,< 0.0001,1.60 (1.46 - 1.75),22235,282,21953,5.445802563408083e-24,vfi_zscore,darkolivegreen,14,1.5969316911164064,1.4566809620944459,1.7470904706140966
415.1,Acute pulmonary heart disease,circulatory system,SFI,< 0.0001,1.50 (1.39 - 1.62),21764,456,21308,6.331728994346961e-24,sfi_zscore,red,8,1.5002379140935191,1.3852629786354262,1.6219280711379385
151,Cancer of stomach,neoplasms,VFD,< 0.0001,1.89 (1.67 - 2.14),20426,221,20205,8.498627069171274e-24,vat_hu_zscore,darkcyan,2,1.8869623886017144,1.6669435603737686,2.135448806543876
415.11,"Pulmonary embolism and infarction, acute",circulatory system,SFI,< 0.0001,1.50 (1.39 - 1.62),21760,452,21308,9.60297945187838e-24,sfi_zscore,red,8,1.500597711636734,1.385070579335158,1.6228996019361834
687.1,Rash and other nonspecific skin eruption,dermatologic,VFI,< 0.0001,1.39 (1.30 - 1.48),22021,744,21277,9.958912593995875e-24,vfi_zscore,firebrick,13,1.3866179933249978,1.3002064886646536,1.477215724877024
291.8,Alteration of consciousness,mental disorders,VFD,< 0.0001,1.59 (1.45 - 1.74),21371,426,20945,1.2329972732498368e-23,vat_hu_zscore,magenta,5,1.587157203129288,1.4497109861992927,1.7369477388510903
859,Complication due to other implant and internal device,injuries & poisonings,SFD,< 0.0001,1.64 (1.49 - 1.80),22076,250,21826,1.2331564322414169e-23,sat_hu_zscore,gray50,18,1.6389570177820718,1.4856388783244896,1.8027635677850222
741,Symptoms and disorders of the joints,musculoskeletal,VFI,< 0.0001,1.50 (1.39 - 1.62),22724,402,22322,1.2405415136757783e-23,vfi_zscore,darkolivegreen,14,1.5014415826458436,1.3854938596405542,1.624396678210984
367,Disorders of refraction and accommodation; blindness and low vision,sense organs,SFI,< 0.0001,1.43 (1.33 - 1.54),22779,606,22173,1.323082673299991e-23,sfi_zscore,darkseagreen4,7,1.4321598943890952,1.3340079905140894,1.5354862076401126
379.2,Disorders of vitreous body,sense organs,VFI,< 0.0001,1.49 (1.38 - 1.61),22256,402,21854,1.6571559450882778e-23,vfi_zscore,darkseagreen4,7,1.4889150410989815,1.3760028434807967,1.6087164972193855
275,Disorders of mineral metabolism,endocrine/metabolic,VFD,< 0.0001,1.38 (1.30 - 1.47),22779,899,21880,1.7727422013256086e-23,vat_hu_zscore,brown,3,1.3825004185112713,1.2971642931373595,1.473080598508204
350,Abnormal movement,neurological,VFI,< 0.0001,1.39 (1.30 - 1.48),22743,651,22092,1.8223951742634512e-23,vfi_zscore,darkblue,6,1.3910417266076067,1.303037690267198,1.4834221431497219
571.51,Cirrhosis of liver without mention of alcohol,digestive,SFI,< 0.0001,1.44 (1.34 - 1.55),19105,570,18535,2.0761245963566987e-23,sfi_zscore,chartreuse4,10,1.4415232845824122,1.340540622986,1.547966539716728
368,Visual disturbances,sense organs,SFI,< 0.0001,1.46 (1.35 - 1.57),22732,490,22242,2.229774330403725e-23,sfi_zscore,darkseagreen4,7,1.4611227060544578,1.354983213856266,1.5731280698720083
508,Pulmonary collapse; interstitial and compensatory emphysema,respiratory,VFI,< 0.0001,1.33 (1.26 - 1.41),21104,948,20156,2.3776572377533742e-23,vfi_zscore,coral4,9,1.3318366344436312,1.25828125686293,1.4086101541490317
599.9,Other abnormality of urination,genitourinary,VFI,< 0.0001,1.50 (1.38 - 1.62),20558,391,20167,3.286005509394117e-23,vfi_zscore,black,11,1.5009021718994204,1.3839843494895052,1.6249265936053165
317,Alcohol-related disorders,mental disorders,SFI,< 0.0001,1.40 (1.31 - 1.50),20650,604,20046,4.548292591296673e-23,sfi_zscore,magenta,5,1.401665313887403,1.3100921483488994,1.4977889571538043
279,Disorders involving the immune mechanism,endocrine/metabolic,VFI,< 0.0001,1.44 (1.34 - 1.54),22616,587,22029,5.486581027420394e-23,vfi_zscore,brown,3,1.436853382705805,1.336182760066131,1.543105113338688
714.1,Rheumatoid arthritis,musculoskeletal,SFI,< 0.0001,1.72 (1.54 - 1.91),22299,237,22062,5.516984753917825e-23,sfi_zscore,darkolivegreen,14,1.7152855502207698,1.5389064481323547,1.9069402838615108
459,Other disorders of circulatory system,circulatory system,SFD,< 0.0001,1.47 (1.36 - 1.58),21927,477,21450,5.704251172755293e-23,sat_hu_zscore,red,8,1.4657513131847706,1.3572078284307405,1.5799535979888424
577,Diseases of pancreas,digestive,SFD,< 0.0001,1.29 (1.22 - 1.35),22774,1326,21448,5.814295703365203e-23,sat_hu_zscore,chartreuse4,10,1.2863695209990267,1.223161117734666,1.351894540983037
702.2,Seborrheic keratosis,dermatologic,VFI,< 0.0001,1.43 (1.33 - 1.54),22586,506,22080,5.832733877346608e-23,vfi_zscore,firebrick,13,1.4329289094008688,1.3332115523321018,1.5381424377448152
532,Dysphagia,digestive,VFI,< 0.0001,1.36 (1.28 - 1.45),19781,779,19002,5.978226329687818e-23,vfi_zscore,chartreuse4,10,1.3611664822931893,1.279598090978385,1.4464719562485047
365,Glaucoma,sense organs,SFI,< 0.0001,1.57 (1.43 - 1.71),22214,428,21786,6.368389913455625e-23,sfi_zscore,darkseagreen4,7,1.5687168480810723,1.4330136660191886,1.7141693796257513
716.9,Arthropathy NOS,musculoskeletal,VFI,< 0.0001,1.60 (1.46 - 1.76),22212,259,21953,6.629653801312735e-23,vfi_zscore,darkolivegreen,14,1.6049841326506449,1.4590684024872917,1.7615331179765659
218,Benign neoplasm of uterus,neoplasms,SFI,< 0.0001,1.46 (1.36 - 1.58),12288,498,11790,6.783138281402532e-23,sfi_zscore,darkcyan,2,1.4648719796803582,1.3570252551149549,1.5797795316383705
300.11,Generalized anxiety disorder,mental disorders,SFI,< 0.0001,1.51 (1.39 - 1.64),18870,374,18496,7.319541641159808e-23,sfi_zscore,magenta,5,1.5102967719245228,1.3898570205387197,1.6380487097263114
070.3,Viral hepatitis C,infectious diseases,SFI,< 0.0001,1.52 (1.40 - 1.65),21566,381,21185,7.397735526117503e-23,sfi_zscore,blue,1,1.5228033400876941,1.3990033845201668,1.6542976672176155
574.3,Cholecystitis without cholelithiasis,digestive,SFI,< 0.0001,1.53 (1.41 - 1.67),21063,374,20689,1.0368563555185896e-22,sfi_zscore,chartreuse4,10,1.532994145961955,1.4060580693078115,1.6680433074636656
199,Neoplasm of uncertain behavior,neoplasms,VFI,< 0.0001,1.36 (1.28 - 1.45),19748,721,19027,1.0733286562196226e-22,vfi_zscore,darkcyan,2,1.364089239393812,1.2813506705794646,1.450762000021432
965.1,Opiates and related narcotics causing adverse effects in therapeutic use,injuries & poisonings,SFI,< 0.0001,1.49 (1.37 - 1.61),20576,434,20142,1.1207135736423678e-22,sfi_zscore,gray50,18,1.4862480339259798,1.3718120710804742,1.6075377461320535
626,Disorders of menstruation and other abnormal bleeding from female genital tract,genitourinary,SFI,< 0.0001,1.41 (1.32 - 1.52),12291,586,11705,1.169723191367972e-22,sfi_zscore,black,11,1.4140339320797257,1.318882110912736,1.5151110939730765
433.3,Cerebral ischemia,circulatory system,VFI,< 0.0001,1.42 (1.32 - 1.52),22235,522,21713,1.2144290805875357e-22,vfi_zscore,red,8,1.42120160595455,1.3238004404351258,1.5239108382449582
218.1,Uterine leiomyoma,neoplasms,SFI,< 0.0001,1.46 (1.36 - 1.58),12281,491,11790,1.307091628369303e-22,sfi_zscore,darkcyan,2,1.464729279836432,1.3562074166594367,1.580389954352198
433.31,Transient cerebral ischemia,circulatory system,VFI,< 0.0001,1.43 (1.33 - 1.54),22205,492,21713,1.3567983488640797e-22,vfi_zscore,red,8,1.432790275561806,1.3322716371037353,1.53891781098868
960.2,Allergy/adverse effect of penicillin,injuries & poisonings,VFI,< 0.0001,1.39 (1.30 - 1.49),20790,648,20142,1.3786094430629608e-22,vfi_zscore,gray50,18,1.3913421209448937,1.3014252136839712,1.485718605949139
575,Other biliary tract disease,digestive,SFI,< 0.0001,1.30 (1.23 - 1.37),21984,1295,20689,1.4007484366160971e-22,sfi_zscore,chartreuse4,10,1.2966573210849657,1.230424803194664,1.3655144812189066
578,Gastrointestinal hemorrhage,digestive,SFD,< 0.0001,1.27 (1.21 - 1.34),21409,1487,19922,1.496339301985834e-22,sat_hu_zscore,chartreuse4,10,1.27361644655105,1.2129136381659833,1.3365183085702512
255,Disorders of adrenal glands,endocrine/metabolic,VFI,< 0.0001,1.54 (1.41 - 1.67),22142,343,21799,1.566935783186117e-22,vfi_zscore,brown,3,1.5370847608542462,1.408571474796454,1.6740181373026162
008.52,Intestinal infection due to C. difficile,infectious diseases,SFD,< 0.0001,1.51 (1.39 - 1.64),22380,369,22011,1.6171893441840398e-22,sat_hu_zscore,blue,1,1.51337896266751,1.3909205072993414,1.6428602113611588
275.5,Disorders of calcium/phosphorus metabolism,endocrine/metabolic,SFD,< 0.0001,1.56 (1.43 - 1.70),22184,309,21875,1.6385812094578974e-22,sat_hu_zscore,brown,3,1.561007166802006,1.4254819162804027,1.7048693683032985
579.2,Splenomegaly,digestive,VFD,< 0.0001,1.58 (1.44 - 1.73),20345,421,19924,1.7243253912807825e-22,vat_hu_zscore,chartreuse4,10,1.5778514829085442,1.4393764958724615,1.7289305705510323
695,Erythematous conditions,dermatologic,VFI,< 0.0001,1.42 (1.32 - 1.52),22139,573,21566,1.7414463527652494e-22,vfi_zscore,firebrick,13,1.4195148391152232,1.3221123311797947,1.522041324013627
300.11,Generalized anxiety disorder,mental disorders,VFI,< 0.0001,1.54 (1.41 - 1.67),18870,374,18496,1.7651197299374647e-22,vfi_zscore,magenta,5,1.5364864004356626,1.407933530067914,1.6733835790094187
327.32,Obstructive sleep apnea,neurological,VFD,< 0.0001,0.73 (0.69 - 0.78),21537,1203,20334,1.846113072103016e-22,vat_hu_zscore,darkblue,6,0.731285670039402,0.6864668140387721,0.7785184512015296
276.14,Hypopotassemia,endocrine/metabolic,SFI,< 0.0001,1.35 (1.27 - 1.43),20521,868,19653,1.9367397117711812e-22,sfi_zscore,brown,3,1.3455346138864037,1.2669435479758677,1.4276421185396224
317.1,Alcoholism,mental disorders,VFD,< 0.0001,1.50 (1.38 - 1.63),20584,538,20046,1.9884819544413211e-22,vat_hu_zscore,magenta,5,1.503174572141591,1.384563875402168,1.631370610259901
496,Chronic airway obstruction,respiratory,VFI,< 0.0001,1.37 (1.28 - 1.45),21629,730,20899,2.34691611826971e-22,vfi_zscore,coral4,9,1.3650365557840525,1.2814218135440283,1.4527161713712822
172,Skin cancer,neoplasms,VFI,< 0.0001,1.41 (1.31 - 1.50),22562,570,21992,2.6031172883389195e-22,vfi_zscore,darkcyan,2,1.405150296845988,1.3111958902903555,1.5041660807852968
289.4,Lymphadenitis,hematopoietic,VFI,< 0.0001,1.29 (1.23 - 1.36),21111,1219,19892,2.8296975790468313e-22,vfi_zscore,darkorange1,4,1.2907246999964024,1.2254865612473553,1.3585618282873726
401.3,Other hypertensive complications,circulatory system,SFI,< 0.0001,1.66 (1.50 - 1.84),17740,248,17492,2.96880266756126e-22,sfi_zscore,red,8,1.663298062726468,1.4984067114051978,1.8408352247248783
574.12,Cholelithiasis with other cholecystitis,digestive,VFI,< 0.0001,1.67 (1.51 - 1.85),20906,217,20689,3.1046406346181107e-22,vfi_zscore,chartreuse4,10,1.6735296424352482,1.5058001083279189,1.85466538231887
594.3,Calculus of ureter,genitourinary,SFI,< 0.0001,1.59 (1.45 - 1.75),21442,258,21184,3.1217361871258764e-22,sfi_zscore,black,11,1.592700570192304,1.447679788579715,1.747716630143767
599.9,Other abnormality of urination,genitourinary,SFI,< 0.0001,1.52 (1.40 - 1.66),20558,391,20167,3.1717609522224356e-22,sfi_zscore,black,11,1.5247684965890265,1.398651944839892,1.6589420753807669
427.61,Supraventricular premature beats,circulatory system,SFI,< 0.0001,1.75 (1.56 - 1.95),17150,276,16874,3.3420637246965003e-22,sfi_zscore,red,8,1.74753657887429,1.5589436970206307,1.9544508981197495
798,Malaise and fatigue,symptoms,SFD,< 0.0001,1.21 (1.17 - 1.26),22774,2482,20292,4.0963571028436655e-22,sat_hu_zscore,purple,17,1.2125891730412455,1.1659304923601645,1.2607111467103809
199,Neoplasm of uncertain behavior,neoplasms,SFI,< 0.0001,1.38 (1.29 - 1.47),19748,721,19027,4.1766177611169996e-22,sfi_zscore,darkcyan,2,1.3800622573428487,1.2920333286940395,1.4724010246494188
569,Other disorders of intestine,digestive,VFI,< 0.0001,1.25 (1.19 - 1.31),21152,1719,19433,4.1803665529759077e-22,vfi_zscore,chartreuse4,10,1.2498161478511072,1.194272485418534,1.3073223553016853
285.21,Anemia in chronic kidney disease,hematopoietic,VFD,< 0.0001,1.89 (1.66 - 2.15),19404,204,19200,4.399582692637182e-22,vat_hu_zscore,darkorange1,4,1.8919402711144537,1.6618925560457083,2.153081922984318
255,Disorders of adrenal glands,endocrine/metabolic,SFI,< 0.0001,1.53 (1.40 - 1.67),22142,343,21799,4.5041965298309995e-22,sfi_zscore,brown,3,1.5319081732830622,1.4033001678057804,1.6686830531750985
365,Glaucoma,sense organs,VFI,< 0.0001,1.46 (1.35 - 1.57),22214,428,21786,4.743903883655504e-22,vfi_zscore,darkseagreen4,7,1.4572980881882382,1.3489834928485538,1.5720059497489838
509,"Respiratory failure, insufficiency, arrest",respiratory,SFI,< 0.0001,1.35 (1.27 - 1.44),20986,830,20156,4.951973930077182e-22,sfi_zscore,coral4,9,1.351229892904878,1.2704174037590528,1.4357271865296215
771.1,Swelling of limb,symptoms,SFI,< 0.0001,1.44 (1.34 - 1.55),22458,539,21919,4.978423886072133e-22,sfi_zscore,purple,17,1.442292463577368,1.337811845048388,1.5525301075309772
514.2,Solitary pulmonary nodule,respiratory,VFI,< 0.0001,1.38 (1.29 - 1.47),19764,655,19109,5.647452942349234e-22,vfi_zscore,coral4,9,1.3772301758737113,1.2896858481547442,1.4691131698830313
681.7,Cellulitis and abscess of trunk,dermatologic,VFI,< 0.0001,1.51 (1.38 - 1.64),21882,401,21481,5.770360437434121e-22,vfi_zscore,firebrick,13,1.5060488311305231,1.3843520294929728,1.6354944507577376
455,Hemorrhoids,circulatory system,SFI,< 0.0001,1.37 (1.29 - 1.46),20314,734,19580,5.807835922837053e-22,sfi_zscore,red,8,1.3726508555470192,1.2861995081399793,1.4632078375721589
567,Peritonitis and retroperitoneal infections,digestive,VFI,< 0.0001,1.29 (1.22 - 1.36),20648,1215,19433,8.304777776460359e-22,vfi_zscore,chartreuse4,10,1.2899073206021434,1.2241303255350588,1.3583191503570045
280.1,"Iron deficiency anemias, unspecified or not due to blood loss",hematopoietic,SFD,< 0.0001,1.36 (1.28 - 1.45),20061,864,19197,9.213291476884945e-22,sat_hu_zscore,darkorange1,4,1.3614930197611324,1.2774463263357907,1.4493299317321524
079,Viral infection,infectious diseases,VFI,< 0.0001,1.48 (1.36 - 1.60),21668,483,21185,9.306544678294834e-22,vfi_zscore,blue,1,1.4756578760081522,1.3616075879941751,1.5966140191460532
290.2,Delirium due to conditions classified elsewhere,mental disorders,VFD,< 0.0001,1.69 (1.52 - 1.89),21239,294,20945,1.003736874934959e-21,vat_hu_zscore,magenta,5,1.6945076873709815,1.520685505652877,1.8873149223924133
420.2,Pericarditis,circulatory system,SFD,< 0.0001,1.64 (1.48 - 1.81),22330,225,22105,1.1554027102581654e-21,sat_hu_zscore,red,8,1.6354991736520896,1.4759822811099008,1.8062292085205074
702.2,Seborrheic keratosis,dermatologic,SFI,< 0.0001,1.49 (1.37 - 1.61),22586,506,22080,1.280530097209737e-21,sfi_zscore,firebrick,13,1.4888123970052785,1.3708905183408804,1.6142402811783727
317,Alcohol-related disorders,mental disorders,VFD,< 0.0001,1.46 (1.35 - 1.58),20650,604,20046,1.327563440171064e-21,vat_hu_zscore,magenta,5,1.4608299310488473,1.3512218797162823,1.578779084012124
038.1,Gram negative septicemia,infectious diseases,VFD,< 0.0001,1.79 (1.59 - 2.02),20415,236,20179,1.4082240952224643e-21,vat_hu_zscore,blue,1,1.7890906288908435,1.5870642492073774,2.015885574891181
338.1,Acute pain,neurological,VFD,< 0.0001,1.27 (1.21 - 1.33),21413,1622,19791,1.5243884384302706e-21,vat_hu_zscore,darkblue,6,1.2707646034002018,1.209583049336554,1.3348424495162192
270.3,Disorders of plasma protein metabolism,endocrine/metabolic,VFD,< 0.0001,1.75 (1.56 - 1.97),22597,250,22347,1.6034708515960458e-21,vat_hu_zscore,brown,3,1.7528659366350487,1.5613556356112555,1.967219080603124
428.3,Heart failure with reduced EF [Systolic or combined heart failure],circulatory system,SFI,< 0.0001,1.49 (1.37 - 1.62),22130,462,21668,2.7534672364762505e-21,sfi_zscore,red,8,1.4940008435331158,1.3735984330252224,1.6220270697543253
348.8,"Encephalopathy, not elsewhere classified",neurological,VFD,< 0.0001,1.74 (1.55 - 1.95),21395,253,21142,2.8964593064588424e-21,vat_hu_zscore,darkblue,6,1.7415155065479757,1.552124199525721,1.9532525912895635
290,Delirium dementia and amnestic and other cognitive disorders,mental disorders,VFD,< 0.0001,1.45 (1.34 - 1.57),21594,649,20945,3.910866591398831e-21,vat_hu_zscore,magenta,5,1.4533178380080813,1.344532182842092,1.5705141827743618
483,Acute bronchitis and bronchiolitis,respiratory,VFI,< 0.0001,1.59 (1.44 - 1.75),21695,256,21439,3.951322332378483e-21,vfi_zscore,coral4,9,1.589522262557275,1.441725180293199,1.748169898193497
859,Complication due to other implant and internal device,injuries & poisonings,VFD,< 0.0001,1.74 (1.55 - 1.95),22081,250,21831,4.6580766387271115e-21,vat_hu_zscore,gray50,18,1.7412554015026944,1.5510007051480796,1.9540926005129577
292.4,Altered mental status,mental disorders,SFI,< 0.0001,1.35 (1.27 - 1.44),21851,906,20945,4.94540719070274e-21,sfi_zscore,magenta,5,1.3489659448512772,1.2667782981169606,1.4350586940424093
714,Rheumatoid arthritis and other inflammatory polyarthropathies,musculoskeletal,VFI,< 0.0001,1.56 (1.42 - 1.71),22337,275,22062,5.0007263061495786e-21,vfi_zscore,darkolivegreen,14,1.5595327292726537,1.4198905151181898,1.7089394562676934
530.2,Esophageal bleeding (varices/hemorrhage),digestive,SFD,< 0.0001,1.56 (1.42 - 1.70),19299,300,18999,5.209201163313251e-21,sat_hu_zscore,chartreuse4,10,1.5561935924053167,1.4171213299599472,1.7042403095850884
574.12,Cholelithiasis with other cholecystitis,digestive,SFI,< 0.0001,1.63 (1.47 - 1.80),20906,217,20689,5.395725523401345e-21,sfi_zscore,chartreuse4,10,1.6301988197219224,1.4699624527720676,1.802594668212489
317.1,Alcoholism,mental disorders,SFI,< 0.0001,1.40 (1.30 - 1.50),20584,538,20046,5.756827936783719e-21,sfi_zscore,magenta,5,1.3995533818828487,1.3037673536338932,1.5002162591061874
317.1,Alcoholism,mental disorders,VFI,< 0.0001,1.44 (1.34 - 1.56),20584,538,20046,6.01941389098674e-21,vfi_zscore,magenta,5,1.4447879936090213,1.3370236992964555,1.559118426453176
070,Viral hepatitis,infectious diseases,SFI,< 0.0001,1.40 (1.30 - 1.50),21786,601,21185,6.5986355611169295e-21,sfi_zscore,blue,1,1.3962604045751783,1.3012225384727016,1.4961135776614192
509.1,Respiratory failure,respiratory,VFI,< 0.0001,1.36 (1.28 - 1.45),20845,689,20156,7.283846808512823e-21,vfi_zscore,coral4,9,1.3623190113264645,1.276296314455197,1.4526081808208073
562.2,Diverticulitis,digestive,VFD,< 0.0001,0.69 (0.64 - 0.75),17230,832,16398,7.811187478679477e-21,vat_hu_zscore,chartreuse4,10,0.6919846031854949,0.6402990332565377,0.7470875839138896
508,Pulmonary collapse; interstitial and compensatory emphysema,respiratory,SFI,< 0.0001,1.32 (1.25 - 1.40),21104,948,20156,7.932641597559398e-21,sfi_zscore,coral4,9,1.3214611821300124,1.2459516869234137,1.4002642924104325
916,Contusion,injuries & poisonings,VFI,< 0.0001,1.47 (1.35 - 1.59),22779,430,22349,8.091788289949801e-21,vfi_zscore,gray50,18,1.469164920609405,1.3542113150737987,1.5911101465084787
317.11,Alcoholic liver damage,mental disorders,SFD,< 0.0001,1.64 (1.48 - 1.82),20275,233,20042,1.040920594949299e-20,sat_hu_zscore,magenta,5,1.6421412826009918,1.4769801570067895,1.8195077611872663
714.1,Rheumatoid arthritis,musculoskeletal,VFI,< 0.0001,1.59 (1.44 - 1.75),22299,237,22062,1.5936904286753027e-20,vfi_zscore,darkolivegreen,14,1.5922267659158462,1.4413482171904841,1.7543665792177572
427.6,Premature beats,circulatory system,SFD,< 0.0001,1.39 (1.30 - 1.50),17553,681,16872,1.790327749836805e-20,sat_hu_zscore,red,8,1.3948507790672946,1.2992364861181132,1.4955586629155915
771.1,Swelling of limb,symptoms,VFI,< 0.0001,1.40 (1.30 - 1.50),22458,539,21919,1.9915041918260113e-20,vfi_zscore,purple,17,1.400577889415059,1.303260553338656,1.5030564996438982
564.9,Personal history of diseases of digestive system,digestive,SFI,< 0.0001,1.59 (1.44 - 1.75),16645,247,16398,2.1066625461691122e-20,sfi_zscore,chartreuse4,10,1.58729044458272,1.437249533149864,1.748205255717965
153,Colorectal cancer,neoplasms,VFD,< 0.0001,1.35 (1.27 - 1.44),20614,969,19645,2.203450640818325e-20,vat_hu_zscore,darkcyan,2,1.349421088085019,1.2662247509458173,1.4376755257685294
427.2,Atrial fibrillation and flutter,circulatory system,VFD,< 0.0001,1.32 (1.25 - 1.40),18160,1286,16874,2.3563365767957994e-20,vat_hu_zscore,red,8,1.3208670077920632,1.2450917357649536,1.4010537093660849
452.2,Deep vein thrombosis [DVT],circulatory system,SFI,< 0.0001,1.37 (1.28 - 1.46),20272,692,19580,2.6064828289131126e-20,sfi_zscore,red,8,1.3699561119077759,1.280558366631165,1.463711908092703
291,Other specified nonpsychotic and/or transient mental disorders,mental disorders,VFD,< 0.0001,1.49 (1.37 - 1.62),21434,489,20945,2.874540162854583e-20,vat_hu_zscore,magenta,5,1.4915680734586547,1.3697256491261092,1.6234987314535738
949,"Allergies, other",injuries & poisonings,SFI,< 0.0001,1.40 (1.31 - 1.51),21681,532,21149,3.133265316394343e-20,sfi_zscore,gray50,18,1.404709914559114,1.3057512764617163,1.508941190799501
501,Pneumonitis due to inhalation of food or vomitus,respiratory,VFD,< 0.0001,1.78 (1.57 - 2.01),20386,230,20156,3.2879118941984036e-20,vat_hu_zscore,coral4,9,1.7812699623770343,1.5747286675632075,2.0137407967855894
070.3,Viral hepatitis C,infectious diseases,VFD,< 0.0001,1.56 (1.42 - 1.72),21566,381,21185,3.5270474304435345e-20,vat_hu_zscore,blue,1,1.5633015230377256,1.420991470685118,1.7190340224067084
789,Nausea and vomiting,symptoms,SFD,< 0.0001,1.16 (1.12 - 1.19),22774,5080,17694,3.6713719884745824e-20,sat_hu_zscore,purple,17,1.1567945634586887,1.1213883871933208,1.1932124516041582
701,Other hypertrophic and atrophic conditions of skin,dermatologic,VFI,< 0.0001,1.40 (1.30 - 1.50),22730,559,22171,3.864446263038585e-20,vfi_zscore,firebrick,13,1.3993528903195012,1.3016179633283225,1.502256286385624
151,Cancer of stomach,neoplasms,SFD,< 0.0001,1.64 (1.47 - 1.82),20423,221,20202,4.0209735097373724e-20,sat_hu_zscore,darkcyan,2,1.636977349838631,1.4707372568629091,1.8154440825555023
426.91,Cardiac pacemaker in situ,circulatory system,VFI,< 0.0001,1.56 (1.42 - 1.71),17142,268,16874,4.341893688827872e-20,vfi_zscore,red,8,1.5586620153012634,1.4161385705250467,1.7119990278882657
916,Contusion,injuries & poisonings,SFI,< 0.0001,1.44 (1.33 - 1.56),22779,430,22349,4.4415221520372234e-20,sfi_zscore,gray50,18,1.4421920744175079,1.3323896067196987,1.5581042542738834
287,Purpura and other hemorrhagic conditions,hematopoietic,SFI,< 0.0001,1.33 (1.25 - 1.41),21733,870,20863,4.547573916949124e-20,sfi_zscore,darkorange1,4,1.3253699341395175,1.247302414222729,1.4068885822403283
428.1,Congestive heart failure (CHF) NOS,circulatory system,SFD,< 0.0001,1.38 (1.29 - 1.48),22260,596,21664,5.618283809009218e-20,sat_hu_zscore,red,8,1.3848024341480807,1.29054597155261,1.4837423590013898
428.3,Heart failure with reduced EF [Systolic or combined heart failure],circulatory system,VFI,< 0.0001,1.43 (1.32 - 1.54),22130,462,21668,5.694970583111395e-20,vfi_zscore,red,8,1.427794532572255,1.3219435766734091,1.5399336102795533
415.2,Chronic pulmonary heart disease,circulatory system,SFI,< 0.0001,1.56 (1.42 - 1.72),21624,316,21308,6.089578616455985e-20,sfi_zscore,red,8,1.560781827325437,1.4168527772332462,1.7150447224522718
174,Breast cancer,neoplasms,SFI,< 0.0001,1.43 (1.32 - 1.54),22011,622,21389,7.214442425539192e-20,sfi_zscore,darkcyan,2,1.4277572759806856,1.321902971211762,1.540514233202688
174.1,Breast cancer [female],neoplasms,SFI,< 0.0001,1.43 (1.32 - 1.54),12388,614,11774,8.614002858406395e-20,sfi_zscore,darkcyan,2,1.430538053672852,1.3237173140287903,1.5444223538558906
939,Atopic/contact dermatitis due to other or unspecified,dermatologic,VFI,< 0.0001,1.33 (1.25 - 1.42),21951,802,21149,8.828337327468013e-20,vfi_zscore,firebrick,13,1.3335095393121847,1.2527036130611755,1.4180558995515593
722.6,Degeneration of intervertebral disc,musculoskeletal,SFI,< 0.0001,1.51 (1.38 - 1.65),21690,377,21313,1.0246511245809103e-19,sfi_zscore,darkolivegreen,14,1.510000767160897,1.3799923119395756,1.648665859503647
427.11,Paroxysmal supraventricular tachycardia,circulatory system,SFI,< 0.0001,1.65 (1.48 - 1.83),17126,252,16874,1.0871383921341195e-19,sfi_zscore,red,8,1.647935363153033,1.4771846149516923,1.8331432956781597
569.2,Gastrointestinal complications,digestive,VFD,< 0.0001,1.51 (1.38 - 1.65),19889,456,19433,1.147276009458365e-19,vat_hu_zscore,chartreuse4,10,1.5062184548644777,1.3782904878183067,1.6451774871353129
702.1,Actinic keratosis,dermatologic,VFI,< 0.0001,1.45 (1.34 - 1.57),22479,399,22080,1.1510864861629197e-19,vfi_zscore,firebrick,13,1.4480235067245582,1.3356302115289576,1.5674070954524204
371,Inflammation of the eye,sense organs,SFI,< 0.0001,1.49 (1.37 - 1.63),22389,392,21997,1.3177357923292694e-19,sfi_zscore,darkseagreen4,7,1.4946759817724895,1.3687641882923958,1.6289004102283173
480,Pneumonia,respiratory,VFD,< 0.0001,1.31 (1.24 - 1.39),22510,1071,21439,1.3283291243331128e-19,vat_hu_zscore,coral4,9,1.3136378884435298,1.2381781031278642,1.393352952922829
459,Other disorders of circulatory system,circulatory system,VFD,< 0.0001,1.49 (1.36 - 1.62),21930,477,21453,1.3571583553563708e-19,vat_hu_zscore,red,8,1.4866737170926618,1.364044990601442,1.6195610628535801
689,Disorder of skin and subcutaneous tissue NOS,dermatologic,VFI,< 0.0001,1.49 (1.36 - 1.62),22779,351,22428,1.4954212510504002e-19,vfi_zscore,firebrick,13,1.4887229185260493,1.364275755805615,1.6212077372770803
555,Inflammatory bowel disease and other gastroenteritis and colitis,digestive,VFD,< 0.0001,1.41 (1.31 - 1.52),17085,687,16398,1.5850580258083772e-19,vat_hu_zscore,chartreuse4,10,1.414264949036101,1.3116138537197015,1.524412290210246
318,Tobacco use disorder,mental disorders,VFD,< 0.0001,1.23 (1.17 - 1.28),22095,2049,20046,1.832334967060349e-19,vat_hu_zscore,magenta,5,1.2275203966851558,1.1739791444570722,1.2833388252962512
416,Cardiomegaly,circulatory system,SFD,< 0.0001,1.34 (1.25 - 1.42),22072,769,21303,2.284950322835416e-19,sat_hu_zscore,red,8,1.3354497382058428,1.2531155429335534,1.4214554485398632
577,Diseases of pancreas,digestive,SFI,< 0.0001,1.26 (1.20 - 1.33),22779,1328,21451,2.5467366785508477e-19,sfi_zscore,chartreuse4,10,1.263150877906628,1.1999762009991783,1.3287328314531408
531,Peptic ulcer (excl. esophageal),digestive,SFD,< 0.0001,1.39 (1.29 - 1.49),22774,545,22229,2.5697073666098758e-19,sat_hu_zscore,chartreuse4,10,1.3889363777075263,1.29172898162979,1.490882509920502
573.3,Hepatomegaly,digestive,SFI,< 0.0001,1.53 (1.39 - 1.68),18800,265,18535,2.693175944977696e-19,sfi_zscore,chartreuse4,10,1.5335947235937886,1.3949470388981613,1.6814899772557639
625,Pain and other symptoms associated with female genital organs,genitourinary,SFI,< 0.0001,1.37 (1.28 - 1.47),12993,622,12371,2.7887257690098615e-19,sfi_zscore,black,11,1.3723595355772973,1.2801170978023761,1.4699561261698961
198,Secondary malignant neoplasm,neoplasms,SFI,< 0.0001,1.22 (1.17 - 1.27),21122,2095,19027,2.9115745162751863e-19,sfi_zscore,darkcyan,2,1.2204692903146954,1.168232104517416,1.2744971961381444
574.2,Calculus of bile duct,digestive,SFI,< 0.0001,1.56 (1.41 - 1.71),20975,286,20689,3.470553194936023e-19,sfi_zscore,chartreuse4,10,1.5567823005116364,1.4110000441151145,1.713018665318919
743,"Osteoporosis, osteopenia and pathological fracture",musculoskeletal,SFI,< 0.0001,1.30 (1.23 - 1.38),22779,1208,21571,3.695213888488921e-19,sfi_zscore,darkolivegreen,14,1.303765895628356,1.2296960406086752,1.3812950032580613
605,Erectile dysfunction [ED],genitourinary,SFI,< 0.0001,1.58 (1.42 - 1.74),8696,264,8432,3.7536580732588773e-19,sfi_zscore,black,11,1.5760274491221598,1.4245481747658355,1.7393266367487696
479,Other upper respiratory disease,respiratory,SFI,< 0.0001,1.39 (1.29 - 1.49),21650,521,21129,3.8313962696950894e-19,sfi_zscore,coral4,9,1.388745193192148,1.2911916711858276,1.4912323085171455
420,Carditis,circulatory system,VFD,< 0.0001,1.60 (1.44 - 1.78),22426,316,22110,3.9435638226908098e-19,vat_hu_zscore,red,8,1.6030125668375317,1.444994812331483,1.7773797122630843
304,Adjustment reaction,mental disorders,SFD,< 0.0001,1.42 (1.31 - 1.53),18988,496,18492,4.535336994162507e-19,sat_hu_zscore,magenta,5,1.4159090836728798,1.3104297646022867,1.5268664236185872
174.11,Malignant neoplasm of female breast,neoplasms,SFI,< 0.0001,1.43 (1.32 - 1.54),12376,602,11774,4.851867206680807e-19,sfi_zscore,darkcyan,2,1.4252570337323929,1.317715100456626,1.5399623594941332
722.6,Degeneration of intervertebral disc,musculoskeletal,VFI,< 0.0001,1.45 (1.34 - 1.58),21690,377,21313,5.019340489251939e-19,vfi_zscore,darkolivegreen,14,1.4529256984990193,1.3369774876576974,1.5759046230271838
350.2,Abnormality of gait,neurological,SFI,< 0.0001,1.61 (1.45 - 1.79),22392,300,22092,5.76960236155425e-19,sfi_zscore,darkblue,6,1.6097540774687429,1.447415959885581,1.7855171096159543
287.3,Thrombocytopenia,hematopoietic,SFI,< 0.0001,1.32 (1.24 - 1.41),21685,822,20863,6.24633157191756e-19,sfi_zscore,darkorange1,4,1.3225737910419757,1.242785522450716,1.405939816092986
596.5,Functional disorders of bladder,genitourinary,SFI,< 0.0001,1.53 (1.39 - 1.68),21696,305,21391,6.434794930841533e-19,sfi_zscore,black,11,1.5290336482508256,1.390411608176611,1.6771527146088856
579,Other symptoms involving abdomen and pelvis,digestive,SFD,< 0.0001,1.26 (1.20 - 1.33),21215,1293,19922,6.551159887173176e-19,sat_hu_zscore,chartreuse4,10,1.2647849385899879,1.200418945718143,1.3315682655184613
389.1,Sensorineural hearing loss,sense organs,VFI,< 0.0001,1.44 (1.33 - 1.57),22413,382,22031,6.601923912558916e-19,vfi_zscore,darkseagreen4,7,1.4443842865899688,1.330624301991324,1.5652272437706125
514.2,Solitary pulmonary nodule,respiratory,SFI,< 0.0001,1.37 (1.28 - 1.47),19764,655,19109,6.6626739034396775e-19,sfi_zscore,coral4,9,1.3724546725220914,1.278947608286931,1.4708550324557128
427.5,Arrhythmia (cardiac) NOS,circulatory system,SFI,< 0.0001,1.66 (1.48 - 1.85),17083,209,16874,6.824448850519095e-19,sfi_zscore,red,8,1.6571385161280088,1.479580808958994,1.8497964333360515
287,Purpura and other hemorrhagic conditions,hematopoietic,VFI,< 0.0001,1.31 (1.23 - 1.39),21733,870,20863,6.88503022932997e-19,vfi_zscore,darkorange1,4,1.3114481549053947,1.2346323620475796,1.391714461661245
788,Syncope and collapse,symptoms,SFI,< 0.0001,1.37 (1.28 - 1.47),22779,639,22140,7.463367474409253e-19,sfi_zscore,purple,17,1.3735766287957643,1.2795879545477455,1.4724113695587915
614,Inflammatory diseases of female pelvic organs,genitourinary,VFI,< 0.0001,1.39 (1.29 - 1.50),12981,618,12363,7.721725283955039e-19,vfi_zscore,black,11,1.3933270985975457,1.293794076081668,1.4983192434977668
216.1,Screening for malignant neoplasms of the skin,neoplasms,VFI,< 0.0001,1.53 (1.39 - 1.67),22297,283,22014,1.1354411476199624e-18,vfi_zscore,darkcyan,2,1.5261494376709863,1.3875566848991796,1.674541790477901
530.14,Reflux esophagitis,digestive,VFI,< 0.0001,1.46 (1.34 - 1.59),19362,360,19002,1.275246171813515e-18,vfi_zscore,chartreuse4,10,1.4634415986681353,1.3430331597445004,1.5912404749377367
427.61,Supraventricular premature beats,circulatory system,SFD,< 0.0001,1.57 (1.42 - 1.73),17148,276,16872,1.4780955464437102e-18,sat_hu_zscore,red,8,1.5672176833569718,1.4156492958402138,1.7300572450457876
702,Degenerative skin conditions and other dermatoses,dermatologic,SFD,< 0.0001,0.70 (0.65 - 0.76),22346,699,21647,1.5030417356346939e-18,sat_hu_zscore,firebrick,13,0.7025691553912664,0.6488512291645826,0.7595690848097562
368,Visual disturbances,sense organs,VFI,< 0.0001,1.41 (1.30 - 1.52),22732,490,22242,1.5431856413283881e-18,vfi_zscore,darkseagreen4,7,1.4054300763447265,1.301551428372161,1.515075128645381
573,Other disorders of liver,digestive,SFI,< 0.0001,1.28 (1.21 - 1.35),19689,1154,18535,1.8390262923685782e-18,sfi_zscore,chartreuse4,10,1.2798478335244008,1.2106482217099046,1.3519044277442296
809,Fracture of unspecified bones,injuries & poisonings,SFI,< 0.0001,1.38 (1.28 - 1.48),22138,557,21581,1.8990507918670175e-18,sfi_zscore,gray50,18,1.3775614253101676,1.2812990283883299,1.4787803538741766
401.2,Hypertensive heart and/or renal disease,circulatory system,SFD,< 0.0001,1.35 (1.26 - 1.45),18150,661,17489,2.0319874094266486e-18,sat_hu_zscore,red,8,1.354452688261705,1.2646689762070578,1.448744085323805
218,Benign neoplasm of uterus,neoplasms,VFI,< 0.0001,1.42 (1.31 - 1.53),12288,498,11790,2.287782642478209e-18,vfi_zscore,darkcyan,2,1.4152337790279637,1.3080499123774547,1.528612002097133
961.1,Poisoning/allergy of sulfonamides,injuries & poisonings,SFI,< 0.0001,1.45 (1.34 - 1.58),20559,417,20142,2.448634596704903e-18,sfi_zscore,gray50,18,1.4540209015142211,1.3355401395260253,1.5799799076851744
395,Heart valve disorders,circulatory system,SFI,< 0.0001,1.41 (1.31 - 1.53),22542,635,21907,2.774169989211713e-18,sfi_zscore,red,8,1.4139076236351296,1.30704453256632,1.5273188482687572
425.1,Primary/intrinsic cardiomyopathies,circulatory system,SFI,< 0.0001,1.49 (1.36 - 1.63),22452,342,22110,2.801119693136847e-18,sfi_zscore,red,8,1.491129082438633,1.3613127476486262,1.6293709499457651
465.2,Acute pharyngitis,respiratory,VFI,< 0.0001,1.50 (1.37 - 1.64),22084,369,21715,2.830345615419105e-18,vfi_zscore,coral4,9,1.5006661326322035,1.368084312573418,1.6422082507441251
172.2,Other non-epithelial cancer of skin,neoplasms,VFI,< 0.0001,1.41 (1.30 - 1.52),22443,451,21992,2.956120362607266e-18,vfi_zscore,darkcyan,2,1.4053347518716013,1.3007856883920552,1.516078932523542
574.2,Calculus of bile duct,digestive,VFI,< 0.0001,1.51 (1.37 - 1.65),20975,286,20689,3.0449814031355108e-18,vfi_zscore,chartreuse4,10,1.5087250407922344,1.3736079224161635,1.653126749271025
290,Delirium dementia and amnestic and other cognitive disorders,mental disorders,SFI,< 0.0001,1.44 (1.33 - 1.56),21594,649,20945,3.069322966695552e-18,sfi_zscore,magenta,5,1.4403578812837827,1.3258309107313326,1.5625887656767847
287.3,Thrombocytopenia,hematopoietic,VFI,< 0.0001,1.31 (1.23 - 1.40),21685,822,20863,3.2459954181453094e-18,vfi_zscore,darkorange1,4,1.3138234099306842,1.2348416882274449,1.3964317458978368
389.1,Sensorineural hearing loss,sense organs,SFI,< 0.0001,1.53 (1.39 - 1.69),22413,382,22031,3.3331413501106088e-18,sfi_zscore,darkseagreen4,7,1.5347673865397273,1.3919497736984172,1.6884881916723173
579.2,Splenomegaly,digestive,SFD,< 0.0001,1.45 (1.33 - 1.57),20343,421,19922,3.4478502444362095e-18,sat_hu_zscore,chartreuse4,10,1.4490418340671147,1.3311841338483847,1.5735828557404479
395,Heart valve disorders,circulatory system,VFI,< 0.0001,1.34 (1.25 - 1.43),22542,635,21907,3.5591089421686595e-18,vfi_zscore,red,8,1.3401082078838844,1.253760597468398,1.430780966942325
428.3,Heart failure with reduced EF [Systolic or combined heart failure],circulatory system,SFD,< 0.0001,1.41 (1.31 - 1.53),22126,462,21664,4.058134970512136e-18,sat_hu_zscore,red,8,1.4140604008016544,1.3063021854134742,1.5277402273182186
415,Pulmonary heart disease,circulatory system,SFD,< 0.0001,1.30 (1.22 - 1.38),22200,897,21303,5.41689508590169e-18,sat_hu_zscore,red,8,1.2992679061478725,1.223696223389056,1.377987482374908
595,Hydronephrosis,genitourinary,VFD,< 0.0001,1.35 (1.26 - 1.45),21968,784,21184,5.485349369575604e-18,vat_hu_zscore,black,11,1.3508149224201682,1.261553038610306,1.4459304171879241
797,Shock,symptoms,VFD,< 0.0001,1.75 (1.54 - 1.98),22779,205,22574,5.609051725766704e-18,vat_hu_zscore,purple,17,1.7487337110246777,1.539959812699787,1.984735211893881
452.2,Deep vein thrombosis [DVT],circulatory system,VFI,< 0.0001,1.34 (1.25 - 1.42),20272,692,19580,5.734364594433843e-18,vfi_zscore,red,8,1.335169929291815,1.2496305982853773,1.4248577630089723
569.2,Gastrointestinal complications,digestive,SFD,< 0.0001,1.43 (1.32 - 1.55),19886,456,19430,5.986504412351743e-18,sat_hu_zscore,chartreuse4,10,1.4277455386931737,1.3152520827027048,1.5462310489932443
443.9,"Peripheral vascular disease, unspecified",circulatory system,SFI,< 0.0001,1.66 (1.48 - 1.86),21823,244,21579,6.065899164333128e-18,sfi_zscore,red,8,1.661254805804611,1.477889325540995,1.861450657864386
426.8,Other cardiac conduction disorders,circulatory system,SFI,< 0.0001,1.48 (1.35 - 1.61),17215,341,16874,6.485166522668715e-18,sfi_zscore,red,8,1.4779430135371319,1.3506537518750574,1.6133465908475813
304,Adjustment reaction,mental disorders,VFD,< 0.0001,1.45 (1.33 - 1.58),18993,497,18496,6.765601526323989e-18,vat_hu_zscore,magenta,5,1.4520684126507648,1.3336335294635617,1.5802809525594024
726.1,Enthesopathy,musculoskeletal,VFI,< 0.0001,1.49 (1.36 - 1.63),21715,300,21415,6.956552583460054e-18,vfi_zscore,darkolivegreen,14,1.4936796196888567,1.3616343679689904,1.6345644755947257
809,Fracture of unspecified bones,injuries & poisonings,VFI,< 0.0001,1.38 (1.28 - 1.48),22138,557,21581,7.167872415908095e-18,vfi_zscore,gray50,18,1.3751175303369074,1.2779650317613556,1.477447081718768
479,Other upper respiratory disease,respiratory,VFI,< 0.0001,1.39 (1.29 - 1.50),21650,521,21129,7.343945652248317e-18,vfi_zscore,coral4,9,1.394976298232867,1.2920871579333753,1.5036430887995638
425,Cardiomyopathy,circulatory system,SFI,< 0.0001,1.45 (1.33 - 1.57),22513,403,22110,7.50677442029358e-18,sfi_zscore,red,8,1.448199470865488,1.3295862242237266,1.57400850223704
564,Functional digestive disorders,digestive,VFD,< 0.0001,1.28 (1.21 - 1.35),17698,1300,16398,7.873332650040447e-18,vat_hu_zscore,chartreuse4,10,1.2764663504835034,1.2072654039881017,1.3493368735813212
153,Colorectal cancer,neoplasms,SFI,< 0.0001,1.30 (1.22 - 1.38),20614,969,19645,8.066839085275065e-18,sfi_zscore,darkcyan,2,1.2981349071449282,1.222566567776069,1.3770410849503656
965.1,Opiates and related narcotics causing adverse effects in therapeutic use,injuries & poisonings,VFI,< 0.0001,1.42 (1.31 - 1.54),20576,434,20142,8.771198453897311e-18,vfi_zscore,gray50,18,1.4186062892301683,1.308501425545475,1.535052692162598
530.14,Reflux esophagitis,digestive,SFI,< 0.0001,1.48 (1.35 - 1.61),19362,360,19002,8.947507777368882e-18,sfi_zscore,chartreuse4,10,1.477134516452018,1.3495690092899524,1.612821279464618
785,Abdominal pain,symptoms,SFD,< 0.0001,0.89 (0.87 - 0.91),22774,11155,11619,9.082154651116669e-18,sat_hu_zscore,purple,17,0.8887978006691616,0.8651472761036597,0.9129953310242648
198.6,Secondary malignancy of bone,neoplasms,SFD,< 0.0001,1.44 (1.33 - 1.57),19448,422,19026,9.478896942353205e-18,sat_hu_zscore,darkcyan,2,1.4438776256558727,1.3260168201525704,1.5684819676812094
153.2,Colon cancer,neoplasms,VFD,< 0.0001,1.37 (1.28 - 1.48),20375,730,19645,9.480344708423764e-18,vat_hu_zscore,darkcyan,2,1.3723821935480842,1.276375360036566,1.4750222837763856
112,Candidiasis,infectious diseases,SFI,< 0.0001,1.35 (1.26 - 1.44),22252,625,21627,9.812657769410413e-18,sfi_zscore,blue,1,1.3498042159385162,1.2594594312076575,1.4446055225778487
198.6,Secondary malignancy of bone,neoplasms,VFD,< 0.0001,1.50 (1.37 - 1.64),19450,423,19027,1.001356404558301e-17,vat_hu_zscore,darkcyan,2,1.4997456978420303,1.3665524598476646,1.6448589636161877
401.1,Essential hypertension,circulatory system,VFD,< 0.0001,0.86 (0.84 - 0.89),22489,4997,17492,1.0093214230965577e-17,vat_hu_zscore,red,8,0.8643371332995128,0.8359476095380584,0.8935783343841599
595,Hydronephrosis,genitourinary,SFI,< 0.0001,1.32 (1.24 - 1.40),21968,784,21184,1.0318322290446717e-17,sfi_zscore,black,11,1.3178363438433123,1.2364704113916896,1.4028890552353634
571.8,Liver abscess and sequelae of chronic liver disease,digestive,VFI,< 0.0001,1.34 (1.25 - 1.43),19218,683,18535,1.1007281619053565e-17,vfi_zscore,chartreuse4,10,1.3413053107331556,1.253319310322786,1.433712379918243
008.52,Intestinal infection due to C. difficile,infectious diseases,VFD,< 0.0001,1.52 (1.38 - 1.68),22385,369,22016,1.2035657709530658e-17,vat_hu_zscore,blue,1,1.523406036208844,1.3828977397737254,1.6773017681453104
577.1,Acute pancreatitis,digestive,SFI,< 0.0001,1.35 (1.26 - 1.44),22051,600,21451,1.3029322070996658e-17,sfi_zscore,chartreuse4,10,1.347967005518027,1.2577717754754882,1.442540149239942
218.1,Uterine leiomyoma,neoplasms,VFI,< 0.0001,1.41 (1.30 - 1.52),12281,491,11790,1.5093185466379558e-17,vfi_zscore,darkcyan,2,1.4073041200675072,1.2997987100016937,1.5210328666364898
172,Skin cancer,neoplasms,SFI,< 0.0001,1.42 (1.31 - 1.54),22562,570,21992,1.604866851373487e-17,sfi_zscore,darkcyan,2,1.418786845904147,1.3079783849992392,1.5364878407406015
578.2,Blood in stool,digestive,SFI,< 0.0001,1.33 (1.24 - 1.42),20631,707,19924,1.7385929343368283e-17,sfi_zscore,chartreuse4,10,1.3277475821188598,1.243002788479724,1.4164537507448505
427.6,Premature beats,circulatory system,VFD,< 0.0001,1.39 (1.29 - 1.51),17555,681,16874,1.9462636813567688e-17,vat_hu_zscore,red,8,1.394551104596615,1.2912879482117527,1.50546256505204
395.2,Nonrheumatic aortic valve disorders,circulatory system,VFI,< 0.0001,1.50 (1.36 - 1.64),22184,277,21907,2.088463402565119e-17,vfi_zscore,red,8,1.49892545009343,1.3636565686679856,1.6441425300023662
155.1,"Malignant neoplasm of liver, primary",neoplasms,SFD,< 0.0001,1.55 (1.40 - 1.71),20462,260,20202,2.133536428383205e-17,sat_hu_zscore,darkcyan,2,1.5498335718810883,1.3981277862935646,1.7121084372293192
275,Disorders of mineral metabolism,endocrine/metabolic,SFI,< 0.0001,1.30 (1.22 - 1.38),22779,899,21880,2.1504785184317686e-17,sfi_zscore,brown,3,1.2966710003853792,1.2204876336555204,1.3761655190988056
427.21,Atrial fibrillation,circulatory system,VFD,< 0.0001,1.30 (1.22 - 1.38),18094,1220,16874,2.514549920696705e-17,vat_hu_zscore,red,8,1.2993621402173132,1.2228163276880628,1.3804538642838637
260,Protein-calorie malnutrition,endocrine/metabolic,SFI,< 0.0001,0.75 (0.71 - 0.80),21735,1340,20395,2.8729350714358996e-17,sfi_zscore,brown,3,0.7537846423975009,0.70544714067194,0.804274309086928
509.1,Respiratory failure,respiratory,SFI,< 0.0001,1.33 (1.25 - 1.43),20845,689,20156,3.007035011564014e-17,sfi_zscore,coral4,9,1.3346248304952923,1.2472982023222081,1.426170830339283
433.2,Occlusion of cerebral arteries,circulatory system,SFI,< 0.0001,1.52 (1.38 - 1.67),22055,342,21713,3.191760741267054e-17,sfi_zscore,red,8,1.5209078629292658,1.3779584958759823,1.6744623308866324
560.4,Other intestinal obstruction,digestive,SFI,< 0.0001,1.24 (1.18 - 1.31),17794,1396,16398,3.252494054704759e-17,sfi_zscore,chartreuse4,10,1.244605131696474,1.182497568086829,1.3090700161664464
318,Tobacco use disorder,mental disorders,SFD,< 0.0001,1.20 (1.15 - 1.26),22090,2048,20042,3.427206909001958e-17,sat_hu_zscore,magenta,5,1.2037298785383617,1.152683058901354,1.2564756846825997
579.2,Splenomegaly,digestive,VFI,< 0.0001,1.43 (1.32 - 1.56),20345,421,19924,3.4318697920218454e-17,vfi_zscore,chartreuse4,10,1.43276177779787,1.3165624990204126,1.556286762219949
729,Other disorders of soft tissues,musculoskeletal,SFI,< 0.0001,1.45 (1.33 - 1.58),21799,384,21415,3.63018852954138e-17,sfi_zscore,darkolivegreen,14,1.4523648802638573,1.330014916153677,1.5823884368678478
567,Peritonitis and retroperitoneal infections,digestive,SFI,< 0.0001,1.25 (1.19 - 1.32),20648,1215,19433,3.681521880115863e-17,sfi_zscore,chartreuse4,10,1.2519814367527986,1.1877259749453921,1.318717432597898
464,Acute sinusitis,respiratory,SFI,< 0.0001,1.49 (1.36 - 1.64),22001,286,21715,3.9061208478943225e-17,sfi_zscore,coral4,9,1.4947781375098863,1.3592315755369813,1.6393397722651928
965,"Poisoning by analgesics, antipyretics, and antirheumatics",injuries & poisonings,SFI,< 0.0001,1.47 (1.34 - 1.61),20476,334,20142,4.5073529476000984e-17,sfi_zscore,gray50,18,1.4730318983779558,1.3440244050158159,1.6105059689884262
415.1,Acute pulmonary heart disease,circulatory system,VFI,< 0.0001,1.40 (1.29 - 1.51),21764,456,21308,4.593446391921806e-17,vfi_zscore,red,8,1.3987564370184755,1.2922315439139713,1.5115049959192015
535.2,Atrophic gastritis,digestive,VFI,< 0.0001,1.44 (1.32 - 1.57),21068,365,20703,4.6832514198716876e-17,vfi_zscore,chartreuse4,10,1.442221237034571,1.322536002581225,1.5693365696779784
241,Nontoxic nodular goiter,endocrine/metabolic,VFI,< 0.0001,1.43 (1.32 - 1.56),21097,363,20734,5.181685242591773e-17,vfi_zscore,brown,3,1.434340857929882,1.3168650906603194,1.5590038080957362
355.1,Chronic pain syndrome,neurological,SFI,< 0.0001,1.57 (1.41 - 1.74),22169,211,21958,5.4550193153502866e-17,sfi_zscore,darkblue,6,1.5659955129740961,1.4074826818046973,1.7365539644176178
443,Peripheral vascular disease,circulatory system,SFI,< 0.0001,1.54 (1.39 - 1.70),21897,318,21579,5.558669035510998e-17,sfi_zscore,red,8,1.5400301512910828,1.390064064909825,1.7016612365563426
580,Nephritis; nephrosis; renal sclerosis,genitourinary,VFI,< 0.0001,1.62 (1.44 - 1.81),19744,200,19544,5.819871233324399e-17,vfi_zscore,black,11,1.6182288083268264,1.4429723505574052,1.8083268934830532
614.5,"Inflammatory disease of cervix, vagina, and vulva",genitourinary,SFI,< 0.0001,1.53 (1.38 - 1.69),12622,259,12363,6.138900289246177e-17,sfi_zscore,black,11,1.5285157985948772,1.3823699087884138,1.6868388103049925
271,Disorders of carbohydrate transport and metabolism,endocrine/metabolic,VFI,< 0.0001,1.57 (1.41 - 1.74),22779,209,22570,7.008049272294488e-17,vfi_zscore,brown,3,1.5676933342484383,1.4082793447681545,1.739693908606166
743,"Osteoporosis, osteopenia and pathological fracture",musculoskeletal,VFI,< 0.0001,1.24 (1.18 - 1.31),22779,1208,21571,7.368490647647865e-17,vfi_zscore,darkolivegreen,14,1.2437195108435244,1.1811794928525587,1.3087080391979196
443,Peripheral vascular disease,circulatory system,VFI,< 0.0001,1.45 (1.33 - 1.59),21897,318,21579,7.457682723811678e-17,vfi_zscore,red,8,1.453625795074195,1.3298029507085471,1.5856240237924697
433.21,"Cerebral artery occlusion, with cerebral infarction",circulatory system,SFI,< 0.0001,1.52 (1.38 - 1.68),22045,332,21713,7.894975308280871e-17,sfi_zscore,red,8,1.5241668687253898,1.3784311019124773,1.6809189312226718
271.3,Intestinal disaccharidase deficiencies and disaccharide malabsorption,endocrine/metabolic,VFI,< 0.0001,1.57 (1.41 - 1.75),22774,204,22570,8.053563923126817e-17,vfi_zscore,brown,3,1.5726506577960844,1.411355016658592,1.746823492934407
290,Delirium dementia and amnestic and other cognitive disorders,mental disorders,VFI,< 0.0001,1.33 (1.24 - 1.42),21594,649,20945,9.123129131837347e-17,vfi_zscore,magenta,5,1.3275462143135601,1.2410951759813826,1.418509368050901
348,Other conditions of brain,neurological,VFD,< 0.0001,1.48 (1.35 - 1.62),21552,410,21142,9.234246158016165e-17,vat_hu_zscore,darkblue,6,1.4775666499598383,1.3472312793910346,1.6195871529892472
599.2,Retention of urine,genitourinary,VFI,< 0.0001,1.35 (1.26 - 1.45),20745,578,20167,9.47383859126205e-17,vfi_zscore,black,11,1.3493083127628254,1.2563783114481257,1.447136443456854
295,Schizophrenia and other psychotic disorders,mental disorders,SFI,< 0.0001,1.54 (1.39 - 1.70),18750,254,18496,9.559409210192748e-17,sfi_zscore,magenta,5,1.539968509638648,1.3884959741950178,1.7024851575030235
512.9,Other dyspnea,respiratory,SFD,< 0.0001,1.28 (1.21 - 1.36),19973,985,18988,9.64661528621849e-17,sat_hu_zscore,coral4,9,1.2802868263371987,1.2071715244682384,1.356450661958545
173,Neoplasm of uncertain behavior of skin,neoplasms,VFI,< 0.0001,1.42 (1.30 - 1.54),22380,388,21992,1.0144399602809934e-16,vfi_zscore,darkcyan,2,1.417309567303173,1.3040190987168154,1.5375459798780595
250.4,Abnormal glucose,endocrine/metabolic,VFD,< 0.0001,0.77 (0.73 - 0.82),20594,1220,19374,1.1099034669758484e-16,vat_hu_zscore,brown,3,0.7717205821047506,0.7256973541909179,0.8202810999053702
568,Other disorders of peritoneum,digestive,SFI,< 0.0001,1.31 (1.23 - 1.39),20205,772,19433,1.1555716405194587e-16,sfi_zscore,chartreuse4,10,1.3056466251053795,1.2250820021239857,1.389847471922291
292.3,Memory loss,mental disorders,SFI,< 0.0001,1.64 (1.46 - 1.84),21177,232,20945,1.180010472431225e-16,sfi_zscore,magenta,5,1.6427328972422923,1.4582019477107162,1.8445496778310113
443.9,"Peripheral vascular disease, unspecified",circulatory system,VFI,< 0.0001,1.52 (1.37 - 1.67),21823,244,21579,1.2380689307888043e-16,vfi_zscore,red,8,1.5169351929511532,1.3726541251703386,1.672281595883531
977,Personal history of allergy to medicinal agents,injuries & poisonings,SFD,< 0.0001,1.29 (1.22 - 1.37),21026,887,20139,1.2708702180118752e-16,sat_hu_zscore,gray50,18,1.2942202765433977,1.2167876115279603,1.3749279280538043
565,Anal and rectal conditions,digestive,SFI,< 0.0001,1.30 (1.22 - 1.38),20204,771,19433,1.2712764760760537e-16,sfi_zscore,chartreuse4,10,1.2982248808210424,1.219663040182015,1.3802119571932359
290.1,Dementias,mental disorders,SFI,< 0.0001,1.75 (1.53 - 2.00),21257,312,20945,1.4305015536123087e-16,sfi_zscore,magenta,5,1.750842834241812,1.5310148718269965,1.9974078352671307
415.11,"Pulmonary embolism and infarction, acute",circulatory system,VFI,< 0.0001,1.39 (1.29 - 1.51),21760,452,21308,1.485656920540784e-16,vfi_zscore,red,8,1.3936281922448854,1.2868992603570062,1.506614477340292
596.5,Functional disorders of bladder,genitourinary,VFI,< 0.0001,1.47 (1.34 - 1.61),21696,305,21391,1.5349524973296967e-16,vfi_zscore,black,11,1.4719245084125896,1.3411547496997296,1.6116204517854826
198,Secondary malignant neoplasm,neoplasms,VFI,< 0.0001,1.19 (1.14 - 1.24),21122,2095,19027,1.5929630454887233e-16,vfi_zscore,darkcyan,2,1.191238590349709,1.1424962070806588,1.2415759640754862
420.2,Pericarditis,circulatory system,VFD,< 0.0001,1.67 (1.47 - 1.88),22335,225,22110,1.9765155684094801e-16,vat_hu_zscore,red,8,1.6663916077609047,1.4748015640292922,1.8815702522226152
741.4,Joint effusions,musculoskeletal,SFI,< 0.0001,1.60 (1.43 - 1.79),22528,206,22322,2.244054545288518e-16,sfi_zscore,darkolivegreen,14,1.5988809441734473,1.4266123671605917,1.7853827536926652
585.3,Chronic renal failure [CKD],genitourinary,VFD,< 0.0001,1.30 (1.22 - 1.39),20496,952,19544,2.3237213133985617e-16,vat_hu_zscore,black,11,1.3048833316391923,1.224307441467681,1.3903340944219575
280,Iron deficiency anemias,hematopoietic,VFI,< 0.0001,1.25 (1.19 - 1.32),20338,1138,19200,2.3653459644327943e-16,vfi_zscore,darkorange1,4,1.253209696825561,1.1869253754969715,1.322160653074643
112,Candidiasis,infectious diseases,SFD,< 0.0001,1.34 (1.25 - 1.43),22247,625,21622,2.4104522075537915e-16,sat_hu_zscore,blue,1,1.3361596932667927,1.2456604777529285,1.430836445096014
512.2,Painful respiration,respiratory,SFI,< 0.0001,1.49 (1.35 - 1.64),19274,283,18991,2.4481442349317156e-16,sfi_zscore,coral4,9,1.492831120155305,1.3543750725850867,1.6406343565945771
949,"Allergies, other",injuries & poisonings,VFI,< 0.0001,1.37 (1.27 - 1.47),21681,532,21149,2.4865302397511833e-16,vfi_zscore,gray50,18,1.3683241475543348,1.2683733008834717,1.4737132213946473
564.1,Irritable Bowel Syndrome,digestive,SFI,< 0.0001,1.44 (1.32 - 1.57),16738,340,16398,2.8979530477511686e-16,sfi_zscore,chartreuse4,10,1.4414073771714369,1.3188584920731345,1.5716783910458785
276.14,Hypopotassemia,endocrine/metabolic,VFI,< 0.0001,1.28 (1.21 - 1.36),20521,868,19653,3.0160952426550134e-16,vfi_zscore,brown,3,1.2813607664082713,1.206758894701986,1.3591890982647306
425.1,Primary/intrinsic cardiomyopathies,circulatory system,VFI,< 0.0001,1.45 (1.32 - 1.58),22452,342,22110,3.087227242401054e-16,vfi_zscore,red,8,1.4453382519773719,1.3216505987136453,1.5772867930741548
585.32,End stage renal disease,genitourinary,VFI,< 0.0001,1.49 (1.36 - 1.64),19835,291,19544,3.092328943940703e-16,vfi_zscore,black,11,1.4943665225339764,1.3551721217401058,1.643462276903943
189.2,Cancer of bladder,neoplasms,SFI,< 0.0001,1.52 (1.37 - 1.68),22506,342,22164,3.3822502717914304e-16,sfi_zscore,darkcyan,2,1.5207062322728913,1.3731683586501497,1.679766155447938
503,Pulmonary congestion and hypostasis,respiratory,VFI,< 0.0001,1.33 (1.24 - 1.42),20776,620,20156,3.743042053734941e-16,vfi_zscore,coral4,9,1.3258811891833562,1.2380811108084038,1.4181344094948543
208,Benign neoplasm of colon,neoplasms,SFD,< 0.0001,0.76 (0.72 - 0.82),21988,1098,20890,3.760764481011827e-16,sat_hu_zscore,darkcyan,2,0.7645684758976831,0.7163310751778319,0.8151983273226219
565,Anal and rectal conditions,digestive,VFI,< 0.0001,1.31 (1.22 - 1.39),20204,771,19433,3.809767077070966e-16,vfi_zscore,chartreuse4,10,1.3061054283940638,1.2240850903701903,1.3920322676453807
427.61,Supraventricular premature beats,circulatory system,VFI,< 0.0001,1.49 (1.35 - 1.64),17150,276,16874,4.343661287239995e-16,vfi_zscore,red,8,1.487982024186739,1.350281290637842,1.6358352472810014
357,Inflammatory and toxic neuropathy,neurological,VFI,< 0.0001,1.48 (1.34 - 1.62),22532,287,22245,4.615570497049176e-16,vfi_zscore,darkblue,6,1.4788518173102356,1.343814022103819,1.6233520937536194
189.21,Malignant neoplasm of bladder,neoplasms,SFI,< 0.0001,1.54 (1.39 - 1.71),22484,320,22164,5.026924360125903e-16,sfi_zscore,darkcyan,2,1.5396260749218003,1.3851605306438124,1.7066545171627407
070,Viral hepatitis,infectious diseases,VFD,< 0.0001,1.38 (1.27 - 1.49),21786,601,21185,5.088254401528729e-16,vat_hu_zscore,blue,1,1.376709713990896,1.2740164267551901,1.4869863070383962
433.2,Occlusion of cerebral arteries,circulatory system,VFI,< 0.0001,1.43 (1.31 - 1.55),22055,342,21713,5.117730253512224e-16,vfi_zscore,red,8,1.4263248129426245,1.307584000159864,1.5526348396577891
425,Cardiomyopathy,circulatory system,VFI,< 0.0001,1.41 (1.29 - 1.53),22513,403,22110,5.571745042680877e-16,vfi_zscore,red,8,1.406872054152578,1.2940643625700283,1.5266862556682368
729,Other disorders of soft tissues,musculoskeletal,VFI,< 0.0001,1.41 (1.30 - 1.53),21799,384,21415,5.652808366631641e-16,vfi_zscore,darkolivegreen,14,1.4108042406070804,1.2965902971229057,1.5318165621414273
568.1,Peritoneal adhesions (postoperative) (postinfection),digestive,VFD,< 0.0001,1.48 (1.34 - 1.62),19830,397,19433,6.193395401896988e-16,vat_hu_zscore,chartreuse4,10,1.476116210291359,1.3426348965699806,1.6217271071564319
573.6,Nonspecific elevation of levels of transaminase or lactic acid dehydrogenase [LDH],digestive,VFI,< 0.0001,1.38 (1.27 - 1.49),19054,519,18535,6.378542229882752e-16,vfi_zscore,chartreuse4,10,1.3766279948372702,1.2728001780363605,1.4863532776374573
008.5,Bacterial enteritis,infectious diseases,SFD,< 0.0001,1.39 (1.28 - 1.50),22458,447,22011,6.991868410167532e-16,sat_hu_zscore,blue,1,1.3879264648789935,1.280222155891314,1.501293170120581
357,Inflammatory and toxic neuropathy,neurological,SFI,< 0.0001,1.50 (1.35 - 1.65),22532,287,22245,7.193139543120489e-16,sfi_zscore,darkblue,6,1.4967283698728642,1.3549655746349212,1.6485090552815693
771.1,Swelling of limb,symptoms,SFD,< 0.0001,1.35 (1.25 - 1.45),22453,538,21915,7.765360036937863e-16,sat_hu_zscore,purple,17,1.3510610438514081,1.2545099903406853,1.4523508743762095
080,Postoperative infection,infectious diseases,SFD,< 0.0001,1.44 (1.31 - 1.56),22582,351,22231,7.955080529856929e-16,sat_hu_zscore,blue,1,1.4350487260684421,1.3123840618386027,1.564757453024261
458,Hypotension,circulatory system,SFI,< 0.0001,1.28 (1.21 - 1.36),22411,958,21453,7.972987194279192e-16,sfi_zscore,red,8,1.2822797793461607,1.20636622850419,1.3615825368229306
292.4,Altered mental status,mental disorders,VFI,< 0.0001,1.27 (1.20 - 1.35),21851,906,20945,8.469532895798198e-16,vfi_zscore,magenta,5,1.2701835650326065,1.1977600480900412,1.3457919284554425
513,Respiratory abnormalities,respiratory,VFI,< 0.0001,1.54 (1.38 - 1.71),22779,229,22550,9.047310645684071e-16,vfi_zscore,coral4,9,1.5404007418026626,1.3842489872394634,1.7091352548747987
840,Sprains and strains,injuries & poisonings,VFI,< 0.0001,1.47 (1.33 - 1.61),22643,318,22325,9.405679754238408e-16,vfi_zscore,gray50,18,1.4674854121582395,1.3346130602310715,1.609447883207351
272.13,Mixed hyperlipidemia,endocrine/metabolic,VFD,< 0.0001,0.56 (0.49 - 0.64),19148,209,18939,1.0155869772217407e-15,vat_hu_zscore,brown,3,0.559713424507066,0.48512540994450953,0.6448620426670495
560,Intestinal obstruction without mention of hernia,digestive,VFI,< 0.0001,1.20 (1.15 - 1.26),18264,1866,16398,1.1574770492926544e-15,vfi_zscore,chartreuse4,10,1.2032837328627803,1.1497111301320206,1.2587272909913265
241,Nontoxic nodular goiter,endocrine/metabolic,SFI,< 0.0001,1.46 (1.33 - 1.60),21097,363,20734,1.2726406630159994e-15,sfi_zscore,brown,3,1.4583167048518695,1.3279201861056382,1.5978142515068032
702.1,Actinic keratosis,dermatologic,SFI,< 0.0001,1.47 (1.34 - 1.61),22479,399,22080,1.3374466669608998e-15,sfi_zscore,firebrick,13,1.4707749629244926,1.336360251148343,1.6149567451304365
317.1,Alcoholism,mental disorders,SFD,< 0.0001,1.37 (1.27 - 1.48),20580,538,20042,1.3575904454946755e-15,sat_hu_zscore,magenta,5,1.371385752390421,1.2679006796206578,1.4804819831624898
317,Alcohol-related disorders,mental disorders,SFD,< 0.0001,1.35 (1.25 - 1.45),20646,604,20042,1.604583701234037e-15,sat_hu_zscore,magenta,5,1.3501822259253364,1.2529695083949246,1.4524461492838856
702.2,Seborrheic keratosis,dermatologic,SFD,< 0.0001,0.70 (0.64 - 0.76),22581,506,22075,1.7789274365045593e-15,sat_hu_zscore,firebrick,13,0.6954276635929956,0.6352817148180793,0.7600476186974823
440,Atherosclerosis,circulatory system,VFI,< 0.0001,1.50 (1.36 - 1.66),21815,236,21579,1.838479615717306e-15,vfi_zscore,red,8,1.5012649465995351,1.3562820973740524,1.6573372008566332
599.2,Retention of urine,genitourinary,SFI,< 0.0001,1.36 (1.26 - 1.46),20745,578,20167,1.864885379869915e-15,sfi_zscore,black,11,1.3578885969725418,1.258121516226834,1.4630634610304223
371.3,Inflammation of eyelids,sense organs,SFI,< 0.0001,1.53 (1.37 - 1.69),22276,279,21997,1.8928068040178795e-15,sfi_zscore,darkseagreen4,7,1.5270914002353229,1.3736612115581182,1.6928284663074953
350.1,Abnormal involuntary movements,neurological,SFI,< 0.0001,1.46 (1.33 - 1.60),22416,324,22092,1.9051650316762595e-15,sfi_zscore,darkblue,6,1.4603745994603583,1.328302855206773,1.601278175300517
961.1,Poisoning/allergy of sulfonamides,injuries & poisonings,VFI,< 0.0001,1.39 (1.28 - 1.50),20559,417,20142,2.1007886002809826e-15,vfi_zscore,gray50,18,1.3860759105652702,1.277331446343112,1.5010227507247806
196,Radiotherapy,neoplasms,SFI,< 0.0001,1.34 (1.24 - 1.44),19608,581,19027,2.1182982705504155e-15,sfi_zscore,darkcyan,2,1.3374487789042098,1.2437646515768703,1.4359865637916123
840,Sprains and strains,injuries & poisonings,SFI,< 0.0001,1.44 (1.31 - 1.57),22643,318,22325,2.1489193801424197e-15,sfi_zscore,gray50,18,1.437767499510338,1.3125824378874797,1.5707312052929894
433.21,"Cerebral artery occlusion, with cerebral infarction",circulatory system,VFI,< 0.0001,1.42 (1.30 - 1.55),22045,332,21713,2.1826807377232793e-15,vfi_zscore,red,8,1.4225290573241582,1.3023929919275972,1.5504121731969547
426.3,Bundle branch block,circulatory system,SFD,< 0.0001,1.33 (1.24 - 1.43),17569,697,16872,2.23164612429263e-15,sat_hu_zscore,red,8,1.3346714307364125,1.2418130337664053,1.4324261520050836
401.22,Hypertensive chronic kidney disease,circulatory system,SFD,< 0.0001,1.38 (1.27 - 1.49),17946,457,17489,2.238510046445402e-15,sat_hu_zscore,red,8,1.3798211173282389,1.2729196962669256,1.4927170209798222
348,Other conditions of brain,neurological,SFI,< 0.0001,1.40 (1.28 - 1.51),21552,410,21142,2.2459707351205458e-15,sfi_zscore,darkblue,6,1.3964339491357138,1.2842763580949748,1.5149967494738616
041.1,Staphylococcus infections,infectious diseases,SFI,< 0.0001,1.42 (1.30 - 1.55),20520,341,20179,2.446294237923072e-15,sfi_zscore,blue,1,1.4223341479471303,1.301800178383136,1.5500977555219424
564.9,Personal history of diseases of digestive system,digestive,VFI,< 0.0001,1.51 (1.36 - 1.67),16645,247,16398,2.5034476147410885e-15,vfi_zscore,chartreuse4,10,1.5107948702254377,1.361859815232028,1.6710212921583776
578.2,Blood in stool,digestive,VFI,< 0.0001,1.31 (1.22 - 1.39),20631,707,19924,2.5535210109455014e-15,vfi_zscore,chartreuse4,10,1.305568920654375,1.2213238836782965,1.393890999535629
371,Inflammation of the eye,sense organs,VFI,< 0.0001,1.39 (1.28 - 1.51),22389,392,21997,2.592508729484628e-15,vfi_zscore,darkseagreen4,7,1.391969850059171,1.2810499311066428,1.5093595121392809
571.8,Liver abscess and sequelae of chronic liver disease,digestive,SFI,< 0.0001,1.32 (1.23 - 1.41),19218,683,18535,2.9596274416165302e-15,sfi_zscore,chartreuse4,10,1.3155797165459435,1.2280516064444678,1.407345290530308
427.61,Supraventricular premature beats,circulatory system,VFD,< 0.0001,1.60 (1.42 - 1.79),17150,276,16874,3.205600146023703e-15,vat_hu_zscore,red,8,1.596372439455851,1.4204149095553216,1.7925790623820563
289.4,Lymphadenitis,hematopoietic,SFD,< 0.0001,1.24 (1.18 - 1.31),21109,1219,19890,3.31501835840357e-15,sat_hu_zscore,darkorange1,4,1.2419565805560986,1.176262032661682,1.3101908556311779
568.1,Peritoneal adhesions (postoperative) (postinfection),digestive,SFI,< 0.0001,1.40 (1.29 - 1.52),19830,397,19433,3.703388212705087e-15,sfi_zscore,chartreuse4,10,1.399261092582415,1.285387626978796,1.5198273576254073
578.9,Hemorrhage of gastrointestinal tract,digestive,SFI,< 0.0001,1.33 (1.24 - 1.42),20587,663,19924,3.808279367792082e-15,sfi_zscore,chartreuse4,10,1.3260538814894547,1.2350242216396894,1.4217210531760427
613,Other nonmalignant breast conditions,genitourinary,SFI,< 0.0001,1.48 (1.34 - 1.63),22779,288,22491,4.121724374833957e-15,sfi_zscore,black,11,1.4806330516903148,1.3409200113543251,1.6314143803386005
698,Pruritus and related conditions,dermatologic,SFI,< 0.0001,1.39 (1.28 - 1.51),22779,422,22357,4.1782121308549936e-15,sfi_zscore,firebrick,13,1.389635734026763,1.2786424456677368,1.5071092382773688
079,Viral infection,infectious diseases,SFI,< 0.0001,1.34 (1.24 - 1.44),21668,483,21185,4.191461659725265e-15,sfi_zscore,blue,1,1.3403789467850145,1.2446502994379687,1.440851618648751
441,Vascular insufficiency of intestine,circulatory system,VFD,< 0.0001,1.56 (1.40 - 1.75),21851,272,21579,4.445877243774949e-15,vat_hu_zscore,red,8,1.5645082255209766,1.398317351950308,1.7491181422535254
704,Diseases of hair and hair follicles,dermatologic,SFI,< 0.0001,1.44 (1.31 - 1.57),22597,292,22305,5.155753861351982e-15,sfi_zscore,firebrick,13,1.4382465702439005,1.3111895604282313,1.5732979061916796
573.6,Nonspecific elevation of levels of transaminase or lactic acid dehydrogenase [LDH],digestive,SFI,< 0.0001,1.34 (1.25 - 1.44),19054,519,18535,5.463701590189349e-15,sfi_zscore,chartreuse4,10,1.3426682108504036,1.2458680555743502,1.4443968455324339
578.8,Hemorrhage of rectum and anus,digestive,VFI,< 0.0001,1.37 (1.27 - 1.48),20386,462,19924,5.5499295042225704e-15,vfi_zscore,chartreuse4,10,1.3719400964829163,1.266099003283107,1.4838814946004517
153,Colorectal cancer,neoplasms,VFI,< 0.0001,1.25 (1.18 - 1.33),20614,969,19645,5.823708485099673e-15,vfi_zscore,darkcyan,2,1.2532821111037202,1.1836946841158489,1.325800463894381
458.9,Hypotension NOS,circulatory system,SFI,< 0.0001,1.31 (1.23 - 1.41),22175,722,21453,6.564253390056217e-15,sfi_zscore,red,8,1.3142938195925422,1.2261279132756018,1.406893661056129
189.21,Malignant neoplasm of bladder,neoplasms,VFI,< 0.0001,1.43 (1.31 - 1.56),22484,320,22164,6.897519677810966e-15,vfi_zscore,darkcyan,2,1.4311131340393581,1.3062787679158938,1.56477173262387
619.4,Noninflammatory disorders of vagina,genitourinary,SFI,< 0.0001,1.47 (1.33 - 1.61),12528,289,12239,6.9088252398877025e-15,sfi_zscore,black,11,1.4663042959409565,1.3302592694861224,1.6131889418778846
216,Benign neoplasm of skin,neoplasms,VFI,< 0.0001,1.36 (1.26 - 1.46),22524,510,22014,7.096422661277495e-15,vfi_zscore,darkcyan,2,1.3574112799620899,1.2557230753411028,1.464761900832044
512,Other symptoms of respiratory system,respiratory,SFD,< 0.0001,1.14 (1.11 - 1.18),22774,3786,18988,7.514905295708252e-15,sat_hu_zscore,coral4,9,1.1435868475766644,1.1054549711279233,1.1828190996818135
189.2,Cancer of bladder,neoplasms,VFI,< 0.0001,1.42 (1.30 - 1.54),22506,342,22164,7.590888026372201e-15,vfi_zscore,darkcyan,2,1.4159917868777392,1.2958110533580312,1.5443631185051878
503,Pulmonary congestion and hypostasis,respiratory,SFI,< 0.0001,1.33 (1.24 - 1.43),20776,620,20156,8.088028938746025e-15,sfi_zscore,coral4,9,1.3320016032243212,1.2380329594127923,1.4308765698684798
153.2,Colon cancer,neoplasms,SFI,< 0.0001,1.31 (1.22 - 1.40),20375,730,19645,8.233493274383617e-15,sfi_zscore,darkcyan,2,1.307277157102564,1.2209274878598324,1.3978577133668002
185,Cancer of prostate,neoplasms,SFD,< 0.0001,0.66 (0.59 - 0.73),8718,477,8241,8.291150888776123e-15,sat_hu_zscore,darkcyan,2,0.6591279949591838,0.5920476362747796,0.7305701342040177
626.1,Irregular menstrual cycle/bleeding,genitourinary,SFI,< 0.0001,1.39 (1.28 - 1.51),12077,372,11705,8.648834159924255e-15,sfi_zscore,black,11,1.393275572851038,1.2803428463576765,1.5141261117018119
555.2,Ulcerative colitis,digestive,VFD,< 0.0001,1.50 (1.35 - 1.66),16753,355,16398,9.150560547450816e-15,vat_hu_zscore,chartreuse4,10,1.4954110996123182,1.350165288517406,1.6550388323674319
513,Respiratory abnormalities,respiratory,SFI,< 0.0001,1.52 (1.36 - 1.69),22779,229,22550,9.225996039235531e-15,sfi_zscore,coral4,9,1.5204513758529479,1.364919793988742,1.687517382285166
112,Candidiasis,infectious diseases,VFI,< 0.0001,1.32 (1.23 - 1.41),22252,625,21627,9.743482837865272e-15,vfi_zscore,blue,1,1.3197624182757686,1.2293012535608099,1.4147734475839993
628,Ovarian cyst,genitourinary,SFI,< 0.0001,1.35 (1.25 - 1.45),12202,497,11705,9.836058463178054e-15,sfi_zscore,black,11,1.3478864587110104,1.2489970789042286,1.4529539086535561
689,Disorder of skin and subcutaneous tissue NOS,dermatologic,SFI,< 0.0001,1.42 (1.30 - 1.55),22779,351,22428,9.847559388352192e-15,sfi_zscore,firebrick,13,1.423127136438345,1.2997841168609996,1.554221904860487
415.2,Chronic pulmonary heart disease,circulatory system,VFI,< 0.0001,1.43 (1.30 - 1.56),21624,316,21308,9.915392985188349e-15,vfi_zscore,red,8,1.4300328663229145,1.3045303684907217,1.5637890629558315
196,Radiotherapy,neoplasms,VFI,< 0.0001,1.32 (1.23 - 1.41),19608,581,19027,1.120452250393773e-14,vfi_zscore,darkcyan,2,1.3188829444144936,1.2285057882806076,1.4138419128047766
401,Hypertension,circulatory system,VFD,< 0.0001,0.88 (0.85 - 0.91),22779,5287,17492,1.1759592438990303e-14,vat_hu_zscore,red,8,0.8798318596659817,0.8516406395048088,0.9088556585873652
507,Pleurisy; pleural effusion,respiratory,VFI,< 0.0001,1.19 (1.14 - 1.24),21984,1828,20156,1.2093979571191594e-14,vfi_zscore,coral4,9,1.1897745169013356,1.1381192071334163,1.2431872144458576
722.1,Displacement of intervertebral disc,musculoskeletal,VFI,< 0.0001,1.51 (1.36 - 1.68),21540,227,21313,1.2370530965744576e-14,vfi_zscore,darkolivegreen,14,1.5139955082168057,1.3601412013402938,1.6796337245207276
317.11,Alcoholic liver damage,mental disorders,VFI,< 0.0001,1.53 (1.37 - 1.70),20279,233,20046,1.2674205608421544e-14,vfi_zscore,magenta,5,1.5317509634834627,1.3722099819545457,1.7047222847652046
316,Substance addiction and disorders,mental disorders,VFI,< 0.0001,1.34 (1.24 - 1.44),20690,644,20046,1.2772934571561696e-14,vfi_zscore,magenta,5,1.3363961103140896,1.2404269560384171,1.4376107039906245
211,Benign neoplasm of other parts of digestive system,neoplasms,VFI,< 0.0001,1.47 (1.33 - 1.62),20567,256,20311,1.2790801960502584e-14,vfi_zscore,darkcyan,2,1.4712413961216033,1.3316675282999486,1.620839523208458
374,Other disorders of eyelids,sense organs,VFI,< 0.0001,1.46 (1.32 - 1.61),22256,259,21997,1.3732960488216832e-14,vfi_zscore,darkseagreen4,7,1.4612651674959871,1.3247620227629548,1.607246360726281
427.22,Atrial flutter,circulatory system,SFD,< 0.0001,1.49 (1.34 - 1.64),17158,286,16872,1.4245466309281748e-14,sat_hu_zscore,red,8,1.485250660481197,1.3404598886877395,1.6401028223527514
512.7,Shortness of breath,respiratory,VFD,< 0.0001,1.18 (1.13 - 1.24),21209,2218,18991,1.666379124218077e-14,vat_hu_zscore,coral4,9,1.1845001103934658,1.1342954768400937,1.2367748962632723
250.41,Impaired fasting glucose,endocrine/metabolic,VFD,< 0.0001,0.63 (0.56 - 0.71),19686,312,19374,1.7198563329415262e-14,vat_hu_zscore,brown,3,0.6295152127658901,0.5589035072102956,0.7083788171757721
613,Other nonmalignant breast conditions,genitourinary,VFI,< 0.0001,1.46 (1.32 - 1.60),22779,288,22491,1.8382945478797977e-14,vfi_zscore,black,11,1.4554399909807765,1.3201275804929253,1.5998668535534175
355.1,Chronic pain syndrome,neurological,VFI,< 0.0001,1.54 (1.38 - 1.72),22169,211,21958,1.881524394164192e-14,vfi_zscore,darkblue,6,1.5426674165206622,1.3779434910389665,1.7206326375913137
559,Ileostomy status,digestive,VFD,< 0.0001,1.51 (1.36 - 1.68),16720,322,16398,2.0193760620606528e-14,vat_hu_zscore,chartreuse4,10,1.5110983834628298,1.3587565034455475,1.679032734763121
204,Leukemia,neoplasms,VFI,< 0.0001,1.38 (1.27 - 1.50),22249,414,21835,2.0642595779918044e-14,vfi_zscore,darkcyan,2,1.3835633771635703,1.2718396734849664,1.502264215364875
531,Peptic ulcer (excl. esophageal),digestive,VFD,< 0.0001,1.37 (1.26 - 1.48),22779,545,22234,2.389401961137988e-14,vat_hu_zscore,chartreuse4,10,1.3693927581869627,1.262778279942276,1.484259234450499
280.1,"Iron deficiency anemias, unspecified or not due to blood loss",hematopoietic,VFI,< 0.0001,1.27 (1.19 - 1.35),20065,865,19200,2.4773744870196708e-14,vfi_zscore,darkorange1,4,1.2671882414839934,1.1916855270909072,1.3460482593358758
464,Acute sinusitis,respiratory,VFI,< 0.0001,1.46 (1.33 - 1.61),22001,286,21715,2.5852746508182207e-14,vfi_zscore,coral4,9,1.463910466351972,1.325120471539013,1.6124611845076735
558,Noninfectious gastroenteritis,digestive,VFD,< 0.0001,1.27 (1.19 - 1.35),17448,1050,16398,2.8149400495642594e-14,vat_hu_zscore,chartreuse4,10,1.270303919309402,1.1941614537786607,1.3508862752584603
615,Endometriosis,genitourinary,SFI,< 0.0001,1.47 (1.33 - 1.63),12617,254,12363,2.910503683960174e-14,sfi_zscore,black,11,1.4722841205870925,1.3310306032691928,1.6251258981880286
585.31,Renal dialysis,genitourinary,VFI,< 0.0001,1.47 (1.33 - 1.62),19824,280,19544,3.0866958593780624e-14,vfi_zscore,black,11,1.4700276142974555,1.3288501992216226,1.621442924450874
426.8,Other cardiac conduction disorders,circulatory system,VFI,< 0.0001,1.42 (1.30 - 1.55),17215,341,16874,3.366403919886574e-14,vfi_zscore,red,8,1.421323708182074,1.2962290931873206,1.55476160080325
427.11,Paroxysmal supraventricular tachycardia,circulatory system,VFI,< 0.0001,1.47 (1.33 - 1.62),17126,252,16874,3.452748630629091e-14,vfi_zscore,red,8,1.4657332744749132,1.325601151013766,1.6157600493431352
572,Ascites (non malignant),digestive,VFI,< 0.0001,1.20 (1.14 - 1.26),20235,1700,18535,3.7332493136091023e-14,vfi_zscore,chartreuse4,10,1.199703815552281,1.1441175960604586,1.2572589313046474
395.2,Nonrheumatic aortic valve disorders,circulatory system,SFI,< 0.0001,1.58 (1.40 - 1.77),22184,277,21907,3.822231020401009e-14,sfi_zscore,red,8,1.5755795409145252,1.3981530508454478,1.7697338274994914
173,Neoplasm of uncertain behavior of skin,neoplasms,SFI,< 0.0001,1.41 (1.29 - 1.54),22380,388,21992,4.344643191070124e-14,sfi_zscore,darkcyan,2,1.4124911471380848,1.2897537887908557,1.5431740544359727
687,Symptoms affecting skin,dermatologic,SFI,< 0.0001,1.49 (1.34 - 1.64),21512,235,21277,4.4801177431052864e-14,sfi_zscore,firebrick,13,1.4853823258061862,1.3378177970669545,1.643383160721517
458,Hypotension,circulatory system,VFI,< 0.0001,1.25 (1.18 - 1.32),22411,958,21453,4.8598817289017173e-14,vfi_zscore,red,8,1.2467065160269044,1.1766665059805816,1.3197159157188598
510,Other diseases of lung,respiratory,SFD,< 0.0001,1.37 (1.26 - 1.49),22733,422,22311,5.110586096131661e-14,sat_hu_zscore,coral4,9,1.3727742810258357,1.2625229670442626,1.48905162273102
726,Peripheral enthesopathies and allied syndromes,musculoskeletal,SFD,< 0.0001,0.72 (0.66 - 0.79),21977,566,21411,5.129757673795217e-14,sat_hu_zscore,darkolivegreen,14,0.7230861291059374,0.6641665334793063,0.7866315607445475
608,Other disorders of male genital organs,genitourinary,VFI,< 0.0001,1.58 (1.40 - 1.78),8660,228,8432,5.3239968296929815e-14,vfi_zscore,black,11,1.5834808385208583,1.4031778442907146,1.7832408736403136
374,Other disorders of eyelids,sense organs,SFI,< 0.0001,1.52 (1.36 - 1.69),22256,259,21997,5.6237748469587475e-14,sfi_zscore,darkseagreen4,7,1.517652309031693,1.3589143056320134,1.6894089439089168
531,Peptic ulcer (excl. esophageal),digestive,SFI,< 0.0001,1.34 (1.24 - 1.44),22779,545,22234,5.800064167729825e-14,sfi_zscore,chartreuse4,10,1.3373631878953278,1.2385531199320294,1.4415074154812746
626,Disorders of menstruation and other abnormal bleeding from female genital tract,genitourinary,VFI,< 0.0001,1.37 (1.26 - 1.49),12291,586,11705,6.115907832555372e-14,vfi_zscore,black,11,1.3725997822440443,1.2624053361442713,1.489625089673707
350.1,Abnormal involuntary movements,neurological,VFI,< 0.0001,1.41 (1.29 - 1.55),22416,324,22092,6.385081867052245e-14,vfi_zscore,darkblue,6,1.4140495397001926,1.2899934773965138,1.5462346355825725
117,Mycoses,infectious diseases,SFD,< 0.0001,1.50 (1.35 - 1.67),21851,229,21622,6.559670105688694e-14,sat_hu_zscore,blue,1,1.503171861648199,1.3482396816486002,1.6688259345544898
172.2,Other non-epithelial cancer of skin,neoplasms,SFI,< 0.0001,1.42 (1.29 - 1.55),22443,451,21992,6.59900563744925e-14,sfi_zscore,darkcyan,2,1.4159495311531305,1.2913958508469694,1.5491377577657062
292.1,Aphasia/speech disturbance,mental disorders,SFI,< 0.0001,1.58 (1.40 - 1.77),21150,205,20945,6.817410208749987e-14,sfi_zscore,magenta,5,1.5763908007987733,1.3964510474599547,1.772355893358574
550.1,Inguinal hernia,digestive,SFI,< 0.0001,1.53 (1.37 - 1.71),21490,255,21235,6.881609232065593e-14,sfi_zscore,chartreuse4,10,1.529714569143275,1.3660318611222968,1.7067633104879667
743.9,Osteopenia or other disorder of bone and cartilage,musculoskeletal,VFI,< 0.0001,1.31 (1.22 - 1.41),22119,548,21571,6.957235570661762e-14,vfi_zscore,darkolivegreen,14,1.314638402035612,1.2227978260139987,1.411142209426313
571,Chronic liver disease and cirrhosis,digestive,SFD,< 0.0001,1.19 (1.14 - 1.25),20488,1955,18533,6.993947538999068e-14,sat_hu_zscore,chartreuse4,10,1.1929960635590355,1.1388332742022556,1.2490645174278934
698,Pruritus and related conditions,dermatologic,VFI,< 0.0001,1.37 (1.26 - 1.48),22779,422,22357,7.971323209345782e-14,vfi_zscore,firebrick,13,1.3680088572184104,1.2586780250161682,1.4837328998479746
963.1,Antineoplastic and immunosuppressive drugs causing adverse effects,injuries & poisonings,VFD,< 0.0001,1.45 (1.31 - 1.59),20520,378,20142,9.3106653305081e-14,vat_hu_zscore,gray50,18,1.4453031755031684,1.3113164304368317,1.5918259946725717
704,Diseases of hair and hair follicles,dermatologic,VFI,< 0.0001,1.46 (1.32 - 1.62),22597,292,22305,1.0672374682511697e-13,vfi_zscore,firebrick,13,1.4637443751736539,1.321702684975618,1.6160854765942434
316,Substance addiction and disorders,mental disorders,VFD,< 0.0001,1.33 (1.24 - 1.44),20690,644,20046,1.1105840047655955e-13,vat_hu_zscore,magenta,5,1.3349768151199568,1.2366823069279727,1.440442467622179
870,Open wounds of head; neck; and trunk,injuries & poisonings,SFI,< 0.0001,1.37 (1.26 - 1.48),22544,409,22135,1.1496544994748568e-13,sfi_zscore,gray50,18,1.3651734024378575,1.2559403655028187,1.480485099854174
706,Diseases of sebaceous glands,dermatologic,SFI,< 0.0001,1.33 (1.23 - 1.43),22583,502,22081,1.1782611900456354e-13,sfi_zscore,firebrick,13,1.3280160310410625,1.230945947411957,1.4300899346824603
008.5,Bacterial enteritis,infectious diseases,VFD,< 0.0001,1.40 (1.28 - 1.53),22463,447,22016,1.201838395195568e-13,vat_hu_zscore,blue,1,1.3989453551843012,1.2797619777500593,1.5283081436168338
608,Other disorders of male genital organs,genitourinary,SFI,< 0.0001,1.45 (1.31 - 1.60),8660,228,8432,1.2449461376584508e-13,sfi_zscore,black,11,1.4535606410995505,1.314283649412433,1.602215280547721
771,Musculoskeletal symptoms referable to limbs,symptoms,SFI,< 0.0001,1.47 (1.32 - 1.62),22202,283,21919,1.2485213578495088e-13,sfi_zscore,purple,17,1.465380359098468,1.3223461319407126,1.6187357432284855
153.2,Colon cancer,neoplasms,VFI,< 0.0001,1.27 (1.19 - 1.36),20375,730,19645,1.2838110651536848e-13,vfi_zscore,darkcyan,2,1.272361385438808,1.1930841049312857,1.3553275463811345
963,Poisoning by primarily systemic agents,injuries & poisonings,VFD,< 0.0001,1.44 (1.31 - 1.58),20525,383,20142,1.358094957647572e-13,vat_hu_zscore,gray50,18,1.4387667527897736,1.3061008769584612,1.5837610589308697
507,Pleurisy; pleural effusion,respiratory,SFI,< 0.0001,1.19 (1.14 - 1.25),21984,1828,20156,1.4070035854074743e-13,sfi_zscore,coral4,9,1.1912896895745757,1.1369685453365093,1.2475171522446653
539,Bariatric surgery,digestive,SFD,< 0.0001,1.34 (1.24 - 1.44),22774,526,22248,1.4228258756479045e-13,sat_hu_zscore,chartreuse4,10,1.3363603753800186,1.2361367309316715,1.4416273125460946
195,"Cancer, suspected or other",neoplasms,SFI,< 0.0001,1.20 (1.15 - 1.26),20570,1543,19027,1.4961968945492697e-13,sfi_zscore,darkcyan,2,1.2038873347154952,1.1456778184497798,1.2642428603231024
195.1,"Malignant neoplasm, other",neoplasms,SFI,< 0.0001,1.26 (1.18 - 1.34),19950,923,19027,1.5046167168828306e-13,sfi_zscore,darkcyan,2,1.2592294399419581,1.1838742143459278,1.3379556236379824
722.1,Displacement of intervertebral disc,musculoskeletal,SFI,< 0.0001,1.49 (1.34 - 1.66),21540,227,21313,1.67517081141038e-13,sfi_zscore,darkolivegreen,14,1.4942340214157201,1.3402614286516292,1.6596237836556167
564.1,Irritable Bowel Syndrome,digestive,VFI,< 0.0001,1.41 (1.28 - 1.54),16738,340,16398,1.7991173714647723e-13,vfi_zscore,chartreuse4,10,1.4053165129369707,1.281793800115421,1.5365842045550688
724,Other and unspecified disorders of back,musculoskeletal,SFI,< 0.0001,1.48 (1.33 - 1.64),21556,243,21313,1.8320319199521614e-13,sfi_zscore,darkolivegreen,14,1.4807840343566054,1.33135668403459,1.6412049747340827
530.2,Esophageal bleeding (varices/hemorrhage),digestive,SFI,< 0.0001,1.43 (1.30 - 1.58),19303,301,19002,1.861655447367011e-13,sfi_zscore,chartreuse4,10,1.433721692701534,1.300374026756807,1.5757408981518166
250.4,Abnormal glucose,endocrine/metabolic,SFD,< 0.0001,0.79 (0.74 - 0.84),20589,1220,19369,1.8987599470200633e-13,sat_hu_zscore,brown,3,0.7913343158936271,0.7432207845134704,0.8419784023357663
345,"Epilepsy, recurrent seizures, convulsions",neurological,SFI,< 0.0001,1.33 (1.23 - 1.43),21612,470,21142,2.2314648134138932e-13,sfi_zscore,darkblue,6,1.3305594957517735,1.2314969870985313,1.4346964724002473
110.11,Dermatophytosis of nail,infectious diseases,SFI,< 0.0001,1.57 (1.39 - 1.77),21839,212,21627,2.2430160856356256e-13,sfi_zscore,blue,1,1.5735252823966255,1.390973815194341,1.772732649723138
276.5,Hypovolemia,endocrine/metabolic,SFI,< 0.0001,1.25 (1.17 - 1.32),20633,980,19653,2.3884413365950784e-13,sfi_zscore,brown,3,1.2453382870703877,1.1737259430658784,1.319991627851957
153.3,"Malignant neoplasm of rectum, rectosigmoid junction, and anus",neoplasms,VFD,< 0.0001,1.38 (1.26 - 1.50),20150,505,19645,2.4954737319941095e-13,vat_hu_zscore,darkcyan,2,1.3785707292859966,1.264552852243219,1.5018610909700567
531,Peptic ulcer (excl. esophageal),digestive,VFI,< 0.0001,1.31 (1.22 - 1.41),22779,545,22234,2.6594425867723096e-13,vfi_zscore,chartreuse4,10,1.3138381957370706,1.2201054783262957,1.4124883892152804
625,Pain and other symptoms associated with female genital organs,genitourinary,VFI,< 0.0001,1.32 (1.22 - 1.42),12993,622,12371,2.74958247021881e-13,vfi_zscore,black,11,1.318643450393184,1.2232621836755666,1.419068636308074
345,"Epilepsy, recurrent seizures, convulsions",neurological,SFD,< 0.0001,1.35 (1.24 - 1.46),21609,470,21139,2.797608612300519e-13,sat_hu_zscore,darkblue,6,1.3500038195815487,1.2440415551384674,1.4615428715141316
250.41,Impaired fasting glucose,endocrine/metabolic,SFD,< 0.0001,0.66 (0.59 - 0.74),19681,312,19369,3.081005251531289e-13,sat_hu_zscore,brown,3,0.6578245847110383,0.5877064619276836,0.7364548621819126
760,Back pain,symptoms,VFD,< 0.0001,0.85 (0.81 - 0.89),22779,2332,20447,3.2204537088577714e-13,vat_hu_zscore,purple,17,0.8488383847774316,0.8121113405633573,0.886989691005783
276.4,Acid-base balance disorder,endocrine/metabolic,VFI,< 0.0001,1.33 (1.23 - 1.43),20142,489,19653,3.244958418422161e-13,vfi_zscore,brown,3,1.328953896494626,1.2299387446431131,1.4334527627687899
741.4,Joint effusions,musculoskeletal,VFI,< 0.0001,1.50 (1.34 - 1.67),22528,206,22322,3.2983319137632293e-13,vfi_zscore,darkolivegreen,14,1.500960342470132,1.3429471737158116,1.671441909796995
561,Symptoms involving digestive system,digestive,VFD,< 0.0001,1.17 (1.12 - 1.22),18833,2435,16398,3.529746418071121e-13,vat_hu_zscore,chartreuse4,10,1.169525121006405,1.1211264559984677,1.2198739310428974
286,Coagulation defects,hematopoietic,SFI,< 0.0001,1.29 (1.21 - 1.39),21504,641,20863,3.54835206448056e-13,sfi_zscore,darkorange1,4,1.293753010190095,1.206035226314836,1.38572296873619
275.5,Disorders of calcium/phosphorus metabolism,endocrine/metabolic,VFD,< 0.0001,1.48 (1.33 - 1.64),22189,309,21880,3.96538453705805e-13,vat_hu_zscore,brown,3,1.479717032708303,1.3305181532663473,1.6443080112065518
537,Other disorders of stomach and duodenum,digestive,SFI,< 0.0001,1.26 (1.18 - 1.33),21588,885,20703,4.36217878523903e-13,sfi_zscore,chartreuse4,10,1.2551980386052077,1.179630568678788,1.3340660997217921
454,Varicose veins,circulatory system,SFI,< 0.0001,1.47 (1.32 - 1.63),19827,247,19580,4.58282260263346e-13,sfi_zscore,red,8,1.4723744182173022,1.3233509551173905,1.6321713195515886
772.3,Muscle weakness,symptoms,SFI,< 0.0001,1.38 (1.26 - 1.50),22496,420,22076,4.607342808746931e-13,sfi_zscore,purple,17,1.3787078067898324,1.2623510278595427,1.5023276722432843
285.1,Acute posthemorrhagic anemia,hematopoietic,SFI,< 0.0001,1.28 (1.20 - 1.37),19914,714,19200,4.703055463052961e-13,sfi_zscore,darkorange1,4,1.2845637775065553,1.1994126400549892,1.3737998026134592
564,Functional digestive disorders,digestive,SFD,< 0.0001,1.22 (1.16 - 1.29),17694,1300,16394,4.728276551472228e-13,sat_hu_zscore,chartreuse4,10,1.2220915527415375,1.1569592753027962,1.289831237299618
292.3,Memory loss,mental disorders,VFI,< 0.0001,1.45 (1.31 - 1.61),21177,232,20945,5.026424652989753e-13,vfi_zscore,magenta,5,1.4535330710404417,1.311155693247643,1.6064370229451523
241.1,Nontoxic uninodular goiter,endocrine/metabolic,VFI,< 0.0001,1.44 (1.30 - 1.59),20988,254,20734,5.143210556308611e-13,vfi_zscore,brown,3,1.4431759835518434,1.3042132840328544,1.5918754201427072
790,Nonspecific findings on examination of blood,symptoms,VFI,< 0.0001,1.46 (1.31 - 1.62),21609,242,21367,5.732589255920839e-13,vfi_zscore,purple,17,1.459721995341194,1.3149196520409334,1.6155385943589944
694,Dyschromia and Vitiligo,dermatologic,VFI,< 0.0001,1.38 (1.26 - 1.50),21930,364,21566,6.335728607221322e-13,vfi_zscore,firebrick,13,1.3799469276974423,1.2624108676465386,1.5047477004542547
366,Cataract,sense organs,SFD,< 0.0001,0.79 (0.74 - 0.84),22774,1016,21758,6.460904396083771e-13,sat_hu_zscore,darkseagreen4,7,0.7859170914547563,0.7357298462619527,0.8390826196201036
537,Other disorders of stomach and duodenum,digestive,VFI,< 0.0001,1.25 (1.17 - 1.32),21588,885,20703,6.940383510485227e-13,vfi_zscore,chartreuse4,10,1.245953504044229,1.1727364196337848,1.3223575132890457
579.8,Nonspecific abnormal findings in stool contents,digestive,SFI,< 0.0001,1.40 (1.27 - 1.53),20265,341,19924,7.747792079634421e-13,sfi_zscore,chartreuse4,10,1.3951720447897247,1.2719313660384046,1.5262607984947683
008,Intestinal infection,infectious diseases,VFD,< 0.0001,1.29 (1.20 - 1.38),22779,763,22016,8.100603230847417e-13,vat_hu_zscore,blue,1,1.2882251404565521,1.20167612525686,1.380446203480806
290.1,Dementias,mental disorders,VFI,< 0.0001,1.43 (1.29 - 1.57),21257,312,20945,8.274499754781903e-13,vfi_zscore,magenta,5,1.4285563081845027,1.29422027094958,1.5737119960609325
366.2,Senile cataract,sense organs,SFD,< 0.0001,0.74 (0.68 - 0.80),22341,583,21758,8.550987111578549e-13,sat_hu_zscore,darkseagreen4,7,0.7378278628319643,0.6784938252965911,0.8018582097421407
110.11,Dermatophytosis of nail,infectious diseases,VFI,< 0.0001,1.48 (1.32 - 1.64),21839,212,21627,8.771449714670223e-13,vfi_zscore,blue,1,1.476700095428879,1.3247244429739986,1.6407327156553637
540.11,Acute appendicitis,digestive,VFI,< 0.0001,1.36 (1.25 - 1.48),22689,543,22146,9.21276592156358e-13,vfi_zscore,chartreuse4,10,1.3593894048228825,1.2482751297407413,1.4775046419599909
216.1,Screening for malignant neoplasms of the skin,neoplasms,SFI,< 0.0001,1.44 (1.30 - 1.58),22297,283,22014,9.237751891264297e-13,sfi_zscore,darkcyan,2,1.4370532084265415,1.2987621609156472,1.5849830805417062
595,Hydronephrosis,genitourinary,VFI,< 0.0001,1.26 (1.18 - 1.34),21968,784,21184,9.353930583198424e-13,vfi_zscore,black,11,1.2618202941505114,1.1830344599892884,1.344201910160115
175,Acquired absence of breast,neoplasms,VFI,< 0.0001,1.46 (1.31 - 1.61),11784,233,11551,9.654966660724313e-13,vfi_zscore,darkcyan,2,1.456279312798194,1.3109634416311875,1.6120273085603278
766,"Neuralgia, neuritis, and radiculitis NOS",symptoms,VFI,< 0.0001,1.43 (1.30 - 1.58),22099,277,21822,9.75723633105295e-13,vfi_zscore,purple,17,1.43326876905933,1.296257628942441,1.5799724803200164
216,Benign neoplasm of skin,neoplasms,SFI,< 0.0001,1.32 (1.22 - 1.42),22524,510,22014,1.0004694344793458e-12,sfi_zscore,darkcyan,2,1.3152958034580078,1.2186606755221157,1.4169140550109136
289.5,Diseases of spleen,hematopoietic,VFD,< 0.0001,1.55 (1.37 - 1.74),20132,240,19892,1.0207145354087323e-12,vat_hu_zscore,darkorange1,4,1.5468981529471957,1.3711691062804696,1.7431713289674187
740.1,Osteoarthritis; localized,musculoskeletal,VFD,< 0.0001,0.74 (0.68 - 0.81),22289,664,21625,1.0870592661981995e-12,vat_hu_zscore,darkolivegreen,14,0.7421205738410713,0.6834010681961935,0.8053686236691746
619.1,"Noninflammatory disorders of ovary, fallopian tube, and broad ligament",genitourinary,SFI,< 0.0001,1.40 (1.28 - 1.54),12564,325,12239,1.1424049773240917e-12,sfi_zscore,black,11,1.4032496598159372,1.2768280258318476,1.5391627944745836
317.11,Alcoholic liver damage,mental disorders,SFI,< 0.0001,1.45 (1.31 - 1.61),20279,233,20046,1.184820018000262e-12,sfi_zscore,magenta,5,1.45232479372122,1.3075731362375544,1.6067717189868365
619.4,Noninflammatory disorders of vagina,genitourinary,VFI,< 0.0001,1.44 (1.30 - 1.59),12528,289,12239,1.227511581221866e-12,vfi_zscore,black,11,1.4415351790363051,1.3008513131957202,1.5920949408646192
286.2,Encounter for long-term (current) use of anticoagulants,hematopoietic,SFD,< 0.0001,1.26 (1.18 - 1.34),21677,819,20858,1.251762191563195e-12,sat_hu_zscore,darkorange1,4,1.2592498293142789,1.1808171372094864,1.3411270399787925
008,Intestinal infection,infectious diseases,SFI,< 0.0001,1.26 (1.18 - 1.34),22779,763,22016,1.2783064473203732e-12,sfi_zscore,blue,1,1.2618019512495526,1.1825146541270153,1.3446408631919442
573.6,Nonspecific elevation of levels of transaminase or lactic acid dehydrogenase [LDH],digestive,VFD,< 0.0001,1.37 (1.25 - 1.49),19054,519,18535,1.3513551840227919e-12,vat_hu_zscore,chartreuse4,10,1.3684038879224008,1.254289921231962,1.4918931917394915
350.2,Abnormality of gait,neurological,VFI,< 0.0001,1.39 (1.27 - 1.53),22392,300,22092,1.941544612429494e-12,vfi_zscore,darkblue,6,1.3928741788491599,1.2684591090468447,1.5257168769410026
560.1,Paralytic ileus,digestive,SFI,< 0.0001,1.34 (1.23 - 1.45),16850,452,16398,2.1981591924590014e-12,sfi_zscore,chartreuse4,10,1.3379707950922968,1.2320929963662137,1.449715466485099
276.6,Fluid overload,endocrine/metabolic,VFI,< 0.0001,1.38 (1.26 - 1.50),19999,346,19653,2.218391553664043e-12,vfi_zscore,brown,3,1.3753991590654377,1.2567366136906415,1.5017091019514324
288.11,Neutropenia,hematopoietic,VFI,< 0.0001,1.29 (1.20 - 1.39),20511,619,19892,2.2719591633713745e-12,vfi_zscore,darkorange1,4,1.2916778370459538,1.2016065187839844,1.386378154738193
540.1,Appendicitis,digestive,VFI,< 0.0001,1.34 (1.23 - 1.45),22735,589,22146,2.2898100108328998e-12,vfi_zscore,chartreuse4,10,1.3377487806705757,1.2321345641166483,1.4497595577424385
080,Postoperative infection,infectious diseases,SFI,< 0.0001,1.37 (1.25 - 1.50),22587,351,22236,2.4090985798818676e-12,sfi_zscore,blue,1,1.3721881753212464,1.254235024335686,1.4972002210154232
285.1,Acute posthemorrhagic anemia,hematopoietic,VFI,< 0.0001,1.26 (1.18 - 1.35),19914,714,19200,2.497365052432632e-12,vfi_zscore,darkorange1,4,1.263106088459124,1.1824338060870676,1.3476350157130637
627,Menopausal and postmenopausal disorders,genitourinary,SFD,< 0.0001,0.71 (0.65 - 0.78),12291,589,11702,2.5611760956975517e-12,sat_hu_zscore,black,11,0.7132601693366621,0.6481156501767609,0.7831909410147859
195,"Cancer, suspected or other",neoplasms,VFI,< 0.0001,1.18 (1.13 - 1.24),20570,1543,19027,2.5845609145600882e-12,vfi_zscore,darkcyan,2,1.1837974906800486,1.1288125783539107,1.24071530180887
250.2,Type 2 diabetes,endocrine/metabolic,VFD,< 0.0001,0.85 (0.82 - 0.89),21793,2419,19374,2.5930940098101235e-12,vat_hu_zscore,brown,3,0.8549889339091621,0.8181829689673263,0.8932319724801557
532,Dysphagia,digestive,SFD,< 0.0001,1.26 (1.18 - 1.34),19778,779,18999,2.6158879267325137e-12,sat_hu_zscore,chartreuse4,10,1.2605029287387792,1.1805302913486102,1.3440595881781583
112,Candidiasis,infectious diseases,VFD,< 0.0001,1.31 (1.22 - 1.42),22252,625,21627,2.834541893244493e-12,vat_hu_zscore,blue,1,1.3127391243336772,1.215935666976324,1.416572572023291
694,Dyschromia and Vitiligo,dermatologic,SFI,< 0.0001,1.37 (1.26 - 1.50),21930,364,21566,2.9781560706890255e-12,sfi_zscore,firebrick,13,1.3740995845881814,1.255126544556524,1.5005486862413469
348,Other conditions of brain,neurological,VFI,< 0.0001,1.35 (1.24 - 1.47),21552,410,21142,3.0549607386911758e-12,vfi_zscore,darkblue,6,1.3489634440837877,1.2388068353753,1.4658678292964726
441,Vascular insufficiency of intestine,circulatory system,SFD,< 0.0001,1.42 (1.29 - 1.57),21847,272,21575,3.100252082345132e-12,sat_hu_zscore,red,8,1.4234739696502894,1.2865091298321258,1.5692124051448644
628,Ovarian cyst,genitourinary,VFI,< 0.0001,1.36 (1.24 - 1.48),12202,497,11705,3.126235996721088e-12,vfi_zscore,black,11,1.3569943035542025,1.2439302564011294,1.4770332230782666
459,Other disorders of circulatory system,circulatory system,SFI,< 0.0001,1.33 (1.22 - 1.43),21930,477,21453,3.208224296822338e-12,sfi_zscore,red,8,1.3256610143130527,1.2232972696917133,1.433621723436444
367.2,Astigmatism,sense organs,SFI,< 0.0001,1.49 (1.33 - 1.67),22404,231,22173,3.2766470850159917e-12,sfi_zscore,darkseagreen4,7,1.4913685827606646,1.3301031275862663,1.6658821418100929
743.9,Osteopenia or other disorder of bone and cartilage,musculoskeletal,SFI,< 0.0001,1.32 (1.22 - 1.42),22119,548,21571,3.3276839060107883e-12,sfi_zscore,darkolivegreen,14,1.3190109858771564,1.2190541514831965,1.4247495441319518
614.3,Pelvic inflammatory disease (PID),genitourinary,SFI,< 0.0001,1.41 (1.28 - 1.55),12644,281,12363,3.473771577179534e-12,sfi_zscore,black,11,1.4058261791521087,1.2756921026177253,1.545859637337284
458.9,Hypotension NOS,circulatory system,VFI,< 0.0001,1.26 (1.18 - 1.34),22175,722,21453,3.482064672724126e-12,vfi_zscore,red,8,1.2592065802849541,1.179296901148174,1.3428943709584427
473,Diseases of the larynx and vocal cords,respiratory,SFI,< 0.0001,1.41 (1.28 - 1.56),21438,309,21129,3.768655789279905e-12,sfi_zscore,coral4,9,1.4136140562035242,1.2800586094768125,1.556403194289063
429,Ill-defined descriptions and complications of heart disease,circulatory system,SFI,< 0.0001,1.52 (1.35 - 1.70),21881,213,21668,3.91422974685491e-12,sfi_zscore,red,8,1.5163518574671238,1.3452058615208555,1.7021388250693068
291,Other specified nonpsychotic and/or transient mental disorders,mental disorders,VFI,< 0.0001,1.31 (1.21 - 1.41),21434,489,20945,4.471528483921627e-12,vfi_zscore,magenta,5,1.3111657118587041,1.2132306025471824,1.4145086621832994
579.8,Nonspecific abnormal findings in stool contents,digestive,VFI,< 0.0001,1.37 (1.25 - 1.50),20265,341,19924,5.004534138850414e-12,vfi_zscore,chartreuse4,10,1.3719231043266507,1.252505332789789,1.4989318229793516
977,Personal history of allergy to medicinal agents,injuries & poisonings,VFD,< 0.0001,1.26 (1.18 - 1.34),21030,888,20142,5.112437996728097e-12,vat_hu_zscore,gray50,18,1.2590421655856707,1.1790977388310908,1.3439130078010426
702.1,Actinic keratosis,dermatologic,SFD,< 0.0001,0.71 (0.64 - 0.78),22474,399,22075,5.217599983279401e-12,sat_hu_zscore,firebrick,13,0.7097374478597002,0.6432477712595338,0.7821658863854042
316,Substance addiction and disorders,mental disorders,SFD,< 0.0001,1.29 (1.20 - 1.39),20686,644,20042,5.7348040009046715e-12,sat_hu_zscore,magenta,5,1.2911198767817325,1.1994566434614051,1.3872887916016783
286,Coagulation defects,hematopoietic,VFI,< 0.0001,1.28 (1.19 - 1.37),21504,641,20863,5.770368801460491e-12,vfi_zscore,darkorange1,4,1.2792360403702172,1.191725221341365,1.3711550521145948
573.6,Nonspecific elevation of levels of transaminase or lactic acid dehydrogenase [LDH],digestive,SFD,< 0.0001,1.34 (1.23 - 1.45),19052,519,18533,5.7825361521386015e-12,sat_hu_zscore,chartreuse4,10,1.336965755185093,1.2293486520980437,1.4504663856670696
571.81,Portal hypertension,digestive,VFI,< 0.0001,1.36 (1.24 - 1.48),18919,384,18535,6.084270196551275e-12,vfi_zscore,chartreuse4,10,1.3606850759932005,1.2448642804612422,1.4838742995888266
595,Hydronephrosis,genitourinary,SFD,< 0.0001,1.25 (1.17 - 1.33),21963,784,21179,6.126718057828095e-12,sat_hu_zscore,black,11,1.2526395555460499,1.1739085414717088,1.3347801861926358
706,Diseases of sebaceous glands,dermatologic,VFI,< 0.0001,1.32 (1.22 - 1.43),22583,502,22081,6.735297387167422e-12,vfi_zscore,firebrick,13,1.3190736135132481,1.2175484902526288,1.4262875718891161
740.11,"Osteoarthrosis, localized, primary",musculoskeletal,VFD,< 0.0001,0.73 (0.67 - 0.80),22191,566,21625,7.0654608391148635e-12,vat_hu_zscore,darkolivegreen,14,0.7331163061400783,0.6706409438296359,0.8008803735145076
465,Acute upper respiratory infections of multiple or unspecified sites,respiratory,SFD,< 0.0001,0.78 (0.73 - 0.84),22586,876,21710,7.1493717827167785e-12,sat_hu_zscore,coral4,9,0.7799481592732045,0.7262886990457847,0.8373827855938011
724,Other and unspecified disorders of back,musculoskeletal,VFI,< 0.0001,1.44 (1.29 - 1.59),21556,243,21313,7.20131316738983e-12,vfi_zscore,darkolivegreen,14,1.4380055600134178,1.2937415847924496,1.592761875050818
475,Chronic sinusitis,respiratory,VFI,< 0.0001,1.36 (1.24 - 1.48),21508,379,21129,7.219032137431124e-12,vfi_zscore,coral4,9,1.3591673454668844,1.2433846862923918,1.4820974606139554
681,Superficial cellulitis and abscess,dermatologic,SFD,< 0.0001,1.21 (1.15 - 1.28),22631,1155,21476,7.242230494700395e-12,sat_hu_zscore,firebrick,13,1.211400394368282,1.146195340279109,1.2791092552385102
380.4,Impacted cerumen,sense organs,SFI,< 0.0001,1.52 (1.35 - 1.72),22700,228,22472,7.375182233713202e-12,sfi_zscore,darkseagreen4,7,1.524465569178026,1.3483508675233027,1.7165876729724676
211,Benign neoplasm of other parts of digestive system,neoplasms,SFI,< 0.0001,1.43 (1.29 - 1.59),20567,256,20311,7.548114503598035e-12,sfi_zscore,darkcyan,2,1.4323886747070012,1.2900878154881734,1.5850005915962506
578.8,Hemorrhage of rectum and anus,digestive,SFI,< 0.0001,1.32 (1.22 - 1.43),20386,462,19924,7.745011625142022e-12,sfi_zscore,chartreuse4,10,1.3180977173309363,1.2165229805045836,1.4251547998881302
291,Other specified nonpsychotic and/or transient mental disorders,mental disorders,SFI,< 0.0001,1.33 (1.22 - 1.44),21434,489,20945,7.912924197372845e-12,sfi_zscore,magenta,5,1.325380280169802,1.2212972406399838,1.4353607902802343
733,Other disorders of bone and cartilage,musculoskeletal,VFI,< 0.0001,1.34 (1.23 - 1.46),22092,373,21719,8.171656969420499e-12,vfi_zscore,darkolivegreen,14,1.3444716201504683,1.233559886497593,1.4619202868150365
571.81,Portal hypertension,digestive,SFI,< 0.0001,1.35 (1.24 - 1.48),18919,384,18535,8.88262035664562e-12,sfi_zscore,chartreuse4,10,1.3542835707221947,1.2396245737730722,1.4757061296205731
960,Poisoning by antibiotics,injuries & poisonings,SFD,< 0.0001,1.22 (1.15 - 1.29),21230,1091,20139,9.041206229397574e-12,sat_hu_zscore,gray50,18,1.2195136106962117,1.1513218643165024,1.2904317207921971
200,Myeloproliferative disease,neoplasms,VFI,< 0.0001,1.37 (1.25 - 1.50),22168,333,21835,9.042182091427924e-12,vfi_zscore,darkcyan,2,1.3731267665742084,1.2519614647569826,1.5023607435585946
008,Intestinal infection,infectious diseases,SFD,< 0.0001,1.25 (1.17 - 1.34),22774,763,22011,9.097276950112238e-12,sat_hu_zscore,blue,1,1.2546433748193784,1.1745798731824935,1.3381951894831619
963.1,Antineoplastic and immunosuppressive drugs causing adverse effects,injuries & poisonings,SFD,< 0.0001,1.37 (1.25 - 1.49),20515,376,20139,9.229789325007056e-12,sat_hu_zscore,gray50,18,1.3668005602796942,1.2474163535094138,1.493037121488277
536,Disorders of function of stomach,digestive,SFI,< 0.0001,1.25 (1.17 - 1.33),21434,731,20703,1.0148170477172755e-11,sfi_zscore,chartreuse4,10,1.2516979564728035,1.1725039633290606,1.334441872539004
375.1,Dry eyes,sense organs,SFI,< 0.0001,1.46 (1.31 - 1.63),22118,264,21854,1.0686430904202999e-11,sfi_zscore,darkseagreen4,7,1.46397364576852,1.3094211806171265,1.6315541320607048
540,Appendiceal conditions,digestive,VFI,< 0.0001,1.31 (1.21 - 1.42),22779,633,22146,1.1975308512076696e-11,vfi_zscore,chartreuse4,10,1.3132231716603546,1.2126723647276014,1.4196490835729527
459.9,Circulatory disease NEC,circulatory system,SFI,< 0.0001,1.49 (1.32 - 1.66),21656,203,21453,1.2748378736215047e-11,sfi_zscore,red,8,1.485607724563927,1.321767451348964,1.6625219968486136
380.4,Impacted cerumen,sense organs,VFI,< 0.0001,1.43 (1.29 - 1.59),22700,228,22472,1.2829517856823774e-11,vfi_zscore,darkseagreen4,7,1.4319197616048231,1.2884063075112289,1.5863354485336798
963,Poisoning by primarily systemic agents,injuries & poisonings,SFD,< 0.0001,1.36 (1.24 - 1.49),20520,381,20139,1.3379700486848025e-11,sat_hu_zscore,gray50,18,1.3617337300519414,1.2432617651645428,1.4869752684973823
536.8,Dyspepsia and other specified disorders of function of stomach,digestive,SFI,< 0.0001,1.35 (1.24 - 1.48),21058,355,20703,1.3520702915679452e-11,sfi_zscore,chartreuse4,10,1.3545221702949042,1.2388362041461143,1.4772042308249493
764,Sciatica,symptoms,VFD,< 0.0001,0.71 (0.64 - 0.79),22260,438,21822,1.4869920149355068e-11,vat_hu_zscore,purple,17,0.7112787940175624,0.6440234878170399,0.7850453209434219
275.3,Disorders of magnesium metabolism,endocrine/metabolic,VFI,< 0.0001,1.36 (1.24 - 1.48),22243,363,21880,1.58413664879245e-11,vfi_zscore,brown,3,1.358511512946584,1.2411584037633454,1.4833872214500294
327.3,Sleep apnea,neurological,SFD,< 0.0001,0.82 (0.77 - 0.87),21709,1380,20329,1.69275102819928e-11,sat_hu_zscore,darkblue,6,0.820709315434811,0.7745343864013733,0.8690772410199091
415.1,Acute pulmonary heart disease,circulatory system,SFD,< 0.0001,1.32 (1.22 - 1.43),21759,456,21303,1.7658166606805772e-11,sat_hu_zscore,red,8,1.3211648094435466,1.216651779459478,1.4312175251005244
289.5,Diseases of spleen,hematopoietic,SFD,< 0.0001,1.45 (1.30 - 1.62),20129,239,19890,1.8337227497751804e-11,sat_hu_zscore,darkorange1,4,1.4540201203779954,1.3005196055663273,1.6182343281919243
381,Otitis media and Eustachian tube disorders,sense organs,SFI,< 0.0001,1.46 (1.31 - 1.63),22649,205,22444,1.9056921066938547e-11,sfi_zscore,darkseagreen4,7,1.4620909447265085,1.3057287883583164,1.6303264675245717
560.1,Paralytic ileus,digestive,VFI,< 0.0001,1.32 (1.22 - 1.43),16850,452,16398,1.9996400531383402e-11,vfi_zscore,chartreuse4,10,1.3233803289333637,1.2180514765669652,1.4349397702574715
291.8,Alteration of consciousness,mental disorders,SFI,< 0.0001,1.34 (1.23 - 1.46),21371,426,20945,2.085996219560711e-11,sfi_zscore,magenta,5,1.3431582861310167,1.2305861248071446,1.4625499779316844
184,Cancer of other female genital organs,neoplasms,SFI,< 0.0001,1.37 (1.25 - 1.50),12163,387,11776,2.5674376427551538e-11,sfi_zscore,darkcyan,2,1.368036232970022,1.2464259654766192,1.498652124263988
080,Postoperative infection,infectious diseases,VFD,< 0.0001,1.40 (1.27 - 1.55),22587,351,22236,2.588527064541717e-11,vat_hu_zscore,blue,1,1.403784959416759,1.2700297538658978,1.5503575746591107
204,Leukemia,neoplasms,SFI,< 0.0001,1.33 (1.22 - 1.45),22249,414,21835,2.6024530530238317e-11,sfi_zscore,darkcyan,2,1.3328769188357599,1.2233742306221356,1.4486447611268887
743.1,Osteoporosis,musculoskeletal,SFI,< 0.0001,1.32 (1.21 - 1.43),22225,654,21571,2.657282702479105e-11,sfi_zscore,darkolivegreen,14,1.318843420250395,1.2148661539962105,1.4296981282325456
429,Ill-defined descriptions and complications of heart disease,circulatory system,VFI,< 0.0001,1.45 (1.30 - 1.61),21881,213,21668,2.6867737087679512e-11,vfi_zscore,red,8,1.4500677308081578,1.2974768848236944,1.614822698096101
008,Intestinal infection,infectious diseases,VFI,< 0.0001,1.25 (1.17 - 1.33),22779,763,22016,2.7388132623072306e-11,vfi_zscore,blue,1,1.2488634389621176,1.1690215018176526,1.3324336086825512
465,Acute upper respiratory infections of multiple or unspecified sites,respiratory,VFD,< 0.0001,0.79 (0.73 - 0.84),22591,876,21715,2.852118462284114e-11,vat_hu_zscore,coral4,9,0.7877997767932365,0.7341009400003738,0.8448963839045766
473.4,Voice disturbance,respiratory,SFI,< 0.0001,1.45 (1.30 - 1.62),21369,240,21129,3.0847705246756955e-11,sfi_zscore,coral4,9,1.452416661108001,1.2983738756332424,1.6185482793594663
415.11,"Pulmonary embolism and infarction, acute",circulatory system,SFD,< 0.0001,1.32 (1.21 - 1.43),21755,452,21303,3.21046601342802e-11,sat_hu_zscore,red,8,1.318377062320264,1.2135225065569304,1.4288150840196807
284.1,Pancytopenia,hematopoietic,VFI,< 0.0001,1.31 (1.21 - 1.42),19675,475,19200,3.291051431885041e-11,vfi_zscore,darkorange1,4,1.3130985266431998,1.2103398604781037,1.4218434760863676
579.2,Splenomegaly,digestive,SFI,< 0.0001,1.31 (1.21 - 1.42),20345,421,19924,3.435213594939074e-11,sfi_zscore,chartreuse4,10,1.31471554384607,1.2110449898104616,1.4239506889172024
960,Poisoning by antibiotics,injuries & poisonings,VFD,< 0.0001,1.22 (1.15 - 1.30),21233,1091,20142,3.783952683916816e-11,vat_hu_zscore,gray50,18,1.2233080749654048,1.1521815560936517,1.2984343833230736
440,Atherosclerosis,circulatory system,SFI,< 0.0001,1.51 (1.33 - 1.70),21815,236,21579,3.79508490594741e-11,sfi_zscore,red,8,1.5111098690103077,1.3342129462119032,1.7045116598600965
415,Pulmonary heart disease,circulatory system,VFD,< 0.0001,1.24 (1.17 - 1.33),22205,897,21308,3.8375763731040064e-11,vat_hu_zscore,red,8,1.2439933179192293,1.165781549029282,1.3269449461085925
304,Adjustment reaction,mental disorders,VFI,< 0.0001,1.31 (1.21 - 1.42),18993,497,18496,3.87549950196892e-11,vfi_zscore,magenta,5,1.3103560653537563,1.2081090494797946,1.4183011252077344
415.2,Chronic pulmonary heart disease,circulatory system,SFD,< 0.0001,1.37 (1.25 - 1.50),21619,316,21303,4.053287811902413e-11,sat_hu_zscore,red,8,1.3708214880144658,1.2461585233752865,1.5029880042072534
371.3,Inflammation of eyelids,sense organs,VFI,< 0.0001,1.38 (1.25 - 1.52),22276,279,21997,4.1220907944102625e-11,vfi_zscore,darkseagreen4,7,1.3802568310265186,1.2522649490853943,1.5166764281425689
740.1,Osteoarthritis; localized,musculoskeletal,SFD,< 0.0001,0.77 (0.71 - 0.83),22284,664,21620,4.215770037054454e-11,sat_hu_zscore,darkolivegreen,14,0.7657933038100763,0.7073218012279513,0.8290407260917853
427.5,Arrhythmia (cardiac) NOS,circulatory system,VFI,< 0.0001,1.45 (1.30 - 1.62),17083,209,16874,4.2256988186852964e-11,vfi_zscore,red,8,1.4492468360090158,1.2952298497966648,1.6151748245638295
454,Varicose veins,circulatory system,VFI,< 0.0001,1.42 (1.28 - 1.57),19827,247,19580,4.375972164337071e-11,vfi_zscore,red,8,1.4169605736560638,1.275292030826679,1.5692784363135186
272.13,Mixed hyperlipidemia,endocrine/metabolic,SFD,< 0.0001,0.66 (0.59 - 0.75),19143,209,18934,4.4236174799376366e-11,sat_hu_zscore,brown,3,0.6633148860500229,0.5860227252692832,0.7489584819640752
459.9,Circulatory disease NEC,circulatory system,VFI,< 0.0001,1.46 (1.30 - 1.63),21656,203,21453,4.424960774255143e-11,vfi_zscore,red,8,1.4565766260541166,1.29981747907394,1.6260523160630382
279,Disorders involving the immune mechanism,endocrine/metabolic,SFI,< 0.0001,1.27 (1.18 - 1.36),22616,587,22029,4.445407930599313e-11,sfi_zscore,brown,3,1.2674209305851152,1.1800862616769263,1.3588579685715867
291.8,Alteration of consciousness,mental disorders,VFI,< 0.0001,1.31 (1.21 - 1.43),21371,426,20945,4.7773549375200796e-11,vfi_zscore,magenta,5,1.3149365815715932,1.2106557992853222,1.4253211697087746
536,Disorders of function of stomach,digestive,VFI,< 0.0001,1.25 (1.17 - 1.34),21434,731,20703,4.782863312234845e-11,vfi_zscore,chartreuse4,10,1.2536677997440797,1.1711295128260577,1.340099252332906
293.1,"Swelling, mass, or lump in head and neck [Space-occupying lesion, intracranial NOS]",mental disorders,SFI,< 0.0001,1.40 (1.27 - 1.55),22748,258,22490,5.0537551803297746e-11,sfi_zscore,magenta,5,1.40443206182945,1.2666880625212051,1.5514937582874642
473,Diseases of the larynx and vocal cords,respiratory,VFI,< 0.0001,1.37 (1.24 - 1.50),21438,309,21129,5.2619725436547306e-11,vfi_zscore,coral4,9,1.3681784222559505,1.244082055069154,1.5004139997168027
366.2,Senile cataract,sense organs,VFD,< 0.0001,0.75 (0.68 - 0.81),22346,583,21763,5.7330611295436966e-11,vat_hu_zscore,darkseagreen4,7,0.7462973767747193,0.6835058092916748,0.814285372665074
577.3,Cyst and pseudocyst of pancreas,digestive,VFI,< 0.0001,1.41 (1.27 - 1.56),21706,255,21451,5.852153071565653e-11,vfi_zscore,chartreuse4,10,1.4063463287257063,1.2677921592025194,1.555142679738408
575.7,Other disorders of gallbladder,digestive,SFD,< 0.0001,1.42 (1.28 - 1.57),20936,250,20686,6.221254091913919e-11,sat_hu_zscore,chartreuse4,10,1.4204021623901988,1.2757736354461107,1.5747677253769874
428,Congestive heart failure; nonhypertensive,circulatory system,VFD,< 0.0001,1.24 (1.16 - 1.32),22590,922,21668,6.399258009927709e-11,vat_hu_zscore,red,8,1.2403254542004796,1.1625121993210539,1.3228800567774082
745,Pain in joint,musculoskeletal,SFD,< 0.0001,0.87 (0.83 - 0.91),22774,2668,20106,6.463794323633552e-11,sat_hu_zscore,darkolivegreen,14,0.8687979154441811,0.8327332976695011,0.9060804038071485
185,Cancer of prostate,neoplasms,VFD,< 0.0001,0.70 (0.63 - 0.78),8719,477,8242,6.516732944748195e-11,vat_hu_zscore,darkcyan,2,0.7000071969973102,0.628271627471476,0.7782807155243672
081,Infection/inflammation of internal prosthetic device; implant; and graft,infectious diseases,SFD,< 0.0001,1.46 (1.30 - 1.62),22441,210,22231,6.890463477108313e-11,sat_hu_zscore,blue,1,1.4550533731345048,1.2966875792295303,1.6248046417812725
041.1,Staphylococcus infections,infectious diseases,VFI,< 0.0001,1.36 (1.24 - 1.49),20520,341,20179,7.44139741822607e-11,vfi_zscore,blue,1,1.3611349535887098,1.2388402670794725,1.4916519228447385
070,Viral hepatitis,infectious diseases,VFI,< 0.0001,1.27 (1.18 - 1.36),21786,601,21185,7.704098732009e-11,vfi_zscore,blue,1,1.2707377915253169,1.1813404993290142,1.364864555652372
345,"Epilepsy, recurrent seizures, convulsions",neurological,VFI,< 0.0001,1.32 (1.21 - 1.43),21612,470,21142,7.845464160423046e-11,vfi_zscore,darkblue,6,1.315296554451206,1.2097526187657188,1.427139272876462
605,Erectile dysfunction [ED],genitourinary,SFD,< 0.0001,0.67 (0.60 - 0.76),8695,264,8431,7.951150936407229e-11,sat_hu_zscore,black,11,0.6749941996037012,0.5976590836265885,0.7579577960482891
694.2,Other dyschromia,dermatologic,SFI,< 0.0001,1.36 (1.24 - 1.49),21901,335,21566,8.237386868871485e-11,sfi_zscore,firebrick,13,1.3613762047240716,1.2385884874442068,1.4921548609395896
284,Aplastic anemia,hematopoietic,VFI,< 0.0001,1.30 (1.20 - 1.41),19682,482,19200,8.390246334174395e-11,vfi_zscore,darkorange1,4,1.3044059831195727,1.2026597098717329,1.4120397134342602
250,Diabetes mellitus,endocrine/metabolic,VFD,< 0.0001,0.87 (0.83 - 0.91),21922,2548,19374,8.919900880051678e-11,vat_hu_zscore,brown,3,0.8683338840669529,0.8319618751975943,0.9060906648886097
241.1,Nontoxic uninodular goiter,endocrine/metabolic,SFI,< 0.0001,1.44 (1.29 - 1.60),20988,254,20734,9.643815342673163e-11,sfi_zscore,brown,3,1.4371124041963248,1.2853099439041529,1.6012446094302015
540,Appendiceal conditions,digestive,SFI,< 0.0001,1.24 (1.16 - 1.33),22779,633,22146,9.916435983360633e-11,sfi_zscore,chartreuse4,10,1.242111676727807,1.162217475470402,1.3254909700359447
540.1,Appendicitis,digestive,SFI,< 0.0001,1.25 (1.17 - 1.34),22735,589,22146,1.0452484706304019e-10,sfi_zscore,chartreuse4,10,1.2492123512015538,1.1666836374605822,1.335419008936035
249,Secondary diabetes mellitus,endocrine/metabolic,SFI,< 0.0001,1.43 (1.28 - 1.59),19616,242,19374,1.099756563880041e-10,sfi_zscore,brown,3,1.4277105237427998,1.2785854930615168,1.587671137739198
189.1,Cancer of kidney and renal pelvis,neoplasms,VFD,< 0.0001,0.67 (0.59 - 0.75),22450,286,22164,1.1300954531933563e-10,vat_hu_zscore,darkcyan,2,0.6673801719473845,0.5901904797884123,0.7547001732937665
540.11,Acute appendicitis,digestive,SFI,< 0.0001,1.26 (1.17 - 1.35),22689,543,22146,1.1963381003720278e-10,sfi_zscore,chartreuse4,10,1.2572760115455268,1.1715856855094993,1.3468803709245272
338,Pain,neurological,SFD,< 0.0001,1.13 (1.09 - 1.17),22774,2987,19787,1.2658519247769703e-10,sat_hu_zscore,darkblue,6,1.1304791432215666,1.0888451772279721,1.1733619258431434
428.3,Heart failure with reduced EF [Systolic or combined heart failure],circulatory system,VFD,< 0.0001,1.34 (1.22 - 1.46),22130,462,21668,1.2667489523220317e-10,vat_hu_zscore,red,8,1.3368499330198698,1.2231993087040434,1.4600488449345186
772.3,Muscle weakness,symptoms,VFI,< 0.0001,1.31 (1.20 - 1.42),22496,420,22076,1.3895852893401567e-10,vfi_zscore,purple,17,1.3084970532074733,1.2040110336722474,1.4190414238639488
536,Disorders of function of stomach,digestive,SFD,< 0.0001,1.25 (1.17 - 1.34),21431,731,20700,1.4780490899565666e-10,sat_hu_zscore,chartreuse4,10,1.2507019819890113,1.1670041440243462,1.338198824584092
740,Osteoarthrosis,musculoskeletal,VFD,< 0.0001,0.82 (0.77 - 0.87),22779,1154,21625,1.553668561790324e-10,vat_hu_zscore,darkolivegreen,14,0.8159001644427627,0.7664345020307529,0.8681545150498189
426.3,Bundle branch block,circulatory system,VFD,< 0.0001,1.29 (1.19 - 1.39),17571,697,16874,1.5545842158243008e-10,vat_hu_zscore,red,8,1.285859964305461,1.190239353218096,1.3884415284310203
530.2,Esophageal bleeding (varices/hemorrhage),digestive,VFI,< 0.0001,1.37 (1.24 - 1.51),19303,301,19002,1.689371012141319e-10,vfi_zscore,chartreuse4,10,1.3707290805335068,1.2423299021923342,1.5077869541482714
627.3,Postmenopausal atrophic vaginitis,genitourinary,SFI,< 0.0001,1.50 (1.32 - 1.70),11917,212,11705,1.7542657123988835e-10,sfi_zscore,black,11,1.5016770900016523,1.3231182487839155,1.6988703511274956
038.3,Bacteremia,infectious diseases,VFI,< 0.0001,1.26 (1.17 - 1.34),20822,643,20179,1.8397506326429126e-10,vfi_zscore,blue,1,1.2550263264430963,1.1694817937629876,1.3448759592815958
743.11,Osteoporosis NOS,musculoskeletal,SFI,< 0.0001,1.31 (1.21 - 1.43),22196,625,21571,1.8432908583943266e-10,sfi_zscore,darkolivegreen,14,1.3134612128739056,1.206888096374366,1.4272992070113808
288.1,Decreased white blood cell count,hematopoietic,VFI,< 0.0001,1.24 (1.16 - 1.33),20639,747,19892,1.9339752098794442e-10,vfi_zscore,darkorange1,4,1.2421372478069783,1.1611165240261743,1.3270114707639173
367.2,Astigmatism,sense organs,VFI,< 0.0001,1.41 (1.26 - 1.56),22404,231,22173,1.9430986531560515e-10,vfi_zscore,darkseagreen4,7,1.4073093327372994,1.2644008881401128,1.5607625027464103
594.1,Calculus of kidney,genitourinary,SFD,< 0.0001,0.79 (0.73 - 0.85),22002,823,21179,2.0384721737501798e-10,sat_hu_zscore,black,11,0.7894774456127926,0.7336832145409541,0.8490005542290342
276.41,Acidosis,endocrine/metabolic,VFI,< 0.0001,1.32 (1.21 - 1.44),20037,384,19653,2.101762710353243e-10,vfi_zscore,brown,3,1.3223895675551263,1.211725235213275,1.4398436010802218
965.1,Opiates and related narcotics causing adverse effects in therapeutic use,injuries & poisonings,SFD,< 0.0001,1.31 (1.21 - 1.43),20572,433,20139,2.2544995192526256e-10,sat_hu_zscore,gray50,18,1.3148970138156044,1.2065385291050663,1.4290688184731175
428.1,Congestive heart failure (CHF) NOS,circulatory system,VFD,< 0.0001,1.29 (1.19 - 1.40),22264,596,21668,2.3115728292344045e-10,vat_hu_zscore,red,8,1.2900679277965061,1.1920242799548284,1.395400089951848
528,"Diseases of the oral soft tissues, excluding lesions specific for gingiva and tongue",digestive,SFD,< 0.0001,1.38 (1.25 - 1.52),22613,286,22327,2.3857746296812315e-10,sat_hu_zscore,chartreuse4,10,1.378797478966827,1.2458666051147218,1.520038300737335
568,Other disorders of peritoneum,digestive,VFI,< 0.0001,1.23 (1.15 - 1.31),20205,772,19433,2.3911300939023e-10,vfi_zscore,chartreuse4,10,1.232523639863331,1.1545446410642868,1.3140731870043818
575.8,Other disorders of biliary tract,digestive,SFI,< 0.0001,1.25 (1.17 - 1.34),21417,728,20689,2.549673007851436e-10,sfi_zscore,chartreuse4,10,1.2510631995365789,1.1662657243174213,1.3400271905909058
295,Schizophrenia and other psychotic disorders,mental disorders,VFI,< 0.0001,1.40 (1.26 - 1.56),18750,254,18496,2.652641904477575e-10,vfi_zscore,magenta,5,1.4029551579867305,1.2607788496097088,1.555749471913041
261.2,Vitamin B-complex deficiencies,endocrine/metabolic,SFI,< 0.0001,1.41 (1.27 - 1.57),20657,262,20395,2.679218508575323e-10,sfi_zscore,brown,3,1.4146920054593342,1.2680920138965923,1.572928329728798
216,Benign neoplasm of skin,neoplasms,SFD,< 0.0001,0.75 (0.69 - 0.82),22519,510,22009,2.9027015487219976e-10,sat_hu_zscore,darkcyan,2,0.7549649682012687,0.6917427722856245,0.8243118811978324
250.3,Insulin pump user,endocrine/metabolic,SFD,< 0.0001,1.25 (1.17 - 1.34),20041,672,19369,2.9523047002561473e-10,sat_hu_zscore,brown,3,1.2509905155792522,1.165837149914121,1.3401444868155834
788,Syncope and collapse,symptoms,VFI,< 0.0001,1.25 (1.16 - 1.34),22779,639,22140,2.966858502482261e-10,vfi_zscore,purple,17,1.248977893725785,1.1646182533643257,1.3374468437625464
260,Protein-calorie malnutrition,endocrine/metabolic,VFI,< 0.0001,0.82 (0.77 - 0.87),21735,1340,20395,2.9963702661654314e-10,vfi_zscore,brown,3,0.8216132502379863,0.7723460427002468,0.872828478637304
531.4,"Peptic ulcer, site unspecified",digestive,SFI,< 0.0001,1.43 (1.28 - 1.60),22469,235,22234,3.081788388723157e-10,sfi_zscore,chartreuse4,10,1.4311276060284432,1.2773634531827567,1.5971002425913512
375.1,Dry eyes,sense organs,VFI,< 0.0001,1.37 (1.24 - 1.51),22118,264,21854,3.413355610004086e-10,vfi_zscore,darkseagreen4,7,1.3729522002275572,1.2414550886550337,1.5133498881948537
136,Other infectious and parasitic diseases,infectious diseases,SFI,< 0.0001,1.34 (1.22 - 1.47),22710,334,22376,3.4719824786571537e-10,sfi_zscore,blue,1,1.341101445822677,1.2217764133150053,1.4677313836635428
275.3,Disorders of magnesium metabolism,endocrine/metabolic,SFD,< 0.0001,1.34 (1.22 - 1.46),22238,363,21875,3.584683540413984e-10,sat_hu_zscore,brown,3,1.3361007103975129,1.2184831601214507,1.4605366948936709
275.3,Disorders of magnesium metabolism,endocrine/metabolic,SFI,< 0.0001,1.33 (1.22 - 1.45),22243,363,21880,3.620433456987546e-10,sfi_zscore,brown,3,1.3316721795067514,1.215852993714016,1.4544487238756745
292.1,Aphasia/speech disturbance,mental disorders,VFI,< 0.0001,1.42 (1.27 - 1.58),21150,205,20945,3.9067509472988273e-10,vfi_zscore,magenta,5,1.419330426010235,1.269341994124416,1.5809926050758127
578.2,Blood in stool,digestive,VFD,< 0.0001,1.26 (1.17 - 1.36),20631,707,19924,4.012386411809375e-10,vat_hu_zscore,chartreuse4,10,1.262538389670684,1.173256514933136,1.3578960160983728
965,"Poisoning by analgesics, antipyretics, and antirheumatics",injuries & poisonings,VFI,< 0.0001,1.34 (1.22 - 1.47),20476,334,20142,4.101701869097808e-10,vfi_zscore,gray50,18,1.342420779029818,1.2221593196183531,1.4702407370691821
771,Musculoskeletal symptoms referable to limbs,symptoms,VFI,< 0.0001,1.37 (1.24 - 1.51),22202,283,21919,4.119769081708812e-10,vfi_zscore,purple,17,1.36972922107961,1.2391243512845946,1.5096320263858634
766,"Neuralgia, neuritis, and radiculitis NOS",symptoms,SFI,< 0.0001,1.38 (1.25 - 1.52),22099,277,21822,4.362844823552295e-10,sfi_zscore,purple,17,1.380379780458804,1.2452068911917213,1.5248811544066003
994.21,Septic shock,injuries & poisonings,VFI,< 0.0001,1.29 (1.19 - 1.40),21402,460,20942,4.813972063822928e-10,vfi_zscore,gray50,18,1.289462218353123,1.1890723911458954,1.3956024185621343
740.11,"Osteoarthrosis, localized, primary",musculoskeletal,SFD,< 0.0001,0.76 (0.70 - 0.83),22186,566,21620,4.817872527782015e-10,sat_hu_zscore,darkolivegreen,14,0.7636452296791183,0.7015135919749798,0.8315430459597242
454,Varicose veins,circulatory system,VFD,< 0.0001,1.46 (1.30 - 1.64),19827,247,19580,4.919273467173479e-10,vat_hu_zscore,red,8,1.4602476360365348,1.2952163613592425,1.6443151708045451
415.11,"Pulmonary embolism and infarction, acute",circulatory system,VFD,< 0.0001,1.33 (1.21 - 1.45),21760,452,21308,5.534015910808657e-10,vat_hu_zscore,red,8,1.3259640674894497,1.212387901846243,1.4490780817733313
568.1,Peritoneal adhesions (postoperative) (postinfection),digestive,SFD,< 0.0001,1.33 (1.21 - 1.45),19827,397,19430,5.745955533263736e-10,sat_hu_zscore,chartreuse4,10,1.326122561972999,1.2109592795599937,1.4477888491495328
627.3,Postmenopausal atrophic vaginitis,genitourinary,VFI,< 0.0001,1.40 (1.26 - 1.56),11917,212,11705,5.762022367461362e-10,vfi_zscore,black,11,1.4035222818127329,1.2581468664305595,1.559428505527749
694.2,Other dyschromia,dermatologic,VFI,< 0.0001,1.34 (1.22 - 1.47),21901,335,21566,5.788973977700839e-10,vfi_zscore,firebrick,13,1.3408976492117186,1.2202530276369794,1.4692452562356295
614.3,Pelvic inflammatory disease (PID),genitourinary,VFI,< 0.0001,1.41 (1.26 - 1.57),12644,281,12363,6.256874159531418e-10,vfi_zscore,black,11,1.4084303520202448,1.2609182334150897,1.5669694795776374
285.21,Anemia in chronic kidney disease,hematopoietic,VFI,< 0.0001,1.43 (1.27 - 1.59),19404,204,19200,6.501416615007642e-10,vfi_zscore,darkorange1,4,1.4267194208699256,1.2720887841000836,1.5941660652833758
578.9,Hemorrhage of gastrointestinal tract,digestive,VFI,< 0.0001,1.24 (1.16 - 1.33),20587,663,19924,6.879338100059219e-10,vfi_zscore,chartreuse4,10,1.2402675871009898,1.1574171458613725,1.3271888348350032
381,Otitis media and Eustachian tube disorders,sense organs,VFI,< 0.0001,1.44 (1.28 - 1.61),22649,205,22444,7.123799995724197e-10,vfi_zscore,darkseagreen4,7,1.437865115052237,1.2781572119220581,1.6105790041523975
175,Acquired absence of breast,neoplasms,SFI,< 0.0001,1.43 (1.28 - 1.60),11784,233,11551,7.147465295533154e-10,sfi_zscore,darkcyan,2,1.4321101189232595,1.2754907318474253,1.603138673125924
189.11,"Malignant neoplasm of kidney, except pelvis",neoplasms,VFD,< 0.0001,0.67 (0.59 - 0.76),22418,254,22164,9.13223401106923e-10,vat_hu_zscore,darkcyan,2,0.6661293348993258,0.5850306658003813,0.7587601270676857
426.31,Right bundle branch block,circulatory system,SFD,< 0.0001,1.36 (1.23 - 1.50),17212,340,16872,9.211662871722133e-10,sat_hu_zscore,red,8,1.3605680729845107,1.2307257858476874,1.4990997842528122
425,Cardiomyopathy,circulatory system,SFD,< 0.0001,1.31 (1.20 - 1.43),22508,403,22105,9.546240123245231e-10,sat_hu_zscore,red,8,1.3107917516188121,1.2002474528154825,1.4276372635162076
615,Endometriosis,genitourinary,VFI,< 0.0001,1.43 (1.27 - 1.60),12617,254,12363,9.832090198546848e-10,vfi_zscore,black,11,1.4262891840275798,1.2699073539135397,1.5950463742021526
415.1,Acute pulmonary heart disease,circulatory system,VFD,< 0.0001,1.32 (1.21 - 1.44),21764,456,21308,9.919337598741154e-10,vat_hu_zscore,red,8,1.3190802463698517,1.2064801452741436,1.4410912211854479
184.1,Malignant neoplasm of ovary and other uterine adnexa,neoplasms,SFI,< 0.0001,1.36 (1.23 - 1.50),12119,343,11776,1.001033544720371e-9,sfi_zscore,darkcyan,2,1.3577652022093947,1.22941680162446,1.4961562436284264
561,Symptoms involving digestive system,digestive,SFD,< 0.0001,1.14 (1.09 - 1.19),18828,2434,16394,1.0114395199590024e-9,sat_hu_zscore,chartreuse4,10,1.1398844780457544,1.0927801281748983,1.1885807615718662
733,Other disorders of bone and cartilage,musculoskeletal,SFI,< 0.0001,1.34 (1.22 - 1.47),22092,373,21719,1.1116704918617063e-9,sfi_zscore,darkolivegreen,14,1.3404705824540704,1.2182757475608172,1.4711532200326112
580,Nephritis; nephrosis; renal sclerosis,genitourinary,SFD,< 0.0001,1.44 (1.28 - 1.62),19740,200,19540,1.1297884753637533e-9,sat_hu_zscore,black,11,1.4449293748245524,1.279657918882554,1.6221148791524846
790,Nonspecific findings on examination of blood,symptoms,SFI,< 0.0001,1.41 (1.26 - 1.58),21609,242,21367,1.213283942277806e-9,sfi_zscore,purple,17,1.4127960294241861,1.2610439020046287,1.5761253232176984
080,Postoperative infection,infectious diseases,VFI,< 0.0001,1.33 (1.21 - 1.46),22587,351,22236,1.2340542123430309e-9,vfi_zscore,blue,1,1.3314154898844135,1.2123018017649492,1.4583284303898594
473.4,Voice disturbance,respiratory,VFI,< 0.0001,1.38 (1.24 - 1.53),21369,240,21129,1.3148379533793667e-9,vfi_zscore,coral4,9,1.3827637872310752,1.242948983972642,1.532797062322339
764,Sciatica,symptoms,SFD,< 0.0001,0.75 (0.68 - 0.82),22255,438,21817,1.3273900300740238e-9,sat_hu_zscore,purple,17,0.7497040970786217,0.683238863556324,0.8235667646476127
743.1,Osteoporosis,musculoskeletal,VFI,< 0.0001,1.23 (1.15 - 1.32),22225,654,21571,1.3945381740649938e-9,vfi_zscore,darkolivegreen,14,1.2332346582924723,1.1515065460766798,1.3189319530057895
475,Chronic sinusitis,respiratory,SFI,< 0.0001,1.31 (1.20 - 1.43),21508,379,21129,1.399218335827105e-9,sfi_zscore,coral4,9,1.3104801761666676,1.1990209445411173,1.4284975781482494
573.9,Abnormal serum enzyme levels,digestive,SFD,< 0.0001,1.29 (1.19 - 1.40),19053,520,18533,1.4186796981639043e-9,sat_hu_zscore,chartreuse4,10,1.2931945590807317,1.1883663090048762,1.4037276969838517
275.5,Disorders of calcium/phosphorus metabolism,endocrine/metabolic,VFI,< 0.0001,1.35 (1.22 - 1.48),22189,309,21880,1.4741294369276168e-9,vfi_zscore,brown,3,1.346534109557356,1.220857371466099,1.4807272134908587
512.2,Painful respiration,respiratory,VFI,< 0.0001,1.37 (1.24 - 1.52),19274,283,18991,1.5487841517957882e-9,vfi_zscore,coral4,9,1.3722057868218571,1.2360106899209613,1.5180381180024474
760,Back pain,symptoms,SFD,< 0.0001,0.87 (0.83 - 0.91),22774,2330,20444,1.5620559135609758e-9,sat_hu_zscore,purple,17,0.8709123014858486,0.8325316536573867,0.9107097367187739
261.2,Vitamin B-complex deficiencies,endocrine/metabolic,VFI,< 0.0001,1.36 (1.23 - 1.50),20657,262,20395,1.5815567720940581e-9,vfi_zscore,brown,3,1.3591032700342143,1.22814308963296,1.4991797848561275
772.3,Muscle weakness,symptoms,SFD,< 0.0001,1.29 (1.19 - 1.41),22491,420,22071,1.595680853387614e-9,sat_hu_zscore,purple,17,1.2948802047975083,1.1890590963539542,1.4064831803476705
333,Extrapyramidal disease and abnormal movement disorders,neurological,VFI,< 0.0001,1.42 (1.26 - 1.58),21345,203,21142,1.6124537073421239e-9,vfi_zscore,darkblue,6,1.4168797174747851,1.2625924679111802,1.5837257665295634
740,Osteoarthrosis,musculoskeletal,SFD,< 0.0001,0.83 (0.78 - 0.88),22774,1154,21620,1.666882586720772e-9,sat_hu_zscore,darkolivegreen,14,0.827756792290359,0.7782532825197459,0.8800767094559447
727,"Other disorders of synovium, tendon, and bursa",musculoskeletal,SFD,< 0.0001,0.74 (0.68 - 0.82),21818,407,21411,1.7257066181067063e-9,sat_hu_zscore,darkolivegreen,14,0.7437211287097366,0.6756530686149379,0.8198366435317128
153.3,"Malignant neoplasm of rectum, rectosigmoid junction, and anus",neoplasms,SFI,< 0.0001,1.28 (1.18 - 1.38),20150,505,19645,1.8377838098138724e-9,sfi_zscore,darkcyan,2,1.2751847049124234,1.1767314964549487,1.3789458176787455
569.2,Gastrointestinal complications,digestive,VFI,< 0.0001,1.29 (1.18 - 1.40),19889,456,19433,1.856969320683181e-9,vfi_zscore,chartreuse4,10,1.2868677505782573,1.1839037635541225,1.3957117113984903
198.1,Secondary malignancy of lymph nodes,neoplasms,SFI,< 0.0001,1.22 (1.14 - 1.30),19852,825,19027,1.9281844639818893e-9,sfi_zscore,darkcyan,2,1.2193256647919832,1.1421321037262295,1.3000508836483389
304,Adjustment reaction,mental disorders,SFI,< 0.0001,1.28 (1.18 - 1.38),18993,497,18496,2.0456249318031715e-9,sfi_zscore,magenta,5,1.2760784012932247,1.1769682045696848,1.3804960452822053
218,Benign neoplasm of uterus,neoplasms,SFD,< 0.0001,0.73 (0.65 - 0.81),12284,498,11786,2.081305114317623e-9,sat_hu_zscore,darkcyan,2,0.7260160970050372,0.6531958322352687,0.8054745343200667
871,Open wounds of extremities,injuries & poisonings,VFI,< 0.0001,1.39 (1.25 - 1.55),22386,251,22135,2.082346071802189e-9,vfi_zscore,gray50,18,1.3902321448491375,1.245851933038767,1.5457796822730558
575.7,Other disorders of gallbladder,digestive,VFI,< 0.0001,1.37 (1.24 - 1.52),20939,250,20689,2.166835798156677e-9,vfi_zscore,chartreuse4,10,1.374798203357684,1.2364582254239287,1.523304300376194
626.1,Irregular menstrual cycle/bleeding,genitourinary,VFI,< 0.0001,1.37 (1.23 - 1.51),12077,372,11705,2.4368963436365717e-9,vfi_zscore,black,11,1.3684887698120067,1.2323263393959518,1.514683045115952
495.2,Asthma with exacerbation,respiratory,VFD,< 0.0001,0.67 (0.59 - 0.77),21142,243,20899,2.5331280751885328e-9,vat_hu_zscore,coral4,9,0.6737512356352949,0.5910534641452218,0.7669881364512866
605,Erectile dysfunction [ED],genitourinary,VFD,< 0.0001,0.66 (0.58 - 0.76),8696,264,8432,2.567392059829658e-9,vat_hu_zscore,black,11,0.6620637973710939,0.5773145464364895,0.7573620404324286
442,Other aneurysm,circulatory system,VFI,< 0.0001,1.32 (1.20 - 1.45),21911,332,21579,2.6092909465333647e-9,vfi_zscore,red,8,1.3214424160927323,1.204101453362769,1.4467544337215799
276.5,Hypovolemia,endocrine/metabolic,VFI,< 0.0001,1.19 (1.13 - 1.26),20633,980,19653,2.745842837142833e-9,vfi_zscore,brown,3,1.1934629931549592,1.1252761637818935,1.2644671559276444
687,Symptoms affecting skin,dermatologic,VFI,< 0.0001,1.39 (1.25 - 1.55),21512,235,21277,2.8483200379103248e-9,vfi_zscore,firebrick,13,1.3941754219359261,1.2468700430925983,1.5528465374302842
614.5,"Inflammatory disease of cervix, vagina, and vulva",genitourinary,VFI,< 0.0001,1.38 (1.24 - 1.54),12622,259,12363,2.869267520899285e-9,vfi_zscore,black,11,1.384878159447354,1.2411169955247987,1.5389992744276408
356,Hereditary and idiopathic peripheral neuropathy,neurological,VFI,< 0.0001,1.37 (1.23 - 1.52),22486,241,22245,2.929269546830824e-9,vfi_zscore,darkblue,6,1.3712645789354923,1.2332568124275742,1.5194281952762216
577.2,Chronic pancreatitis,digestive,VFD,< 0.0001,1.46 (1.29 - 1.65),21676,225,21451,2.938586551133826e-9,vat_hu_zscore,chartreuse4,10,1.457091696061923,1.2858500114934557,1.6490208509598516
199,Neoplasm of uncertain behavior,neoplasms,VFD,< 0.0001,1.25 (1.16 - 1.35),19748,721,19027,2.9666849951916478e-9,vat_hu_zscore,darkcyan,2,1.249909420061163,1.160771338154435,1.3451181352967025
459,Other disorders of circulatory system,circulatory system,VFI,< 0.0001,1.27 (1.17 - 1.38),21930,477,21453,3.083085176062646e-9,vfi_zscore,red,8,1.2727676127982854,1.1739887047583348,1.3771171535349527
464,Acute sinusitis,respiratory,SFD,< 0.0001,0.72 (0.65 - 0.80),21996,286,21710,3.167631926827784e-9,sat_hu_zscore,coral4,9,0.7204155657724366,0.6469957640434439,0.8049685952464489
761,Cervicalgia,symptoms,SFD,< 0.0001,0.80 (0.74 - 0.86),22774,769,22005,3.2859420229917194e-9,sat_hu_zscore,purple,17,0.7984107008843621,0.7410713099477776,0.8603679032156043
218.1,Uterine leiomyoma,neoplasms,SFD,< 0.0001,0.73 (0.65 - 0.81),12277,491,11786,3.584373742068983e-9,sat_hu_zscore,darkcyan,2,0.7282997992354849,0.654908075828611,0.8084445108607572
195.1,"Malignant neoplasm, other",neoplasms,VFI,< 0.0001,1.19 (1.13 - 1.27),19950,923,19027,3.6295848768428915e-9,vfi_zscore,darkcyan,2,1.1940442877981592,1.1251169999960084,1.265846871016315
070,Viral hepatitis,infectious diseases,SFD,< 0.0001,1.25 (1.16 - 1.34),21782,600,21182,3.654795717029786e-9,sat_hu_zscore,blue,1,1.2494697058436224,1.1592506475768818,1.3442007589965859
260.2,severe protein-calorie malnutrition,endocrine/metabolic,SFI,< 0.0001,0.71 (0.63 - 0.79),20839,444,20395,3.790307312529513e-9,sfi_zscore,brown,3,0.710019099516016,0.6321237990310276,0.7938968080575909
275.3,Disorders of magnesium metabolism,endocrine/metabolic,VFD,< 0.0001,1.35 (1.22 - 1.49),22243,363,21880,3.944837324197642e-9,vat_hu_zscore,brown,3,1.346336307429442,1.2188206707917295,1.4858354427608376
531.4,"Peptic ulcer, site unspecified",digestive,VFI,< 0.0001,1.38 (1.23 - 1.53),22469,235,22234,3.996783854688333e-9,vfi_zscore,chartreuse4,10,1.3753000302547242,1.2343996397591133,1.5265875686587178
038.3,Bacteremia,infectious diseases,SFI,< 0.0001,1.24 (1.15 - 1.33),20822,643,20179,4.113098541133089e-9,sfi_zscore,blue,1,1.2405223306232827,1.153502333105302,1.331821250490167
184.11,Malignant neoplasm of ovary,neoplasms,SFI,< 0.0001,1.36 (1.22 - 1.50),12091,315,11776,4.176611057484996e-9,sfi_zscore,darkcyan,2,1.3573831472715105,1.2242844335045449,1.5012501714120767
196,Radiotherapy,neoplasms,VFD,< 0.0001,1.28 (1.18 - 1.38),19608,581,19027,4.197769673646688e-9,vat_hu_zscore,darkcyan,2,1.2767278902224728,1.1763997270471034,1.3846676231163928
327.32,Obstructive sleep apnea,neurological,SFD,< 0.0001,0.83 (0.78 - 0.89),21532,1203,20329,4.7959514199524415e-9,sat_hu_zscore,darkblue,6,0.8340064858581788,0.7846048186053708,0.8860897605407291
573.9,Abnormal serum enzyme levels,digestive,VFD,< 0.0001,1.30 (1.19 - 1.41),19055,520,18535,4.930302887841676e-9,vat_hu_zscore,chartreuse4,10,1.2961499673763899,1.1877670447089776,1.4133199405208148
572,Ascites (non malignant),digestive,SFI,< 0.0001,1.15 (1.10 - 1.21),20235,1700,18535,4.993720351676583e-9,sfi_zscore,chartreuse4,10,1.1537816979741538,1.0993985781524183,1.210064078636126
510,Other diseases of lung,respiratory,VFD,< 0.0001,1.31 (1.20 - 1.44),22738,422,22316,5.3716603766300055e-9,vat_hu_zscore,coral4,9,1.3145097456646815,1.198636260013289,1.4404218469596208
594,Urinary calculus,genitourinary,SFD,< 0.0001,0.83 (0.77 - 0.88),22260,1081,21179,5.443743367026485e-9,sat_hu_zscore,black,11,0.8259264210330155,0.7743020451171592,0.8805977137191258
871,Open wounds of extremities,injuries & poisonings,SFI,< 0.0001,1.36 (1.22 - 1.50),22386,251,22135,5.8706227128803525e-9,sfi_zscore,gray50,18,1.3588974494136807,1.2230597421732243,1.5038795488401513
618,Genital prolapse,genitourinary,SFI,< 0.0001,1.45 (1.28 - 1.64),13153,203,12950,6.17122774199861e-9,sfi_zscore,black,11,1.448696854519111,1.2760982678847013,1.6388861992687576
411.2,Myocardial infarction,circulatory system,SFD,< 0.0001,1.26 (1.16 - 1.36),21733,532,21201,6.5116559313742825e-9,sat_hu_zscore,red,8,1.2572968143383016,1.1626007536774814,1.3571174126800647
276.12,Hyposmolality and/or hyponatremia,endocrine/metabolic,VFI,< 0.0001,1.18 (1.12 - 1.25),20649,996,19653,6.657504372994579e-9,vfi_zscore,brown,3,1.1836518212669622,1.1175351846948378,1.252470055381153
519,"Other diseases of respiratory system, not elsewhere classified",respiratory,VFD,< 0.0001,1.31 (1.20 - 1.44),22768,413,22355,7.552680556731185e-9,vat_hu_zscore,coral4,9,1.3146320490852241,1.1976155337682006,1.4419015218626057
198.1,Secondary malignancy of lymph nodes,neoplasms,VFI,< 0.0001,1.20 (1.13 - 1.28),19852,825,19027,7.704251726314448e-9,vfi_zscore,darkcyan,2,1.201036787974833,1.1279502486476056,1.27734427589715
366,Cataract,sense organs,VFD,< 0.0001,0.82 (0.77 - 0.88),22779,1016,21763,7.944085374803935e-9,vat_hu_zscore,darkseagreen4,7,0.8215959424527206,0.7683245935184231,0.8780644059950776
528,"Diseases of the oral soft tissues, excluding lesions specific for gingiva and tongue",digestive,VFD,< 0.0001,1.39 (1.24 - 1.55),22618,286,22332,8.004953982147189e-9,vat_hu_zscore,chartreuse4,10,1.3852849781224352,1.239363482704518,1.5467424067141335
743.11,Osteoporosis NOS,musculoskeletal,VFI,< 0.0001,1.23 (1.14 - 1.31),22196,625,21571,8.249199738427942e-9,vfi_zscore,darkolivegreen,14,1.2268237705805949,1.143547185858863,1.3142151659233177
286.2,Encounter for long-term (current) use of anticoagulants,hematopoietic,VFD,< 0.0001,1.22 (1.14 - 1.31),21682,819,20863,8.41502767839274e-9,vat_hu_zscore,darkorange1,4,1.2229799522082991,1.141732740422332,1.309382685372408
586.4,Stricture/obstruction of ureter,genitourinary,VFD,< 0.0001,1.44 (1.27 - 1.63),19773,229,19544,8.452041953523822e-9,vat_hu_zscore,black,11,1.4393728179803826,1.2705725540674382,1.6282041752596137
555,Inflammatory bowel disease and other gastroenteritis and colitis,digestive,SFI,< 0.0001,1.21 (1.13 - 1.29),17085,687,16398,8.521930956274215e-9,sfi_zscore,chartreuse4,10,1.2129234855686755,1.1348837123629871,1.2943471492857228
272.11,Hypercholesterolemia,endocrine/metabolic,SFD,< 0.0001,0.78 (0.71 - 0.85),19467,533,18934,8.820385689577912e-9,sat_hu_zscore,brown,3,0.7770977640176276,0.7130057286782562,0.8470467664678827
577.3,Cyst and pseudocyst of pancreas,digestive,SFI,< 0.0001,1.37 (1.23 - 1.52),21706,255,21451,9.157825387265118e-9,sfi_zscore,chartreuse4,10,1.3700671661964907,1.2280715671971123,1.5225806310896741
745,Pain in joint,musculoskeletal,VFD,< 0.0001,0.89 (0.85 - 0.92),22779,2669,20110,9.24390153712945e-9,vat_hu_zscore,darkolivegreen,14,0.8861570234995119,0.8502615543953178,0.9233761378079826
800,Fracture of lower limb,injuries & poisonings,SFI,< 0.0001,1.37 (1.23 - 1.52),21841,260,21581,9.690584880698755e-9,sfi_zscore,gray50,18,1.368771652462585,1.2270528474499742,1.5208672488299078
081,Infection/inflammation of internal prosthetic device; implant; and graft,infectious diseases,VFD,< 0.0001,1.45 (1.28 - 1.65),22446,210,22236,1.021627327881146e-8,vat_hu_zscore,blue,1,1.452868240231314,1.2775803118347824,1.650004760883223
041.1,Staphylococcus infections,infectious diseases,SFD,< 0.0001,1.33 (1.20 - 1.46),20515,341,20174,1.0456623178286464e-8,sat_hu_zscore,blue,1,1.3291961731691175,1.2034977885354623,1.4626117759408368
202,"Cancer of other lymphoid, histiocytic tissue",neoplasms,VFD,< 0.0001,1.31 (1.19 - 1.43),22254,419,21835,1.0469177312905852e-8,vat_hu_zscore,darkcyan,2,1.3088879490705299,1.1930979671821778,1.4347267421875336
707,Chronic ulcer of skin,dermatologic,SFI,< 0.0001,1.30 (1.18 - 1.41),22779,424,22355,1.0998940011226254e-8,sfi_zscore,firebrick,13,1.2957942886499698,1.1840341444918667,1.414458208247688
070.3,Viral hepatitis C,infectious diseases,SFD,< 0.0001,1.30 (1.19 - 1.42),21563,381,21182,1.1191034574143874e-8,sat_hu_zscore,blue,1,1.3001092577629105,1.1863735008093141,1.4206005280924123
619.1,"Noninflammatory disorders of ovary, fallopian tube, and broad ligament",genitourinary,VFI,< 0.0001,1.33 (1.20 - 1.46),12564,325,12239,1.1783237088448444e-8,vfi_zscore,black,11,1.3300116719068553,1.2036623816414875,1.4645710730630976
356,Hereditary and idiopathic peripheral neuropathy,neurological,SFI,< 0.0001,1.40 (1.24 - 1.57),22486,241,22245,1.2256369965539238e-8,sfi_zscore,darkblue,6,1.3978269837250838,1.2429933354401068,1.5654074438646666
276.12,Hyposmolality and/or hyponatremia,endocrine/metabolic,SFI,< 0.0001,1.20 (1.13 - 1.28),20649,996,19653,1.2292164067687848e-8,sfi_zscore,brown,3,1.1997063123342147,1.126194840998199,1.27657783186712
550.1,Inguinal hernia,digestive,VFI,< 0.0001,1.36 (1.22 - 1.50),21490,255,21235,1.2505415939095314e-8,vfi_zscore,chartreuse4,10,1.356487503108472,1.219475104056581,1.5045669103523234
153.2,Colon cancer,neoplasms,SFD,< 0.0001,1.22 (1.14 - 1.31),20372,730,19642,1.3961254210098451e-8,sat_hu_zscore,darkcyan,2,1.223709131764935,1.140326648356282,1.3110418459629931
202,"Cancer of other lymphoid, histiocytic tissue",neoplasms,VFI,< 0.0001,1.28 (1.17 - 1.39),22254,419,21835,1.40514228116553e-8,vfi_zscore,darkcyan,2,1.2761045928345884,1.1717011249684544,1.3868088069090685
189,Cancer of urinary organs (incl. kidney and bladder),neoplasms,VFD,< 0.0001,0.78 (0.72 - 0.85),22779,615,22164,1.4294487913708873e-8,vat_hu_zscore,darkcyan,2,0.7817507034478015,0.7176789078740974,0.8508306451364609
763,"Thoracic or lumbosacral neuritis or radiculitis, unspecified",symptoms,VFD,< 0.0001,0.72 (0.64 - 0.81),22169,347,21822,1.4651257828977136e-8,vat_hu_zscore,purple,17,0.7187060250400641,0.6405740509604297,0.8050068770521767
727,"Other disorders of synovium, tendon, and bursa",musculoskeletal,VFD,< 0.0001,0.74 (0.67 - 0.82),21822,407,21415,1.5418139570443924e-8,vat_hu_zscore,darkolivegreen,14,0.7441407320754491,0.6715449749791268,0.8241819935477189
575.7,Other disorders of gallbladder,digestive,VFD,< 0.0001,1.41 (1.25 - 1.58),20939,250,20689,1.5739126737089384e-8,vat_hu_zscore,chartreuse4,10,1.4082363579676411,1.2497481663928989,1.5847302799613006
430,Intracranial hemorrhage,circulatory system,SFI,< 0.0001,1.37 (1.23 - 1.53),21954,241,21713,1.6004072769223044e-8,sfi_zscore,red,8,1.3722819931863044,1.2268604034381239,1.5283352347759733
519,"Other diseases of respiratory system, not elsewhere classified",respiratory,SFI,< 0.0001,1.28 (1.18 - 1.40),22768,413,22355,1.731096484540343e-8,sfi_zscore,coral4,9,1.2839329731390698,1.1754925753264318,1.3987257790973004
250.42,Other abnormal glucose,endocrine/metabolic,VFD,< 0.0001,0.82 (0.77 - 0.88),20335,961,19374,1.7399008148484566e-8,vat_hu_zscore,brown,3,0.8230600980112441,0.7689865391690393,0.8805122796756673
202.2,Non-Hodgkins lymphoma,neoplasms,SFI,< 0.0001,1.31 (1.19 - 1.44),22196,361,21835,1.7733495848808004e-8,sfi_zscore,darkcyan,2,1.3102897648127043,1.1908618595127445,1.4374012275178327
339,Other headache syndromes,neurological,VFD,< 0.0001,0.80 (0.74 - 0.87),22209,720,21489,1.8490110915498667e-8,vat_hu_zscore,darkblue,6,0.8021944184103352,0.742662783148512,0.8659977826001247
202,"Cancer of other lymphoid, histiocytic tissue",neoplasms,SFI,< 0.0001,1.29 (1.18 - 1.40),22254,419,21835,1.851942531562958e-8,sfi_zscore,darkcyan,2,1.2875677354965884,1.1774440519063896,1.4043159753423466
426.9,Cardiac pacemaker/device in situ,circulatory system,SFD,< 0.0001,1.32 (1.20 - 1.45),17226,354,16872,1.892269072560298e-8,sat_hu_zscore,red,8,1.3201044753357554,1.1961992076237518,1.451952307770745
495,Asthma,respiratory,VFD,< 0.0001,0.84 (0.80 - 0.90),22150,1251,20899,1.9401061373456594e-8,vat_hu_zscore,coral4,9,0.8444412476224676,0.7958993743476751,0.8955877849348215
117,Mycoses,infectious diseases,VFD,< 0.0001,1.42 (1.26 - 1.61),21856,229,21627,2.0082078122283052e-8,vat_hu_zscore,blue,1,1.4232657244352869,1.257301654996621,1.609057637995287
272.11,Hypercholesterolemia,endocrine/metabolic,VFD,< 0.0001,0.77 (0.70 - 0.84),19472,533,18939,2.023878532709929e-8,vat_hu_zscore,brown,3,0.7713620367599127,0.7042607066484844,0.844284780969045
276.13,Hyperpotassemia,endocrine/metabolic,VFI,< 0.0001,1.32 (1.20 - 1.45),19953,300,19653,2.0278002585097877e-8,vfi_zscore,brown,3,1.3194251525004292,1.1958359308910718,1.4515948484540997
345.3,Convulsions,neurological,SFI,< 0.0001,1.33 (1.20 - 1.46),21420,278,21142,2.1765670170847077e-8,sfi_zscore,darkblue,6,1.3267067308029041,1.1993420209814216,1.4621274034361038
726,Peripheral enthesopathies and allied syndromes,musculoskeletal,VFD,< 0.0001,0.78 (0.71 - 0.85),21981,566,21415,2.1802918781005614e-8,vat_hu_zscore,darkolivegreen,14,0.7796572753228667,0.7143728095067289,0.8504183202467932
575.8,Other disorders of biliary tract,digestive,VFI,< 0.0001,1.21 (1.13 - 1.29),21417,728,20689,2.2323479842977424e-8,vfi_zscore,chartreuse4,10,1.2076533947076775,1.129569069139272,1.2893210528291135
707,Chronic ulcer of skin,dermatologic,VFI,< 0.0001,1.27 (1.17 - 1.38),22779,424,22355,2.351092361000723e-8,vfi_zscore,firebrick,13,1.2682934076336134,1.1654990212665386,1.377215372070041
338,Pain,neurological,VFD,< 0.0001,1.11 (1.07 - 1.16),22779,2988,19791,2.4260715168911164e-8,vat_hu_zscore,darkblue,6,1.1142472068849767,1.072636999239202,1.1573580986137888
416,Cardiomegaly,circulatory system,VFD,< 0.0001,1.22 (1.14 - 1.31),22077,769,21308,2.5620038293291494e-8,vat_hu_zscore,red,8,1.2205111265191348,1.1375595230387565,1.3088789242765357
580,Nephritis; nephrosis; renal sclerosis,genitourinary,SFI,< 0.0001,1.39 (1.23 - 1.55),19744,200,19544,2.7470056539497567e-8,sfi_zscore,black,11,1.3856272915882943,1.2319148170360037,1.5509431160141078
345.3,Convulsions,neurological,VFI,< 0.0001,1.34 (1.21 - 1.49),21420,278,21142,2.749388013755348e-8,vfi_zscore,darkblue,6,1.3443748739033436,1.2090180397376598,1.4898805651154603
173,Neoplasm of uncertain behavior of skin,neoplasms,SFD,< 0.0001,0.76 (0.69 - 0.84),22375,388,21987,2.8176204957338715e-8,sat_hu_zscore,darkcyan,2,0.757372297726531,0.686806625184035,0.8362874647413208
284.1,Pancytopenia,hematopoietic,SFI,< 0.0001,1.25 (1.15 - 1.35),19675,475,19200,3.018265271018354e-8,sfi_zscore,darkorange1,4,1.250323402857937,1.1539666195369211,1.3516678212176325
208,Benign neoplasm of colon,neoplasms,VFD,< 0.0001,0.84 (0.79 - 0.89),21993,1098,20895,3.5002980813731734e-8,vat_hu_zscore,darkcyan,2,0.8370160356204948,0.7855365673305382,0.891437282598323
577.2,Chronic pancreatitis,digestive,SFD,< 0.0001,1.38 (1.23 - 1.54),21673,225,21448,3.535903980188625e-8,sat_hu_zscore,chartreuse4,10,1.3803657605637374,1.2277123744024054,1.544214944987666
348.9,"Other conditions of brain, NOS",neurological,SFI,< 0.0001,1.36 (1.22 - 1.51),21385,243,21142,3.6590057240652477e-8,sfi_zscore,darkblue,6,1.3586186052737153,1.215488804040267,1.5120562313291641
536.8,Dyspepsia and other specified disorders of function of stomach,digestive,VFI,< 0.0001,1.30 (1.18 - 1.42),21058,355,20703,3.715815160320361e-8,vfi_zscore,chartreuse4,10,1.2964471094799217,1.1801495036869343,1.420001882162728
771.1,Swelling of limb,symptoms,VFD,< 0.0001,1.26 (1.16 - 1.37),22458,539,21919,3.7399967064801286e-8,vat_hu_zscore,purple,17,1.2598370691803686,1.1599331163780957,1.3674482261992238
578.2,Blood in stool,digestive,SFD,< 0.0001,1.22 (1.13 - 1.31),20628,706,19922,3.830032854143295e-8,sat_hu_zscore,chartreuse4,10,1.2180976627064983,1.1343947517187434,1.305734630490297
870,Open wounds of head; neck; and trunk,injuries & poisonings,VFI,< 0.0001,1.28 (1.17 - 1.40),22544,409,22135,4.082541341734283e-8,vfi_zscore,gray50,18,1.2798159055052707,1.1704433739529037,1.3961291391581092
586.4,Stricture/obstruction of ureter,genitourinary,SFI,< 0.0001,1.38 (1.23 - 1.54),19773,229,19544,4.1469754733811894e-8,sfi_zscore,black,11,1.3781556465906208,1.2260055325564698,1.542174496020396
535.9,"Gastritis and duodenitis, NOS",digestive,SFI,< 0.0001,1.32 (1.19 - 1.46),20978,275,20703,4.1694456978746513e-8,sfi_zscore,chartreuse4,10,1.3230963512442833,1.194820278031912,1.4597575989146145
202.2,Non-Hodgkins lymphoma,neoplasms,VFI,< 0.0001,1.29 (1.17 - 1.40),22196,361,21835,4.5232771590823767e-8,vfi_zscore,darkcyan,2,1.285355761892884,1.1732475506633835,1.40465321009692
536.3,Gastroparesis,digestive,VFI,< 0.0001,1.34 (1.21 - 1.49),20992,289,20703,4.6777343319824576e-8,vfi_zscore,chartreuse4,10,1.3432978295071234,1.2059414748721438,1.490601142606553
198.6,Secondary malignancy of bone,neoplasms,VFI,< 0.0001,1.26 (1.16 - 1.36),19450,423,19027,5.648870930984521e-8,vfi_zscore,darkcyan,2,1.2565883228216768,1.155837611951744,1.3631531469500902
184.11,Malignant neoplasm of ovary,neoplasms,VFD,< 0.0001,1.35 (1.21 - 1.50),12091,315,11776,5.671968443705474e-8,vat_hu_zscore,darkcyan,2,1.3485958580209583,1.210028312528404,1.5018067317225416
611,Abnormal findings on mammogram or breast exam,genitourinary,VFI,< 0.0001,1.26 (1.16 - 1.37),22544,440,22104,5.9197364645923206e-8,vfi_zscore,black,11,1.2611067484930136,1.1581315792187747,1.3697776873249816
155,Cancer of liver and intrahepatic bile duct,neoplasms,SFI,< 0.0001,1.30 (1.18 - 1.43),20578,373,20205,6.183591621936499e-8,sfi_zscore,darkcyan,2,1.2984400491367585,1.1795141996610103,1.4251969469135395
701.2,Scar conditions and fibrosis of skin,dermatologic,SFI,< 0.0001,1.36 (1.22 - 1.52),22389,218,22171,6.338451024385015e-8,sfi_zscore,firebrick,13,1.3638765367010468,1.2159558318572001,1.5228770719933409
430,Intracranial hemorrhage,circulatory system,VFI,< 0.0001,1.35 (1.21 - 1.50),21954,241,21713,6.444081805275638e-8,vfi_zscore,red,8,1.3474431969343297,1.2071047826599925,1.4987122897996936
729,Other disorders of soft tissues,musculoskeletal,SFD,0.00010,1.27 (1.17 - 1.39),21794,383,21411,7.110558260759158e-8,sat_hu_zscore,darkolivegreen,14,1.27470873458937,1.1652301698828467,1.3903517746358836
276.4,Acid-base balance disorder,endocrine/metabolic,SFI,0.00010,1.25 (1.15 - 1.35),20142,489,19653,7.205909298711846e-8,sfi_zscore,brown,3,1.2495669502444737,1.1509284857181379,1.3536302837580245
271.3,Intestinal disaccharidase deficiencies and disaccharide malabsorption,endocrine/metabolic,SFD,0.00011,0.71 (0.63 - 0.81),22769,204,22565,7.316012016891329e-8,sat_hu_zscore,brown,3,0.7129891821396135,0.6315084334041929,0.8097325073391634
535.9,"Gastritis and duodenitis, NOS",digestive,VFI,0.00011,1.33 (1.20 - 1.47),20978,275,20703,7.451785686253697e-8,vfi_zscore,chartreuse4,10,1.3294144838025752,1.1961959747542608,1.4721871726424434
284,Aplastic anemia,hematopoietic,SFI,0.00011,1.24 (1.15 - 1.34),19682,482,19200,7.936132021690114e-8,sfi_zscore,darkorange1,4,1.2408224476478764,1.145494793978605,1.3410555280678618
189,Cancer of urinary organs (incl. kidney and bladder),neoplasms,SFD,0.00012,0.80 (0.74 - 0.87),22774,615,22159,7.981504633996133e-8,sat_hu_zscore,darkcyan,2,0.8007743796847353,0.738288747782161,0.8685760350845675
599.5,Frequency of urination and polyuria,genitourinary,SFD,0.00012,0.82 (0.76 - 0.88),20972,809,20163,7.98417485606891e-8,sat_hu_zscore,black,11,0.8195444087392457,0.7620277777988176,0.8813131199540745
442,Other aneurysm,circulatory system,SFI,0.00012,1.33 (1.19 - 1.47),21911,332,21579,8.126158966331365e-8,sfi_zscore,red,8,1.3258786451743876,1.1939362873007762,1.4674089998650417
555.1,Regional enteritis,digestive,VFD,0.00012,1.32 (1.19 - 1.46),16772,374,16398,8.374766567746582e-8,vat_hu_zscore,chartreuse4,10,1.3201601657530873,1.1920277180777912,1.4606381232347025
199,Neoplasm of uncertain behavior,neoplasms,SFD,0.00012,1.22 (1.13 - 1.31),19747,721,19026,8.436798326999582e-8,sat_hu_zscore,darkcyan,2,1.2168115115261111,1.1315159338700365,1.3062556793368072
290.2,Delirium due to conditions classified elsewhere,mental disorders,VFI,0.00013,1.31 (1.18 - 1.44),21239,294,20945,8.775128114805118e-8,vfi_zscore,magenta,5,1.305255660548409,1.182124877813633,1.4370683540970717
519,"Other diseases of respiratory system, not elsewhere classified",respiratory,SFD,0.00013,1.27 (1.16 - 1.38),22763,411,22352,9.108676818847364e-8,sat_hu_zscore,coral4,9,1.2669448845271558,1.159978735605343,1.3799093796078765
333,Extrapyramidal disease and abnormal movement disorders,neurological,SFI,0.00014,1.39 (1.23 - 1.56),21345,203,21142,9.361826553732011e-8,sfi_zscore,darkblue,6,1.3877883474175894,1.2272396075314025,1.5614146842828136
189.1,Cancer of kidney and renal pelvis,neoplasms,SFD,0.00016,0.74 (0.67 - 0.83),22445,286,22159,1.0866014228314205e-7,sat_hu_zscore,darkcyan,2,0.7424318223722691,0.665335189329135,0.8300883147216279
153,Colorectal cancer,neoplasms,SFD,0.00016,1.18 (1.11 - 1.26),20611,969,19642,1.0918202451190664e-7,sat_hu_zscore,darkcyan,2,1.183589804858382,1.1115134363407695,1.258788470991746
288.11,Neutropenia,hematopoietic,SFI,0.00016,1.21 (1.13 - 1.30),20511,619,19892,1.1203139221656226e-7,sfi_zscore,darkorange1,4,1.2128949561655722,1.1283887936544015,1.301385538623062
442,Other aneurysm,circulatory system,SFD,0.00017,1.30 (1.18 - 1.43),21907,332,21575,1.1606735327359376e-7,sat_hu_zscore,red,8,1.297201586608263,1.1762299656011799,1.4259857617269893
158,Neoplasm of unspecified nature of digestive system,neoplasms,VFD,0.00017,1.36 (1.21 - 1.52),20490,285,20205,1.1632749431970585e-7,vat_hu_zscore,darkcyan,2,1.3591888655427498,1.2124739013893662,1.5215976932171444
510,Other diseases of lung,respiratory,VFI,0.00018,1.26 (1.16 - 1.37),22738,422,22316,1.2114042974653564e-7,vfi_zscore,coral4,9,1.2608401819502455,1.155771363470478,1.3723576177877215
202.2,Non-Hodgkins lymphoma,neoplasms,VFD,0.00018,1.31 (1.18 - 1.44),22196,361,21835,1.2148903279212218e-7,vat_hu_zscore,darkcyan,2,1.3068876530558293,1.1829157719542525,1.4424219302742884
850,Hemorrhage or hematoma complicating a procedure,injuries & poisonings,SFD,0.00018,1.35 (1.20 - 1.50),22061,235,21826,1.218772466646357e-7,sat_hu_zscore,gray50,18,1.3494258544190287,1.2045943033127198,1.504280116019802
427.22,Atrial flutter,circulatory system,VFD,0.00019,1.36 (1.21 - 1.53),17160,286,16874,1.2946792110079598e-7,vat_hu_zscore,red,8,1.363866535020005,1.2145470272817738,1.5294007879383111
611,Abnormal findings on mammogram or breast exam,genitourinary,SFI,0.00019,1.26 (1.16 - 1.37),22544,440,22104,1.3129203485217671e-07,sfi_zscore,black,11,1.260875869047511,1.155658147111661,1.3729185245408078
216.1,Screening for malignant neoplasms of the skin,neoplasms,SFD,0.00019,0.74 (0.67 - 0.83),22292,283,22009,1.3210061604162236e-7,sat_hu_zscore,darkcyan,2,0.744761504914963,0.6682830916810961,0.8328857079042546
476,Allergic rhinitis,respiratory,SFD,0.00020,0.80 (0.73 - 0.87),21695,571,21124,1.352741431229851e-7,sat_hu_zscore,coral4,9,0.7957651301568751,0.7311409468719128,0.8667030089360552
558,Noninfectious gastroenteritis,digestive,SFD,0.00020,1.18 (1.11 - 1.26),17444,1050,16394,1.4126306321806826e-7,sat_hu_zscore,chartreuse4,10,1.1808625862007878,1.1093101083951615,1.2555318913904732
963,Poisoning by primarily systemic agents,injuries & poisonings,VFI,0.00021,1.28 (1.17 - 1.40),20525,383,20142,1.430636783588993e-7,vfi_zscore,gray50,18,1.2798007798486726,1.1657623410604832,1.401122005985427
041.1,Staphylococcus infections,infectious diseases,VFD,0.00021,1.32 (1.19 - 1.46),20520,341,20179,1.4358321493309555e-7,vat_hu_zscore,blue,1,1.3209403206613843,1.1900935167373372,1.4644782911987602
961.1,Poisoning/allergy of sulfonamides,injuries & poisonings,SFD,0.00022,1.26 (1.16 - 1.38),20556,417,20139,1.507778439607799e-7,sat_hu_zscore,gray50,18,1.2629918629959074,1.1558457803621631,1.3760062951660443
761,Cervicalgia,symptoms,VFD,0.00022,0.82 (0.76 - 0.88),22779,769,22010,1.52120316289713e-7,vat_hu_zscore,purple,17,0.8199148528999766,0.7611340784171641,0.8827850228651055
189.11,"Malignant neoplasm of kidney, except pelvis",neoplasms,SFD,0.00023,0.74 (0.66 - 0.83),22413,254,22159,1.5812683226274207e-7,sat_hu_zscore,darkcyan,2,0.7361137644791241,0.6566780471284448,0.8272131209910226
960.2,Allergy/adverse effect of penicillin,injuries & poisonings,SFD,0.00023,1.21 (1.13 - 1.31),20787,648,20139,1.5984189317993872e-7,sat_hu_zscore,gray50,18,1.2146415949880534,1.1283635168053112,1.3050453388342316
963.1,Antineoplastic and immunosuppressive drugs causing adverse effects,injuries & poisonings,VFI,0.00023,1.28 (1.17 - 1.40),20520,378,20142,1.6147105704838485e-7,vfi_zscore,gray50,18,1.2803190769165604,1.1655826873148547,1.4024288947239139
293.1,"Swelling, mass, or lump in head and neck [Space-occupying lesion, intracranial NOS]",mental disorders,VFI,0.00023,1.33 (1.19 - 1.48),22748,258,22490,1.6178051547604826e-7,vfi_zscore,magenta,5,1.3324600554709152,1.1945262668054069,1.480913121274135
512,Other symptoms of respiratory system,respiratory,VFD,0.00024,1.10 (1.06 - 1.14),22779,3788,18991,1.6608530882428154e-7,vat_hu_zscore,coral4,9,1.096755368173983,1.0594318471486974,1.135312156382347
204.2,Myeloid leukemia,neoplasms,VFI,0.00025,1.38 (1.22 - 1.55),22035,200,21835,1.7038769967396982e-7,vfi_zscore,darkcyan,2,1.377602470739539,1.2189543259584843,1.5501360234980546
081,Infection/inflammation of internal prosthetic device; implant; and graft,infectious diseases,VFI,0.00026,1.37 (1.22 - 1.54),22446,210,22236,1.8045940952650905e-7,vfi_zscore,blue,1,1.3721808937908755,1.2156281658731931,1.542059497173469
559,Ileostomy status,digestive,SFI,0.00026,1.28 (1.16 - 1.40),16720,322,16398,1.81721470606192e-7,sfi_zscore,chartreuse4,10,1.2801156936742137,1.1646561034815435,1.4022898289510441
271,Disorders of carbohydrate transport and metabolism,endocrine/metabolic,SFD,0.00027,0.72 (0.64 - 0.82),22774,209,22565,1.8486542647397798e-7,sat_hu_zscore,brown,3,0.7210776094498068,0.639062395106,0.8188133596376647
426.31,Right bundle branch block,circulatory system,VFD,0.00027,1.33 (1.19 - 1.48),17214,340,16874,1.8754024141228185e-7,vat_hu_zscore,red,8,1.32969263706247,1.1938043440341721,1.4792833091844113
681,Superficial cellulitis and abscess,dermatologic,VFD,0.00028,1.17 (1.10 - 1.23),22636,1155,21481,1.9066344056378997e-7,vat_hu_zscore,firebrick,13,1.1658153117102465,1.1002217937704175,1.23491261076416
454,Varicose veins,circulatory system,SFD,0.00029,1.34 (1.20 - 1.50),19824,247,19577,1.9914204974475138e-7,sat_hu_zscore,red,8,1.3425177656426952,1.1985026245735917,1.4966492028896239
379.2,Disorders of vitreous body,sense organs,SFD,0.00029,0.77 (0.70 - 0.85),22251,402,21849,2.0335831838157286e-7,sat_hu_zscore,darkseagreen4,7,0.7716986277711128,0.7003719084801986,0.8517882710424463
433,Cerebrovascular disease,circulatory system,SFD,0.00033,1.17 (1.10 - 1.25),22645,937,21708,2.287816018852237e-7,sat_hu_zscore,red,8,1.1734131043493865,1.1038221353918878,1.2460090556076493
427.1,"Paroxysmal tachycardia, unspecified",circulatory system,SFD,0.00034,1.28 (1.16 - 1.40),17272,400,16872,2.3201321807096844e-7,sat_hu_zscore,red,8,1.2761205929153339,1.1615559879709272,1.3974582853858386
568.1,Peritoneal adhesions (postoperative) (postinfection),digestive,VFI,0.00036,1.26 (1.15 - 1.37),19830,397,19433,2.5146385737437836e-7,vfi_zscore,chartreuse4,10,1.257076334273598,1.1508567537377221,1.3696034127743093
618,Genital prolapse,genitourinary,VFI,0.00037,1.35 (1.20 - 1.50),13153,203,12950,2.563103877898921e-7,vfi_zscore,black,11,1.3460847592832363,1.1991720475279484,1.5037350839473793
008.5,Bacterial enteritis,infectious diseases,SFI,0.00038,1.25 (1.14 - 1.35),22463,447,22016,2.5973739438024346e-7,sfi_zscore,blue,1,1.245079411739232,1.1439967496820262,1.3517855766013134
155,Cancer of liver and intrahepatic bile duct,neoplasms,VFI,0.00041,1.26 (1.15 - 1.37),20578,373,20205,2.799931252474065e-7,vfi_zscore,darkcyan,2,1.2566515228760615,1.150362673274277,1.3695847322814365
345.3,Convulsions,neurological,SFD,0.00043,1.32 (1.18 - 1.46),21417,278,21139,2.964911955953881e-7,sat_hu_zscore,darkblue,6,1.3162690819680434,1.1823751038744512,1.4590313961675216
430,Intracranial hemorrhage,circulatory system,SFD,0.00043,1.33 (1.19 - 1.48),21949,241,21708,2.9711704034319225e-7,sat_hu_zscore,red,8,1.3332253823867708,1.1915361886630822,1.4848729035110761
850,Hemorrhage or hematoma complicating a procedure,injuries & poisonings,SFI,0.00043,1.33 (1.19 - 1.49),22066,235,21831,2.9817935128793605e-7,sfi_zscore,gray50,18,1.3341079552799129,1.1921257895113413,1.4864508220482182
800,Fracture of lower limb,injuries & poisonings,VFI,0.00045,1.31 (1.18 - 1.45),21841,260,21581,3.102487159778643e-7,vfi_zscore,gray50,18,1.3128823965444727,1.1807329783352516,1.4547073418999825
288.1,Decreased white blood cell count,hematopoietic,SFI,0.00047,1.19 (1.11 - 1.27),20639,747,19892,3.215364590006001e-7,sfi_zscore,darkorange1,4,1.1877194911422468,1.111019386989413,1.2677921360975242
158,Neoplasm of unspecified nature of digestive system,neoplasms,VFI,0.00048,1.29 (1.17 - 1.42),20490,285,20205,3.345456614565244e-7,vfi_zscore,darkcyan,2,1.2871688796185763,1.166336879831667,1.4161181170948363
184.1,Malignant neoplasm of ovary and other uterine adnexa,neoplasms,VFD,0.00049,1.31 (1.18 - 1.45),12119,343,11776,3.377145449926247e-7,vat_hu_zscore,darkcyan,2,1.3108098265148267,1.1808368502321285,1.4539282887152873
573.3,Hepatomegaly,digestive,SFD,0.00049,1.35 (1.20 - 1.51),18797,264,18533,3.39954617313268e-7,sat_hu_zscore,chartreuse4,10,1.346790693526647,1.1979164745011752,1.506131641974219
594.1,Calculus of kidney,genitourinary,VFD,0.00051,0.83 (0.77 - 0.89),22007,823,21184,3.5000011518930533e-7,vat_hu_zscore,black,11,0.8291176254800213,0.7712453365307702,0.8908760324705634
805,Fracture of vertebral column without mention of spinal cord injury,injuries & poisonings,SFI,0.00051,1.30 (1.17 - 1.43),21920,339,21581,3.5415082171440256e-7,sfi_zscore,gray50,18,1.2955654689110334,1.1707159101098878,1.4291031221289212
285.2,Anemia of chronic disease,hematopoietic,VFI,0.00055,1.19 (1.11 - 1.27),19924,724,19200,3.796992675558081e-7,vfi_zscore,darkorange1,4,1.189661205085237,1.1117399084212085,1.2712576481281426
202,"Cancer of other lymphoid, histiocytic tissue",neoplasms,SFD,0.00056,1.25 (1.15 - 1.36),22249,419,21830,3.839195553434653e-7,sat_hu_zscore,darkcyan,2,1.2511703830229637,1.145897953004009,1.3624014198564518
726.1,Enthesopathy,musculoskeletal,SFD,0.00057,0.75 (0.68 - 0.84),21711,300,21411,3.941177068001245e-7,sat_hu_zscore,darkolivegreen,14,0.7528660882251825,0.6758077601646437,0.8421850275667879
054,Herpes simplex,infectious diseases,SFI,0.00058,1.32 (1.18 - 1.47),21418,233,21185,3.9982801531500843e-7,sfi_zscore,blue,1,1.3233737062154347,1.184823664116899,1.4717029693195394
008.5,Bacterial enteritis,infectious diseases,VFI,0.00062,1.24 (1.14 - 1.35),22463,447,22016,4.2699002918331396e-7,vfi_zscore,blue,1,1.2431014375416942,1.1411773129455427,1.3509862464085125
585.31,Renal dialysis,genitourinary,SFI,0.00062,1.30 (1.17 - 1.44),19824,280,19544,4.2784705827025304e-7,sfi_zscore,black,11,1.3023454831985415,1.17320654568873,1.4400570598709188
276.6,Fluid overload,endocrine/metabolic,SFI,0.00068,1.27 (1.16 - 1.40),19999,346,19653,4.6899071038527754e-7,sfi_zscore,brown,3,1.2739307911159454,1.1575499345088012,1.3976012964361084
555,Inflammatory bowel disease and other gastroenteritis and colitis,digestive,VFI,0.00070,1.22 (1.13 - 1.31),17085,687,16398,4.828321813859545e-7,vfi_zscore,chartreuse4,10,1.2167707447115306,1.1262042295830317,1.3122236797401379
519.9,Symptoms involving respiratory system and other chest symptoms,respiratory,VFD,0.00073,1.36 (1.21 - 1.53),22598,243,22355,5.075318092322591e-7,vat_hu_zscore,coral4,9,1.3595314643176006,1.2051037723270657,1.5316362839938582
751,Genitourinary congenital anomalies,congenital anomalies,SFI,0.00075,1.33 (1.19 - 1.49),22650,214,22436,5.185502486010928e-7,sfi_zscore,mediumspringgreen,15,1.3343006991288022,1.1892105869752339,1.4898985290634765
136,Other infectious and parasitic diseases,infectious diseases,VFI,0.00076,1.28 (1.16 - 1.41),22710,334,22376,5.25106765222883e-7,vfi_zscore,blue,1,1.2807165948217376,1.1608962276595673,1.4086213224040043
560.4,Other intestinal obstruction,digestive,VFI,0.00077,1.14 (1.08 - 1.20),17794,1396,16398,5.337330120706005e-7,vfi_zscore,chartreuse4,10,1.1434637747597758,1.0846178564224886,1.2044999627117905
594,Urinary calculus,genitourinary,VFD,0.00083,0.85 (0.80 - 0.91),22265,1081,21184,5.701874284461968e-7,vat_hu_zscore,black,11,0.8513531795910798,0.7991392685282704,0.9065802186130395
994.21,Septic shock,injuries & poisonings,SFI,0.00083,1.24 (1.14 - 1.35),21402,460,20942,5.768182737779496e-7,sfi_zscore,gray50,18,1.2412072188281429,1.138938538159185,1.3493295221938084
555.1,Regional enteritis,digestive,VFI,0.00084,1.29 (1.17 - 1.43),16772,374,16398,5.793944150856936e-7,vfi_zscore,chartreuse4,10,1.2943565427564154,1.1678377974481469,1.4299613612103321
613,Other nonmalignant breast conditions,genitourinary,VFD,0.00089,0.74 (0.65 - 0.83),22779,288,22491,6.153277371976067e-7,vat_hu_zscore,black,11,0.7383863874528822,0.6549797723650248,0.8317269963167528
979,Adverse drug events and drug allergies,injuries & poisonings,SFD,0.00096,1.36 (1.20 - 1.53),20341,202,20139,6.633998101041279e-7,sat_hu_zscore,gray50,18,1.3586729191384033,1.2002865706791532,1.5286657105579289
496,Chronic airway obstruction,respiratory,SFD,0.00097,1.19 (1.11 - 1.27),21624,730,20894,6.705292200415542e-7,sat_hu_zscore,coral4,9,1.1870699117979884,1.1086091776391347,1.2692077534997483
930,Allergic reaction to food,injuries & poisonings,SFI,0.00098,1.32 (1.18 - 1.47),21378,229,21149,6.750728119165676e-7,sfi_zscore,gray50,18,1.3177505544549777,1.1791887572423894,1.4662260453381806
202.2,Non-Hodgkins lymphoma,neoplasms,SFD,0.0011,1.26 (1.15 - 1.38),22191,361,21830,7.376093946974412e-7,sat_hu_zscore,darkcyan,2,1.262705614316005,1.1494815618506722,1.3827002622501847
990,Effects radiation NOS,injuries & poisonings,SFI,0.0011,1.19 (1.11 - 1.27),21152,755,20397,7.872470366668862e-7,sfi_zscore,gray50,18,1.1895690701300747,1.1095048483418524,1.2734586577701128
870,Open wounds of head; neck; and trunk,injuries & poisonings,SFD,0.0012,1.25 (1.14 - 1.36),22539,408,22131,8.026099108641351e-7,sat_hu_zscore,gray50,18,1.2505628439355243,1.1426249739707912,1.364758500559498
495.2,Asthma with exacerbation,respiratory,SFD,0.0013,0.73 (0.65 - 0.83),21137,243,20894,8.884034547843492e-7,sat_hu_zscore,coral4,9,0.7348038909133318,0.6520544079909529,0.8342703121304079
371.3,Inflammation of eyelids,sense organs,SFD,0.0013,0.75 (0.67 - 0.84),22271,279,21992,8.939529368936285e-7,sat_hu_zscore,darkseagreen4,7,0.7499560809123461,0.6702597754609914,0.8432991605482576
158,Neoplasm of unspecified nature of digestive system,neoplasms,SFI,0.0014,1.31 (1.17 - 1.46),20490,285,20205,9.411877317611948e-7,sfi_zscore,darkcyan,2,1.3106788285344113,1.1740570382217004,1.4577043202024758
433.3,Cerebral ischemia,circulatory system,SFD,0.0014,1.22 (1.12 - 1.31),22230,522,21708,9.570083568044402e-7,sat_hu_zscore,red,8,1.2153887956472382,1.122995447505695,1.3126838809659915
348.8,"Encephalopathy, not elsewhere classified",neurological,VFI,0.0014,1.30 (1.17 - 1.45),21395,253,21142,9.594549338027026e-7,vfi_zscore,darkblue,6,1.3030807370259427,1.1699976777360346,1.4461878312568341
155.1,"Malignant neoplasm of liver, primary",neoplasms,SFI,0.0014,1.32 (1.18 - 1.47),20466,261,20205,9.927052864308121e-7,sfi_zscore,darkcyan,2,1.3170627207041594,1.1769307951059917,1.4677041786398757
038.1,Gram negative septicemia,infectious diseases,VFI,0.0015,1.31 (1.17 - 1.46),20415,236,20179,1.0480322465270722e-6,vfi_zscore,blue,1,1.3096024777987172,1.17284177344066,1.4566534593031795
290.2,Delirium due to conditions classified elsewhere,mental disorders,SFI,0.0017,1.31 (1.17 - 1.45),21239,294,20945,1.1723823203382573e-6,sfi_zscore,magenta,5,1.3054390122161272,1.1700464371336652,1.4508376774302472
536,Disorders of function of stomach,digestive,VFD,0.0018,1.20 (1.11 - 1.29),21434,731,20703,1.2272293590399371e-6,vat_hu_zscore,chartreuse4,10,1.1966601845241105,1.1126405434650752,1.2863689063479764
427.1,"Paroxysmal tachycardia, unspecified",circulatory system,VFD,0.0018,1.27 (1.15 - 1.40),17274,400,16874,1.2498221241772494e-6,vat_hu_zscore,red,8,1.2743200821119016,1.1546768723030585,1.404800900066758
070.3,Viral hepatitis C,infectious diseases,VFI,0.0018,1.25 (1.14 - 1.36),21566,381,21185,1.2541481078175915e-6,vfi_zscore,blue,1,1.2485483497479262,1.139898158981722,1.3641726828318572
276.41,Acidosis,endocrine/metabolic,SFI,0.0019,1.25 (1.14 - 1.37),20037,384,19653,1.2787072821858654e-6,sfi_zscore,brown,3,1.2518495787876531,1.1413743475276121,1.3690585284749717
153.3,"Malignant neoplasm of rectum, rectosigmoid junction, and anus",neoplasms,VFI,0.0020,1.21 (1.12 - 1.31),20150,505,19645,1.356888536553071e-6,vfi_zscore,darkcyan,2,1.213729464713648,1.1208727956777136,1.3117222925094956
803,Fracture of upper limb,injuries & poisonings,VFI,0.0022,1.34 (1.18 - 1.50),21793,212,21581,1.4910896062316699e-6,vfi_zscore,gray50,18,1.336677302085514,1.1849312997896597,1.501153041581123
198.6,Secondary malignancy of bone,neoplasms,SFI,0.0022,1.24 (1.14 - 1.36),19450,423,19027,1.5052780140191574e-6,sfi_zscore,darkcyan,2,1.2447007516970114,1.1369733551825116,1.3590904037406035
850,Hemorrhage or hematoma complicating a procedure,injuries & poisonings,VFD,0.0024,1.35 (1.19 - 1.52),22066,235,21831,1.640214060056641e-6,vat_hu_zscore,gray50,18,1.3490453239455826,1.1926572642365696,1.5236768294516503
599.5,Frequency of urination and polyuria,genitourinary,VFD,0.0024,0.84 (0.78 - 0.90),20976,809,20167,1.6456173925920345e-6,vat_hu_zscore,black,11,0.8364233180957764,0.7772997369567631,0.8995612439789279
348.8,"Encephalopathy, not elsewhere classified",neurological,SFI,0.0025,1.31 (1.17 - 1.47),21395,253,21142,1.7267855749166996e-6,sfi_zscore,darkblue,6,1.3138756044931088,1.1721248757189937,1.4662144955069136
433.21,"Cerebral artery occlusion, with cerebral infarction",circulatory system,SFD,0.0025,1.26 (1.15 - 1.39),22040,332,21708,1.7614133918449047e-6,sat_hu_zscore,red,8,1.2619756844552579,1.1451789880112944,1.3860877073275297
532,Dysphagia,digestive,VFD,0.0026,1.19 (1.11 - 1.27),19781,779,19002,1.7630355194564782e-6,vat_hu_zscore,chartreuse4,10,1.1874996417236756,1.1063877078371633,1.2739011052735765
433.2,Occlusion of cerebral arteries,circulatory system,SFD,0.0027,1.26 (1.14 - 1.38),22050,342,21708,1.8443714859396264e-6,sat_hu_zscore,red,8,1.2577910286839087,1.1427769134653383,1.3799138219869
276.13,Hyperpotassemia,endocrine/metabolic,SFI,0.0027,1.28 (1.15 - 1.42),19953,300,19653,1.8982623265241641e-6,sfi_zscore,brown,3,1.281028927647052,1.1546967843549731,1.415864257251849
870,Open wounds of head; neck; and trunk,injuries & poisonings,VFD,0.0028,1.26 (1.14 - 1.38),22544,409,22135,1.9266745669604506e-6,vat_hu_zscore,gray50,18,1.2565859982266931,1.1432627105378281,1.379861592807177
362.2,Degeneration of macula and posterior pole of retina,sense organs,SFD,0.0030,0.78 (0.71 - 0.87),22112,390,21722,2.0595738859721585e-6,sat_hu_zscore,darkseagreen4,7,0.781962132463112,0.7071819057358298,0.8661436682639385
483,Acute bronchitis and bronchiolitis,respiratory,SFD,0.0030,0.75 (0.67 - 0.85),21690,256,21434,2.075670499843874e-6,sat_hu_zscore,coral4,9,0.7521587588953874,0.6704591344292736,0.8490040375464812
275.5,Disorders of calcium/phosphorus metabolism,endocrine/metabolic,SFI,0.0031,1.27 (1.15 - 1.40),22189,309,21880,2.174520247270219e-6,sfi_zscore,brown,3,1.2710352391479431,1.1488535060827454,1.4012313412714446
250.42,Other abnormal glucose,endocrine/metabolic,SFD,0.0032,0.85 (0.79 - 0.91),20330,961,19369,2.22633331385169e-6,sat_hu_zscore,brown,3,0.8477496116700061,0.7914741755680635,0.9075063835823196
371,Inflammation of the eye,sense organs,SFD,0.0032,0.79 (0.71 - 0.87),22384,392,21992,2.2356463456333906e-6,sat_hu_zscore,darkseagreen4,7,0.7851443092309806,0.71120926860324,0.8688835375113048
351,Other peripheral nerve disorders,neurological,SFD,0.0034,0.80 (0.73 - 0.88),22440,485,21955,2.3415900271813723e-6,sat_hu_zscore,darkblue,6,0.8022271512088482,0.7326180706359977,0.879707237957237
496,Chronic airway obstruction,respiratory,VFD,0.0034,1.19 (1.11 - 1.28),21629,730,20899,2.3491601605292315e-6,vat_hu_zscore,coral4,9,1.1905527320182596,1.1070833229052925,1.279649989948068
763,"Thoracic or lumbosacral neuritis or radiculitis, unspecified",symptoms,SFD,0.0039,0.78 (0.70 - 0.87),22164,347,21817,2.7186174621484617e-6,sat_hu_zscore,purple,17,0.7786421418194037,0.7022191449487359,0.8657892144762415
204.2,Myeloid leukemia,neoplasms,SFI,0.0040,1.33 (1.17 - 1.49),22035,200,21835,2.7350978846083664e-6,sfi_zscore,darkcyan,2,1.3254559622818542,1.1749523081904114,1.48725982894856
512.9,Other dyspnea,respiratory,VFD,0.0042,1.16 (1.09 - 1.24),19976,985,18991,2.896556127142682e-6,vat_hu_zscore,coral4,9,1.1633746264825753,1.0916791663903673,1.2392824026442908
960.2,Allergy/adverse effect of penicillin,injuries & poisonings,VFD,0.0044,1.20 (1.11 - 1.30),20790,648,20142,3.0544976300237722e-06,vat_hu_zscore,gray50,18,1.2006162326540237,1.1115304438790843,1.2960561408704905
260.2,severe protein-calorie malnutrition,endocrine/metabolic,VFI,0.0045,0.77 (0.69 - 0.86),20839,444,20395,3.1094122918420486e-6,vfi_zscore,brown,3,0.7733385660362172,0.6925498177094288,0.8596724801611847
426.32,Left bundle branch block,circulatory system,SFD,0.0049,1.28 (1.15 - 1.41),17200,328,16872,3.373417660636053e-6,sat_hu_zscore,red,8,1.2755935983859434,1.148817456027676,1.4108321066503713
979,Adverse drug events and drug allergies,injuries & poisonings,SFI,0.0050,1.32 (1.17 - 1.48),20344,202,20142,3.4567923941676026e-6,sfi_zscore,gray50,18,1.3223301531485874,1.171924482710548,1.4840768851272876
401.2,Hypertensive heart and/or renal disease,circulatory system,VFD,0.0053,1.20 (1.11 - 1.30),18153,661,17492,3.6324071214788362e-6,vat_hu_zscore,red,8,1.2005612593828876,1.1108758683262654,1.2967804968488266
348.9,"Other conditions of brain, NOS",neurological,VFI,0.0054,1.30 (1.16 - 1.44),21385,243,21142,3.6996119457720842e-6,vfi_zscore,darkblue,6,1.2955675756057141,1.1586698224895147,1.4430656441429177
289,Other diseases of blood and blood-forming organs,hematopoietic,VFI,0.0055,1.28 (1.15 - 1.41),20164,272,19892,3.777476253609417e-6,vfi_zscore,darkorange1,4,1.2775191423967376,1.1493028906618288,1.4147546419205177
345,"Epilepsy, recurrent seizures, convulsions",neurological,VFD,0.0055,1.23 (1.13 - 1.35),21612,470,21142,3.794672600034164e-6,vat_hu_zscore,darkblue,6,1.2327894358409026,1.1276182032019477,1.3466702162183684
613,Other nonmalignant breast conditions,genitourinary,SFD,0.0056,0.74 (0.65 - 0.84),22774,287,22487,3.904451824601455e-6,sat_hu_zscore,black,11,0.7381731835231083,0.649989279537035,0.8399912683011856
280.2,Iron deficiency anemia secondary to blood loss (chronic),hematopoietic,VFI,0.0058,1.23 (1.12 - 1.34),19607,407,19200,4.0008870220280095e-6,vfi_zscore,darkorange1,4,1.2289287347121325,1.124329720532815,1.3397918619963165
184,Cancer of other female genital organs,neoplasms,VFI,0.0059,1.23 (1.13 - 1.35),12163,387,11776,4.081046340976998e-6,vfi_zscore,darkcyan,2,1.233566351994697,1.1264431627586649,1.3468647871205506
599.2,Retention of urine,genitourinary,VFD,0.0062,1.21 (1.11 - 1.31),20745,578,20167,4.3051423750463e-6,vat_hu_zscore,black,11,1.2083032320250293,1.1142342656500865,1.3094274082888329
571,Chronic liver disease and cirrhosis,digestive,VFD,0.0064,1.12 (1.06 - 1.17),20492,1957,18535,4.442078397451129e-6,vat_hu_zscore,chartreuse4,10,1.1159168546350706,1.0647469093543827,1.1693135941586388
704,Diseases of hair and hair follicles,dermatologic,SFD,0.0065,0.77 (0.69 - 0.86),22592,292,22300,4.490481788820076e-6,sat_hu_zscore,firebrick,13,0.768615016657943,0.6887374818694078,0.8627481059294944
117,Mycoses,infectious diseases,VFI,0.0068,1.31 (1.17 - 1.48),21856,229,21627,4.6787660265863715e-6,vfi_zscore,blue,1,1.3149840208949215,1.16690611350695,1.4754319203336996
054,Herpes simplex,infectious diseases,VFI,0.0070,1.31 (1.16 - 1.46),21418,233,21185,4.86668036915609e-6,vfi_zscore,blue,1,1.3060562608809396,1.1620122900878398,1.4613169738703369
081,Infection/inflammation of internal prosthetic device; implant; and graft,infectious diseases,SFI,0.0071,1.31 (1.16 - 1.46),22446,210,22236,4.921978023546838e-6,sfi_zscore,blue,1,1.3064222370473118,1.1617707148749572,1.4615540537955387
426.2,Atrioventricular [AV] block,circulatory system,VFD,0.0073,1.29 (1.15 - 1.43),17209,335,16874,5.038419048338013e-6,vat_hu_zscore,red,8,1.2864788307264954,1.153731542025468,1.432573172804675
573.5,Jaundice (not of newborn),digestive,VFI,0.0074,1.23 (1.12 - 1.34),18952,417,18535,5.136305205516441e-6,vfi_zscore,chartreuse4,10,1.2267552950267828,1.12209870079385,1.3377678002797229
241.1,Nontoxic uninodular goiter,endocrine/metabolic,SFD,0.0078,0.75 (0.67 - 0.85),20984,254,20730,5.380562765256383e-6,sat_hu_zscore,brown,3,0.7525540497284237,0.6677558327576287,0.85323684776563
930,Allergic reaction to food,injuries & poisonings,VFD,0.0080,1.34 (1.18 - 1.51),21378,229,21149,5.541030695482446e-6,vat_hu_zscore,gray50,18,1.3370720261694364,1.1786730890637553,1.5145547964258381
800,Fracture of lower limb,injuries & poisonings,SFD,0.0081,1.28 (1.15 - 1.42),21837,260,21577,5.569738842248379e-6,sat_hu_zscore,gray50,18,1.282674213635778,1.1493797061267308,1.4249984517767678
530.11,GERD,digestive,VFD,0.0081,0.91 (0.87 - 0.95),21643,2641,19002,5.581782332345089e-6,vat_hu_zscore,chartreuse4,10,0.9077244428993785,0.8704884629347264,0.9463629389958822
600,Hyperplasia of prostate,genitourinary,SFD,0.0084,0.83 (0.76 - 0.90),8944,703,8241,5.808311486301675e-6,sat_hu_zscore,black,11,0.826878675043617,0.7614160186690235,0.8978040107814351
483,Acute bronchitis and bronchiolitis,respiratory,VFD,0.0087,0.74 (0.66 - 0.85),21695,256,21439,5.988804092591196e-6,vat_hu_zscore,coral4,9,0.7448977179100909,0.6558249083642032,0.8462110157303826
575.7,Other disorders of gallbladder,digestive,SFI,0.0093,1.29 (1.15 - 1.44),20939,250,20689,6.4081676678280895e-6,sfi_zscore,chartreuse4,10,1.292925483035212,1.1537163795484613,1.442391320883129
963,Poisoning by primarily systemic agents,injuries & poisonings,SFI,0.0094,1.23 (1.12 - 1.34),20525,383,20142,6.467656165093868e-6,sfi_zscore,gray50,18,1.2275039331103852,1.121131377550069,1.3398632368373669
850,Hemorrhage or hematoma complicating a procedure,injuries & poisonings,VFI,0.0094,1.29 (1.15 - 1.44),22066,235,21831,6.470500266050508e-6,vfi_zscore,gray50,18,1.2942641673454938,1.1544933597528286,1.4448310736085532
289,Other diseases of blood and blood-forming organs,hematopoietic,VFD,0.0095,1.31 (1.16 - 1.46),20164,272,19892,6.595552981858839e-6,vat_hu_zscore,darkorange1,4,1.3050742644098499,1.1614573778741506,1.4642764189196646
550.2,Diaphragmatic hernia,digestive,SFD,0.0097,0.81 (0.74 - 0.89),21706,476,21230,6.69943763334048e-6,sat_hu_zscore,chartreuse4,10,0.8094538611307626,0.7388148757306178,0.887962819779816
289.5,Diseases of spleen,hematopoietic,VFI,0.0098,1.29 (1.15 - 1.44),20132,240,19892,6.8017290224012065e-6,vfi_zscore,darkorange1,4,1.2937184241893165,1.1540098867789395,1.4444631674559876
442,Other aneurysm,circulatory system,VFD,0.0099,1.27 (1.14 - 1.41),21911,332,21579,6.846610193623486e-6,vat_hu_zscore,red,8,1.2721386526251441,1.1447620212925087,1.4120170590939392
702,Degenerative skin conditions and other dermatoses,dermatologic,VFD,0.010,0.83 (0.77 - 0.90),22351,699,21652,6.993818682306541e-6,vat_hu_zscore,firebrick,13,0.8348304983188574,0.7713371959828526,0.9028701676568034
626,Disorders of menstruation and other abnormal bleeding from female genital tract,genitourinary,SFD,0.011,0.79 (0.72 - 0.88),12287,585,11702,7.457129548227168e-6,sat_hu_zscore,black,11,0.7941885382032409,0.7172659609837504,0.8775069790404353
367.1,Myopia,sense organs,SFI,0.011,1.29 (1.15 - 1.44),22398,225,22173,7.624197046032909e-6,sfi_zscore,darkseagreen4,7,1.288564540974794,1.1503737260145488,1.4366420815772807
374,Other disorders of eyelids,sense organs,SFD,0.011,0.76 (0.68 - 0.86),22251,259,21992,7.701843186790186e-6,sat_hu_zscore,darkseagreen4,7,0.7634282761495177,0.6801541436635244,0.8616475712945683
401.1,Essential hypertension,circulatory system,SFD,0.011,0.93 (0.90 - 0.96),22484,4995,17489,7.766195247550881e-6,sat_hu_zscore,red,8,0.9276294986624413,0.897493373686148,0.9585982359928834
426.91,Cardiac pacemaker in situ,circulatory system,SFD,0.011,1.29 (1.15 - 1.44),17140,268,16872,7.780371701100912e-6,sat_hu_zscore,red,8,1.290160372471135,1.1511184952991367,1.4393846864517592
425,Cardiomyopathy,circulatory system,VFD,0.012,1.24 (1.13 - 1.36),22513,403,22110,7.951046785622052e-6,vat_hu_zscore,red,8,1.2418271918824462,1.1286506507770482,1.3649961328007993
550.5,Ventral hernia,digestive,VFD,0.012,0.81 (0.74 - 0.89),21761,526,21235,7.964204880571805e-6,vat_hu_zscore,chartreuse4,10,0.8147443720382458,0.7444484772713523,0.891076214256615
805,Fracture of vertebral column without mention of spinal cord injury,injuries & poisonings,VFI,0.012,1.24 (1.12 - 1.36),21920,339,21581,8.380088888228212e-6,vfi_zscore,gray50,18,1.2368950197011102,1.124771476484993,1.3562650798575056
041.2,Streptococcus infection,infectious diseases,VFI,0.014,1.27 (1.14 - 1.41),20445,266,20179,9.673846196397414e-6,vfi_zscore,blue,1,1.2696584171806973,1.140014297644895,1.4087551086002688
433.31,Transient cerebral ischemia,circulatory system,SFD,0.014,1.20 (1.11 - 1.30),22200,492,21708,9.829846108536435e-6,sat_hu_zscore,red,8,1.2000123307061565,1.1055718730658104,1.2996108509275477
536.3,Gastroparesis,digestive,SFI,0.015,1.25 (1.13 - 1.37),20992,289,20703,1.0554499876018141e-5,sfi_zscore,chartreuse4,10,1.245052240946419,1.1272670372187272,1.3701807482517623
625,Pain and other symptoms associated with female genital organs,genitourinary,SFD,0.015,0.81 (0.74 - 0.89),12989,622,12367,1.0618271988305695e-5,sat_hu_zscore,black,11,0.8121180429321021,0.7395997080837882,0.8900521311340335
271.3,Intestinal disaccharidase deficiencies and disaccharide malabsorption,endocrine/metabolic,VFD,0.015,0.72 (0.63 - 0.84),22774,204,22570,1.06973314881958e-5,vat_hu_zscore,brown,3,0.7249689028150937,0.6285793157342822,0.8365701356749351
289.5,Diseases of spleen,hematopoietic,SFI,0.016,1.28 (1.14 - 1.42),20132,240,19892,1.0827776577636952e-5,sfi_zscore,darkorange1,4,1.2782937647714485,1.1430744008838087,1.422790224875005
965.1,Opiates and related narcotics causing adverse effects in therapeutic use,injuries & poisonings,VFD,0.017,1.23 (1.12 - 1.35),20576,434,20142,1.1848366669190472e-5,vat_hu_zscore,gray50,18,1.230930094840185,1.1211403184789817,1.3502823431858193
041.2,Streptococcus infection,infectious diseases,SFI,0.019,1.27 (1.14 - 1.41),20445,266,20179,1.2888835792796117e-5,sfi_zscore,blue,1,1.270092711372034,1.138217232195766,1.411214016964434
539,Bariatric surgery,digestive,VFD,0.019,1.21 (1.11 - 1.32),22779,526,22253,1.324930155468896e-5,vat_hu_zscore,chartreuse4,10,1.208247359682226,1.1092986437320322,1.3151989186319217
963.1,Antineoplastic and immunosuppressive drugs causing adverse effects,injuries & poisonings,SFI,0.020,1.22 (1.11 - 1.33),20520,378,20142,1.3507290390184748e-5,sfi_zscore,gray50,18,1.2210056531291222,1.1141965049157863,1.333866394132135
464,Acute sinusitis,respiratory,VFD,0.020,0.77 (0.68 - 0.86),22001,286,21715,1.3631114856426282e-5,vat_hu_zscore,coral4,9,0.7674004407066308,0.68111857328104,0.8646431086960359
280.2,Iron deficiency anemia secondary to blood loss (chronic),hematopoietic,SFI,0.020,1.22 (1.11 - 1.33),19607,407,19200,1.3927779891974044e-5,sfi_zscore,darkorange1,4,1.216859879972823,1.1121600023428666,1.3277130072597563
426.2,Atrioventricular [AV] block,circulatory system,SFD,0.020,1.26 (1.13 - 1.39),17207,335,16872,1.3985790876333362e-5,sat_hu_zscore,red,8,1.2572496243180458,1.131597365403782,1.3913746317785212
536.3,Gastroparesis,digestive,SFD,0.020,1.27 (1.14 - 1.42),20989,289,20700,1.400853965173387e-5,sat_hu_zscore,chartreuse4,10,1.2726942262089949,1.1387584874166807,1.4156995439735918
580,Nephritis; nephrosis; renal sclerosis,genitourinary,VFD,0.020,1.35 (1.18 - 1.54),19744,200,19544,1.4143906712837773e-5,vat_hu_zscore,black,11,1.3456845791024514,1.175684908567653,1.5373086246293872
184,Cancer of other female genital organs,neoplasms,VFD,0.021,1.24 (1.13 - 1.37),12163,387,11776,1.4291504948044626e-5,vat_hu_zscore,darkcyan,2,1.2443550802794046,1.1268802269578186,1.3729881928729843
427.11,Paroxysmal supraventricular tachycardia,circulatory system,SFD,0.022,1.29 (1.14 - 1.44),17124,252,16872,1.50658210201298e-5,sat_hu_zscore,red,8,1.286016290399304,1.1444010870672956,1.437449153557649
158,Neoplasm of unspecified nature of digestive system,neoplasms,SFD,0.024,1.26 (1.13 - 1.40),20487,285,20202,1.6288034990940162e-5,sat_hu_zscore,darkcyan,2,1.264391862681032,1.1339093104920686,1.4036825567072522
694,Dyschromia and Vitiligo,dermatologic,SFD,0.024,0.79 (0.72 - 0.88),21926,364,21562,1.645439172169643e-5,sat_hu_zscore,firebrick,13,0.7948861069123458,0.7172694978650691,0.8836835467518387
295,Schizophrenia and other psychotic disorders,mental disorders,SFD,0.024,1.28 (1.14 - 1.43),18746,254,18492,1.6492888991762455e-5,sat_hu_zscore,magenta,5,1.2783007046463535,1.1403202579808416,1.4259356324670975
170,Cancer of bone and connective tissue,neoplasms,SFI,0.024,1.25 (1.13 - 1.38),22779,315,22464,1.651209730666182e-5,sfi_zscore,darkcyan,2,1.2468794920217057,1.1256879417130108,1.3761391657167292
979,Adverse drug events and drug allergies,injuries & poisonings,VFD,0.024,1.34 (1.17 - 1.53),20344,202,20142,1.6536707093795515e-5,vat_hu_zscore,gray50,18,1.339556914688075,1.1715505772218018,1.5288259741334214
209,Neuroendocrine tumors,neoplasms,SFI,0.024,1.31 (1.16 - 1.48),22779,206,22573,1.6579170927859894e-5,sfi_zscore,darkcyan,2,1.310695471714835,1.1556718954526946,1.4786462117025059
559,Ileostomy status,digestive,SFD,0.024,1.26 (1.13 - 1.40),16716,322,16394,1.6740263270338885e-5,sat_hu_zscore,chartreuse4,10,1.2615365723819814,1.1324471376657805,1.399339313164176
577.1,Acute pancreatitis,digestive,VFD,0.024,1.19 (1.10 - 1.29),22051,600,21451,1.689292224729237e-5,vat_hu_zscore,chartreuse4,10,1.1903643733004587,1.0991287748600718,1.2882839540649471
555,Inflammatory bowel disease and other gastroenteritis and colitis,digestive,SFD,0.025,1.19 (1.10 - 1.28),17081,687,16394,1.7536124881049603e-5,sat_hu_zscore,chartreuse4,10,1.1852926433243203,1.0957662432412532,1.2796978769922074
531.4,"Peptic ulcer, site unspecified",digestive,SFD,0.026,1.28 (1.14 - 1.43),22464,235,22229,1.8038540260145485e-5,sat_hu_zscore,chartreuse4,10,1.277993872376475,1.1394969664112684,1.426100585927554
200,Myeloproliferative disease,neoplasms,VFD,0.026,1.26 (1.13 - 1.39),22168,333,21835,1.830497126329432e-5,vat_hu_zscore,darkcyan,2,1.255317495816646,1.130606562204304,1.392147703207576
425.1,Primary/intrinsic cardiomyopathies,circulatory system,SFD,0.030,1.23 (1.12 - 1.36),22447,342,22105,2.0791091487982657e-5,sat_hu_zscore,red,8,1.2348374628973082,1.1185654434617796,1.3584661800346398
803,Fracture of upper limb,injuries & poisonings,SFI,0.030,1.29 (1.14 - 1.44),21793,212,21581,2.086024384549608e-5,sfi_zscore,gray50,18,1.2883412242476697,1.1433670580497488,1.4441696286682724
979,Adverse drug events and drug allergies,injuries & poisonings,VFI,0.031,1.30 (1.15 - 1.47),20344,202,20142,2.1608291152055753e-5,vfi_zscore,gray50,18,1.3028570872134373,1.1500233574298488,1.468346677393984
286.7,Other and unspecified coagulation defects,hematopoietic,VFI,0.033,1.28 (1.14 - 1.43),21109,246,20863,2.274981453208169e-5,vfi_zscore,darkorange1,4,1.2761769467762019,1.1375667554061322,1.425777409531626
519,"Other diseases of respiratory system, not elsewhere classified",respiratory,VFI,0.034,1.21 (1.11 - 1.32),22768,413,22355,2.3631087392999455e-5,vfi_zscore,coral4,9,1.2089526916451288,1.1057027641822559,1.3185119834792836
379,Other disorders of eye,sense organs,SFD,0.035,0.82 (0.75 - 0.90),22343,494,21849,2.38830227140306e-5,sat_hu_zscore,darkseagreen4,7,0.8231513817848878,0.7525049358014692,0.9011755359496468
279,Disorders involving the immune mechanism,endocrine/metabolic,SFD,0.035,1.18 (1.09 - 1.27),22612,587,22025,2.396155058935351e-5,sat_hu_zscore,brown,3,1.1811568662196748,1.092224361293258,1.2747043099047402
426.9,Cardiac pacemaker/device in situ,circulatory system,VFD,0.035,1.26 (1.13 - 1.39),17228,354,16874,2.4300904655183584e-5,vat_hu_zscore,red,8,1.2554061503773855,1.1288183635738684,1.3943947381125497
594.3,Calculus of ureter,genitourinary,SFD,0.036,0.78 (0.69 - 0.88),21437,258,21179,2.48782527766875e-5,sat_hu_zscore,black,11,0.7768158837538197,0.6923395230607071,0.8764607875618551
555.2,Ulcerative colitis,digestive,SFD,0.038,1.25 (1.12 - 1.38),16749,355,16394,2.6392527846334347e-5,sat_hu_zscore,chartreuse4,10,1.2472431378909938,1.122906685187809,1.379914187261748
271,Disorders of carbohydrate transport and metabolism,endocrine/metabolic,VFD,0.039,0.74 (0.64 - 0.85),22779,209,22570,2.7187876173975992e-5,vat_hu_zscore,brown,3,0.7388040292678497,0.6416374052482575,0.8509089350894553
200,Myeloproliferative disease,neoplasms,SFD,0.040,1.23 (1.12 - 1.36),22163,333,21830,2.7706042909035217e-5,sat_hu_zscore,darkcyan,2,1.2323970169341272,1.1156418160360126,1.3564791895988726
427.11,Paroxysmal supraventricular tachycardia,circulatory system,VFD,0.040,1.30 (1.15 - 1.47),17126,252,16874,2.7775038593927148e-5,vat_hu_zscore,red,8,1.298938269717855,1.1483038618604118,1.4666921960864743
751,Genitourinary congenital anomalies,congenital anomalies,VFI,0.040,1.29 (1.14 - 1.46),22650,214,22436,2.790625709188087e-5,vfi_zscore,mediumspringgreen,15,1.2946615100921226,1.1444815179104615,1.4575291540739777
513,Respiratory abnormalities,respiratory,SFD,0.043,1.28 (1.14 - 1.43),22774,229,22545,2.9542610730120413e-5,sat_hu_zscore,coral4,9,1.2782662280764931,1.1362373319690913,1.430776426206611
401.22,Hypertensive chronic kidney disease,circulatory system,VFD,0.044,1.22 (1.11 - 1.33),17949,457,17492,3.0647809580074e-5,vat_hu_zscore,red,8,1.2157878674626468,1.1085855987059188,1.3322396586693817
278.11,Morbid obesity,endocrine/metabolic,SFD,0.045,0.86 (0.80 - 0.92),21439,911,20528,3.1201881413204185e-5,sat_hu_zscore,brown,3,0.8610986735019457,0.8025502569061431,0.9237388073358684
155.1,"Malignant neoplasm of liver, primary",neoplasms,VFI,0.045,1.25 (1.12 - 1.38),20466,261,20205,3.1426006375865046e-5,vfi_zscore,darkcyan,2,1.247644089548389,1.122215161618783,1.3823609364575828
389.1,Sensorineural hearing loss,sense organs,SFD,0.046,0.81 (0.73 - 0.89),22409,382,22027,3.1796303108424365e-5,sat_hu_zscore,darkseagreen4,7,0.8061767886461394,0.7291708887017351,0.8929988614924602
555.2,Ulcerative colitis,digestive,SFI,0.048,1.21 (1.10 - 1.32),16753,355,16398,3.296474026291437e-5,sfi_zscore,chartreuse4,10,1.2097013053911405,1.1038412677079361,1.3213395961768637
