phenotype,description,group,groupnum,color,metric,p,p_display,significant,OR,lower,upper,OR_CI,n_total,n_cases,n_controls
008,Intestinal infection,infectious diseases,1,#0000FF,SFD,6.865568186431758e-9,6.87e-09,yes,1.2193,1.1396,1.3032,1.22 (1.14 - 1.30),22356,968,21388
008,Intestinal infection,infectious diseases,1,#0000FF,SFI,1.747547649143825e-4,0.000175,no,0.7967,0.7071,0.8965,0.80 (0.71 - 0.90),22356,968,21388
008,Intestinal infection,infectious diseases,1,#0000FF,VFD,1.1917583805350103e-7,1.19e-07,yes,1.223,1.1349,1.3173,1.22 (1.13 - 1.32),22356,968,21388
008,Intestinal infection,infectious diseases,1,#0000FF,VFI,0.05156282296817172,0.0516,no,0.9066,0.8208,1.0,0.91 (0.82 - 1.00),22356,968,21388
008.5,Bacterial enteritis,infectious diseases,1,#0000FF,SFD,1.437488703189912e-11,1.44e-11,yes,1.3272,1.2215,1.4397,1.33 (1.22 - 1.44),21969,581,21388
008.5,Bacterial enteritis,infectious diseases,1,#0000FF,SFI,6.316585895773323e-4,0.000632,no,0.7664,0.6572,0.8916,0.77 (0.66 - 0.89),21969,581,21388
008.5,Bacterial enteritis,infectious diseases,1,#0000FF,VFD,2.7850797179033917e-8,2.79e-08,yes,1.3068,1.1886,1.4357,1.31 (1.19 - 1.44),21969,581,21388
008.5,Bacterial enteritis,infectious diseases,1,#0000FF,VFI,0.07294095747516474,0.0729,no,0.8904,0.7834,1.0097,0.89 (0.78 - 1.01),21969,581,21388
008.52,Intestinal infection due to C. difficile,infectious diseases,1,#0000FF,SFD,3.98826954725972e-15,3.99e-15,yes,1.4359,1.3106,1.57,1.44 (1.31 - 1.57),21832,444,21388
008.52,Intestinal infection due to C. difficile,infectious diseases,1,#0000FF,SFI,2.2348540300028913e-5,2.23e-05,no,0.6807,0.5691,0.812,0.68 (0.57 - 0.81),21832,444,21388
008.52,Intestinal infection due to C. difficile,infectious diseases,1,#0000FF,VFD,3.8175748452734165e-11,3.82e-11,yes,1.4338,1.288,1.5949,1.43 (1.29 - 1.59),21832,444,21388
008.52,Intestinal infection due to C. difficile,infectious diseases,1,#0000FF,VFI,0.03180951553420442,0.0318,no,0.8517,0.7344,0.9846,0.85 (0.73 - 0.98),21832,444,21388
038,Septicemia,infectious diseases,1,#0000FF,SFD,5.224868168098192e-177,5.22e-177,yes,1.9102,1.8268,1.9977,1.91 (1.83 - 2.00),20514,2572,17942
038,Septicemia,infectious diseases,1,#0000FF,SFI,4.8326462739216643e-36,4.83e-36,yes,0.6029,0.5569,0.6524,0.60 (0.56 - 0.65),20514,2572,17942
038,Septicemia,infectious diseases,1,#0000FF,VFD,2.6744477955252294e-129,2.67e-129,yes,1.8533,1.7631,1.9485,1.85 (1.76 - 1.95),20514,2572,17942
038,Septicemia,infectious diseases,1,#0000FF,VFI,6.743580809061045e-6,6.74e-06,yes,0.8677,0.8155,0.9228,0.87 (0.82 - 0.92),20514,2572,17942
038.1,Gram negative septicemia,infectious diseases,1,#0000FF,SFD,2.5235235176006654e-36,2.52e-36,yes,1.9026,1.7199,2.1016,1.90 (1.72 - 2.10),18304,362,17942
038.1,Gram negative septicemia,infectious diseases,1,#0000FF,SFI,3.6263495193748464e-8,3.63e-08,yes,0.5702,0.4661,0.6952,0.57 (0.47 - 0.70),18304,362,17942
038.1,Gram negative septicemia,infectious diseases,1,#0000FF,VFD,1.5825509108633587e-26,1.58e-26,yes,1.9402,1.7171,2.1912,1.94 (1.72 - 2.19),18304,362,17942
038.1,Gram negative septicemia,infectious diseases,1,#0000FF,VFI,0.10599684961416793,0.106,no,0.8831,0.7585,1.0253,0.88 (0.76 - 1.03),18304,362,17942
038.3,Bacteremia,infectious diseases,1,#0000FF,SFD,4.632801469231219e-73,4.63e-73,yes,1.8682,1.7456,1.9989,1.87 (1.75 - 2.00),18807,865,17942
038.3,Bacteremia,infectious diseases,1,#0000FF,SFI,2.725176674744519e-20,2.73e-20,yes,0.5392,0.4725,0.6142,0.54 (0.47 - 0.61),18807,865,17942
038.3,Bacteremia,infectious diseases,1,#0000FF,VFD,2.3885811030651282e-60,2.39e-60,yes,1.9531,1.8028,2.1159,1.95 (1.80 - 2.12),18807,865,17942
038.3,Bacteremia,infectious diseases,1,#0000FF,VFI,5.0430280282892646e-6,5.04e-06,yes,0.7831,0.7046,0.8692,0.78 (0.70 - 0.87),18807,865,17942
041,Bacterial infection NOS,infectious diseases,1,#0000FF,SFD,7.669861293370353e-100,7.67e-100,yes,1.716,1.6324,1.8038,1.72 (1.63 - 1.80),19822,1880,17942
041,Bacterial infection NOS,infectious diseases,1,#0000FF,SFI,1.1087524008280858e-11,1.11e-11,yes,0.742,0.6806,0.8084,0.74 (0.68 - 0.81),19822,1880,17942
041,Bacterial infection NOS,infectious diseases,1,#0000FF,VFD,1.7079770582071277e-67,1.71e-67,yes,1.6487,1.5582,1.7445,1.65 (1.56 - 1.74),19822,1880,17942
041,Bacterial infection NOS,infectious diseases,1,#0000FF,VFI,6.630138475033188e-4,0.000663,no,0.8843,0.8236,0.9489,0.88 (0.82 - 0.95),19822,1880,17942
041.1,Staphylococcus infections,infectious diseases,1,#0000FF,SFD,3.6177025441684045e-19,3.62e-19,yes,1.5867,1.4323,1.7535,1.59 (1.43 - 1.75),18356,414,17942
041.1,Staphylococcus infections,infectious diseases,1,#0000FF,SFI,0.0011850825331678864,0.00119,no,0.7558,0.6371,0.8937,0.76 (0.64 - 0.89),18356,414,17942
041.1,Staphylococcus infections,infectious diseases,1,#0000FF,VFD,6.574293226617068e-17,6.57e-17,yes,1.6281,1.4515,1.8246,1.63 (1.45 - 1.82),18356,414,17942
041.1,Staphylococcus infections,infectious diseases,1,#0000FF,VFI,1.0542499376892885e-4,0.000105,no,0.7422,0.6374,0.8616,0.74 (0.64 - 0.86),18356,414,17942
041.12,Methicillin resistant Staphylococcus aureus,infectious diseases,1,#0000FF,SFD,6.553886976150785e-10,6.55e-10,yes,1.5385,1.3384,1.7596,1.54 (1.34 - 1.76),18160,218,17942
041.12,Methicillin resistant Staphylococcus aureus,infectious diseases,1,#0000FF,SFI,0.15461421246841098,0.155,no,0.8417,0.6616,1.0631,0.84 (0.66 - 1.06),18160,218,17942
041.12,Methicillin resistant Staphylococcus aureus,infectious diseases,1,#0000FF,VFD,1.9485035505185392e-7,1.95e-07,yes,1.5154,1.2944,1.7705,1.52 (1.29 - 1.77),18160,218,17942
041.12,Methicillin resistant Staphylococcus aureus,infectious diseases,1,#0000FF,VFI,0.04068002155786002,0.0407,no,0.8054,0.6528,0.988,0.81 (0.65 - 0.99),18160,218,17942
041.2,Streptococcus infection,infectious diseases,1,#0000FF,SFD,1.9165382492405499e-62,1.92e-62,yes,2.244,2.04,2.4671,2.24 (2.04 - 2.47),18288,346,17942
041.2,Streptococcus infection,infectious diseases,1,#0000FF,SFI,1.2447054865789436e-9,1.24e-09,yes,0.54,0.4419,0.6576,0.54 (0.44 - 0.66),18288,346,17942
041.2,Streptococcus infection,infectious diseases,1,#0000FF,VFD,1.077082232655571e-46,1.08e-46,yes,2.4063,2.1344,2.7133,2.41 (2.13 - 2.71),18288,346,17942
041.2,Streptococcus infection,infectious diseases,1,#0000FF,VFI,1.1985148931334272e-4,0.00012,no,0.7234,0.6122,0.8516,0.72 (0.61 - 0.85),18288,346,17942
041.4,E. coli,infectious diseases,1,#0000FF,SFD,2.2945757742752755e-14,2.29e-14,yes,1.6339,1.4375,1.8501,1.63 (1.44 - 1.85),18180,238,17942
041.4,E. coli,infectious diseases,1,#0000FF,SFI,0.0060570552547163465,0.00606,no,0.7153,0.5618,0.9064,0.72 (0.56 - 0.91),18180,238,17942
041.4,E. coli,infectious diseases,1,#0000FF,VFD,2.1355339356384428e-8,2.14e-08,yes,1.5463,1.3264,1.7995,1.55 (1.33 - 1.80),18180,238,17942
041.4,E. coli,infectious diseases,1,#0000FF,VFI,0.9286990670661966,0.929,no,0.9917,0.8242,1.1876,0.99 (0.82 - 1.19),18180,238,17942
041.9,Infection with drug-resistant microorganisms,infectious diseases,1,#0000FF,SFD,5.391542134656351e-33,5.39e-33,yes,2.1151,1.8684,2.3887,2.12 (1.87 - 2.39),18154,212,17942
041.9,Infection with drug-resistant microorganisms,infectious diseases,1,#0000FF,SFI,1.84051634396113e-5,1.84e-05,yes,0.5758,0.4461,0.7391,0.58 (0.45 - 0.74),18154,212,17942
041.9,Infection with drug-resistant microorganisms,infectious diseases,1,#0000FF,VFD,1.1563011507645144e-16,1.16e-16,yes,1.9386,1.6564,2.2656,1.94 (1.66 - 2.27),18154,212,17942
041.9,Infection with drug-resistant microorganisms,infectious diseases,1,#0000FF,VFI,0.055598041890286685,0.0556,no,0.82,0.6675,1.0022,0.82 (0.67 - 1.00),18154,212,17942
053,Herpes zoster,infectious diseases,1,#0000FF,SFD,0.13775252825385953,0.138,no,1.1184,0.9625,1.2927,1.12 (0.96 - 1.29),20262,221,20041
053,Herpes zoster,infectious diseases,1,#0000FF,SFI,0.007317033125594732,0.00732,no,0.7065,0.5466,0.908,0.71 (0.55 - 0.91),20262,221,20041
053,Herpes zoster,infectious diseases,1,#0000FF,VFD,0.47308671434395116,0.473,no,1.0598,0.9035,1.2405,1.06 (0.90 - 1.24),20262,221,20041
053,Herpes zoster,infectious diseases,1,#0000FF,VFI,0.5991070791813975,0.599,no,0.9495,0.781,1.1489,0.95 (0.78 - 1.15),20262,221,20041
054,Herpes simplex,infectious diseases,1,#0000FF,SFD,0.005275358886845512,0.00528,no,1.2035,1.0543,1.3674,1.20 (1.05 - 1.37),20318,277,20041
054,Herpes simplex,infectious diseases,1,#0000FF,SFI,0.02827651713875349,0.0283,no,0.7857,0.6321,0.9724,0.79 (0.63 - 0.97),20318,277,20041
054,Herpes simplex,infectious diseases,1,#0000FF,VFD,0.004051924919386962,0.00405,no,1.2279,1.0665,1.4112,1.23 (1.07 - 1.41),20318,277,20041
054,Herpes simplex,infectious diseases,1,#0000FF,VFI,0.3145776408032875,0.315,no,0.9106,0.7571,1.0905,0.91 (0.76 - 1.09),20318,277,20041
070,Viral hepatitis,infectious diseases,1,#0000FF,SFD,3.8807849548631207e-13,3.88e-13,yes,1.331,1.2313,1.4369,1.33 (1.23 - 1.44),20743,702,20041
070,Viral hepatitis,infectious diseases,1,#0000FF,SFI,0.17847823265431154,0.178,no,0.9124,0.7975,1.0417,0.91 (0.80 - 1.04),20743,702,20041
070,Viral hepatitis,infectious diseases,1,#0000FF,VFD,8.580675103961312e-19,8.58e-19,yes,1.4683,1.3483,1.5983,1.47 (1.35 - 1.60),20743,702,20041
070,Viral hepatitis,infectious diseases,1,#0000FF,VFI,1.0186762468344737e-5,1.02e-05,yes,0.7683,0.6829,0.863,0.77 (0.68 - 0.86),20743,702,20041
070.2,Viral hepatitis B,infectious diseases,1,#0000FF,SFD,0.16797949099646292,0.168,no,1.0972,0.9611,1.2501,1.10 (0.96 - 1.25),20282,241,20041
070.2,Viral hepatitis B,infectious diseases,1,#0000FF,SFI,0.3077094612994581,0.308,no,0.8752,0.6754,1.1268,0.88 (0.68 - 1.13),20282,241,20041
070.2,Viral hepatitis B,infectious diseases,1,#0000FF,VFD,0.6335234958716697,0.634,no,0.9648,0.8325,1.1172,0.96 (0.83 - 1.12),20282,241,20041
070.2,Viral hepatitis B,infectious diseases,1,#0000FF,VFI,0.1341733616307919,0.134,no,1.1638,0.9519,1.416,1.16 (0.95 - 1.42),20282,241,20041
070.3,Viral hepatitis C,infectious diseases,1,#0000FF,SFD,8.255594325501951e-17,8.26e-17,yes,1.5072,1.3669,1.6582,1.51 (1.37 - 1.66),20452,411,20041
070.3,Viral hepatitis C,infectious diseases,1,#0000FF,SFI,0.292451604210444,0.292,no,0.9154,0.7753,1.0774,0.92 (0.78 - 1.08),20452,411,20041
070.3,Viral hepatitis C,infectious diseases,1,#0000FF,VFD,1.350111894815762e-34,1.35e-34,yes,1.9638,1.7628,2.1871,1.96 (1.76 - 2.19),20452,411,20041
070.3,Viral hepatitis C,infectious diseases,1,#0000FF,VFI,1.6865973399690774e-13,1.69e-13,yes,0.56,0.4793,0.6524,0.56 (0.48 - 0.65),20452,411,20041
079,Viral infection,infectious diseases,1,#0000FF,SFD,0.012688162106541662,0.0127,no,1.1236,1.0245,1.2304,1.12 (1.02 - 1.23),20653,612,20041
079,Viral infection,infectious diseases,1,#0000FF,SFI,0.7440009317733509,0.744,no,0.9777,0.8527,1.1184,0.98 (0.85 - 1.12),20653,612,20041
079,Viral infection,infectious diseases,1,#0000FF,VFD,0.4780812661350698,0.478,no,0.9649,0.8742,1.0647,0.96 (0.87 - 1.06),20653,612,20041
079,Viral infection,infectious diseases,1,#0000FF,VFI,0.003501422975081058,0.0035,no,1.1951,1.0593,1.3457,1.20 (1.06 - 1.35),20653,612,20041
080,Postoperative infection,infectious diseases,1,#0000FF,SFD,3.1853156844622995e-17,3.19e-17,yes,1.5797,1.4186,1.7544,1.58 (1.42 - 1.75),21923,315,21608
080,Postoperative infection,infectious diseases,1,#0000FF,SFI,0.0044129102498489696,0.00441,no,0.7517,0.6164,0.9129,0.75 (0.62 - 0.91),21923,315,21608
080,Postoperative infection,infectious diseases,1,#0000FF,VFD,5.157222526723124e-13,5.16e-13,yes,1.5939,1.4037,1.808,1.59 (1.40 - 1.81),21923,315,21608
080,Postoperative infection,infectious diseases,1,#0000FF,VFI,0.00766081465345618,0.00766,no,0.789,0.6615,0.9372,0.79 (0.66 - 0.94),21923,315,21608
081,Infection/inflammation of internal prosthetic device; implant; and graft,infectious diseases,1,#0000FF,SFD,3.273332438136291e-9,3.27e-09,yes,1.3373,1.2131,1.4707,1.34 (1.21 - 1.47),22026,418,21608
081,Infection/inflammation of internal prosthetic device; implant; and graft,infectious diseases,1,#0000FF,SFI,0.5100388726493785,0.51,no,0.9453,0.7983,1.1156,0.95 (0.80 - 1.12),22026,418,21608
081,Infection/inflammation of internal prosthetic device; implant; and graft,infectious diseases,1,#0000FF,VFD,3.016102274915502e-5,3.02e-05,no,1.266,1.1326,1.4136,1.27 (1.13 - 1.41),22026,418,21608
081,Infection/inflammation of internal prosthetic device; implant; and graft,infectious diseases,1,#0000FF,VFI,0.9756520039448818,0.976,no,1.0022,0.8691,1.1526,1.00 (0.87 - 1.15),22026,418,21608
110,Dermatophytosis / Dermatomycosis,infectious diseases,1,#0000FF,SFD,0.28427503876677807,0.284,no,1.0576,0.9536,1.1702,1.06 (0.95 - 1.17),21282,517,20765
110,Dermatophytosis / Dermatomycosis,infectious diseases,1,#0000FF,SFI,0.939952766808174,0.94,no,0.9943,0.8557,1.1525,0.99 (0.86 - 1.15),21282,517,20765
110,Dermatophytosis / Dermatomycosis,infectious diseases,1,#0000FF,VFD,0.8472931838306978,0.847,no,0.9897,0.8902,1.0991,0.99 (0.89 - 1.10),21282,517,20765
110,Dermatophytosis / Dermatomycosis,infectious diseases,1,#0000FF,VFI,0.20335178282342053,0.203,no,1.0812,0.9578,1.2185,1.08 (0.96 - 1.22),21282,517,20765
110.1,Dermatophytosis,infectious diseases,1,#0000FF,SFD,0.6446687419449252,0.645,no,1.0264,0.918,1.1447,1.03 (0.92 - 1.14),21221,456,20765
110.1,Dermatophytosis,infectious diseases,1,#0000FF,SFI,0.4944433696691677,0.494,no,1.056,0.902,1.2329,1.06 (0.90 - 1.23),21221,456,20765
110.1,Dermatophytosis,infectious diseases,1,#0000FF,VFD,0.5540072992810614,0.554,no,0.9665,0.863,1.0811,0.97 (0.86 - 1.08),21221,456,20765
110.1,Dermatophytosis,infectious diseases,1,#0000FF,VFI,0.24134385660910815,0.241,no,1.0785,0.9496,1.2227,1.08 (0.95 - 1.22),21221,456,20765
110.11,Dermatophytosis of nail,infectious diseases,1,#0000FF,SFD,0.6216178877028077,0.622,no,1.0371,0.8955,1.1952,1.04 (0.90 - 1.20),21011,246,20765
110.11,Dermatophytosis of nail,infectious diseases,1,#0000FF,SFI,0.9811575280623351,0.981,no,0.9973,0.7921,1.2487,1.00 (0.79 - 1.25),21011,246,20765
110.11,Dermatophytosis of nail,infectious diseases,1,#0000FF,VFD,0.8368568040778869,0.837,no,1.0159,0.8734,1.1784,1.02 (0.87 - 1.18),21011,246,20765
110.11,Dermatophytosis of nail,infectious diseases,1,#0000FF,VFI,0.5887226496353409,0.589,no,1.0487,0.8809,1.2439,1.05 (0.88 - 1.24),21011,246,20765
112,Candidiasis,infectious diseases,1,#0000FF,SFD,3.0725003798631334e-21,3.07e-21,yes,1.4222,1.3213,1.5289,1.42 (1.32 - 1.53),21508,743,20765
112,Candidiasis,infectious diseases,1,#0000FF,SFI,2.8558056265430944e-4,0.000286,no,0.7862,0.6899,0.8946,0.79 (0.69 - 0.89),21508,743,20765
112,Candidiasis,infectious diseases,1,#0000FF,VFD,4.1286622920632265e-14,4.13e-14,yes,1.3843,1.272,1.5057,1.38 (1.27 - 1.51),21508,743,20765
112,Candidiasis,infectious diseases,1,#0000FF,VFI,0.008917786034723381,0.00892,no,0.8628,0.7717,0.9629,0.86 (0.77 - 0.96),21508,743,20765
117,Mycoses,infectious diseases,1,#0000FF,SFD,3.304628000431498e-9,3.3e-09,yes,1.4359,1.2714,1.616,1.44 (1.27 - 1.62),21018,253,20765
117,Mycoses,infectious diseases,1,#0000FF,SFI,0.076620356198155,0.0766,no,0.8155,0.6488,1.0189,0.82 (0.65 - 1.02),21018,253,20765
117,Mycoses,infectious diseases,1,#0000FF,VFD,1.1427943234281573e-4,0.000114,no,1.3248,1.1475,1.5271,1.32 (1.15 - 1.53),21018,253,20765
117,Mycoses,infectious diseases,1,#0000FF,VFI,0.310723101567082,0.311,no,1.1045,0.909,1.335,1.10 (0.91 - 1.34),21018,253,20765
136,Other infectious and parasitic diseases,infectious diseases,1,#0000FF,SFD,1.1724852067644214e-5,1.17e-05,yes,1.2384,1.1242,1.3611,1.24 (1.12 - 1.36),22137,447,21690
136,Other infectious and parasitic diseases,infectious diseases,1,#0000FF,SFI,0.4960094571249524,0.496,no,0.9436,0.7973,1.1134,0.94 (0.80 - 1.11),22137,447,21690
136,Other infectious and parasitic diseases,infectious diseases,1,#0000FF,VFD,7.594016329991056e-4,0.000759,no,1.2045,1.0803,1.3416,1.20 (1.08 - 1.34),22137,447,21690
136,Other infectious and parasitic diseases,infectious diseases,1,#0000FF,VFI,0.6476312523422003,0.648,no,0.9677,0.8395,1.1125,0.97 (0.84 - 1.11),22137,447,21690
151,Cancer of stomach,neoplasms,2,#008B8B,SFD,1.2556364422088196e-14,1.26e-14,yes,1.5667,1.3959,1.7541,1.57 (1.40 - 1.75),19255,248,19007
151,Cancer of stomach,neoplasms,2,#008B8B,SFI,2.901633871208198e-4,0.00029,no,0.6025,0.4567,0.7898,0.60 (0.46 - 0.79),19255,248,19007
151,Cancer of stomach,neoplasms,2,#008B8B,VFD,2.917806114891544e-17,2.92e-17,yes,1.8202,1.5837,2.0911,1.82 (1.58 - 2.09),19255,248,19007
151,Cancer of stomach,neoplasms,2,#008B8B,VFI,1.2914612961518686e-5,1.29e-05,yes,0.6129,0.4903,0.7613,0.61 (0.49 - 0.76),19255,248,19007
153,Colorectal cancer,neoplasms,2,#008B8B,SFD,4.5754938831558385e-8,4.58e-08,yes,1.197,1.1218,1.2762,1.20 (1.12 - 1.28),19113,1183,17930
153,Colorectal cancer,neoplasms,2,#008B8B,SFI,8.999568252689941e-5,9e-05,no,0.7961,0.7098,0.8918,0.80 (0.71 - 0.89),19113,1183,17930
153,Colorectal cancer,neoplasms,2,#008B8B,VFD,2.0680876456287936e-16,2.07e-16,yes,1.3361,1.2467,1.4316,1.34 (1.25 - 1.43),19113,1183,17930
153,Colorectal cancer,neoplasms,2,#008B8B,VFI,4.0285262480757437e-4,0.000403,no,0.8497,0.7761,0.9295,0.85 (0.78 - 0.93),19113,1183,17930
153.2,Colon cancer,neoplasms,2,#008B8B,SFD,1.2528457875944294e-8,1.25e-08,yes,1.2334,1.1468,1.3251,1.23 (1.15 - 1.33),18828,898,17930
153.2,Colon cancer,neoplasms,2,#008B8B,SFI,0.005534357923859136,0.00553,no,0.833,0.7315,0.947,0.83 (0.73 - 0.95),18828,898,17930
153.2,Colon cancer,neoplasms,2,#008B8B,VFD,7.867463287042787e-15,7.87e-15,yes,1.3634,1.2606,1.4741,1.36 (1.26 - 1.47),18828,898,17930
153.2,Colon cancer,neoplasms,2,#008B8B,VFI,0.019817278014955916,0.0198,no,0.8866,0.8007,0.9805,0.89 (0.80 - 0.98),18828,898,17930
153.3,"Malignant neoplasm of rectum, rectosigmoid junction, and anus",neoplasms,2,#008B8B,SFD,0.005308657322057946,0.00531,no,1.1369,1.0381,1.2433,1.14 (1.04 - 1.24),18512,582,17930
153.3,"Malignant neoplasm of rectum, rectosigmoid junction, and anus",neoplasms,2,#008B8B,SFI,0.008166123386878396,0.00817,no,0.8073,0.688,0.9449,0.81 (0.69 - 0.94),18512,582,17930
153.3,"Malignant neoplasm of rectum, rectosigmoid junction, and anus",neoplasms,2,#008B8B,VFD,6.281449088785822e-10,6.28e-10,yes,1.3517,1.2281,1.4867,1.35 (1.23 - 1.49),18512,582,17930
153.3,"Malignant neoplasm of rectum, rectosigmoid junction, and anus",neoplasms,2,#008B8B,VFI,1.9046092776148156e-4,0.00019,no,0.7785,0.6818,0.887,0.78 (0.68 - 0.89),18512,582,17930
155,Cancer of liver and intrahepatic bile duct,neoplasms,2,#008B8B,SFD,1.7404893008631183e-41,1.74e-41,yes,1.8266,1.6725,1.9926,1.83 (1.67 - 1.99),19458,451,19007
155,Cancer of liver and intrahepatic bile duct,neoplasms,2,#008B8B,SFI,3.409926109118653e-4,0.000341,no,0.7178,0.5978,0.8593,0.72 (0.60 - 0.86),19458,451,19007
155,Cancer of liver and intrahepatic bile duct,neoplasms,2,#008B8B,VFD,1.2919971440674981e-56,1.29e-56,yes,2.2974,2.0731,2.5466,2.30 (2.07 - 2.55),19458,451,19007
155,Cancer of liver and intrahepatic bile duct,neoplasms,2,#008B8B,VFI,5.860231261621787e-5,5.86e-05,no,0.7459,0.6457,0.8595,0.75 (0.65 - 0.86),19458,451,19007
155.1,"Malignant neoplasm of liver, primary",neoplasms,2,#008B8B,SFD,4.433252181906089e-31,4.43e-31,yes,1.8313,1.6516,2.0268,1.83 (1.65 - 2.03),19326,319,19007
155.1,"Malignant neoplasm of liver, primary",neoplasms,2,#008B8B,SFI,0.027688337234966342,0.0277,no,0.7879,0.6359,0.972,0.79 (0.64 - 0.97),19326,319,19007
155.1,"Malignant neoplasm of liver, primary",neoplasms,2,#008B8B,VFD,5.739321560716151e-41,5.74e-41,yes,2.2596,2.0055,2.5458,2.26 (2.01 - 2.55),19326,319,19007
155.1,"Malignant neoplasm of liver, primary",neoplasms,2,#008B8B,VFI,2.2045450830899708e-4,0.00022,no,0.727,0.6129,0.8596,0.73 (0.61 - 0.86),19326,319,19007
157,Pancreatic cancer,neoplasms,2,#008B8B,SFD,1.1561544612851566e-45,1.16e-45,yes,1.7767,1.6405,1.9231,1.78 (1.64 - 1.92),19524,517,19007
157,Pancreatic cancer,neoplasms,2,#008B8B,SFI,1.1666975041889837e-8,1.17e-08,yes,0.5621,0.4604,0.684,0.56 (0.46 - 0.68),19524,517,19007
157,Pancreatic cancer,neoplasms,2,#008B8B,VFD,7.169976869143428e-51,7.17e-51,yes,2.1461,1.9427,2.3719,2.15 (1.94 - 2.37),19524,517,19007
157,Pancreatic cancer,neoplasms,2,#008B8B,VFI,0.010594655719592293,0.0106,no,0.8298,0.7182,0.9562,0.83 (0.72 - 0.96),19524,517,19007
158,Neoplasm of unspecified nature of digestive system,neoplasms,2,#008B8B,SFD,1.3618559616934956e-6,1.36e-06,yes,1.3152,1.1749,1.4676,1.32 (1.17 - 1.47),19345,338,19007
158,Neoplasm of unspecified nature of digestive system,neoplasms,2,#008B8B,SFI,0.35068612693809376,0.351,no,0.9049,0.732,1.1135,0.90 (0.73 - 1.11),19345,338,19007
158,Neoplasm of unspecified nature of digestive system,neoplasms,2,#008B8B,VFD,6.531784117183664e-7,6.53e-07,yes,1.3663,1.2075,1.5442,1.37 (1.21 - 1.54),19345,338,19007
158,Neoplasm of unspecified nature of digestive system,neoplasms,2,#008B8B,VFI,0.09581531350722754,0.0958,no,0.8721,0.7412,1.0229,0.87 (0.74 - 1.02),19345,338,19007
159,Malignant neoplasm of other and ill-defined sites within the digestive organs and peritoneum,neoplasms,2,#008B8B,SFD,6.977661053523006e-48,6.98e-48,yes,1.6406,1.5342,1.7534,1.64 (1.53 - 1.75),19802,795,19007
159,Malignant neoplasm of other and ill-defined sites within the digestive organs and peritoneum,neoplasms,2,#008B8B,SFI,1.0067307683464614e-13,1.01e-13,yes,0.56,0.4803,0.6518,0.56 (0.48 - 0.65),19802,795,19007
159,Malignant neoplasm of other and ill-defined sites within the digestive organs and peritoneum,neoplasms,2,#008B8B,VFD,1.2627984588229547e-57,1.26e-57,yes,1.9333,1.7834,2.0961,1.93 (1.78 - 2.10),19802,795,19007
159,Malignant neoplasm of other and ill-defined sites within the digestive organs and peritoneum,neoplasms,2,#008B8B,VFI,7.02870496690226e-8,7.03e-08,yes,0.7251,0.6445,0.8143,0.73 (0.64 - 0.81),19802,795,19007
165,Cancer within the respiratory system,neoplasms,2,#008B8B,SFD,0.9070120908563857,0.907,no,1.0064,0.9047,1.1195,1.01 (0.90 - 1.12),22570,362,22208
165,Cancer within the respiratory system,neoplasms,2,#008B8B,SFI,0.765698594266671,0.766,no,0.968,0.7798,1.1963,0.97 (0.78 - 1.20),22570,362,22208
165,Cancer within the respiratory system,neoplasms,2,#008B8B,VFD,0.5390866253680526,0.539,no,0.9626,0.8521,1.0866,0.96 (0.85 - 1.09),22570,362,22208
165,Cancer within the respiratory system,neoplasms,2,#008B8B,VFI,0.17527192269048056,0.175,no,0.8945,0.7601,1.0492,0.89 (0.76 - 1.05),22570,362,22208
165.1,Cancer of bronchus; lung,neoplasms,2,#008B8B,SFD,0.9505984547692418,0.951,no,1.0034,0.9008,1.1178,1.00 (0.90 - 1.12),22560,352,22208
165.1,Cancer of bronchus; lung,neoplasms,2,#008B8B,SFI,0.7421171655232739,0.742,no,0.9642,0.7742,1.1953,0.96 (0.77 - 1.20),22560,352,22208
165.1,Cancer of bronchus; lung,neoplasms,2,#008B8B,VFD,0.5686043725505351,0.569,no,0.9648,0.8526,1.0909,0.96 (0.85 - 1.09),22560,352,22208
165.1,Cancer of bronchus; lung,neoplasms,2,#008B8B,VFI,0.1859703363752117,0.186,no,0.8957,0.7596,1.0527,0.90 (0.76 - 1.05),22560,352,22208
170,Cancer of bone and connective tissue,neoplasms,2,#008B8B,SFD,0.013135978234013712,0.0131,no,1.1381,1.0261,1.2587,1.14 (1.03 - 1.26),22599,414,22185
170,Cancer of bone and connective tissue,neoplasms,2,#008B8B,SFI,0.3912806371301833,0.391,no,0.9232,0.7678,1.1062,0.92 (0.77 - 1.11),22599,414,22185
170,Cancer of bone and connective tissue,neoplasms,2,#008B8B,VFD,0.04969691384063641,0.0497,no,1.1174,0.9996,1.2476,1.12 (1.00 - 1.25),22599,414,22185
170,Cancer of bone and connective tissue,neoplasms,2,#008B8B,VFI,0.01936916677790819,0.0194,no,0.8344,0.7159,0.9697,0.83 (0.72 - 0.97),22599,414,22185
170.2,Cancer of connective tissue,neoplasms,2,#008B8B,SFD,0.009419563437233582,0.00942,no,1.1524,1.0337,1.2804,1.15 (1.03 - 1.28),22558,373,22185
170.2,Cancer of connective tissue,neoplasms,2,#008B8B,SFI,0.18107289423057116,0.181,no,0.8748,0.7178,1.0621,0.87 (0.72 - 1.06),22558,373,22185
170.2,Cancer of connective tissue,neoplasms,2,#008B8B,VFD,0.014494233586858944,0.0145,no,1.1557,1.0285,1.2971,1.16 (1.03 - 1.30),22558,373,22185
170.2,Cancer of connective tissue,neoplasms,2,#008B8B,VFI,0.005870406994300629,0.00587,no,0.7966,0.6765,0.9349,0.80 (0.68 - 0.93),22558,373,22185
172,Skin cancer,neoplasms,2,#008B8B,SFD,0.8999157943013815,0.9,no,1.0051,0.9283,1.0876,1.01 (0.93 - 1.09),22146,787,21359
172,Skin cancer,neoplasms,2,#008B8B,SFI,0.06265806459569734,0.0627,no,0.8766,0.7625,1.0062,0.88 (0.76 - 1.01),22146,787,21359
172,Skin cancer,neoplasms,2,#008B8B,VFD,0.29229809232844584,0.292,no,1.0461,0.9616,1.1374,1.05 (0.96 - 1.14),22146,787,21359
172,Skin cancer,neoplasms,2,#008B8B,VFI,0.381721121294458,0.382,no,1.0456,0.9457,1.1548,1.05 (0.95 - 1.15),22146,787,21359
172.2,Other non-epithelial cancer of skin,neoplasms,2,#008B8B,SFD,0.7476589860043059,0.748,no,1.0146,0.9286,1.1076,1.01 (0.93 - 1.11),21976,617,21359
172.2,Other non-epithelial cancer of skin,neoplasms,2,#008B8B,SFI,0.026932967290768658,0.0269,no,0.8363,0.7132,0.9788,0.84 (0.71 - 0.98),21976,617,21359
172.2,Other non-epithelial cancer of skin,neoplasms,2,#008B8B,VFD,0.26963094503841206,0.27,no,1.0542,0.9595,1.1575,1.05 (0.96 - 1.16),21976,617,21359
172.2,Other non-epithelial cancer of skin,neoplasms,2,#008B8B,VFI,0.32359113666611194,0.324,no,1.0581,0.9452,1.1829,1.06 (0.95 - 1.18),21976,617,21359
173,Neoplasm of uncertain behavior of skin,neoplasms,2,#008B8B,SFD,0.0031613742032906927,0.00316,no,0.8579,0.776,0.9506,0.86 (0.78 - 0.95),21860,501,21359
173,Neoplasm of uncertain behavior of skin,neoplasms,2,#008B8B,SFI,0.795558296830684,0.796,no,1.0218,0.8667,1.2015,1.02 (0.87 - 1.20),21860,501,21359
173,Neoplasm of uncertain behavior of skin,neoplasms,2,#008B8B,VFD,0.04108365279373123,0.0411,no,0.8955,0.805,0.995,0.90 (0.81 - 0.99),21860,501,21359
173,Neoplasm of uncertain behavior of skin,neoplasms,2,#008B8B,VFI,0.1918243256184987,0.192,no,1.0867,0.9583,1.2301,1.09 (0.96 - 1.23),21860,501,21359
174,Breast cancer,neoplasms,2,#008B8B,SFD,0.14345434062539653,0.143,no,1.0585,0.9802,1.1415,1.06 (0.98 - 1.14),21381,903,20478
174,Breast cancer,neoplasms,2,#008B8B,SFI,3.999255168914891e-4,0.0004,no,0.7786,0.6775,0.8938,0.78 (0.68 - 0.89),21381,903,20478
174,Breast cancer,neoplasms,2,#008B8B,VFD,0.9373679779179942,0.937,no,1.0033,0.9241,1.0889,1.00 (0.92 - 1.09),21381,903,20478
174,Breast cancer,neoplasms,2,#008B8B,VFI,0.1800689737443209,0.18,no,1.0679,0.9695,1.1749,1.07 (0.97 - 1.17),21381,903,20478
174.1,Breast cancer [female],neoplasms,2,#008B8B,SFD,0.23348124062976708,0.233,no,1.0478,0.9697,1.1307,1.05 (0.97 - 1.13),11826,895,10931
174.1,Breast cancer [female],neoplasms,2,#008B8B,SFI,5.495331367566743e-4,0.00055,no,0.7822,0.6801,0.8986,0.78 (0.68 - 0.90),11826,895,10931
174.1,Breast cancer [female],neoplasms,2,#008B8B,VFD,0.9972891873338718,0.997,no,0.9999,0.9206,1.0856,1.00 (0.92 - 1.09),11826,895,10931
174.1,Breast cancer [female],neoplasms,2,#008B8B,VFI,0.1581770458880217,0.158,no,1.0719,0.9727,1.1798,1.07 (0.97 - 1.18),11826,895,10931
174.11,Malignant neoplasm of female breast,neoplasms,2,#008B8B,SFD,0.16258956848916753,0.163,no,1.0566,0.9773,1.1407,1.06 (0.98 - 1.14),11809,878,10931
174.11,Malignant neoplasm of female breast,neoplasms,2,#008B8B,SFI,7.914364724289167e-4,0.000791,no,0.7858,0.6823,0.9041,0.79 (0.68 - 0.90),11809,878,10931
174.11,Malignant neoplasm of female breast,neoplasms,2,#008B8B,VFD,0.8764301447445594,0.876,no,1.0066,0.9261,1.0937,1.01 (0.93 - 1.09),11809,878,10931
174.11,Malignant neoplasm of female breast,neoplasms,2,#008B8B,VFI,0.16851784749119442,0.169,no,1.0708,0.9708,1.1797,1.07 (0.97 - 1.18),11809,878,10931
175,Acquired absence of breast,neoplasms,2,#008B8B,SFD,0.22766817659837885,0.228,no,1.0817,0.9498,1.2257,1.08 (0.95 - 1.23),10801,301,10500
175,Acquired absence of breast,neoplasms,2,#008B8B,SFI,0.023759226760217373,0.0238,no,0.77,0.6131,0.9642,0.77 (0.61 - 0.96),10801,301,10500
175,Acquired absence of breast,neoplasms,2,#008B8B,VFD,0.7343709274137874,0.734,no,0.9763,0.8494,1.1205,0.98 (0.85 - 1.12),10801,301,10500
175,Acquired absence of breast,neoplasms,2,#008B8B,VFI,0.40009963409124816,0.4,no,1.0733,0.9083,1.2631,1.07 (0.91 - 1.26),10801,301,10500
180,Cervical cancer and dysplasia,neoplasms,2,#008B8B,SFD,0.0014852104944316027,0.00149,no,1.252,1.0865,1.4338,1.25 (1.09 - 1.43),10442,214,10228
180,Cervical cancer and dysplasia,neoplasms,2,#008B8B,SFI,0.19681518661046704,0.197,no,0.8485,0.6596,1.0862,0.85 (0.66 - 1.09),10442,214,10228
180,Cervical cancer and dysplasia,neoplasms,2,#008B8B,VFD,0.002871281735897625,0.00287,no,1.2699,1.0843,1.4845,1.27 (1.08 - 1.48),10442,214,10228
180,Cervical cancer and dysplasia,neoplasms,2,#008B8B,VFI,0.3152222841596653,0.315,no,0.8992,0.7281,1.1024,0.90 (0.73 - 1.10),10442,214,10228
182,Malignant neoplasm of uterus,neoplasms,2,#008B8B,SFD,0.27108028009191376,0.271,no,1.0701,0.9464,1.2048,1.07 (0.95 - 1.20),10695,389,10306
182,Malignant neoplasm of uterus,neoplasms,2,#008B8B,SFI,0.08866703444314954,0.0887,no,0.8557,0.7147,1.023,0.86 (0.71 - 1.02),10695,389,10306
182,Malignant neoplasm of uterus,neoplasms,2,#008B8B,VFD,0.033685195944061025,0.0337,no,1.1419,1.0096,1.2898,1.14 (1.01 - 1.29),10695,389,10306
182,Malignant neoplasm of uterus,neoplasms,2,#008B8B,VFI,0.6831955411834345,0.683,no,0.9734,0.8542,1.1066,0.97 (0.85 - 1.11),10695,389,10306
184,Cancer of other female genital organs,neoplasms,2,#008B8B,SFD,0.01410337285485096,0.0141,no,1.1298,1.0235,1.2439,1.13 (1.02 - 1.24),11439,477,10962
184,Cancer of other female genital organs,neoplasms,2,#008B8B,SFI,0.003775627424414242,0.00378,no,0.7653,0.638,0.9163,0.77 (0.64 - 0.92),11439,477,10962
184,Cancer of other female genital organs,neoplasms,2,#008B8B,VFD,6.952365569852669e-6,6.95e-06,yes,1.2787,1.1483,1.423,1.28 (1.15 - 1.42),11439,477,10962
184,Cancer of other female genital organs,neoplasms,2,#008B8B,VFI,3.22465337508441e-5,3.22e-05,no,0.7371,0.6373,0.8497,0.74 (0.64 - 0.85),11439,477,10962
184.1,Malignant neoplasm of ovary and other uterine adnexa,neoplasms,2,#008B8B,SFD,0.004952145463399747,0.00495,no,1.157,1.0435,1.279,1.16 (1.04 - 1.28),11379,417,10962
184.1,Malignant neoplasm of ovary and other uterine adnexa,neoplasms,2,#008B8B,SFI,0.008210714837082356,0.00821,no,0.7678,0.6306,0.933,0.77 (0.63 - 0.93),11379,417,10962
184.1,Malignant neoplasm of ovary and other uterine adnexa,neoplasms,2,#008B8B,VFD,8.976353264445265e-7,8.98e-07,yes,1.3298,1.1864,1.4894,1.33 (1.19 - 1.49),11379,417,10962
184.1,Malignant neoplasm of ovary and other uterine adnexa,neoplasms,2,#008B8B,VFI,2.253972342608431e-5,2.25e-05,no,0.713,0.6086,0.8322,0.71 (0.61 - 0.83),11379,417,10962
184.11,Malignant neoplasm of ovary,neoplasms,2,#008B8B,SFD,0.0028161271717669074,0.00282,no,1.1734,1.0548,1.3012,1.17 (1.05 - 1.30),11343,381,10962
184.11,Malignant neoplasm of ovary,neoplasms,2,#008B8B,SFI,0.022446756702230775,0.0224,no,0.7879,0.6414,0.9657,0.79 (0.64 - 0.97),11343,381,10962
184.11,Malignant neoplasm of ovary,neoplasms,2,#008B8B,VFD,1.462149366768734e-7,1.46e-07,yes,1.3733,1.2197,1.5452,1.37 (1.22 - 1.55),11343,381,10962
184.11,Malignant neoplasm of ovary,neoplasms,2,#008B8B,VFI,1.7327976626639336e-6,1.73e-06,yes,0.6647,0.5609,0.7841,0.66 (0.56 - 0.78),11343,381,10962
185,Cancer of prostate,neoplasms,2,#008B8B,SFD,3.991054924036984e-6,3.99e-06,yes,0.792,0.7168,0.8753,0.79 (0.72 - 0.88),7608,648,6960
185,Cancer of prostate,neoplasms,2,#008B8B,SFI,0.026187568633300747,0.0262,no,1.1998,1.0209,1.4076,1.20 (1.02 - 1.41),7608,648,6960
185,Cancer of prostate,neoplasms,2,#008B8B,VFD,4.663358239495425e-5,4.66e-05,no,0.7942,0.7102,0.8866,0.79 (0.71 - 0.89),7608,648,6960
185,Cancer of prostate,neoplasms,2,#008B8B,VFI,0.02700390420919143,0.027,no,1.1453,1.0154,1.2916,1.15 (1.02 - 1.29),7608,648,6960
187,Cancer of other male genital organs,neoplasms,2,#008B8B,SFD,0.030408514539422962,0.0304,no,0.8266,0.7014,0.986,0.83 (0.70 - 0.99),8823,204,8619
187,Cancer of other male genital organs,neoplasms,2,#008B8B,SFI,0.3157289664767864,0.316,no,1.1188,0.8966,1.3902,1.12 (0.90 - 1.39),8823,204,8619
187,Cancer of other male genital organs,neoplasms,2,#008B8B,VFD,0.04458786728039852,0.0446,no,0.8368,0.7021,0.9941,0.84 (0.70 - 0.99),8823,204,8619
187,Cancer of other male genital organs,neoplasms,2,#008B8B,VFI,0.511655273341329,0.512,no,1.0859,0.8472,1.3863,1.09 (0.85 - 1.39),8823,204,8619
189,Cancer of urinary organs (incl. kidney and bladder),neoplasms,2,#008B8B,SFD,0.17367801776672284,0.174,no,0.9432,0.8671,1.0258,0.94 (0.87 - 1.03),22583,795,21788
189,Cancer of urinary organs (incl. kidney and bladder),neoplasms,2,#008B8B,SFI,0.5234002155330408,0.523,no,1.0416,0.9183,1.1799,1.04 (0.92 - 1.18),22583,795,21788
189,Cancer of urinary organs (incl. kidney and bladder),neoplasms,2,#008B8B,VFD,0.056054833141267434,0.0561,no,0.9192,0.8427,1.0018,0.92 (0.84 - 1.00),22583,795,21788
189,Cancer of urinary organs (incl. kidney and bladder),neoplasms,2,#008B8B,VFI,0.46647305556030866,0.466,no,1.0368,0.9403,1.142,1.04 (0.94 - 1.14),22583,795,21788
189.1,Cancer of kidney and renal pelvis,neoplasms,2,#008B8B,SFD,0.09293026426207557,0.0929,no,0.8977,0.793,1.0182,0.90 (0.79 - 1.02),22150,362,21788
189.1,Cancer of kidney and renal pelvis,neoplasms,2,#008B8B,SFI,0.8923371436530821,0.892,no,1.0117,0.8532,1.1965,1.01 (0.85 - 1.20),22150,362,21788
189.1,Cancer of kidney and renal pelvis,neoplasms,2,#008B8B,VFD,0.011257356956324823,0.0113,no,0.8468,0.7441,0.9622,0.85 (0.74 - 0.96),22150,362,21788
189.1,Cancer of kidney and renal pelvis,neoplasms,2,#008B8B,VFI,0.3389005485028853,0.339,no,1.0686,0.9318,1.2229,1.07 (0.93 - 1.22),22150,362,21788
189.11,"Malignant neoplasm of kidney, except pelvis",neoplasms,2,#008B8B,SFD,0.06718770387325194,0.0672,no,0.8836,0.7763,1.0094,0.88 (0.78 - 1.01),22108,320,21788
189.11,"Malignant neoplasm of kidney, except pelvis",neoplasms,2,#008B8B,SFI,0.9205258598399083,0.921,no,0.9908,0.8259,1.1851,0.99 (0.83 - 1.19),22108,320,21788
189.11,"Malignant neoplasm of kidney, except pelvis",neoplasms,2,#008B8B,VFD,0.015235531637378076,0.0152,no,0.8448,0.7367,0.9671,0.84 (0.74 - 0.97),22108,320,21788
189.11,"Malignant neoplasm of kidney, except pelvis",neoplasms,2,#008B8B,VFI,0.3465428298821935,0.347,no,1.0721,0.9263,1.238,1.07 (0.93 - 1.24),22108,320,21788
189.2,Cancer of bladder,neoplasms,2,#008B8B,SFD,0.4098933748498976,0.41,no,0.955,0.8563,1.0649,0.96 (0.86 - 1.06),22235,447,21788
189.2,Cancer of bladder,neoplasms,2,#008B8B,SFI,0.5212347444256031,0.521,no,1.06,0.8857,1.2648,1.06 (0.89 - 1.26),22235,447,21788
189.2,Cancer of bladder,neoplasms,2,#008B8B,VFD,0.5832080181012093,0.583,no,0.969,0.8652,1.0836,0.97 (0.87 - 1.08),22235,447,21788
189.2,Cancer of bladder,neoplasms,2,#008B8B,VFI,0.6259010427030547,0.626,no,1.0331,0.9056,1.1767,1.03 (0.91 - 1.18),22235,447,21788
189.21,Malignant neoplasm of bladder,neoplasms,2,#008B8B,SFD,0.26309252282408285,0.263,no,0.9372,0.837,1.0495,0.94 (0.84 - 1.05),22206,418,21788
189.21,Malignant neoplasm of bladder,neoplasms,2,#008B8B,SFI,0.5013479877058757,0.501,no,1.0655,0.8842,1.2797,1.07 (0.88 - 1.28),22206,418,21788
189.21,Malignant neoplasm of bladder,neoplasms,2,#008B8B,VFD,0.2508312269030413,0.251,no,0.9337,0.8298,1.0489,0.93 (0.83 - 1.05),22206,418,21788
189.21,Malignant neoplasm of bladder,neoplasms,2,#008B8B,VFI,0.3848001011258714,0.385,no,1.0614,0.9271,1.2132,1.06 (0.93 - 1.21),22206,418,21788
195,"Cancer, suspected or other",neoplasms,2,#008B8B,SFD,1.2102264022284157e-71,1.21e-71,yes,1.5797,1.5025,1.6608,1.58 (1.50 - 1.66),18748,1819,16929
195,"Cancer, suspected or other",neoplasms,2,#008B8B,SFI,1.910972413580554e-16,1.91e-16,yes,0.6633,0.6012,0.7311,0.66 (0.60 - 0.73),18748,1819,16929
195,"Cancer, suspected or other",neoplasms,2,#008B8B,VFD,4.8966310632053233e-73,4.9e-73,yes,1.6883,1.5952,1.7871,1.69 (1.60 - 1.79),18748,1819,16929
195,"Cancer, suspected or other",neoplasms,2,#008B8B,VFI,2.8428642751171435e-11,2.84e-11,yes,0.7678,0.71,0.8296,0.77 (0.71 - 0.83),18748,1819,16929
195.1,"Malignant neoplasm, other",neoplasms,2,#008B8B,SFD,9.93515522536024e-29,9.94e-29,yes,1.4384,1.3488,1.5332,1.44 (1.35 - 1.53),18014,1085,16929
195.1,"Malignant neoplasm, other",neoplasms,2,#008B8B,SFI,7.586043429009029e-7,7.59e-07,yes,0.7346,0.6497,0.8295,0.73 (0.65 - 0.83),18014,1085,16929
195.1,"Malignant neoplasm, other",neoplasms,2,#008B8B,VFD,2.3729801562728383e-36,2.37e-36,yes,1.5795,1.471,1.696,1.58 (1.47 - 1.70),18014,1085,16929
195.1,"Malignant neoplasm, other",neoplasms,2,#008B8B,VFI,3.4675592218447866e-8,3.47e-08,yes,0.7587,0.6874,0.8364,0.76 (0.69 - 0.84),18014,1085,16929
196,Radiotherapy,neoplasms,2,#008B8B,SFD,2.9075881366877707e-10,2.91e-10,yes,1.2965,1.195,1.4045,1.30 (1.20 - 1.40),17711,782,16929
196,Radiotherapy,neoplasms,2,#008B8B,SFI,2.6784580275224315e-5,2.68e-05,no,0.7477,0.6522,0.8556,0.75 (0.65 - 0.86),17711,782,16929
196,Radiotherapy,neoplasms,2,#008B8B,VFD,1.3468181100104374e-13,1.35e-13,yes,1.376,1.2641,1.4969,1.38 (1.26 - 1.50),17711,782,16929
196,Radiotherapy,neoplasms,2,#008B8B,VFI,0.011375455985339776,0.0114,no,0.8709,0.782,0.9686,0.87 (0.78 - 0.97),17711,782,16929
197,Chemotherapy,neoplasms,2,#008B8B,SFD,9.825783124394741e-53,9.83e-53,yes,1.4384,1.3728,1.507,1.44 (1.37 - 1.51),19344,2415,16929
197,Chemotherapy,neoplasms,2,#008B8B,SFI,6.046562121087905e-14,6.05e-14,yes,0.7326,0.6752,0.7943,0.73 (0.68 - 0.79),19344,2415,16929
197,Chemotherapy,neoplasms,2,#008B8B,VFD,2.9334701146635544e-55,2.93e-55,yes,1.4936,1.4204,1.5705,1.49 (1.42 - 1.57),19344,2415,16929
197,Chemotherapy,neoplasms,2,#008B8B,VFI,2.4524836163766535e-8,2.45e-08,yes,0.8289,0.7758,0.8852,0.83 (0.78 - 0.89),19344,2415,16929
198,Secondary malignant neoplasm,neoplasms,2,#008B8B,SFD,2.9573535619867427e-86,2.96e-86,yes,1.5545,1.4877,1.6243,1.55 (1.49 - 1.62),19508,2579,16929
198,Secondary malignant neoplasm,neoplasms,2,#008B8B,SFI,2.8338814884990472e-18,2.83e-18,yes,0.6876,0.6318,0.7477,0.69 (0.63 - 0.75),19508,2579,16929
198,Secondary malignant neoplasm,neoplasms,2,#008B8B,VFD,9.582569594496192e-97,9.58e-97,yes,1.6928,1.6113,1.7788,1.69 (1.61 - 1.78),19508,2579,16929
198,Secondary malignant neoplasm,neoplasms,2,#008B8B,VFI,1.4316063975233363e-14,1.43e-14,yes,0.77,0.7202,0.8228,0.77 (0.72 - 0.82),19508,2579,16929
198.1,Secondary malignancy of lymph nodes,neoplasms,2,#008B8B,SFD,4.028650924346791e-40,4.03e-40,yes,1.5593,1.4598,1.6648,1.56 (1.46 - 1.66),17912,983,16929
198.1,Secondary malignancy of lymph nodes,neoplasms,2,#008B8B,SFI,2.5405725231598623e-5,2.54e-05,no,0.7566,0.6639,0.8607,0.76 (0.66 - 0.86),17912,983,16929
198.1,Secondary malignancy of lymph nodes,neoplasms,2,#008B8B,VFD,5.523394049055246e-38,5.52e-38,yes,1.631,1.514,1.757,1.63 (1.51 - 1.76),17912,983,16929
198.1,Secondary malignancy of lymph nodes,neoplasms,2,#008B8B,VFI,4.2211092223795035e-4,0.000422,no,0.8312,0.7495,0.9206,0.83 (0.75 - 0.92),17912,983,16929
198.2,Secondary malignancy of respiratory organs,neoplasms,2,#008B8B,SFD,9.044940283189836e-31,9.04e-31,yes,1.6347,1.503,1.7763,1.63 (1.50 - 1.78),17448,519,16929
198.2,Secondary malignancy of respiratory organs,neoplasms,2,#008B8B,SFI,1.4068496361629451e-5,1.41e-05,yes,0.6654,0.5528,0.7984,0.67 (0.55 - 0.80),17448,519,16929
198.2,Secondary malignancy of respiratory organs,neoplasms,2,#008B8B,VFD,2.8543056672046134e-28,2.85e-28,yes,1.7428,1.5788,1.9236,1.74 (1.58 - 1.92),17448,519,16929
198.2,Secondary malignancy of respiratory organs,neoplasms,2,#008B8B,VFI,7.543369330645141e-5,7.54e-05,no,0.7445,0.6423,0.8604,0.74 (0.64 - 0.86),17448,519,16929
198.3,Secondary malignant neoplasm of digestive systems,neoplasms,2,#008B8B,SFD,5.942575799768937e-57,5.94e-57,yes,1.7563,1.6383,1.8824,1.76 (1.64 - 1.88),17709,780,16929
198.3,Secondary malignant neoplasm of digestive systems,neoplasms,2,#008B8B,SFI,9.655061024233014e-17,9.66e-17,yes,0.5154,0.4404,0.602,0.52 (0.44 - 0.60),17709,780,16929
198.3,Secondary malignant neoplasm of digestive systems,neoplasms,2,#008B8B,VFD,8.182555708974522e-71,8.18e-71,yes,2.1544,1.9801,2.345,2.15 (1.98 - 2.35),17709,780,16929
198.3,Secondary malignant neoplasm of digestive systems,neoplasms,2,#008B8B,VFI,4.47504709894175e-13,4.48e-13,yes,0.6306,0.5559,0.7136,0.63 (0.56 - 0.71),17709,780,16929
198.4,Secondary malignant neoplasm of liver,neoplasms,2,#008B8B,SFD,1.9346772501417363e-77,1.93e-77,yes,1.8566,1.7395,1.9814,1.86 (1.74 - 1.98),17819,890,16929
198.4,Secondary malignant neoplasm of liver,neoplasms,2,#008B8B,SFI,1.1514197736251751e-15,1.15e-15,yes,0.5563,0.4815,0.6415,0.56 (0.48 - 0.64),17819,890,16929
198.4,Secondary malignant neoplasm of liver,neoplasms,2,#008B8B,VFD,5.367307025102478e-77,5.37e-77,yes,2.093,1.9363,2.2631,2.09 (1.94 - 2.26),17819,890,16929
198.4,Secondary malignant neoplasm of liver,neoplasms,2,#008B8B,VFI,6.061135024156148e-9,6.06e-09,yes,0.7158,0.639,0.8005,0.72 (0.64 - 0.80),17819,890,16929
198.5,Secondary malignancy of brain/spine,neoplasms,2,#008B8B,SFD,0.08599638578613891,0.086,no,1.1315,0.9809,1.3004,1.13 (0.98 - 1.30),17145,216,16929
198.5,Secondary malignancy of brain/spine,neoplasms,2,#008B8B,SFI,0.952285391334216,0.952,no,1.0082,0.7681,1.3118,1.01 (0.77 - 1.31),17145,216,16929
198.5,Secondary malignancy of brain/spine,neoplasms,2,#008B8B,VFD,0.42581911066249156,0.426,no,1.0669,0.909,1.2504,1.07 (0.91 - 1.25),17145,216,16929
198.5,Secondary malignancy of brain/spine,neoplasms,2,#008B8B,VFI,0.3297934062028787,0.33,no,1.1098,0.897,1.3641,1.11 (0.90 - 1.36),17145,216,16929
198.6,Secondary malignancy of bone,neoplasms,2,#008B8B,SFD,4.617430202253887e-15,4.62e-15,yes,1.4044,1.2892,1.5279,1.40 (1.29 - 1.53),17494,565,16929
198.6,Secondary malignancy of bone,neoplasms,2,#008B8B,SFI,0.008294475260909963,0.00829,no,0.7945,0.6689,0.9412,0.79 (0.67 - 0.94),17494,565,16929
198.6,Secondary malignancy of bone,neoplasms,2,#008B8B,VFD,5.925090409780041e-11,5.93e-11,yes,1.3805,1.2531,1.5201,1.38 (1.25 - 1.52),17494,565,16929
198.6,Secondary malignancy of bone,neoplasms,2,#008B8B,VFI,0.5589773758411192,0.559,no,0.9623,0.8449,1.0936,0.96 (0.84 - 1.09),17494,565,16929
199,Neoplasm of uncertain behavior,neoplasms,2,#008B8B,SFD,3.540497115037303e-14,3.54e-14,yes,1.3392,1.241,1.4435,1.34 (1.24 - 1.44),17774,845,16929
199,Neoplasm of uncertain behavior,neoplasms,2,#008B8B,SFI,0.013395326676665032,0.0134,no,0.8478,0.7432,0.9655,0.85 (0.74 - 0.97),17774,845,16929
199,Neoplasm of uncertain behavior,neoplasms,2,#008B8B,VFD,2.534712037231066e-10,2.53e-10,yes,1.2987,1.1974,1.408,1.30 (1.20 - 1.41),17774,845,16929
199,Neoplasm of uncertain behavior,neoplasms,2,#008B8B,VFI,0.321327901887278,0.321,no,0.9495,0.8564,1.0513,0.95 (0.86 - 1.05),17774,845,16929
200,Myeloproliferative disease,neoplasms,2,#008B8B,SFD,2.8475892319833896e-6,2.85e-06,yes,1.2822,1.1537,1.4206,1.28 (1.15 - 1.42),21708,371,21337
200,Myeloproliferative disease,neoplasms,2,#008B8B,SFI,1.2647586281349315e-4,0.000126,no,0.6725,0.5481,0.8223,0.67 (0.55 - 0.82),21708,371,21337
200,Myeloproliferative disease,neoplasms,2,#008B8B,VFD,2.2857778866571064e-4,0.000229,no,1.2467,1.1081,1.4011,1.25 (1.11 - 1.40),21708,371,21337
200,Myeloproliferative disease,neoplasms,2,#008B8B,VFI,0.1401222363045429,0.14,no,1.1194,0.9622,1.2985,1.12 (0.96 - 1.30),21708,371,21337
202,"Cancer of other lymphoid, histiocytic tissue",neoplasms,2,#008B8B,SFD,5.26769743388492e-9,5.27e-09,yes,1.3086,1.1943,1.4306,1.31 (1.19 - 1.43),21832,495,21337
202,"Cancer of other lymphoid, histiocytic tissue",neoplasms,2,#008B8B,SFI,4.167945808522174e-5,4.17e-05,no,0.7045,0.5951,0.8319,0.70 (0.60 - 0.83),21832,495,21337
202,"Cancer of other lymphoid, histiocytic tissue",neoplasms,2,#008B8B,VFD,7.365842312202891e-9,7.37e-09,yes,1.3439,1.2152,1.4848,1.34 (1.22 - 1.48),21832,495,21337
202,"Cancer of other lymphoid, histiocytic tissue",neoplasms,2,#008B8B,VFI,0.008901543564003031,0.0089,no,0.836,0.7302,0.955,0.84 (0.73 - 0.96),21832,495,21337
202.2,Non-Hodgkins lymphoma,neoplasms,2,#008B8B,SFD,5.185783361311434e-10,5.19e-10,yes,1.3574,1.231,1.4929,1.36 (1.23 - 1.49),21765,428,21337
202.2,Non-Hodgkins lymphoma,neoplasms,2,#008B8B,SFI,4.5337997525211185e-5,4.53e-05,no,0.6888,0.5751,0.8228,0.69 (0.58 - 0.82),21765,428,21337
202.2,Non-Hodgkins lymphoma,neoplasms,2,#008B8B,VFD,2.3047754926770873e-9,2.3e-09,yes,1.388,1.2457,1.5447,1.39 (1.25 - 1.54),21765,428,21337
202.2,Non-Hodgkins lymphoma,neoplasms,2,#008B8B,VFI,0.002041222797744767,0.00204,no,0.7976,0.69,0.9197,0.80 (0.69 - 0.92),21765,428,21337
204,Leukemia,neoplasms,2,#008B8B,SFD,1.1991447894229337e-5,1.2e-05,yes,1.2353,1.1225,1.3563,1.24 (1.12 - 1.36),21821,484,21337
204,Leukemia,neoplasms,2,#008B8B,SFI,0.026290834998986358,0.0263,no,0.8314,0.7055,0.977,0.83 (0.71 - 0.98),21821,484,21337
204,Leukemia,neoplasms,2,#008B8B,VFD,1.19953045702667e-4,0.00012,no,1.2273,1.1051,1.3617,1.23 (1.11 - 1.36),21821,484,21337
204,Leukemia,neoplasms,2,#008B8B,VFI,0.8290666943064693,0.829,no,0.9855,0.8619,1.1243,0.99 (0.86 - 1.12),21821,484,21337
204.2,Myeloid leukemia,neoplasms,2,#008B8B,SFD,0.0028776082617586935,0.00288,no,1.239,1.0735,1.4226,1.24 (1.07 - 1.42),21551,214,21337
204.2,Myeloid leukemia,neoplasms,2,#008B8B,SFI,0.5253605531452095,0.525,no,0.927,0.7313,1.167,0.93 (0.73 - 1.17),21551,214,21337
204.2,Myeloid leukemia,neoplasms,2,#008B8B,VFD,0.004787061022101127,0.00479,no,1.2518,1.0697,1.4615,1.25 (1.07 - 1.46),21551,214,21337
204.2,Myeloid leukemia,neoplasms,2,#008B8B,VFI,0.7558198087547603,0.756,no,1.0328,0.8402,1.2627,1.03 (0.84 - 1.26),21551,214,21337
208,Benign neoplasm of colon,neoplasms,2,#008B8B,SFD,2.999092875183559e-6,3e-06,yes,0.8653,0.8143,0.9195,0.87 (0.81 - 0.92),21206,1589,19617
208,Benign neoplasm of colon,neoplasms,2,#008B8B,SFI,0.7316043308176657,0.732,no,1.0159,0.928,1.1113,1.02 (0.93 - 1.11),21206,1589,19617
208,Benign neoplasm of colon,neoplasms,2,#008B8B,VFD,0.0010548671831023262,0.00105,no,0.901,0.8464,0.9588,0.90 (0.85 - 0.96),21206,1589,19617
208,Benign neoplasm of colon,neoplasms,2,#008B8B,VFI,4.698609906495366e-4,0.00047,no,1.1332,1.0563,1.2151,1.13 (1.06 - 1.22),21206,1589,19617
209,Neuroendocrine tumors,neoplasms,2,#008B8B,SFD,0.008122101702366748,0.00812,no,1.1893,1.0438,1.3492,1.19 (1.04 - 1.35),22681,237,22444
209,Neuroendocrine tumors,neoplasms,2,#008B8B,SFI,0.4181808168802984,0.418,no,1.1024,0.8677,1.3907,1.10 (0.87 - 1.39),22681,237,22444
209,Neuroendocrine tumors,neoplasms,2,#008B8B,VFD,0.0643919879047525,0.0644,no,1.1454,0.991,1.3215,1.15 (0.99 - 1.32),22681,237,22444
209,Neuroendocrine tumors,neoplasms,2,#008B8B,VFI,0.44225726072176114,0.442,no,1.0776,0.8884,1.3005,1.08 (0.89 - 1.30),22681,237,22444
211,Benign neoplasm of other parts of digestive system,neoplasms,2,#008B8B,SFD,0.12598377604258587,0.126,no,1.103,0.9707,1.2477,1.10 (0.97 - 1.25),19474,327,19147
211,Benign neoplasm of other parts of digestive system,neoplasms,2,#008B8B,SFI,0.8421836834693267,0.842,no,0.9804,0.8048,1.1891,0.98 (0.80 - 1.19),19474,327,19147
211,Benign neoplasm of other parts of digestive system,neoplasms,2,#008B8B,VFD,0.6093598398083704,0.609,no,1.0348,0.9068,1.179,1.03 (0.91 - 1.18),19474,327,19147
211,Benign neoplasm of other parts of digestive system,neoplasms,2,#008B8B,VFI,0.021398621148938788,0.0214,no,1.1923,1.0248,1.3829,1.19 (1.02 - 1.38),19474,327,19147
216,Benign neoplasm of skin,neoplasms,2,#008B8B,SFD,5.680702004173505e-6,5.68e-06,yes,0.8225,0.7565,0.8957,0.82 (0.76 - 0.90),22177,718,21459
216,Benign neoplasm of skin,neoplasms,2,#008B8B,SFI,0.9094600836457221,0.909,no,0.9922,0.8656,1.1352,0.99 (0.87 - 1.14),22177,718,21459
216,Benign neoplasm of skin,neoplasms,2,#008B8B,VFD,0.00354717547014081,0.00355,no,0.876,0.8014,0.9574,0.88 (0.80 - 0.96),22177,718,21459
216,Benign neoplasm of skin,neoplasms,2,#008B8B,VFI,0.028282367670382474,0.0283,no,1.1287,1.0123,1.2568,1.13 (1.01 - 1.26),22177,718,21459
216.1,Screening for malignant neoplasms of the skin,neoplasms,2,#008B8B,SFD,0.01724513853174047,0.0172,no,0.8759,0.7864,0.9769,0.88 (0.79 - 0.98),21944,485,21459
216.1,Screening for malignant neoplasms of the skin,neoplasms,2,#008B8B,SFI,0.9368258274279965,0.937,no,0.9937,0.8493,1.1599,0.99 (0.85 - 1.16),21944,485,21459
216.1,Screening for malignant neoplasms of the skin,neoplasms,2,#008B8B,VFD,0.07671382498685635,0.0767,no,0.906,0.8118,1.01,0.91 (0.81 - 1.01),21944,485,21459
216.1,Screening for malignant neoplasms of the skin,neoplasms,2,#008B8B,VFI,0.0021041622654192713,0.0021,no,1.2075,1.0699,1.3606,1.21 (1.07 - 1.36),21944,485,21459
217,Vascular hamartomas and non-neoplastic nevi,neoplasms,2,#008B8B,SFD,0.0010686840796111426,0.00107,no,0.7916,0.6926,0.916,0.79 (0.69 - 0.92),21665,206,21459
217,Vascular hamartomas and non-neoplastic nevi,neoplasms,2,#008B8B,SFI,0.9191111440951248,0.919,no,0.9868,0.7614,1.2697,0.99 (0.76 - 1.27),21665,206,21459
217,Vascular hamartomas and non-neoplastic nevi,neoplasms,2,#008B8B,VFD,0.04351275258528167,0.0435,no,0.844,0.7148,0.9935,0.84 (0.71 - 0.99),21665,206,21459
217,Vascular hamartomas and non-neoplastic nevi,neoplasms,2,#008B8B,VFI,0.39800831304107454,0.398,no,1.0904,0.8895,1.3286,1.09 (0.89 - 1.33),21665,206,21459
218,Benign neoplasm of uterus,neoplasms,2,#008B8B,SFD,8.803584034453264e-5,8.8e-05,no,0.8114,0.7303,0.8999,0.81 (0.73 - 0.90),11563,644,10919
218,Benign neoplasm of uterus,neoplasms,2,#008B8B,SFI,0.23490685050404164,0.235,no,0.9158,0.7914,1.058,0.92 (0.79 - 1.06),11563,644,10919
218,Benign neoplasm of uterus,neoplasms,2,#008B8B,VFD,0.07833666369844017,0.0783,no,0.9163,0.8312,1.0099,0.92 (0.83 - 1.01),11563,644,10919
218,Benign neoplasm of uterus,neoplasms,2,#008B8B,VFI,0.6160300317626297,0.616,no,0.9699,0.8596,1.092,0.97 (0.86 - 1.09),11563,644,10919
218.1,Uterine leiomyoma,neoplasms,2,#008B8B,SFD,2.460417373573791e-4,0.000246,no,0.8212,0.7385,0.9115,0.82 (0.74 - 0.91),11554,635,10919
218.1,Uterine leiomyoma,neoplasms,2,#008B8B,SFI,0.15916635003657853,0.159,no,0.9002,0.7771,1.0412,0.90 (0.78 - 1.04),11554,635,10919
218.1,Uterine leiomyoma,neoplasms,2,#008B8B,VFD,0.13443947014411736,0.134,no,0.9278,0.8411,1.0233,0.93 (0.84 - 1.02),11554,635,10919
218.1,Uterine leiomyoma,neoplasms,2,#008B8B,VFI,0.4004155306153905,0.4,no,0.9495,0.8405,1.0703,0.95 (0.84 - 1.07),11554,635,10919
228,"Hemangioma and lymphangioma, any site",neoplasms,2,#008B8B,SFD,0.005562075770835407,0.00556,no,0.8131,0.7078,0.9462,0.81 (0.71 - 0.95),22476,214,22262
228,"Hemangioma and lymphangioma, any site",neoplasms,2,#008B8B,SFI,0.4116072824912339,0.412,no,0.8999,0.6979,1.1541,0.90 (0.70 - 1.15),22476,214,22262
228,"Hemangioma and lymphangioma, any site",neoplasms,2,#008B8B,VFD,0.05806613435043776,0.0581,no,0.8535,0.7245,1.0048,0.85 (0.72 - 1.00),22476,214,22262
228,"Hemangioma and lymphangioma, any site",neoplasms,2,#008B8B,VFI,0.07086687989170072,0.0709,no,1.1941,0.9824,1.4436,1.19 (0.98 - 1.44),22476,214,22262
860,Bone marrow or stem cell transplant,neoplasms,2,#008B8B,SFD,0.6535311194550506,0.654,no,1.035,0.8928,1.2022,1.04 (0.89 - 1.20),22696,200,22496
860,Bone marrow or stem cell transplant,neoplasms,2,#008B8B,SFI,0.35506552155830795,0.355,no,1.1152,0.8815,1.3993,1.12 (0.88 - 1.40),22696,200,22496
860,Bone marrow or stem cell transplant,neoplasms,2,#008B8B,VFD,0.8065156741266584,0.807,no,1.0209,0.8636,1.2032,1.02 (0.86 - 1.20),22696,200,22496
860,Bone marrow or stem cell transplant,neoplasms,2,#008B8B,VFI,0.006825968115433227,0.00683,no,1.3319,1.0789,1.6344,1.33 (1.08 - 1.63),22696,200,22496
241,Nontoxic nodular goiter,endocrine/metabolic,3,#A52A2A,SFD,0.13054298815424709,0.131,no,0.924,0.8339,1.023,0.92 (0.83 - 1.02),19394,526,18868
241,Nontoxic nodular goiter,endocrine/metabolic,3,#A52A2A,SFI,0.337802341037603,0.338,no,0.9222,0.7806,1.087,0.92 (0.78 - 1.09),19394,526,18868
241,Nontoxic nodular goiter,endocrine/metabolic,3,#A52A2A,VFD,0.019494863614619034,0.0195,no,0.8812,0.7921,0.9794,0.88 (0.79 - 0.98),19394,526,18868
241,Nontoxic nodular goiter,endocrine/metabolic,3,#A52A2A,VFI,0.5397037275263281,0.54,no,1.039,0.9185,1.173,1.04 (0.92 - 1.17),19394,526,18868
241.1,Nontoxic uninodular goiter,endocrine/metabolic,3,#A52A2A,SFD,0.013760889025503268,0.0138,no,0.8579,0.761,0.9695,0.86 (0.76 - 0.97),19229,361,18868
241.1,Nontoxic uninodular goiter,endocrine/metabolic,3,#A52A2A,SFI,0.16719490127253264,0.167,no,0.8678,0.7086,1.0594,0.87 (0.71 - 1.06),19229,361,18868
241.1,Nontoxic uninodular goiter,endocrine/metabolic,3,#A52A2A,VFD,0.010070342524400788,0.0101,no,0.8458,0.744,0.9601,0.85 (0.74 - 0.96),19229,361,18868
241.1,Nontoxic uninodular goiter,endocrine/metabolic,3,#A52A2A,VFI,0.9913381361203907,0.991,no,1.0008,0.8604,1.1606,1.00 (0.86 - 1.16),19229,361,18868
241.2,Nontoxic multinodular goiter,endocrine/metabolic,3,#A52A2A,SFD,0.34858438036212347,0.349,no,0.9288,0.7957,1.0814,0.93 (0.80 - 1.08),19099,231,18868
241.2,Nontoxic multinodular goiter,endocrine/metabolic,3,#A52A2A,SFI,0.572451442510078,0.572,no,1.0721,0.84,1.3616,1.07 (0.84 - 1.36),19099,231,18868
241.2,Nontoxic multinodular goiter,endocrine/metabolic,3,#A52A2A,VFD,0.09639416132619269,0.0964,no,0.8733,0.7437,1.0235,0.87 (0.74 - 1.02),19099,231,18868
241.2,Nontoxic multinodular goiter,endocrine/metabolic,3,#A52A2A,VFI,0.37979764449405473,0.38,no,1.0832,0.9041,1.2917,1.08 (0.90 - 1.29),19099,231,18868
242,Thyrotoxicosis with or without goiter,endocrine/metabolic,3,#A52A2A,SFD,0.32754058825641963,0.328,no,1.0764,0.9268,1.2438,1.08 (0.93 - 1.24),19075,207,18868
242,Thyrotoxicosis with or without goiter,endocrine/metabolic,3,#A52A2A,SFI,0.2722305492672772,0.272,no,0.8666,0.6694,1.1156,0.87 (0.67 - 1.12),19075,207,18868
242,Thyrotoxicosis with or without goiter,endocrine/metabolic,3,#A52A2A,VFD,0.9433683046976513,0.943,no,1.0059,0.8539,1.1824,1.01 (0.85 - 1.18),19075,207,18868
242,Thyrotoxicosis with or without goiter,endocrine/metabolic,3,#A52A2A,VFI,0.13829973162544223,0.138,no,0.8545,0.6917,1.0486,0.85 (0.69 - 1.05),19075,207,18868
244,Hypothyroidism,endocrine/metabolic,3,#A52A2A,SFD,0.015281532155772016,0.0153,no,1.0634,1.0117,1.1174,1.06 (1.01 - 1.12),21236,2368,18868
244,Hypothyroidism,endocrine/metabolic,3,#A52A2A,SFI,0.834969272555286,0.835,no,0.9916,0.9153,1.0737,0.99 (0.92 - 1.07),21236,2368,18868
244,Hypothyroidism,endocrine/metabolic,3,#A52A2A,VFD,0.026388604287742132,0.0264,no,1.0616,1.007,1.1191,1.06 (1.01 - 1.12),21236,2368,18868
244,Hypothyroidism,endocrine/metabolic,3,#A52A2A,VFI,0.8339629007316436,0.834,no,1.0065,0.9475,1.0688,1.01 (0.95 - 1.07),21236,2368,18868
244.2,Acquired hypothyroidism,endocrine/metabolic,3,#A52A2A,SFD,0.5589590533770326,0.559,no,0.9592,0.8335,1.1006,0.96 (0.83 - 1.10),19134,266,18868
244.2,Acquired hypothyroidism,endocrine/metabolic,3,#A52A2A,SFI,0.4544927472760075,0.454,no,0.9183,0.7333,1.1458,0.92 (0.73 - 1.15),19134,266,18868
244.2,Acquired hypothyroidism,endocrine/metabolic,3,#A52A2A,VFD,0.7682515260515452,0.768,no,0.9784,0.8453,1.1301,0.98 (0.85 - 1.13),19134,266,18868
244.2,Acquired hypothyroidism,endocrine/metabolic,3,#A52A2A,VFI,0.44295684613461994,0.443,no,0.9356,0.7877,1.1066,0.94 (0.79 - 1.11),19134,266,18868
244.4,Hypothyroidism NOS,endocrine/metabolic,3,#A52A2A,SFD,0.005564610329920509,0.00556,no,1.0751,1.0212,1.1313,1.08 (1.02 - 1.13),21062,2194,18868
244.4,Hypothyroidism NOS,endocrine/metabolic,3,#A52A2A,SFI,0.9358080530376087,0.936,no,0.9966,0.9175,1.0819,1.00 (0.92 - 1.08),21062,2194,18868
244.4,Hypothyroidism NOS,endocrine/metabolic,3,#A52A2A,VFD,0.024269812569821643,0.0243,no,1.0648,1.0081,1.1244,1.06 (1.01 - 1.12),21062,2194,18868
244.4,Hypothyroidism NOS,endocrine/metabolic,3,#A52A2A,VFI,0.8728513549574555,0.873,no,1.0051,0.9444,1.0692,1.01 (0.94 - 1.07),21062,2194,18868
249,Secondary diabetes mellitus,endocrine/metabolic,3,#A52A2A,SFD,4.41634845240452e-11,4.42e-11,yes,1.4571,1.3004,1.627,1.46 (1.30 - 1.63),17314,314,17000
249,Secondary diabetes mellitus,endocrine/metabolic,3,#A52A2A,SFI,0.005079058451424961,0.00508,no,0.7512,0.6138,0.9158,0.75 (0.61 - 0.92),17314,314,17000
249,Secondary diabetes mellitus,endocrine/metabolic,3,#A52A2A,VFD,0.002576796880451343,0.00258,no,1.2216,1.0715,1.3901,1.22 (1.07 - 1.39),17314,314,17000
249,Secondary diabetes mellitus,endocrine/metabolic,3,#A52A2A,VFI,5.762646835285814e-9,5.76e-09,yes,1.5658,1.3448,1.8188,1.57 (1.34 - 1.82),17314,314,17000
250,Diabetes mellitus,endocrine/metabolic,3,#A52A2A,SFD,2.047093688938943e-38,2.05e-38,yes,1.3256,1.2702,1.3833,1.33 (1.27 - 1.38),20583,3583,17000
250,Diabetes mellitus,endocrine/metabolic,3,#A52A2A,SFI,0.0684373193691257,0.0684,no,0.9445,0.8881,1.0042,0.94 (0.89 - 1.00),20583,3583,17000
250,Diabetes mellitus,endocrine/metabolic,3,#A52A2A,VFD,2.1517463798191195e-4,0.000215,no,1.0889,1.0408,1.1391,1.09 (1.04 - 1.14),20583,3583,17000
250,Diabetes mellitus,endocrine/metabolic,3,#A52A2A,VFI,4.451940759274249e-68,4.45e-68,yes,1.5651,1.4884,1.6461,1.57 (1.49 - 1.65),20583,3583,17000
250.1,Type 1 diabetes,endocrine/metabolic,3,#A52A2A,SFD,1.5293220697435342e-14,1.53e-14,yes,1.6176,1.4277,1.8251,1.62 (1.43 - 1.83),17235,235,17000
250.1,Type 1 diabetes,endocrine/metabolic,3,#A52A2A,SFI,0.09796471436206983,0.098,no,0.8249,0.655,1.0332,0.82 (0.66 - 1.03),17235,235,17000
250.1,Type 1 diabetes,endocrine/metabolic,3,#A52A2A,VFD,1.050520396129401e-8,1.05e-08,yes,1.5313,1.3219,1.7702,1.53 (1.32 - 1.77),17235,235,17000
250.1,Type 1 diabetes,endocrine/metabolic,3,#A52A2A,VFI,0.0011770646920185712,0.00118,no,1.3686,1.1294,1.6502,1.37 (1.13 - 1.65),17235,235,17000
250.2,Type 2 diabetes,endocrine/metabolic,3,#A52A2A,SFD,1.4752815527798746e-35,1.48e-35,yes,1.3198,1.2633,1.3787,1.32 (1.26 - 1.38),20416,3416,17000
250.2,Type 2 diabetes,endocrine/metabolic,3,#A52A2A,SFI,0.09713829182854457,0.0971,no,0.9483,0.8906,1.0095,0.95 (0.89 - 1.01),20416,3416,17000
250.2,Type 2 diabetes,endocrine/metabolic,3,#A52A2A,VFD,0.0025457132084298075,0.00255,no,1.0738,1.0252,1.1245,1.07 (1.03 - 1.12),20416,3416,17000
250.2,Type 2 diabetes,endocrine/metabolic,3,#A52A2A,VFI,2.1539913572344252e-67,2.15e-67,yes,1.5738,1.4953,1.6567,1.57 (1.50 - 1.66),20416,3416,17000
250.22,Type 2 diabetes with renal manifestations,endocrine/metabolic,3,#A52A2A,SFD,1.1472557393494872e-32,1.15e-32,yes,1.7522,1.5962,1.9203,1.75 (1.60 - 1.92),17470,470,17000
250.22,Type 2 diabetes with renal manifestations,endocrine/metabolic,3,#A52A2A,SFI,1.2690439780509862e-6,1.27e-06,yes,0.6626,0.5603,0.7818,0.66 (0.56 - 0.78),17470,470,17000
250.22,Type 2 diabetes with renal manifestations,endocrine/metabolic,3,#A52A2A,VFD,6.550137085176857e-12,6.55e-12,yes,1.4645,1.3128,1.6323,1.46 (1.31 - 1.63),17470,470,17000
250.22,Type 2 diabetes with renal manifestations,endocrine/metabolic,3,#A52A2A,VFI,7.55474266734138e-10,7.55e-10,yes,1.4423,1.283,1.6202,1.44 (1.28 - 1.62),17470,470,17000
250.23,Type 2 diabetes with ophthalmic manifestations,endocrine/metabolic,3,#A52A2A,SFD,2.7025954165842095e-13,2.7e-13,yes,1.6477,1.437,1.8789,1.65 (1.44 - 1.88),17225,225,17000
250.23,Type 2 diabetes with ophthalmic manifestations,endocrine/metabolic,3,#A52A2A,SFI,0.0692178296218875,0.0692,no,0.8116,0.6467,1.0144,0.81 (0.65 - 1.01),17225,225,17000
250.23,Type 2 diabetes with ophthalmic manifestations,endocrine/metabolic,3,#A52A2A,VFD,0.002619782865432614,0.00262,no,1.273,1.0858,1.4871,1.27 (1.09 - 1.49),17225,225,17000
250.23,Type 2 diabetes with ophthalmic manifestations,endocrine/metabolic,3,#A52A2A,VFI,3.445409248342842e-6,3.45e-06,yes,1.4721,1.2489,1.7313,1.47 (1.25 - 1.73),17225,225,17000
250.24,Type 2 diabetes with neurological manifestations,endocrine/metabolic,3,#A52A2A,SFD,3.0709170780716732e-15,3.07e-15,yes,1.5533,1.3898,1.7301,1.55 (1.39 - 1.73),17375,375,17000
250.24,Type 2 diabetes with neurological manifestations,endocrine/metabolic,3,#A52A2A,SFI,0.07383122788847345,0.0738,no,0.8565,0.7219,1.0138,0.86 (0.72 - 1.01),17375,375,17000
250.24,Type 2 diabetes with neurological manifestations,endocrine/metabolic,3,#A52A2A,VFD,3.086703043977972e-5,3.09e-05,no,1.3016,1.1487,1.472,1.30 (1.15 - 1.47),17375,375,17000
250.24,Type 2 diabetes with neurological manifestations,endocrine/metabolic,3,#A52A2A,VFI,2.1789952316417187e-12,2.18e-12,yes,1.5737,1.3859,1.7853,1.57 (1.39 - 1.79),17375,375,17000
250.3,Insulin pump user,endocrine/metabolic,3,#A52A2A,SFD,9.449681055780804e-38,9.45e-38,yes,1.5665,1.4621,1.6769,1.57 (1.46 - 1.68),17949,949,17000
250.3,Insulin pump user,endocrine/metabolic,3,#A52A2A,SFI,1.2065759333690604e-4,0.000121,no,0.8047,0.7199,0.8984,0.80 (0.72 - 0.90),17949,949,17000
250.3,Insulin pump user,endocrine/metabolic,3,#A52A2A,VFD,1.6157469494795448e-14,1.62e-14,yes,1.3547,1.2534,1.4636,1.35 (1.25 - 1.46),17949,949,17000
250.3,Insulin pump user,endocrine/metabolic,3,#A52A2A,VFI,8.763058199174568e-22,8.76e-22,yes,1.5166,1.3927,1.6512,1.52 (1.39 - 1.65),17949,949,17000
250.4,Abnormal glucose,endocrine/metabolic,3,#A52A2A,SFD,0.40597283462773065,0.406,no,1.0269,0.9642,1.0929,1.03 (0.96 - 1.09),18565,1565,17000
250.4,Abnormal glucose,endocrine/metabolic,3,#A52A2A,SFI,0.9050265335810941,0.905,no,1.0056,0.9174,1.1015,1.01 (0.92 - 1.10),18565,1565,17000
250.4,Abnormal glucose,endocrine/metabolic,3,#A52A2A,VFD,0.0038125094359605953,0.00381,no,0.9091,0.8522,0.9696,0.91 (0.85 - 0.97),18565,1565,17000
250.4,Abnormal glucose,endocrine/metabolic,3,#A52A2A,VFI,1.1210003544121443e-14,1.12e-14,yes,1.3276,1.2354,1.4265,1.33 (1.24 - 1.43),18565,1565,17000
250.41,Impaired fasting glucose,endocrine/metabolic,3,#A52A2A,SFD,0.0019387176761294258,0.00194,no,0.832,0.7407,0.9341,0.83 (0.74 - 0.93),17507,507,17000
250.41,Impaired fasting glucose,endocrine/metabolic,3,#A52A2A,SFI,0.14204087800909287,0.142,no,1.1241,0.9607,1.3128,1.12 (0.96 - 1.31),17507,507,17000
250.41,Impaired fasting glucose,endocrine/metabolic,3,#A52A2A,VFD,1.4799455464456938e-6,1.48e-06,yes,0.7573,0.6763,0.848,0.76 (0.68 - 0.85),17507,507,17000
250.41,Impaired fasting glucose,endocrine/metabolic,3,#A52A2A,VFI,1.2539730012990188e-8,1.25e-08,yes,1.4089,1.2515,1.5849,1.41 (1.25 - 1.58),17507,507,17000
250.42,Other abnormal glucose,endocrine/metabolic,3,#A52A2A,SFD,0.001833628081977487,0.00183,no,1.1177,1.0416,1.198,1.12 (1.04 - 1.20),18117,1117,17000
250.42,Other abnormal glucose,endocrine/metabolic,3,#A52A2A,SFI,0.5010366234997736,0.501,no,0.9643,0.8671,1.0714,0.96 (0.87 - 1.07),18117,1117,17000
250.42,Other abnormal glucose,endocrine/metabolic,3,#A52A2A,VFD,0.6216134738335759,0.622,no,0.9816,0.9114,1.0566,0.98 (0.91 - 1.06),18117,1117,17000
250.42,Other abnormal glucose,endocrine/metabolic,3,#A52A2A,VFI,3.909242020004451e-9,3.91e-09,yes,1.285,1.1819,1.3966,1.29 (1.18 - 1.40),18117,1117,17000
250.7,Diabetic retinopathy,endocrine/metabolic,3,#A52A2A,SFD,9.983225807051739e-12,9.98e-12,yes,1.5866,1.3849,1.8071,1.59 (1.38 - 1.81),21289,214,21075
250.7,Diabetic retinopathy,endocrine/metabolic,3,#A52A2A,SFI,0.16742063488004236,0.167,no,0.8546,0.6822,1.0654,0.85 (0.68 - 1.07),21289,214,21075
250.7,Diabetic retinopathy,endocrine/metabolic,3,#A52A2A,VFD,4.7161101651984916e-4,0.000472,no,1.3183,1.127,1.5366,1.32 (1.13 - 1.54),21289,214,21075
250.7,Diabetic retinopathy,endocrine/metabolic,3,#A52A2A,VFI,0.0011461390752340475,0.00115,no,1.3134,1.1125,1.5454,1.31 (1.11 - 1.55),21289,214,21075
255,Disorders of adrenal glands,endocrine/metabolic,3,#A52A2A,SFD,0.409914711875288,0.41,no,1.0464,0.9385,1.164,1.05 (0.94 - 1.16),21087,459,20628
255,Disorders of adrenal glands,endocrine/metabolic,3,#A52A2A,SFI,0.9481628578260485,0.948,no,1.0052,0.8578,1.1751,1.01 (0.86 - 1.18),21087,459,20628
255,Disorders of adrenal glands,endocrine/metabolic,3,#A52A2A,VFD,0.07573684564439948,0.0757,no,0.9026,0.8059,1.0102,0.90 (0.81 - 1.01),21087,459,20628
255,Disorders of adrenal glands,endocrine/metabolic,3,#A52A2A,VFI,0.004431162972319506,0.00443,no,1.1986,1.0569,1.3565,1.20 (1.06 - 1.36),21087,459,20628
260,Protein-calorie malnutrition,endocrine/metabolic,3,#A52A2A,SFD,2.7744918567343855e-246,2.77e-246,yes,2.351,2.2368,2.472,2.35 (2.24 - 2.47),19416,2078,17338
260,Protein-calorie malnutrition,endocrine/metabolic,3,#A52A2A,SFI,2.8945509461572874e-98,2.89e-98,yes,0.2892,0.2575,0.3244,0.29 (0.26 - 0.32),19416,2078,17338
260,Protein-calorie malnutrition,endocrine/metabolic,3,#A52A2A,VFD,1.438337718660481e-191,1.44e-191,yes,2.4399,2.3001,2.5893,2.44 (2.30 - 2.59),19416,2078,17338
260,Protein-calorie malnutrition,endocrine/metabolic,3,#A52A2A,VFI,1.0120631594676529e-44,1.01e-44,yes,0.522,0.4764,0.5713,0.52 (0.48 - 0.57),19416,2078,17338
260.2,severe protein-calorie malnutrition,endocrine/metabolic,3,#A52A2A,SFD,1.938963368141833e-142,1.94e-142,yes,2.8136,2.5986,3.0484,2.81 (2.60 - 3.05),17935,597,17338
260.2,severe protein-calorie malnutrition,endocrine/metabolic,3,#A52A2A,SFI,6.315729631354695e-53,6.32e-53,yes,0.1882,0.1518,0.2328,0.19 (0.15 - 0.23),17935,597,17338
260.2,severe protein-calorie malnutrition,endocrine/metabolic,3,#A52A2A,VFD,1.1059118038657252e-108,1.11e-108,yes,3.2375,2.9197,3.5947,3.24 (2.92 - 3.59),17935,597,17338
260.2,severe protein-calorie malnutrition,endocrine/metabolic,3,#A52A2A,VFI,1.69791054077749e-23,1.7e-23,yes,0.4227,0.3563,0.4996,0.42 (0.36 - 0.50),17935,597,17338
260.3,Adult failure to thrive,endocrine/metabolic,3,#A52A2A,SFD,7.943773712177464e-70,7.94e-70,yes,2.4914,2.2516,2.7575,2.49 (2.25 - 2.76),17680,342,17338
260.3,Adult failure to thrive,endocrine/metabolic,3,#A52A2A,SFI,6.162005084952749e-28,6.16e-28,yes,0.215,0.1629,0.2824,0.21 (0.16 - 0.28),17680,342,17338
260.3,Adult failure to thrive,endocrine/metabolic,3,#A52A2A,VFD,4.608949126508505e-39,4.61e-39,yes,2.4137,2.116,2.7561,2.41 (2.12 - 2.76),17680,342,17338
260.3,Adult failure to thrive,endocrine/metabolic,3,#A52A2A,VFI,8.837911966059666e-9,8.84e-09,yes,0.5536,0.4513,0.6753,0.55 (0.45 - 0.68),17680,342,17338
260.6,Anorexia,endocrine/metabolic,3,#A52A2A,SFD,2.1326187587976527e-43,2.13e-43,yes,1.9027,1.736,2.0839,1.90 (1.74 - 2.08),17774,436,17338
260.6,Anorexia,endocrine/metabolic,3,#A52A2A,SFI,1.2243448402495566e-13,1.22e-13,yes,0.4335,0.347,0.5398,0.43 (0.35 - 0.54),17774,436,17338
260.6,Anorexia,endocrine/metabolic,3,#A52A2A,VFD,4.7374989035454383e-29,4.74e-29,yes,1.8967,1.6955,2.122,1.90 (1.70 - 2.12),17774,436,17338
260.6,Anorexia,endocrine/metabolic,3,#A52A2A,VFI,2.406619374165367e-5,2.41e-05,no,0.7028,0.5957,0.8264,0.70 (0.60 - 0.83),17774,436,17338
261,Vitamin deficiency,endocrine/metabolic,3,#A52A2A,SFD,8.300930564286393e-8,8.3e-08,yes,1.1974,1.1206,1.2784,1.20 (1.12 - 1.28),18912,1574,17338
261,Vitamin deficiency,endocrine/metabolic,3,#A52A2A,SFI,0.596085201841412,0.596,no,1.0256,0.9336,1.1259,1.03 (0.93 - 1.13),18912,1574,17338
261,Vitamin deficiency,endocrine/metabolic,3,#A52A2A,VFD,0.0014315997878131673,0.00143,no,1.1132,1.042,1.1889,1.11 (1.04 - 1.19),18912,1574,17338
261,Vitamin deficiency,endocrine/metabolic,3,#A52A2A,VFI,0.9591499798158631,0.959,no,0.9981,0.9269,1.074,1.00 (0.93 - 1.07),18912,1574,17338
261.2,Vitamin B-complex deficiencies,endocrine/metabolic,3,#A52A2A,SFD,9.894446552584218e-8,9.89e-08,yes,1.3735,1.2199,1.5409,1.37 (1.22 - 1.54),17719,381,17338
261.2,Vitamin B-complex deficiencies,endocrine/metabolic,3,#A52A2A,SFI,0.9914663278281804,0.991,no,1.001,0.8283,1.2053,1.00 (0.83 - 1.21),17719,381,17338
261.2,Vitamin B-complex deficiencies,endocrine/metabolic,3,#A52A2A,VFD,6.412097916397948e-6,6.41e-06,yes,1.3292,1.174,1.5032,1.33 (1.17 - 1.50),17719,381,17338
261.2,Vitamin B-complex deficiencies,endocrine/metabolic,3,#A52A2A,VFI,0.17670209689749908,0.177,no,0.9034,0.7785,1.0454,0.90 (0.78 - 1.05),17719,381,17338
261.4,Vitamin D deficiency,endocrine/metabolic,3,#A52A2A,SFD,2.2731397095662018e-4,0.000227,no,1.1484,1.0663,1.2354,1.15 (1.07 - 1.24),18637,1299,17338
261.4,Vitamin D deficiency,endocrine/metabolic,3,#A52A2A,SFI,0.2775449591868118,0.278,no,1.0583,0.955,1.1717,1.06 (0.95 - 1.17),18637,1299,17338
261.4,Vitamin D deficiency,endocrine/metabolic,3,#A52A2A,VFD,0.15422114182162064,0.154,no,1.0544,0.9802,1.1339,1.05 (0.98 - 1.13),18637,1299,17338
261.4,Vitamin D deficiency,endocrine/metabolic,3,#A52A2A,VFI,0.6015259644738159,0.602,no,1.0216,0.9426,1.1065,1.02 (0.94 - 1.11),18637,1299,17338
269,Proteinuria,endocrine/metabolic,3,#A52A2A,SFD,3.5988743563231834e-6,3.6e-06,yes,1.3863,1.2037,1.587,1.39 (1.20 - 1.59),21980,227,21753
269,Proteinuria,endocrine/metabolic,3,#A52A2A,SFI,0.4828829406458503,0.483,no,0.9221,0.7332,1.1533,0.92 (0.73 - 1.15),21980,227,21753
269,Proteinuria,endocrine/metabolic,3,#A52A2A,VFD,0.03221873273031395,0.0322,no,1.186,1.013,1.3842,1.19 (1.01 - 1.38),21980,227,21753
269,Proteinuria,endocrine/metabolic,3,#A52A2A,VFI,3.2755009633153153e-4,0.000328,no,1.3721,1.1526,1.6277,1.37 (1.15 - 1.63),21980,227,21753
270,Disorders of protein plasma/amino-acid transport and metabolism,endocrine/metabolic,3,#A52A2A,SFD,1.5750332603884008e-37,1.58e-37,yes,1.8476,1.6803,2.028,1.85 (1.68 - 2.03),22100,347,21753
270,Disorders of protein plasma/amino-acid transport and metabolism,endocrine/metabolic,3,#A52A2A,SFI,1.9788635214321986e-7,1.98e-07,yes,0.5747,0.4657,0.7069,0.57 (0.47 - 0.71),22100,347,21753
270,Disorders of protein plasma/amino-acid transport and metabolism,endocrine/metabolic,3,#A52A2A,VFD,3.866721095291713e-30,3.87e-30,yes,1.9593,1.7449,2.1988,1.96 (1.74 - 2.20),22100,347,21753
270,Disorders of protein plasma/amino-acid transport and metabolism,endocrine/metabolic,3,#A52A2A,VFI,0.0023185679687866808,0.00232,no,0.7758,0.6578,0.9119,0.78 (0.66 - 0.91),22100,347,21753
270.3,Disorders of plasma protein metabolism,endocrine/metabolic,3,#A52A2A,SFD,9.796217567976883e-36,9.8e-36,yes,1.8808,1.7013,2.0751,1.88 (1.70 - 2.08),22056,303,21753
270.3,Disorders of plasma protein metabolism,endocrine/metabolic,3,#A52A2A,SFI,1.7417896673721987e-8,1.74e-08,yes,0.5172,0.4105,0.6493,0.52 (0.41 - 0.65),22056,303,21753
270.3,Disorders of plasma protein metabolism,endocrine/metabolic,3,#A52A2A,VFD,7.494042615710033e-27,7.49e-27,yes,1.9672,1.7379,2.2255,1.97 (1.74 - 2.23),22056,303,21753
270.3,Disorders of plasma protein metabolism,endocrine/metabolic,3,#A52A2A,VFI,0.00804405510808757,0.00804,no,0.7892,0.6612,0.9384,0.79 (0.66 - 0.94),22056,303,21753
271,Disorders of carbohydrate transport and metabolism,endocrine/metabolic,3,#A52A2A,SFD,2.1715248812247537e-6,2.17e-06,yes,0.7835,0.7097,0.8683,0.78 (0.71 - 0.87),22467,568,21899
271,Disorders of carbohydrate transport and metabolism,endocrine/metabolic,3,#A52A2A,SFI,1.322427661364203e-4,0.000132,no,1.3074,1.1386,1.4988,1.31 (1.14 - 1.50),22467,568,21899
271,Disorders of carbohydrate transport and metabolism,endocrine/metabolic,3,#A52A2A,VFD,7.762961593517677e-6,7.76e-06,yes,0.7851,0.706,0.8727,0.79 (0.71 - 0.87),22467,568,21899
271,Disorders of carbohydrate transport and metabolism,endocrine/metabolic,3,#A52A2A,VFI,0.02193570103269504,0.0219,no,1.133,1.0176,1.2601,1.13 (1.02 - 1.26),22467,568,21899
271.3,Intestinal disaccharidase deficiencies and disaccharide malabsorption,endocrine/metabolic,3,#A52A2A,SFD,8.555687135091512e-7,8.56e-07,yes,0.7748,0.7014,0.8593,0.77 (0.70 - 0.86),22458,559,21899
271.3,Intestinal disaccharidase deficiencies and disaccharide malabsorption,endocrine/metabolic,3,#A52A2A,SFI,1.0829164070639812e-4,0.000108,no,1.3143,1.1435,1.508,1.31 (1.14 - 1.51),22458,559,21899
271.3,Intestinal disaccharidase deficiencies and disaccharide malabsorption,endocrine/metabolic,3,#A52A2A,VFD,3.5153730470688617e-6,3.52e-06,yes,0.7761,0.6972,0.8637,0.78 (0.70 - 0.86),22458,559,21899
271.3,Intestinal disaccharidase deficiencies and disaccharide malabsorption,endocrine/metabolic,3,#A52A2A,VFI,0.024794200703952825,0.0248,no,1.1309,1.0151,1.2584,1.13 (1.02 - 1.26),22458,559,21899
272,Disorders of lipoid metabolism,endocrine/metabolic,3,#A52A2A,SFD,5.439457168350972e-6,5.44e-06,yes,0.9144,0.8798,0.9504,0.91 (0.88 - 0.95),21054,5741,15313
272,Disorders of lipoid metabolism,endocrine/metabolic,3,#A52A2A,SFI,0.001700104577556255,0.0017,no,1.0966,1.0351,1.1615,1.10 (1.04 - 1.16),21054,5741,15313
272,Disorders of lipoid metabolism,endocrine/metabolic,3,#A52A2A,VFD,2.3570486800329473e-26,2.36e-26,yes,0.8016,0.7694,0.8349,0.80 (0.77 - 0.83),21054,5741,15313
272,Disorders of lipoid metabolism,endocrine/metabolic,3,#A52A2A,VFI,2.5796494765507404e-43,2.58e-43,yes,1.3897,1.3263,1.4563,1.39 (1.33 - 1.46),21054,5741,15313
272.1,Hyperlipidemia,endocrine/metabolic,3,#A52A2A,SFD,7.077205866553227e-6,7.08e-06,yes,0.9154,0.8807,0.9514,0.92 (0.88 - 0.95),21039,5726,15313
272.1,Hyperlipidemia,endocrine/metabolic,3,#A52A2A,SFI,0.0014535570462688417,0.00145,no,1.0981,1.0365,1.1631,1.10 (1.04 - 1.16),21039,5726,15313
272.1,Hyperlipidemia,endocrine/metabolic,3,#A52A2A,VFD,2.583557278919848e-26,2.58e-26,yes,0.8016,0.7695,0.835,0.80 (0.77 - 0.83),21039,5726,15313
272.1,Hyperlipidemia,endocrine/metabolic,3,#A52A2A,VFI,2.5743258411988826e-43,2.57e-43,yes,1.3899,1.3265,1.4566,1.39 (1.33 - 1.46),21039,5726,15313
272.11,Hypercholesterolemia,endocrine/metabolic,3,#A52A2A,SFD,0.02476110658175861,0.0248,no,0.9104,0.8391,0.9882,0.91 (0.84 - 0.99),16159,846,15313
272.11,Hypercholesterolemia,endocrine/metabolic,3,#A52A2A,SFI,0.469728231911478,0.47,no,0.9536,0.8378,1.0841,0.95 (0.84 - 1.08),16159,846,15313
272.11,Hypercholesterolemia,endocrine/metabolic,3,#A52A2A,VFD,1.8089573001847024e-4,0.000181,no,0.8468,0.7761,0.9236,0.85 (0.78 - 0.92),16159,846,15313
272.11,Hypercholesterolemia,endocrine/metabolic,3,#A52A2A,VFI,2.0833410789801172e-10,2.08e-10,yes,1.3657,1.2402,1.5032,1.37 (1.24 - 1.50),16159,846,15313
272.13,Mixed hyperlipidemia,endocrine/metabolic,3,#A52A2A,SFD,0.007153691705562488,0.00715,no,0.8756,0.7953,0.9645,0.88 (0.80 - 0.96),16116,803,15313
272.13,Mixed hyperlipidemia,endocrine/metabolic,3,#A52A2A,SFI,0.8873775619665651,0.887,no,1.01,0.8792,1.159,1.01 (0.88 - 1.16),16116,803,15313
272.13,Mixed hyperlipidemia,endocrine/metabolic,3,#A52A2A,VFD,2.516995618634995e-7,2.52e-07,yes,0.77,0.697,0.8502,0.77 (0.70 - 0.85),16116,803,15313
272.13,Mixed hyperlipidemia,endocrine/metabolic,3,#A52A2A,VFI,5.849005837904737e-10,5.85e-10,yes,1.3804,1.2464,1.5286,1.38 (1.25 - 1.53),16116,803,15313
274,Gout and other crystal arthropathies,endocrine/metabolic,3,#A52A2A,SFD,0.005185589261676725,0.00519,no,1.1676,1.0458,1.2996,1.17 (1.05 - 1.30),22508,447,22061
274,Gout and other crystal arthropathies,endocrine/metabolic,3,#A52A2A,SFI,0.5803477526454401,0.58,no,0.9576,0.8204,1.1153,0.96 (0.82 - 1.12),22508,447,22061
274,Gout and other crystal arthropathies,endocrine/metabolic,3,#A52A2A,VFD,0.5468560530361507,0.547,no,1.0359,0.9228,1.161,1.04 (0.92 - 1.16),22508,447,22061
274,Gout and other crystal arthropathies,endocrine/metabolic,3,#A52A2A,VFI,4.6471330837185166e-4,0.000465,no,1.2319,1.0955,1.3838,1.23 (1.10 - 1.38),22508,447,22061
274.1,Gout,endocrine/metabolic,3,#A52A2A,SFD,0.005505824381903276,0.00551,no,1.1776,1.0473,1.3192,1.18 (1.05 - 1.32),22462,401,22061
274.1,Gout,endocrine/metabolic,3,#A52A2A,SFI,0.7050762038755147,0.705,no,0.9699,0.8272,1.1347,0.97 (0.83 - 1.13),22462,401,22061
274.1,Gout,endocrine/metabolic,3,#A52A2A,VFD,0.946979512055818,0.947,no,1.0042,0.8877,1.1336,1.00 (0.89 - 1.13),22462,401,22061
274.1,Gout,endocrine/metabolic,3,#A52A2A,VFI,7.302275776908455e-5,7.3e-05,no,1.2798,1.1322,1.4449,1.28 (1.13 - 1.44),22462,401,22061
275,Disorders of mineral metabolism,endocrine/metabolic,3,#A52A2A,SFD,4.060020637269818e-55,4.06e-55,yes,1.5643,1.4787,1.6543,1.56 (1.48 - 1.65),21867,1281,20586
275,Disorders of mineral metabolism,endocrine/metabolic,3,#A52A2A,SFI,1.7513797018560102e-9,1.75e-09,yes,0.7221,0.6491,0.8024,0.72 (0.65 - 0.80),21867,1281,20586
275,Disorders of mineral metabolism,endocrine/metabolic,3,#A52A2A,VFD,2.4348247568593538e-34,2.43e-34,yes,1.5009,1.4062,1.6018,1.50 (1.41 - 1.60),21867,1281,20586
275,Disorders of mineral metabolism,endocrine/metabolic,3,#A52A2A,VFI,0.6094392787429157,0.609,no,0.9788,0.9014,1.0621,0.98 (0.90 - 1.06),21867,1281,20586
275.3,Disorders of magnesium metabolism,endocrine/metabolic,3,#A52A2A,SFD,7.853055340224551e-19,7.85e-19,yes,1.4877,1.3614,1.623,1.49 (1.36 - 1.62),21075,489,20586
275.3,Disorders of magnesium metabolism,endocrine/metabolic,3,#A52A2A,SFI,0.016995479892381475,0.017,no,0.8173,0.6916,0.9632,0.82 (0.69 - 0.96),21075,489,20586
275.3,Disorders of magnesium metabolism,endocrine/metabolic,3,#A52A2A,VFD,5.58658613583964e-14,5.59e-14,yes,1.4818,1.3369,1.6412,1.48 (1.34 - 1.64),21075,489,20586
275.3,Disorders of magnesium metabolism,endocrine/metabolic,3,#A52A2A,VFI,0.3513778498788383,0.351,no,1.0635,0.9334,1.2092,1.06 (0.93 - 1.21),21075,489,20586
275.5,Disorders of calcium/phosphorus metabolism,endocrine/metabolic,3,#A52A2A,SFD,3.913170325042559e-33,3.91e-33,yes,1.7072,1.5632,1.862,1.71 (1.56 - 1.86),21035,449,20586
275.5,Disorders of calcium/phosphorus metabolism,endocrine/metabolic,3,#A52A2A,SFI,2.4583786688067406e-5,2.46e-05,no,0.686,0.575,0.8161,0.69 (0.57 - 0.82),21035,449,20586
275.5,Disorders of calcium/phosphorus metabolism,endocrine/metabolic,3,#A52A2A,VFD,4.342779272606431e-20,4.34e-20,yes,1.6463,1.4797,1.8309,1.65 (1.48 - 1.83),21035,449,20586
275.5,Disorders of calcium/phosphorus metabolism,endocrine/metabolic,3,#A52A2A,VFI,0.16756708159528425,0.168,no,0.9061,0.7866,1.041,0.91 (0.79 - 1.04),21035,449,20586
275.53,Disorders of phosphorus metabolism,endocrine/metabolic,3,#A52A2A,SFD,8.161550264574566e-23,8.16e-23,yes,1.8085,1.6048,2.0329,1.81 (1.60 - 2.03),20805,219,20586
275.53,Disorders of phosphorus metabolism,endocrine/metabolic,3,#A52A2A,SFI,0.0035085842054112318,0.00351,no,0.6812,0.5247,0.8783,0.68 (0.52 - 0.88),20805,219,20586
275.53,Disorders of phosphorus metabolism,endocrine/metabolic,3,#A52A2A,VFD,5.042705228988008e-15,5.04e-15,yes,1.8071,1.5573,2.095,1.81 (1.56 - 2.09),20805,219,20586
275.53,Disorders of phosphorus metabolism,endocrine/metabolic,3,#A52A2A,VFI,0.5847887096705638,0.585,no,0.9442,0.7663,1.1568,0.94 (0.77 - 1.16),20805,219,20586
275.6,Hypercalcemia,endocrine/metabolic,3,#A52A2A,SFD,6.493533040340511e-13,6.49e-13,yes,1.6212,1.4177,1.8454,1.62 (1.42 - 1.85),20786,200,20586
275.6,Hypercalcemia,endocrine/metabolic,3,#A52A2A,SFI,1.6585230216749081e-4,0.000166,no,0.5746,0.4296,0.7645,0.57 (0.43 - 0.76),20786,200,20586
275.6,Hypercalcemia,endocrine/metabolic,3,#A52A2A,VFD,3.7253378692461406e-7,3.73e-07,yes,1.5155,1.2896,1.7773,1.52 (1.29 - 1.78),20786,200,20586
275.6,Hypercalcemia,endocrine/metabolic,3,#A52A2A,VFI,0.20997844378712768,0.21,no,0.8762,0.7107,1.0744,0.88 (0.71 - 1.07),20786,200,20586
276,"Disorders of fluid, electrolyte, and acid-base balance",endocrine/metabolic,3,#A52A2A,SFD,1.7870650199174281e-209,1.79e-209,yes,1.8697,1.7971,1.9456,1.87 (1.80 - 1.95),20541,4227,16314
276,"Disorders of fluid, electrolyte, and acid-base balance",endocrine/metabolic,3,#A52A2A,SFI,5.827851575638794e-27,5.83e-27,yes,0.6998,0.6556,0.7467,0.70 (0.66 - 0.75),20541,4227,16314
276,"Disorders of fluid, electrolyte, and acid-base balance",endocrine/metabolic,3,#A52A2A,VFD,1.0590583902161227e-166,1.06e-166,yes,1.8171,1.7416,1.8962,1.82 (1.74 - 1.90),20541,4227,16314
276,"Disorders of fluid, electrolyte, and acid-base balance",endocrine/metabolic,3,#A52A2A,VFI,3.25143058418599e-14,3.25e-14,yes,0.8183,0.7769,0.8617,0.82 (0.78 - 0.86),20541,4227,16314
276.1,Electrolyte imbalance,endocrine/metabolic,3,#A52A2A,SFD,6.23324847895923e-184,6.23e-184,yes,1.9181,1.8354,2.0048,1.92 (1.84 - 2.00),19394,3080,16314
276.1,Electrolyte imbalance,endocrine/metabolic,3,#A52A2A,SFI,2.9459754077491376e-29,2.95e-29,yes,0.6452,0.5975,0.6962,0.65 (0.60 - 0.70),19394,3080,16314
276.1,Electrolyte imbalance,endocrine/metabolic,3,#A52A2A,VFD,3.952851169856828e-149,3.95e-149,yes,1.8971,1.8079,1.9911,1.90 (1.81 - 1.99),19394,3080,16314
276.1,Electrolyte imbalance,endocrine/metabolic,3,#A52A2A,VFI,3.486835499071792e-13,3.49e-13,yes,0.8025,0.7561,0.8513,0.80 (0.76 - 0.85),19394,3080,16314
276.12,Hyposmolality and/or hyponatremia,endocrine/metabolic,3,#A52A2A,SFD,5.33195223226936e-137,5.33e-137,yes,2.1198,1.9983,2.2491,2.12 (2.00 - 2.25),17709,1395,16314
276.12,Hyposmolality and/or hyponatremia,endocrine/metabolic,3,#A52A2A,SFI,3.7896879861493593e-32,3.79e-32,yes,0.4909,0.4359,0.5521,0.49 (0.44 - 0.55),17709,1395,16314
276.12,Hyposmolality and/or hyponatremia,endocrine/metabolic,3,#A52A2A,VFD,1.9000905070967463e-112,1.9e-112,yes,2.1789,2.0365,2.332,2.18 (2.04 - 2.33),17709,1395,16314
276.12,Hyposmolality and/or hyponatremia,endocrine/metabolic,3,#A52A2A,VFI,1.2510940176719667e-16,1.25e-16,yes,0.6883,0.6297,0.7516,0.69 (0.63 - 0.75),17709,1395,16314
276.13,Hyperpotassemia,endocrine/metabolic,3,#A52A2A,SFD,1.659086732517251e-70,1.66e-70,yes,2.441,2.2114,2.6934,2.44 (2.21 - 2.69),16705,391,16314
276.13,Hyperpotassemia,endocrine/metabolic,3,#A52A2A,SFI,4.6577719205159835e-18,4.66e-18,yes,0.4097,0.3343,0.5006,0.41 (0.33 - 0.50),16705,391,16314
276.13,Hyperpotassemia,endocrine/metabolic,3,#A52A2A,VFD,3.0747953742718616e-50,3.07e-50,yes,2.4567,2.1829,2.7652,2.46 (2.18 - 2.77),16705,391,16314
276.13,Hyperpotassemia,endocrine/metabolic,3,#A52A2A,VFI,1.7389028552541888e-5,1.74e-05,yes,0.7149,0.6126,0.8321,0.71 (0.61 - 0.83),16705,391,16314
276.14,Hypopotassemia,endocrine/metabolic,3,#A52A2A,SFD,4.892380985294416e-64,4.89e-64,yes,1.7178,1.613,1.8288,1.72 (1.61 - 1.83),17583,1269,16314
276.14,Hypopotassemia,endocrine/metabolic,3,#A52A2A,SFI,4.1652729572908235e-6,4.17e-06,yes,0.7714,0.6902,0.861,0.77 (0.69 - 0.86),17583,1269,16314
276.14,Hypopotassemia,endocrine/metabolic,3,#A52A2A,VFD,1.262922246511318e-45,1.26e-45,yes,1.6762,1.5607,1.8003,1.68 (1.56 - 1.80),17583,1269,16314
276.14,Hypopotassemia,endocrine/metabolic,3,#A52A2A,VFI,0.02306340584843991,0.0231,no,0.9042,0.8286,0.9858,0.90 (0.83 - 0.99),17583,1269,16314
276.4,Acid-base balance disorder,endocrine/metabolic,3,#A52A2A,SFD,7.337118690075323e-116,7.34e-116,yes,2.4082,2.2336,2.5967,2.41 (2.23 - 2.60),17065,751,16314
276.4,Acid-base balance disorder,endocrine/metabolic,3,#A52A2A,SFI,2.0833640509271587e-21,2.08e-21,yes,0.4966,0.4294,0.5732,0.50 (0.43 - 0.57),17065,751,16314
276.4,Acid-base balance disorder,endocrine/metabolic,3,#A52A2A,VFD,3.369207158516057e-73,3.37e-73,yes,2.2855,2.09,2.4999,2.29 (2.09 - 2.50),17065,751,16314
276.4,Acid-base balance disorder,endocrine/metabolic,3,#A52A2A,VFI,3.2759788535085524e-5,3.28e-05,no,0.7908,0.7074,0.8828,0.79 (0.71 - 0.88),17065,751,16314
276.41,Acidosis,endocrine/metabolic,3,#A52A2A,SFD,7.015019709487341e-98,7.02e-98,yes,2.3902,2.2033,2.5927,2.39 (2.20 - 2.59),16940,626,16314
276.41,Acidosis,endocrine/metabolic,3,#A52A2A,SFI,3.4388945354877155e-16,3.44e-16,yes,0.5155,0.4392,0.6038,0.52 (0.44 - 0.60),16940,626,16314
276.41,Acidosis,endocrine/metabolic,3,#A52A2A,VFD,1.728407732270943e-59,1.73e-59,yes,2.25,2.0406,2.4812,2.25 (2.04 - 2.48),16940,626,16314
276.41,Acidosis,endocrine/metabolic,3,#A52A2A,VFI,0.0010105403932817757,0.00101,no,0.8167,0.7232,0.9207,0.82 (0.72 - 0.92),16940,626,16314
276.5,Hypovolemia,endocrine/metabolic,3,#A52A2A,SFD,4.524857247510849e-68,4.52e-68,yes,1.6931,1.5956,1.7962,1.69 (1.60 - 1.80),17683,1369,16314
276.5,Hypovolemia,endocrine/metabolic,3,#A52A2A,SFI,1.964758133321843e-4,0.000196,no,0.8146,0.7308,0.9069,0.81 (0.73 - 0.91),17683,1369,16314
276.5,Hypovolemia,endocrine/metabolic,3,#A52A2A,VFD,1.1600752512754476e-53,1.16e-53,yes,1.707,1.5949,1.8271,1.71 (1.59 - 1.83),17683,1369,16314
276.5,Hypovolemia,endocrine/metabolic,3,#A52A2A,VFI,2.2228243961067559e-7,2.22e-07,yes,0.7913,0.7239,0.8642,0.79 (0.72 - 0.86),17683,1369,16314
276.6,Fluid overload,endocrine/metabolic,3,#A52A2A,SFD,4.90725626491922e-152,4.91e-152,yes,3.5788,3.2561,3.939,3.58 (3.26 - 3.94),16756,442,16314
276.6,Fluid overload,endocrine/metabolic,3,#A52A2A,SFI,1.4010973499264859e-31,1.4e-31,yes,0.3233,0.2671,0.3901,0.32 (0.27 - 0.39),16756,442,16314
276.6,Fluid overload,endocrine/metabolic,3,#A52A2A,VFD,6.3071157102146595e-121,6.31e-121,yes,3.9692,3.5389,4.4594,3.97 (3.54 - 4.46),16756,442,16314
276.6,Fluid overload,endocrine/metabolic,3,#A52A2A,VFI,1.925000990189789e-9,1.93e-09,yes,0.6416,0.5544,0.7407,0.64 (0.55 - 0.74),16756,442,16314
277,Other disorders of metabolism,endocrine/metabolic,3,#A52A2A,SFD,6.759585395755124e-9,6.76e-09,yes,1.4082,1.2518,1.578,1.41 (1.25 - 1.58),21909,276,21633
277,Other disorders of metabolism,endocrine/metabolic,3,#A52A2A,SFI,0.013917784010265001,0.0139,no,0.7654,0.6174,0.9451,0.77 (0.62 - 0.95),21909,276,21633
277,Other disorders of metabolism,endocrine/metabolic,3,#A52A2A,VFD,1.9573197038867535e-4,0.000196,no,1.2937,1.1287,1.4801,1.29 (1.13 - 1.48),21909,276,21633
277,Other disorders of metabolism,endocrine/metabolic,3,#A52A2A,VFI,0.4769211677477753,0.477,no,0.9386,0.7865,1.1154,0.94 (0.79 - 1.12),21909,276,21633
277.4,Disorders of bilirubin excretion,endocrine/metabolic,3,#A52A2A,SFD,3.184564047479842e-32,3.18e-32,yes,1.9531,1.7458,2.1803,1.95 (1.75 - 2.18),21870,237,21633
277.4,Disorders of bilirubin excretion,endocrine/metabolic,3,#A52A2A,SFI,1.1419074589344257e-7,1.14e-07,yes,0.5281,0.4162,0.6672,0.53 (0.42 - 0.67),21870,237,21633
277.4,Disorders of bilirubin excretion,endocrine/metabolic,3,#A52A2A,VFD,4.5525461715270306e-32,4.55e-32,yes,2.2858,1.9918,2.6226,2.29 (1.99 - 2.62),21870,237,21633
277.4,Disorders of bilirubin excretion,endocrine/metabolic,3,#A52A2A,VFI,3.6176365332522515e-5,3.62e-05,no,0.6505,0.529,0.7957,0.65 (0.53 - 0.80),21870,237,21633
278,"Overweight, obesity and other hyperalimentation",endocrine/metabolic,3,#A52A2A,SFD,9.026952936885179e-26,9.03e-26,yes,1.344,1.2716,1.4201,1.34 (1.27 - 1.42),21740,3575,18165
278,"Overweight, obesity and other hyperalimentation",endocrine/metabolic,3,#A52A2A,SFI,2.293996318076112e-28,2.29e-28,yes,1.4138,1.3297,1.5036,1.41 (1.33 - 1.50),21740,3575,18165
278,"Overweight, obesity and other hyperalimentation",endocrine/metabolic,3,#A52A2A,VFD,3.2519516492844915e-9,3.25e-09,yes,1.174,1.1132,1.238,1.17 (1.11 - 1.24),21740,3575,18165
278,"Overweight, obesity and other hyperalimentation",endocrine/metabolic,3,#A52A2A,VFI,7.33413908271177e-17,7.33e-17,yes,1.2502,1.1863,1.3176,1.25 (1.19 - 1.32),21740,3575,18165
278.1,Obesity,endocrine/metabolic,3,#A52A2A,SFD,2.56834692836092e-31,2.57e-31,yes,1.4771,1.3829,1.577,1.48 (1.38 - 1.58),21001,2836,18165
278.1,Obesity,endocrine/metabolic,3,#A52A2A,SFI,2.3264258870055512e-32,2.33e-32,yes,1.5054,1.407,1.6111,1.51 (1.41 - 1.61),21001,2836,18165
278.1,Obesity,endocrine/metabolic,3,#A52A2A,VFD,1.760491170896511e-9,1.76e-09,yes,1.2131,1.1391,1.2918,1.21 (1.14 - 1.29),21001,2836,18165
278.1,Obesity,endocrine/metabolic,3,#A52A2A,VFI,1.999341834573564e-18,2e-18,yes,1.2986,1.225,1.377,1.30 (1.22 - 1.38),21001,2836,18165
278.11,Morbid obesity,endocrine/metabolic,3,#A52A2A,SFD,5.2169602977015945e-45,5.22e-45,yes,1.9056,1.7412,2.0838,1.91 (1.74 - 2.08),19484,1319,18165
278.11,Morbid obesity,endocrine/metabolic,3,#A52A2A,SFI,8.056121174537833e-25,8.06e-25,yes,1.6025,1.4652,1.7537,1.60 (1.47 - 1.75),19484,1319,18165
278.11,Morbid obesity,endocrine/metabolic,3,#A52A2A,VFD,5.817682468090508e-19,5.82e-19,yes,1.5077,1.3771,1.6503,1.51 (1.38 - 1.65),19484,1319,18165
278.11,Morbid obesity,endocrine/metabolic,3,#A52A2A,VFI,3.676231966677562e-10,3.68e-10,yes,1.2929,1.1933,1.4014,1.29 (1.19 - 1.40),19484,1319,18165
279,Disorders involving the immune mechanism,endocrine/metabolic,3,#A52A2A,SFD,1.509756325285238e-6,1.51e-06,yes,1.2161,1.1221,1.316,1.22 (1.12 - 1.32),22270,677,21593
279,Disorders involving the immune mechanism,endocrine/metabolic,3,#A52A2A,SFI,0.18491688063812844,0.185,no,0.9123,0.7956,1.0437,0.91 (0.80 - 1.04),22270,677,21593
279,Disorders involving the immune mechanism,endocrine/metabolic,3,#A52A2A,VFD,0.0012514981299378335,0.00125,no,1.1569,1.0586,1.2636,1.16 (1.06 - 1.26),22270,677,21593
279,Disorders involving the immune mechanism,endocrine/metabolic,3,#A52A2A,VFI,1.1278778342642665e-5,1.13e-05,yes,1.2874,1.1492,1.4399,1.29 (1.15 - 1.44),22270,677,21593
279.1,Immunity deficiency,endocrine/metabolic,3,#A52A2A,SFD,6.06421779405549e-5,6.06e-05,no,1.2345,1.1124,1.3666,1.23 (1.11 - 1.37),21997,404,21593
279.1,Immunity deficiency,endocrine/metabolic,3,#A52A2A,SFI,0.22969581185845084,0.23,no,0.8989,0.754,1.0677,0.90 (0.75 - 1.07),21997,404,21593
279.1,Immunity deficiency,endocrine/metabolic,3,#A52A2A,VFD,1.9580600371863418e-4,0.000196,no,1.241,1.107,1.3895,1.24 (1.11 - 1.39),21997,404,21593
279.1,Immunity deficiency,endocrine/metabolic,3,#A52A2A,VFI,0.020079332480360517,0.0201,no,1.192,1.0265,1.3804,1.19 (1.03 - 1.38),21997,404,21593
279.7,Other immunological findings,endocrine/metabolic,3,#A52A2A,SFD,0.015440880451572228,0.0154,no,1.171,1.0283,1.3275,1.17 (1.03 - 1.33),21862,269,21593
279.7,Other immunological findings,endocrine/metabolic,3,#A52A2A,SFI,0.05134326618900506,0.0513,no,0.8027,0.6423,0.9993,0.80 (0.64 - 1.00),21862,269,21593
279.7,Other immunological findings,endocrine/metabolic,3,#A52A2A,VFD,0.1748579733435035,0.175,no,1.1036,0.9565,1.2715,1.10 (0.96 - 1.27),21862,269,21593
279.7,Other immunological findings,endocrine/metabolic,3,#A52A2A,VFI,0.15630432958175208,0.156,no,1.1327,0.9514,1.343,1.13 (0.95 - 1.34),21862,269,21593
280,Iron deficiency anemias,hematopoietic,4,#FF7F00,SFD,2.024129045771104e-93,2.02e-93,yes,1.8126,1.7124,1.9186,1.81 (1.71 - 1.92),17412,1625,15787
280,Iron deficiency anemias,hematopoietic,4,#FF7F00,SFI,2.4248373531090622e-12,2.42e-12,yes,0.705,0.639,0.777,0.70 (0.64 - 0.78),17412,1625,15787
280,Iron deficiency anemias,hematopoietic,4,#FF7F00,VFD,9.535030556129078e-86,9.54e-86,yes,1.8769,1.7626,1.9989,1.88 (1.76 - 2.00),17412,1625,15787
280,Iron deficiency anemias,hematopoietic,4,#FF7F00,VFI,2.5652309652187326e-20,2.57e-20,yes,0.6813,0.6278,0.7388,0.68 (0.63 - 0.74),17412,1625,15787
280.1,"Iron deficiency anemias, unspecified or not due to blood loss",hematopoietic,4,#FF7F00,SFD,1.0007550911135169e-65,1e-65,yes,1.7578,1.6477,1.8748,1.76 (1.65 - 1.87),17026,1239,15787
280.1,"Iron deficiency anemias, unspecified or not due to blood loss",hematopoietic,4,#FF7F00,SFI,2.2738613646632034e-7,2.27e-07,yes,0.7477,0.6694,0.8343,0.75 (0.67 - 0.83),17026,1239,15787
280.1,"Iron deficiency anemias, unspecified or not due to blood loss",hematopoietic,4,#FF7F00,VFD,1.6161614257036385e-61,1.62e-61,yes,1.826,1.7004,1.9611,1.83 (1.70 - 1.96),17026,1239,15787
280.1,"Iron deficiency anemias, unspecified or not due to blood loss",hematopoietic,4,#FF7F00,VFI,6.132185236624468e-17,6.13e-17,yes,0.6744,0.6145,0.7392,0.67 (0.61 - 0.74),17026,1239,15787
280.2,Iron deficiency anemia secondary to blood loss (chronic),hematopoietic,4,#FF7F00,SFD,4.7940066961716764e-65,4.79e-65,yes,2.0487,1.8858,2.2244,2.05 (1.89 - 2.22),16392,605,15787
280.2,Iron deficiency anemia secondary to blood loss (chronic),hematopoietic,4,#FF7F00,SFI,4.72310026543322e-17,4.72e-17,yes,0.497,0.4217,0.5845,0.50 (0.42 - 0.58),16392,605,15787
280.2,Iron deficiency anemia secondary to blood loss (chronic),hematopoietic,4,#FF7F00,VFD,9.529705138272337e-51,9.53e-51,yes,2.1008,1.9063,2.3151,2.10 (1.91 - 2.32),16392,605,15787
280.2,Iron deficiency anemia secondary to blood loss (chronic),hematopoietic,4,#FF7F00,VFI,5.942233722862208e-9,5.94e-09,yes,0.6805,0.5971,0.7739,0.68 (0.60 - 0.77),16392,605,15787
281,Other deficiency anemia,hematopoietic,4,#FF7F00,SFD,6.792470457056872e-13,6.79e-13,yes,1.6113,1.4122,1.8325,1.61 (1.41 - 1.83),16039,252,15787
281,Other deficiency anemia,hematopoietic,4,#FF7F00,SFI,3.0289510847970224e-4,0.000303,no,0.6236,0.4816,0.8038,0.62 (0.48 - 0.80),16039,252,15787
281,Other deficiency anemia,hematopoietic,4,#FF7F00,VFD,4.153038567538598e-11,4.15e-11,yes,1.6514,1.422,1.9158,1.65 (1.42 - 1.92),16039,252,15787
281,Other deficiency anemia,hematopoietic,4,#FF7F00,VFI,0.5680309242683611,0.568,no,0.9475,0.7854,1.1377,0.95 (0.79 - 1.14),16039,252,15787
284,Aplastic anemia,hematopoietic,4,#FF7F00,SFD,1.924114987330316e-68,1.92e-68,yes,2.1223,1.9501,2.3087,2.12 (1.95 - 2.31),16367,580,15787
284,Aplastic anemia,hematopoietic,4,#FF7F00,SFI,1.5985013534088086e-12,1.6e-12,yes,0.553,0.4686,0.6509,0.55 (0.47 - 0.65),16367,580,15787
284,Aplastic anemia,hematopoietic,4,#FF7F00,VFD,3.0198081477283465e-60,3.02e-60,yes,2.292,2.0755,2.5316,2.29 (2.08 - 2.53),16367,580,15787
284,Aplastic anemia,hematopoietic,4,#FF7F00,VFI,1.8301500247445423e-5,1.83e-05,yes,0.7416,0.6461,0.8493,0.74 (0.65 - 0.85),16367,580,15787
284.1,Pancytopenia,hematopoietic,4,#FF7F00,SFD,5.849705316635043e-66,5.85e-66,yes,2.1077,1.935,2.2946,2.11 (1.94 - 2.29),16356,569,15787
284.1,Pancytopenia,hematopoietic,4,#FF7F00,SFI,1.2548596565817196e-11,1.25e-11,yes,0.5655,0.4788,0.666,0.57 (0.48 - 0.67),16356,569,15787
284.1,Pancytopenia,hematopoietic,4,#FF7F00,VFD,8.04389766839097e-58,8.04e-58,yes,2.27,2.0536,2.5096,2.27 (2.05 - 2.51),16356,569,15787
284.1,Pancytopenia,hematopoietic,4,#FF7F00,VFI,8.058995612990794e-5,8.06e-05,no,0.7588,0.6608,0.8694,0.76 (0.66 - 0.87),16356,569,15787
285,Other anemias,hematopoietic,4,#FF7F00,SFD,9.891159308411556e-216,9.89e-216,yes,1.9385,1.8601,2.0206,1.94 (1.86 - 2.02),19610,3823,15787
285,Other anemias,hematopoietic,4,#FF7F00,SFI,2.553460347844836e-41,2.55e-41,yes,0.6237,0.5821,0.6679,0.62 (0.58 - 0.67),19610,3823,15787
285,Other anemias,hematopoietic,4,#FF7F00,VFD,2.540276094893459e-192,2.54e-192,yes,1.95,1.8658,2.0385,1.95 (1.87 - 2.04),19610,3823,15787
285,Other anemias,hematopoietic,4,#FF7F00,VFI,2.671645274376848e-29,2.67e-29,yes,0.7296,0.6904,0.7707,0.73 (0.69 - 0.77),19610,3823,15787
285.1,Acute posthemorrhagic anemia,hematopoietic,4,#FF7F00,SFD,5.15313509316863e-105,5.15e-105,yes,2.1824,2.0343,2.3414,2.18 (2.03 - 2.34),16693,906,15787
285.1,Acute posthemorrhagic anemia,hematopoietic,4,#FF7F00,SFI,1.955645026790191e-21,1.96e-21,yes,0.5245,0.4587,0.5986,0.52 (0.46 - 0.60),16693,906,15787
285.1,Acute posthemorrhagic anemia,hematopoietic,4,#FF7F00,VFD,1.24981144427017e-86,1.25e-86,yes,2.2651,2.0887,2.4572,2.27 (2.09 - 2.46),16693,906,15787
285.1,Acute posthemorrhagic anemia,hematopoietic,4,#FF7F00,VFI,2.998417622958146e-15,3e-15,yes,0.6508,0.5845,0.7236,0.65 (0.58 - 0.72),16693,906,15787
285.2,Anemia of chronic disease,hematopoietic,4,#FF7F00,SFD,1.4778848373982874e-162,1.48e-162,yes,2.4476,2.295,2.6114,2.45 (2.29 - 2.61),16851,1064,15787
285.2,Anemia of chronic disease,hematopoietic,4,#FF7F00,SFI,2.0863039582025807e-40,2.09e-40,yes,0.4083,0.3576,0.4655,0.41 (0.36 - 0.47),16851,1064,15787
285.2,Anemia of chronic disease,hematopoietic,4,#FF7F00,VFD,7.53762016777621e-127,7.54e-127,yes,2.5312,2.3465,2.7317,2.53 (2.35 - 2.73),16851,1064,15787
285.2,Anemia of chronic disease,hematopoietic,4,#FF7F00,VFI,4.5295125831364416e-15,4.53e-15,yes,0.6683,0.6038,0.7387,0.67 (0.60 - 0.74),16851,1064,15787
285.21,Anemia in chronic kidney disease,hematopoietic,4,#FF7F00,SFD,1.3791734508623847e-81,1.38e-81,yes,2.9115,2.6097,3.249,2.91 (2.61 - 3.25),16092,305,15787
285.21,Anemia in chronic kidney disease,hematopoietic,4,#FF7F00,SFI,2.481708435699662e-21,2.48e-21,yes,0.3152,0.2478,0.3993,0.32 (0.25 - 0.40),16092,305,15787
285.21,Anemia in chronic kidney disease,hematopoietic,4,#FF7F00,VFD,1.5501001906788424e-49,1.55e-49,yes,2.7522,2.4072,3.1481,2.75 (2.41 - 3.15),16092,305,15787
285.21,Anemia in chronic kidney disease,hematopoietic,4,#FF7F00,VFI,0.028946821642046767,0.0289,no,0.8294,0.7001,0.9793,0.83 (0.70 - 0.98),16092,305,15787
285.22,Anemia in neoplastic disease,hematopoietic,4,#FF7F00,SFD,2.877102691565781e-61,2.88e-61,yes,2.245,2.0389,2.4706,2.24 (2.04 - 2.47),16205,418,15787
285.22,Anemia in neoplastic disease,hematopoietic,4,#FF7F00,SFI,1.0437827837236459e-11,1.04e-11,yes,0.483,0.391,0.5947,0.48 (0.39 - 0.59),16205,418,15787
285.22,Anemia in neoplastic disease,hematopoietic,4,#FF7F00,VFD,8.079942569068401e-53,8.08e-53,yes,2.494,2.2188,2.8045,2.49 (2.22 - 2.80),16205,418,15787
285.22,Anemia in neoplastic disease,hematopoietic,4,#FF7F00,VFI,1.0272324347647625e-8,1.03e-08,yes,0.6166,0.5217,0.7264,0.62 (0.52 - 0.73),16205,418,15787
286,Coagulation defects,hematopoietic,4,#FF7F00,SFD,3.307480717293903e-90,3.31e-90,yes,1.9972,1.8669,2.136,2.00 (1.87 - 2.14),19315,833,18482
286,Coagulation defects,hematopoietic,4,#FF7F00,SFI,5.197194944857215e-15,5.2e-15,yes,0.5985,0.5259,0.6802,0.60 (0.53 - 0.68),19315,833,18482
286,Coagulation defects,hematopoietic,4,#FF7F00,VFD,1.3292627827008793e-80,1.33e-80,yes,2.1743,2.0071,2.3557,2.17 (2.01 - 2.36),19315,833,18482
286,Coagulation defects,hematopoietic,4,#FF7F00,VFI,1.1697813317212042e-8,1.17e-08,yes,0.7324,0.6576,0.8145,0.73 (0.66 - 0.81),19315,833,18482
286.2,Encounter for long-term (current) use of anticoagulants,hematopoietic,4,#FF7F00,SFD,5.970660932043961e-53,5.97e-53,yes,1.6372,1.5368,1.7435,1.64 (1.54 - 1.74),19688,1206,18482
286.2,Encounter for long-term (current) use of anticoagulants,hematopoietic,4,#FF7F00,SFI,0.0010213725160147893,0.00102,no,0.8367,0.7519,0.9301,0.84 (0.75 - 0.93),19688,1206,18482
286.2,Encounter for long-term (current) use of anticoagulants,hematopoietic,4,#FF7F00,VFD,3.452019675591284e-39,3.45e-39,yes,1.6101,1.4992,1.729,1.61 (1.50 - 1.73),19688,1206,18482
286.2,Encounter for long-term (current) use of anticoagulants,hematopoietic,4,#FF7F00,VFI,1.3117102932015899e-6,1.31e-06,yes,0.8144,0.749,0.8846,0.81 (0.75 - 0.88),19688,1206,18482
286.7,Other and unspecified coagulation defects,hematopoietic,4,#FF7F00,SFD,8.378387476831076e-77,8.38e-77,yes,2.524,2.2881,2.783,2.52 (2.29 - 2.78),18817,335,18482
286.7,Other and unspecified coagulation defects,hematopoietic,4,#FF7F00,SFI,6.618205942759751e-18,6.62e-18,yes,0.4041,0.3283,0.4956,0.40 (0.33 - 0.50),18817,335,18482
286.7,Other and unspecified coagulation defects,hematopoietic,4,#FF7F00,VFD,3.3989129436301156e-71,3.4e-71,yes,3.0518,2.7006,3.4513,3.05 (2.70 - 3.45),18817,335,18482
286.7,Other and unspecified coagulation defects,hematopoietic,4,#FF7F00,VFI,4.808556386780708e-9,4.81e-09,yes,0.5954,0.4996,0.707,0.60 (0.50 - 0.71),18817,335,18482
287,Purpura and other hemorrhagic conditions,hematopoietic,4,#FF7F00,SFD,1.7020317503269013e-86,1.7e-86,yes,1.8017,1.699,1.9101,1.80 (1.70 - 1.91),19743,1261,18482
287,Purpura and other hemorrhagic conditions,hematopoietic,4,#FF7F00,SFI,2.5995499071686034e-16,2.6e-16,yes,0.6377,0.5723,0.7098,0.64 (0.57 - 0.71),19743,1261,18482
287,Purpura and other hemorrhagic conditions,hematopoietic,4,#FF7F00,VFD,8.41294200216316e-100,8.41e-100,yes,2.0749,1.9396,2.2199,2.07 (1.94 - 2.22),19743,1261,18482
287,Purpura and other hemorrhagic conditions,hematopoietic,4,#FF7F00,VFI,1.3293658333581047e-9,1.33e-09,yes,0.7638,0.6998,0.833,0.76 (0.70 - 0.83),19743,1261,18482
287.3,Thrombocytopenia,hematopoietic,4,#FF7F00,SFD,3.43645632155925e-86,3.44e-86,yes,1.8213,1.7155,1.9332,1.82 (1.72 - 1.93),19680,1198,18482
287.3,Thrombocytopenia,hematopoietic,4,#FF7F00,SFI,2.7873097982979777e-15,2.79e-15,yes,0.6417,0.5745,0.716,0.64 (0.57 - 0.72),19680,1198,18482
287.3,Thrombocytopenia,hematopoietic,4,#FF7F00,VFD,4.313171251662057e-99,4.31e-99,yes,2.1036,1.9635,2.254,2.10 (1.96 - 2.25),19680,1198,18482
287.3,Thrombocytopenia,hematopoietic,4,#FF7F00,VFI,9.583811214434076e-9,9.58e-09,yes,0.7704,0.7044,0.8418,0.77 (0.70 - 0.84),19680,1198,18482
287.31,Primary thrombocytopenia,hematopoietic,4,#FF7F00,SFD,4.736247592360938e-12,4.74e-12,yes,1.5992,1.3966,1.8229,1.60 (1.40 - 1.82),18713,231,18482
287.31,Primary thrombocytopenia,hematopoietic,4,#FF7F00,SFI,0.021966137312080577,0.022,no,0.7588,0.5979,0.9586,0.76 (0.60 - 0.96),18713,231,18482
287.31,Primary thrombocytopenia,hematopoietic,4,#FF7F00,VFD,1.8512406972040788e-14,1.85e-14,yes,1.7958,1.5447,2.0846,1.80 (1.54 - 2.08),18713,231,18482
287.31,Primary thrombocytopenia,hematopoietic,4,#FF7F00,VFI,0.1347090208134008,0.135,no,0.8665,0.7167,1.0433,0.87 (0.72 - 1.04),18713,231,18482
287.32,Secondary thrombocytopenia,hematopoietic,4,#FF7F00,SFD,3.6137558496995347e-28,3.61e-28,yes,1.9669,1.741,2.2157,1.97 (1.74 - 2.22),18719,237,18482
287.32,Secondary thrombocytopenia,hematopoietic,4,#FF7F00,SFI,5.143577511221447e-6,5.14e-06,yes,0.5643,0.4402,0.72,0.56 (0.44 - 0.72),18719,237,18482
287.32,Secondary thrombocytopenia,hematopoietic,4,#FF7F00,VFD,8.391114876444927e-31,8.39e-31,yes,2.3832,2.0559,2.7618,2.38 (2.06 - 2.76),18719,237,18482
287.32,Secondary thrombocytopenia,hematopoietic,4,#FF7F00,VFI,2.142289974210154e-5,2.14e-05,no,0.6436,0.5239,0.7867,0.64 (0.52 - 0.79),18719,237,18482
288,Diseases of white blood cells,hematopoietic,4,#FF7F00,SFD,4.539801953874757e-67,4.54e-67,yes,1.6332,1.5447,1.7263,1.63 (1.54 - 1.73),18059,1525,16534
288,Diseases of white blood cells,hematopoietic,4,#FF7F00,SFI,1.2659920939590666e-9,1.27e-09,yes,0.7432,0.675,0.8175,0.74 (0.67 - 0.82),18059,1525,16534
288,Diseases of white blood cells,hematopoietic,4,#FF7F00,VFD,8.706862619752585e-47,8.71e-47,yes,1.5771,1.482,1.6782,1.58 (1.48 - 1.68),18059,1525,16534
288,Diseases of white blood cells,hematopoietic,4,#FF7F00,VFI,0.0029497475070858403,0.00295,no,0.8883,0.8213,0.9601,0.89 (0.82 - 0.96),18059,1525,16534
288.1,Decreased white blood cell count,hematopoietic,4,#FF7F00,SFD,3.6999937752324713e-32,3.7e-32,yes,1.4871,1.3918,1.5879,1.49 (1.39 - 1.59),17536,1002,16534
288.1,Decreased white blood cell count,hematopoietic,4,#FF7F00,SFI,1.5155218920970638e-7,1.52e-07,yes,0.7154,0.6309,0.81,0.72 (0.63 - 0.81),17536,1002,16534
288.1,Decreased white blood cell count,hematopoietic,4,#FF7F00,VFD,1.0144473418239112e-29,1.01e-29,yes,1.5343,1.4246,1.6521,1.53 (1.42 - 1.65),17536,1002,16534
288.1,Decreased white blood cell count,hematopoietic,4,#FF7F00,VFI,0.0028422226502274003,0.00284,no,0.8559,0.7722,0.9474,0.86 (0.77 - 0.95),17536,1002,16534
288.11,Neutropenia,hematopoietic,4,#FF7F00,SFD,6.086072441934841e-26,6.09e-26,yes,1.4802,1.3754,1.5915,1.48 (1.38 - 1.59),17349,815,16534
288.11,Neutropenia,hematopoietic,4,#FF7F00,SFI,1.3883280364620336e-5,1.39e-05,yes,0.74,0.6454,0.8468,0.74 (0.65 - 0.85),17349,815,16534
288.11,Neutropenia,hematopoietic,4,#FF7F00,VFD,3.61048919324262e-23,3.61e-23,yes,1.5129,1.3938,1.6417,1.51 (1.39 - 1.64),17349,815,16534
288.11,Neutropenia,hematopoietic,4,#FF7F00,VFI,0.14455596247340016,0.145,no,0.9208,0.8236,1.0279,0.92 (0.82 - 1.03),17349,815,16534
288.2,Elevated white blood cell count,hematopoietic,4,#FF7F00,SFD,1.0633874027399093e-63,1.06e-63,yes,1.6463,1.5533,1.7444,1.65 (1.55 - 1.74),17903,1369,16534
288.2,Elevated white blood cell count,hematopoietic,4,#FF7F00,SFI,1.8612960398505946e-8,1.86e-08,yes,0.7495,0.6775,0.8283,0.75 (0.68 - 0.83),17903,1369,16534
288.2,Elevated white blood cell count,hematopoietic,4,#FF7F00,VFD,1.7909415016618002e-42,1.79e-42,yes,1.5744,1.475,1.6803,1.57 (1.48 - 1.68),17903,1369,16534
288.2,Elevated white blood cell count,hematopoietic,4,#FF7F00,VFI,0.007186981215024128,0.00719,no,0.8937,0.823,0.9696,0.89 (0.82 - 0.97),17903,1369,16534
289,Other diseases of blood and blood-forming organs,hematopoietic,4,#FF7F00,SFD,1.2998462701096689e-7,1.3e-07,yes,1.3126,1.185,1.4503,1.31 (1.18 - 1.45),16965,431,16534
289,Other diseases of blood and blood-forming organs,hematopoietic,4,#FF7F00,SFI,1.0584452689436097e-4,0.000106,no,0.6855,0.5656,0.8285,0.69 (0.57 - 0.83),16965,431,16534
289,Other diseases of blood and blood-forming organs,hematopoietic,4,#FF7F00,VFD,1.5760584614839142e-6,1.58e-06,yes,1.3157,1.1757,1.4709,1.32 (1.18 - 1.47),16965,431,16534
289,Other diseases of blood and blood-forming organs,hematopoietic,4,#FF7F00,VFI,0.12241757061678248,0.122,no,0.8899,0.7663,1.0303,0.89 (0.77 - 1.03),16965,431,16534
289.4,Lymphadenitis,hematopoietic,4,#FF7F00,SFD,2.0355116181147323e-27,2.04e-27,yes,1.3662,1.291,1.4451,1.37 (1.29 - 1.45),18048,1514,16534
289.4,Lymphadenitis,hematopoietic,4,#FF7F00,SFI,1.4712570637207784e-5,1.47e-05,yes,0.8067,0.7316,0.8886,0.81 (0.73 - 0.89),18048,1514,16534
289.4,Lymphadenitis,hematopoietic,4,#FF7F00,VFD,6.032456591704985e-29,6.03e-29,yes,1.4188,1.3342,1.5086,1.42 (1.33 - 1.51),18048,1514,16534
289.4,Lymphadenitis,hematopoietic,4,#FF7F00,VFI,1.6023933147000683e-4,0.00016,no,0.8557,0.7889,0.9275,0.86 (0.79 - 0.93),18048,1514,16534
289.5,Diseases of spleen,hematopoietic,4,#FF7F00,SFD,8.712068761032237e-19,8.71e-19,yes,1.6957,1.5059,1.9031,1.70 (1.51 - 1.90),16807,273,16534
289.5,Diseases of spleen,hematopoietic,4,#FF7F00,SFI,0.0012638195109032687,0.00126,no,0.6924,0.5524,0.8636,0.69 (0.55 - 0.86),16807,273,16534
289.5,Diseases of spleen,hematopoietic,4,#FF7F00,VFD,1.2940725314078915e-17,1.29e-17,yes,1.7863,1.5625,2.0392,1.79 (1.56 - 2.04),16807,273,16534
289.5,Diseases of spleen,hematopoietic,4,#FF7F00,VFI,0.19664475357326877,0.197,no,0.8849,0.7334,1.0631,0.88 (0.73 - 1.06),16807,273,16534
290,Delirium dementia and amnestic and other cognitive disorders,mental disorders,5,#FF00FF,SFD,1.2865658587938236e-39,1.29e-39,yes,1.6037,1.4946,1.7202,1.60 (1.49 - 1.72),20190,912,19278
290,Delirium dementia and amnestic and other cognitive disorders,mental disorders,5,#FF00FF,SFI,1.341048989532039e-6,1.34e-06,yes,0.7008,0.6062,0.8088,0.70 (0.61 - 0.81),20190,912,19278
290,Delirium dementia and amnestic and other cognitive disorders,mental disorders,5,#FF00FF,VFD,2.578744291099177e-20,2.58e-20,yes,1.4737,1.3572,1.6001,1.47 (1.36 - 1.60),20190,912,19278
290,Delirium dementia and amnestic and other cognitive disorders,mental disorders,5,#FF00FF,VFI,3.619936213112016e-5,3.62e-05,no,0.8086,0.7306,0.8938,0.81 (0.73 - 0.89),20190,912,19278
290.1,Dementias,mental disorders,5,#FF00FF,SFD,2.6048364516409013e-5,2.6e-05,no,1.2501,1.1258,1.3862,1.25 (1.13 - 1.39),19777,499,19278
290.1,Dementias,mental disorders,5,#FF00FF,SFI,0.21066839407522206,0.211,no,0.8756,0.7102,1.0766,0.88 (0.71 - 1.08),19777,499,19278
290.1,Dementias,mental disorders,5,#FF00FF,VFD,0.036881925653834864,0.0369,no,1.1338,1.0075,1.2756,1.13 (1.01 - 1.28),19777,499,19278
290.1,Dementias,mental disorders,5,#FF00FF,VFI,0.019357268362111095,0.0194,no,0.8499,0.7407,0.9729,0.85 (0.74 - 0.97),19777,499,19278
290.2,Delirium due to conditions classified elsewhere,mental disorders,5,#FF00FF,SFD,1.2627504112944706e-37,1.26e-37,yes,1.9361,1.7487,2.1405,1.94 (1.75 - 2.14),19601,323,19278
290.2,Delirium due to conditions classified elsewhere,mental disorders,5,#FF00FF,SFI,1.2095560866462962e-5,1.21e-05,yes,0.6171,0.4961,0.7644,0.62 (0.50 - 0.76),19601,323,19278
290.2,Delirium due to conditions classified elsewhere,mental disorders,5,#FF00FF,VFD,9.264877914154227e-22,9.26e-22,yes,1.8352,1.6205,2.0774,1.84 (1.62 - 2.08),19601,323,19278
290.2,Delirium due to conditions classified elsewhere,mental disorders,5,#FF00FF,VFI,0.0026442498651676194,0.00264,no,0.7739,0.6537,0.913,0.77 (0.65 - 0.91),19601,323,19278
291,Other specified nonpsychotic and/or transient mental disorders,mental disorders,5,#FF00FF,SFD,3.140991273868363e-39,3.14e-39,yes,1.7821,1.6335,1.9418,1.78 (1.63 - 1.94),19763,485,19278
291,Other specified nonpsychotic and/or transient mental disorders,mental disorders,5,#FF00FF,SFI,8.753201437104702e-12,8.75e-12,yes,0.5508,0.4635,0.6528,0.55 (0.46 - 0.65),19763,485,19278
291,Other specified nonpsychotic and/or transient mental disorders,mental disorders,5,#FF00FF,VFD,7.724952000015295e-23,7.72e-23,yes,1.682,1.516,1.8651,1.68 (1.52 - 1.87),19763,485,19278
291,Other specified nonpsychotic and/or transient mental disorders,mental disorders,5,#FF00FF,VFI,7.95852950943276e-5,7.96e-05,no,0.7609,0.6635,0.8705,0.76 (0.66 - 0.87),19763,485,19278
291.8,Alteration of consciousness,mental disorders,5,#FF00FF,SFD,7.361016657764321e-46,7.36e-46,yes,1.9485,1.7762,2.1351,1.95 (1.78 - 2.14),19689,411,19278
291.8,Alteration of consciousness,mental disorders,5,#FF00FF,SFI,1.6176165300589301e-12,1.62e-12,yes,0.5099,0.4223,0.6137,0.51 (0.42 - 0.61),19689,411,19278
291.8,Alteration of consciousness,mental disorders,5,#FF00FF,VFD,4.0338142091680938e-28,4.03e-28,yes,1.8758,1.6764,2.098,1.88 (1.68 - 2.10),19689,411,19278
291.8,Alteration of consciousness,mental disorders,5,#FF00FF,VFI,2.7372761984689347e-5,2.74e-05,no,0.7299,0.6291,0.8444,0.73 (0.63 - 0.84),19689,411,19278
292,Neurological disorders,mental disorders,5,#FF00FF,SFD,6.162107028462237e-76,6.16e-76,yes,1.6026,1.5241,1.6848,1.60 (1.52 - 1.68),21187,1909,19278
292,Neurological disorders,mental disorders,5,#FF00FF,SFI,4.66472287548446e-12,4.66e-12,yes,0.7272,0.6641,0.7956,0.73 (0.66 - 0.80),21187,1909,19278
292,Neurological disorders,mental disorders,5,#FF00FF,VFD,2.545938792096378e-50,2.55e-50,yes,1.5382,1.4536,1.6278,1.54 (1.45 - 1.63),21187,1909,19278
292,Neurological disorders,mental disorders,5,#FF00FF,VFI,9.886866391539415e-14,9.89e-14,yes,0.7668,0.7148,0.8221,0.77 (0.71 - 0.82),21187,1909,19278
292.1,Aphasia/speech disturbance,mental disorders,5,#FF00FF,SFD,1.2157850178005736e-9,1.22e-09,yes,1.4371,1.2764,1.6129,1.44 (1.28 - 1.61),19580,302,19278
292.1,Aphasia/speech disturbance,mental disorders,5,#FF00FF,SFI,0.2614838413186219,0.261,no,0.8886,0.7214,1.0896,0.89 (0.72 - 1.09),19580,302,19278
292.1,Aphasia/speech disturbance,mental disorders,5,#FF00FF,VFD,1.323470831736046e-4,0.000132,no,1.3034,1.1369,1.492,1.30 (1.14 - 1.49),19580,302,19278
292.1,Aphasia/speech disturbance,mental disorders,5,#FF00FF,VFI,3.1805600893973203e-4,0.000318,no,0.7399,0.627,0.8703,0.74 (0.63 - 0.87),19580,302,19278
292.3,Memory loss,mental disorders,5,#FF00FF,SFD,0.9138677608794284,0.914,no,0.9929,0.8717,1.1282,0.99 (0.87 - 1.13),19608,330,19278
292.3,Memory loss,mental disorders,5,#FF00FF,SFI,0.9437784574698886,0.944,no,1.0077,0.8134,1.2433,1.01 (0.81 - 1.24),19608,330,19278
292.3,Memory loss,mental disorders,5,#FF00FF,VFD,0.7540068980280664,0.754,no,0.9787,0.855,1.1188,0.98 (0.85 - 1.12),19608,330,19278
292.3,Memory loss,mental disorders,5,#FF00FF,VFI,0.5607434600646967,0.561,no,0.956,0.8202,1.111,0.96 (0.82 - 1.11),19608,330,19278
292.4,Altered mental status,mental disorders,5,#FF00FF,SFD,3.217119777526913e-91,3.22e-91,yes,1.8318,1.7275,1.9422,1.83 (1.73 - 1.94),20519,1241,19278
292.4,Altered mental status,mental disorders,5,#FF00FF,SFI,1.7465488653807792e-17,1.75e-17,yes,0.6149,0.5494,0.6874,0.61 (0.55 - 0.69),20519,1241,19278
292.4,Altered mental status,mental disorders,5,#FF00FF,VFD,3.4511002704847553e-66,3.45e-66,yes,1.8206,1.7004,1.9495,1.82 (1.70 - 1.95),20519,1241,19278
292.4,Altered mental status,mental disorders,5,#FF00FF,VFI,1.6339477982864724e-16,1.63e-16,yes,0.692,0.6337,0.7549,0.69 (0.63 - 0.75),20519,1241,19278
293,Symptoms involving head and neck,mental disorders,5,#FF00FF,SFD,0.23906931195755718,0.239,no,0.9458,0.8627,1.0381,0.95 (0.86 - 1.04),21989,584,21405
293,Symptoms involving head and neck,mental disorders,5,#FF00FF,SFI,0.4964386928452121,0.496,no,1.0489,0.9128,1.2022,1.05 (0.91 - 1.20),21989,584,21405
293,Symptoms involving head and neck,mental disorders,5,#FF00FF,VFD,0.006449360838227135,0.00645,no,0.8676,0.783,0.9606,0.87 (0.78 - 0.96),21989,584,21405
293,Symptoms involving head and neck,mental disorders,5,#FF00FF,VFI,0.583431953284274,0.583,no,1.0366,0.9106,1.1772,1.04 (0.91 - 1.18),21989,584,21405
293.1,"Swelling, mass, or lump in head and neck [Space-occupying lesion, intracranial NOS]",mental disorders,5,#FF00FF,SFD,0.595661543277515,0.596,no,1.0328,0.917,1.1627,1.03 (0.92 - 1.16),21725,320,21405
293.1,"Swelling, mass, or lump in head and neck [Space-occupying lesion, intracranial NOS]",mental disorders,5,#FF00FF,SFI,0.09906889494272876,0.0991,no,1.1712,0.9683,1.4096,1.17 (0.97 - 1.41),21725,320,21405
293.1,"Swelling, mass, or lump in head and neck [Space-occupying lesion, intracranial NOS]",mental disorders,5,#FF00FF,VFD,0.49931805278842545,0.499,no,0.9558,0.8378,1.089,0.96 (0.84 - 1.09),21725,320,21405
293.1,"Swelling, mass, or lump in head and neck [Space-occupying lesion, intracranial NOS]",mental disorders,5,#FF00FF,VFI,0.31730434292825554,0.317,no,1.0871,0.9212,1.2781,1.09 (0.92 - 1.28),21725,320,21405
295,Schizophrenia and other psychotic disorders,mental disorders,5,#FF00FF,SFD,9.873321807290795e-7,9.87e-07,yes,1.3586,1.1992,1.533,1.36 (1.20 - 1.53),15765,272,15493
295,Schizophrenia and other psychotic disorders,mental disorders,5,#FF00FF,SFI,0.7358089825908829,0.736,no,0.9653,0.7843,1.1818,0.97 (0.78 - 1.18),15765,272,15493
295,Schizophrenia and other psychotic disorders,mental disorders,5,#FF00FF,VFD,4.1695215530826614e-4,0.000417,no,1.2869,1.1177,1.4792,1.29 (1.12 - 1.48),15765,272,15493
295,Schizophrenia and other psychotic disorders,mental disorders,5,#FF00FF,VFI,0.02322810966217779,0.0232,no,0.8096,0.6732,0.9695,0.81 (0.67 - 0.97),15765,272,15493
296,Mood disorders,mental disorders,5,#FF00FF,SFD,6.21980792751667e-21,6.22e-21,yes,1.2444,1.1887,1.3024,1.24 (1.19 - 1.30),18296,2803,15493
296,Mood disorders,mental disorders,5,#FF00FF,SFI,0.9517771729196746,0.952,no,1.0021,0.9357,1.0729,1.00 (0.94 - 1.07),18296,2803,15493
296,Mood disorders,mental disorders,5,#FF00FF,VFD,9.344510837963337e-14,9.34e-14,yes,1.2025,1.1455,1.2623,1.20 (1.15 - 1.26),18296,2803,15493
296,Mood disorders,mental disorders,5,#FF00FF,VFI,0.017075128664199565,0.0171,no,0.9314,0.8785,0.9873,0.93 (0.88 - 0.99),18296,2803,15493
296.1,Bipolar,mental disorders,5,#FF00FF,SFD,3.3659978943711045e-9,3.37e-09,yes,1.3671,1.2305,1.5141,1.37 (1.23 - 1.51),15929,436,15493
296.1,Bipolar,mental disorders,5,#FF00FF,SFI,0.08391271044318563,0.0839,no,1.1419,0.981,1.3256,1.14 (0.98 - 1.33),15929,436,15493
296.1,Bipolar,mental disorders,5,#FF00FF,VFD,1.5470553206437964e-6,1.55e-06,yes,1.3205,1.1781,1.478,1.32 (1.18 - 1.48),15929,436,15493
296.1,Bipolar,mental disorders,5,#FF00FF,VFI,0.13840525092529854,0.138,no,0.8995,0.7808,1.0334,0.90 (0.78 - 1.03),15929,436,15493
296.2,Depression,mental disorders,5,#FF00FF,SFD,4.2954068410692214e-16,4.3e-16,yes,1.2214,1.1637,1.2815,1.22 (1.16 - 1.28),17957,2464,15493
296.2,Depression,mental disorders,5,#FF00FF,SFI,0.856599087035157,0.857,no,1.0067,0.9359,1.0824,1.01 (0.94 - 1.08),17957,2464,15493
296.2,Depression,mental disorders,5,#FF00FF,VFD,1.5223106242876755e-10,1.52e-10,yes,1.1824,1.1232,1.2445,1.18 (1.12 - 1.24),17957,2464,15493
296.2,Depression,mental disorders,5,#FF00FF,VFI,0.07722448921304012,0.0772,no,0.9461,0.8896,1.0059,0.95 (0.89 - 1.01),17957,2464,15493
296.22,Major depressive disorder,mental disorders,5,#FF00FF,SFD,7.899048841876424e-13,7.9e-13,yes,1.224,1.1578,1.2933,1.22 (1.16 - 1.29),17291,1798,15493
296.22,Major depressive disorder,mental disorders,5,#FF00FF,SFI,0.3078724928271387,0.308,no,1.044,0.9607,1.1338,1.04 (0.96 - 1.13),17291,1798,15493
296.22,Major depressive disorder,mental disorders,5,#FF00FF,VFD,2.2891902835323797e-10,2.29e-10,yes,1.2095,1.1404,1.2827,1.21 (1.14 - 1.28),17291,1798,15493
296.22,Major depressive disorder,mental disorders,5,#FF00FF,VFI,0.06875662978272927,0.0688,no,0.937,0.8734,1.0047,0.94 (0.87 - 1.00),17291,1798,15493
300,Anxiety disorders,mental disorders,5,#FF00FF,SFD,3.578886736239277e-16,3.58e-16,yes,1.2114,1.1566,1.2683,1.21 (1.16 - 1.27),18280,2787,15493
300,Anxiety disorders,mental disorders,5,#FF00FF,SFI,0.2742208309730196,0.274,no,0.9616,0.8961,1.0313,0.96 (0.90 - 1.03),18280,2787,15493
300,Anxiety disorders,mental disorders,5,#FF00FF,VFD,2.326227853702315e-11,2.33e-11,yes,1.1807,1.1245,1.2396,1.18 (1.12 - 1.24),18280,2787,15493
300,Anxiety disorders,mental disorders,5,#FF00FF,VFI,0.025385774417077574,0.0254,no,0.9334,0.8785,0.9913,0.93 (0.88 - 0.99),18280,2787,15493
300.1,Anxiety disorder,mental disorders,5,#FF00FF,SFD,4.662275403514268e-14,4.66e-14,yes,1.2041,1.1472,1.2635,1.20 (1.15 - 1.26),17978,2485,15493
300.1,Anxiety disorder,mental disorders,5,#FF00FF,SFI,0.4584530972177568,0.458,no,0.9723,0.9024,1.0471,0.97 (0.90 - 1.05),17978,2485,15493
300.1,Anxiety disorder,mental disorders,5,#FF00FF,VFD,1.354807140651533e-9,1.35e-09,yes,1.1713,1.1129,1.2327,1.17 (1.11 - 1.23),17978,2485,15493
300.1,Anxiety disorder,mental disorders,5,#FF00FF,VFI,0.04591355862542222,0.0459,no,0.9372,0.8791,0.9986,0.94 (0.88 - 1.00),17978,2485,15493
300.11,Generalized anxiety disorder,mental disorders,5,#FF00FF,SFD,0.23656665073662067,0.237,no,1.0566,0.9637,1.1562,1.06 (0.96 - 1.16),16178,685,15493
300.11,Generalized anxiety disorder,mental disorders,5,#FF00FF,SFI,0.8029963126970034,0.803,no,0.9828,0.857,1.1252,0.98 (0.86 - 1.13),16178,685,15493
300.11,Generalized anxiety disorder,mental disorders,5,#FF00FF,VFD,0.800858336417484,0.801,no,1.0121,0.9213,1.1113,1.01 (0.92 - 1.11),16178,685,15493
300.11,Generalized anxiety disorder,mental disorders,5,#FF00FF,VFI,0.6142248259769076,0.614,no,1.0292,0.9196,1.1499,1.03 (0.92 - 1.15),16178,685,15493
304,Adjustment reaction,mental disorders,5,#FF00FF,SFD,1.5859224609607124e-17,1.59e-17,yes,1.4211,1.3097,1.5396,1.42 (1.31 - 1.54),16089,596,15493
304,Adjustment reaction,mental disorders,5,#FF00FF,SFI,5.955592611175134e-4,0.000596,no,0.7563,0.6441,0.886,0.76 (0.64 - 0.89),16089,596,15493
304,Adjustment reaction,mental disorders,5,#FF00FF,VFD,4.430499994836285e-12,4.43e-12,yes,1.3923,1.2674,1.5287,1.39 (1.27 - 1.53),16089,596,15493
304,Adjustment reaction,mental disorders,5,#FF00FF,VFI,0.05002350372385932,0.05,no,0.8775,0.769,0.9988,0.88 (0.77 - 1.00),16089,596,15493
306,Other mental disorder,mental disorders,5,#FF00FF,SFD,1.4325204899699612e-4,0.000143,no,1.171,1.0785,1.2691,1.17 (1.08 - 1.27),16289,796,15493
306,Other mental disorder,mental disorders,5,#FF00FF,SFI,0.1228592567165023,0.123,no,0.9051,0.7968,1.0265,0.91 (0.80 - 1.03),16289,796,15493
306,Other mental disorder,mental disorders,5,#FF00FF,VFD,5.5184945096320694e-5,5.52e-05,no,1.191,1.0936,1.2962,1.19 (1.09 - 1.30),16289,796,15493
306,Other mental disorder,mental disorders,5,#FF00FF,VFI,0.9950875425777941,0.995,no,0.9997,0.9005,1.1081,1.00 (0.90 - 1.11),16289,796,15493
316,Substance addiction and disorders,mental disorders,5,#FF00FF,SFD,1.4603103409943786e-22,1.46e-22,yes,1.4414,1.3388,1.5503,1.44 (1.34 - 1.55),17332,864,16468
316,Substance addiction and disorders,mental disorders,5,#FF00FF,SFI,0.026309735665236544,0.0263,no,0.8769,0.7804,0.984,0.88 (0.78 - 0.98),17332,864,16468
316,Substance addiction and disorders,mental disorders,5,#FF00FF,VFD,3.792480175630722e-27,3.79e-27,yes,1.561,1.4395,1.6923,1.56 (1.44 - 1.69),17332,864,16468
316,Substance addiction and disorders,mental disorders,5,#FF00FF,VFI,9.323230717029201e-7,9.32e-07,yes,0.76,0.6806,0.8475,0.76 (0.68 - 0.85),17332,864,16468
317,Alcohol-related disorders,mental disorders,5,#FF00FF,SFD,9.270146326829408e-51,9.27e-51,yes,1.7216,1.603,1.8478,1.72 (1.60 - 1.85),17329,861,16468
317,Alcohol-related disorders,mental disorders,5,#FF00FF,SFI,6.224841711994879e-9,6.22e-09,yes,0.7046,0.6256,0.7923,0.70 (0.63 - 0.79),17329,861,16468
317,Alcohol-related disorders,mental disorders,5,#FF00FF,VFD,1.2950688352809118e-58,1.3e-58,yes,1.912,1.7673,2.0687,1.91 (1.77 - 2.07),17329,861,16468
317,Alcohol-related disorders,mental disorders,5,#FF00FF,VFI,0.18968120689767506,0.19,no,0.9331,0.8409,1.0343,0.93 (0.84 - 1.03),17329,861,16468
317.1,Alcoholism,mental disorders,5,#FF00FF,SFD,7.957017846921631e-51,7.96e-51,yes,1.7798,1.65,1.9185,1.78 (1.65 - 1.92),17202,734,16468
317.1,Alcoholism,mental disorders,5,#FF00FF,SFI,6.010720834613929e-9,6.01e-09,yes,0.6852,0.6027,0.7776,0.69 (0.60 - 0.78),17202,734,16468
317.1,Alcoholism,mental disorders,5,#FF00FF,VFD,5.186391535142582e-62,5.19e-62,yes,2.0427,1.8777,2.2225,2.04 (1.88 - 2.22),17202,734,16468
317.1,Alcoholism,mental disorders,5,#FF00FF,VFI,0.029037023934942927,0.029,no,0.8818,0.7871,0.9866,0.88 (0.79 - 0.99),17202,734,16468
317.11,Alcoholic liver damage,mental disorders,5,#FF00FF,SFD,2.8742606101049165e-73,2.87e-73,yes,2.4743,2.2425,2.7288,2.47 (2.24 - 2.73),16821,353,16468
317.11,Alcoholic liver damage,mental disorders,5,#FF00FF,SFI,1.955942785669691e-13,1.96e-13,yes,0.506,0.4213,0.6058,0.51 (0.42 - 0.61),16821,353,16468
317.11,Alcoholic liver damage,mental disorders,5,#FF00FF,VFD,2.758653506162188e-85,2.76e-85,yes,3.2474,2.888,3.6569,3.25 (2.89 - 3.66),16821,353,16468
317.11,Alcoholic liver damage,mental disorders,5,#FF00FF,VFI,9.766438747311961e-5,9.77e-05,no,0.7338,0.6272,0.8564,0.73 (0.63 - 0.86),16821,353,16468
318,Tobacco use disorder,mental disorders,5,#FF00FF,SFD,3.1999707607171565e-54,3.2e-54,yes,1.4042,1.3451,1.4657,1.40 (1.35 - 1.47),19721,3253,16468
318,Tobacco use disorder,mental disorders,5,#FF00FF,SFI,8.15463661169932e-7,8.15e-07,yes,0.8469,0.7926,0.9045,0.85 (0.79 - 0.90),19721,3253,16468
318,Tobacco use disorder,mental disorders,5,#FF00FF,VFD,6.859223297325949e-56,6.86e-56,yes,1.4519,1.3861,1.5209,1.45 (1.39 - 1.52),19721,3253,16468
318,Tobacco use disorder,mental disorders,5,#FF00FF,VFI,3.7991038200297753e-8,3.8e-08,yes,0.8572,0.8113,0.9054,0.86 (0.81 - 0.91),19721,3253,16468
327,Sleep disorders,neurological,6,#00008B,SFD,2.1989704357133996e-6,2.2e-06,yes,1.1323,1.0753,1.1917,1.13 (1.08 - 1.19),20218,1990,18228
327,Sleep disorders,neurological,6,#00008B,SFI,0.008284139835680403,0.00828,no,0.8947,0.8234,0.9714,0.89 (0.82 - 0.97),20218,1990,18228
327,Sleep disorders,neurological,6,#00008B,VFD,0.0011751551283680792,0.00118,no,1.095,1.0365,1.1567,1.10 (1.04 - 1.16),20218,1990,18228
327,Sleep disorders,neurological,6,#00008B,VFI,0.5887052596290879,0.589,no,1.0187,0.9523,1.0892,1.02 (0.95 - 1.09),20218,1990,18228
327.1,Hypersomnia,neurological,6,#00008B,SFD,0.2947611751249716,0.295,no,0.9173,0.7816,1.0763,0.92 (0.78 - 1.08),18511,283,18228
327.1,Hypersomnia,neurological,6,#00008B,SFI,0.4452603726739002,0.445,no,1.0736,0.8935,1.2869,1.07 (0.89 - 1.29),18511,283,18228
327.1,Hypersomnia,neurological,6,#00008B,VFD,0.22447298078852632,0.224,no,0.9087,0.7775,1.059,0.91 (0.78 - 1.06),18511,283,18228
327.1,Hypersomnia,neurological,6,#00008B,VFI,8.569772781048728e-4,0.000857,no,1.2867,1.1085,1.4911,1.29 (1.11 - 1.49),18511,283,18228
327.3,Sleep apnea,neurological,6,#00008B,SFD,1.6063874869541033e-4,0.000161,no,1.1216,1.0564,1.1901,1.12 (1.06 - 1.19),20168,1940,18228
327.3,Sleep apnea,neurological,6,#00008B,SFI,0.014307160035803939,0.0143,no,1.095,1.0182,1.1773,1.09 (1.02 - 1.18),20168,1940,18228
327.3,Sleep apnea,neurological,6,#00008B,VFD,0.29366752709132937,0.294,no,1.0328,0.9722,1.0968,1.03 (0.97 - 1.10),20168,1940,18228
327.3,Sleep apnea,neurological,6,#00008B,VFI,1.0351020705641105e-9,1.04e-09,yes,1.2094,1.1377,1.2855,1.21 (1.14 - 1.29),20168,1940,18228
327.32,Obstructive sleep apnea,neurological,6,#00008B,SFD,2.794846941227021e-5,2.79e-05,no,1.1435,1.0735,1.217,1.14 (1.07 - 1.22),19938,1710,18228
327.32,Obstructive sleep apnea,neurological,6,#00008B,SFI,0.04546687798546497,0.0455,no,1.0812,1.0014,1.1669,1.08 (1.00 - 1.17),19938,1710,18228
327.32,Obstructive sleep apnea,neurological,6,#00008B,VFD,0.11146222419705323,0.111,no,1.0531,0.9879,1.1221,1.05 (0.99 - 1.12),19938,1710,18228
327.32,Obstructive sleep apnea,neurological,6,#00008B,VFI,8.26539202561041e-8,8.27e-08,yes,1.1925,1.1181,1.2717,1.19 (1.12 - 1.27),19938,1710,18228
327.4,Insomnia,neurological,6,#00008B,SFD,0.001365215470128306,0.00137,no,1.1042,1.0388,1.1728,1.10 (1.04 - 1.17),19581,1353,18228
327.4,Insomnia,neurological,6,#00008B,SFI,0.017323087920739534,0.0173,no,0.8826,0.7959,0.9777,0.88 (0.80 - 0.98),19581,1353,18228
327.4,Insomnia,neurological,6,#00008B,VFD,0.04895352762050706,0.049,no,1.0677,1.0001,1.1394,1.07 (1.00 - 1.14),19581,1353,18228
327.4,Insomnia,neurological,6,#00008B,VFI,0.693552559660106,0.694,no,0.9835,0.9049,1.0681,0.98 (0.90 - 1.07),19581,1353,18228
333,Extrapyramidal disease and abnormal movement disorders,neurological,6,#00008B,SFD,0.08014901259245832,0.0801,no,1.1307,0.9832,1.2941,1.13 (0.98 - 1.29),19658,253,19405
333,Extrapyramidal disease and abnormal movement disorders,neurological,6,#00008B,SFI,0.16553093113111242,0.166,no,0.8475,0.6689,1.0676,0.85 (0.67 - 1.07),19658,253,19405
333,Extrapyramidal disease and abnormal movement disorders,neurological,6,#00008B,VFD,0.8304506394140186,0.83,no,1.0164,0.8755,1.1779,1.02 (0.88 - 1.18),19658,253,19405
333,Extrapyramidal disease and abnormal movement disorders,neurological,6,#00008B,VFI,0.8102636008796441,0.81,no,0.9782,0.8157,1.1684,0.98 (0.82 - 1.17),19658,253,19405
338,Pain,neurological,6,#00008B,SFD,1.1266093108441372e-22,1.13e-22,yes,1.2096,1.1644,1.2564,1.21 (1.16 - 1.26),21076,4242,16834
338,Pain,neurological,6,#00008B,SFI,0.4814253810824303,0.481,no,1.021,0.9634,1.0818,1.02 (0.96 - 1.08),21076,4242,16834
338,Pain,neurological,6,#00008B,VFD,1.3857017557301373e-11,1.39e-11,yes,1.1495,1.104,1.1969,1.15 (1.10 - 1.20),21076,4242,16834
338,Pain,neurological,6,#00008B,VFI,0.09717996899005064,0.0972,no,0.9588,0.9122,1.0076,0.96 (0.91 - 1.01),21076,4242,16834
338.1,Acute pain,neurological,6,#00008B,SFD,4.0269067564603816e-28,4.03e-28,yes,1.3164,1.2533,1.3823,1.32 (1.25 - 1.38),18958,2124,16834
338.1,Acute pain,neurological,6,#00008B,SFI,0.43331506191277286,0.433,no,0.9687,0.8944,1.0486,0.97 (0.89 - 1.05),18958,2124,16834
338.1,Acute pain,neurological,6,#00008B,VFD,1.2461431550897293e-18,1.25e-18,yes,1.2718,1.2055,1.3417,1.27 (1.21 - 1.34),18958,2124,16834
338.1,Acute pain,neurological,6,#00008B,VFI,0.0029252779644998446,0.00293,no,0.8981,0.8365,0.9637,0.90 (0.84 - 0.96),18958,2124,16834
338.2,Chronic pain,neurological,6,#00008B,SFD,2.5839319954475784e-7,2.58e-07,yes,1.1327,1.0801,1.1876,1.13 (1.08 - 1.19),19423,2589,16834
338.2,Chronic pain,neurological,6,#00008B,SFI,0.05648561160683173,0.0565,no,1.071,0.9979,1.149,1.07 (1.00 - 1.15),19423,2589,16834
338.2,Chronic pain,neurological,6,#00008B,VFD,0.025991405367474896,0.026,no,1.0585,1.0068,1.1128,1.06 (1.01 - 1.11),19423,2589,16834
338.2,Chronic pain,neurological,6,#00008B,VFI,0.8956747849434602,0.896,no,1.004,0.9462,1.0648,1.00 (0.95 - 1.06),19423,2589,16834
339,Other headache syndromes,neurological,6,#00008B,SFD,0.4144026473672946,0.414,no,0.9714,0.9058,1.0413,0.97 (0.91 - 1.04),21220,1185,20035
339,Other headache syndromes,neurological,6,#00008B,SFI,0.0013327838565121166,0.00133,no,1.1749,1.0643,1.2959,1.17 (1.06 - 1.30),21220,1185,20035
339,Other headache syndromes,neurological,6,#00008B,VFD,1.103065104801884e-4,0.00011,no,0.8678,0.8075,0.9323,0.87 (0.81 - 0.93),21220,1185,20035
339,Other headache syndromes,neurological,6,#00008B,VFI,0.23585633568228645,0.236,no,1.0522,0.9669,1.144,1.05 (0.97 - 1.14),21220,1185,20035
340,Migraine,neurological,6,#00008B,SFD,0.4899778610071007,0.49,no,0.9724,0.898,1.0524,0.97 (0.90 - 1.05),20960,925,20035
340,Migraine,neurological,6,#00008B,SFI,7.797387553260231e-4,0.00078,no,1.2054,1.0803,1.3435,1.21 (1.08 - 1.34),20960,925,20035
340,Migraine,neurological,6,#00008B,VFD,0.17355537098218887,0.174,no,0.9452,0.8714,1.025,0.95 (0.87 - 1.03),20960,925,20035
340,Migraine,neurological,6,#00008B,VFI,0.8482666572076033,0.848,no,0.9903,0.8953,1.0938,0.99 (0.90 - 1.09),20960,925,20035
345,"Epilepsy, recurrent seizures, convulsions",neurological,6,#00008B,SFD,6.252890421574675e-15,6.25e-15,yes,1.3853,1.2754,1.5025,1.39 (1.28 - 1.50),20023,618,19405
345,"Epilepsy, recurrent seizures, convulsions",neurological,6,#00008B,SFI,0.8871265208396818,0.887,no,0.9899,0.8592,1.1375,0.99 (0.86 - 1.14),20023,618,19405
345,"Epilepsy, recurrent seizures, convulsions",neurological,6,#00008B,VFD,2.1639823853078766e-5,2.16e-05,no,1.2292,1.1172,1.3516,1.23 (1.12 - 1.35),20023,618,19405
345,"Epilepsy, recurrent seizures, convulsions",neurological,6,#00008B,VFI,0.07587586489501019,0.0759,no,0.8932,0.7877,1.0108,0.89 (0.79 - 1.01),20023,618,19405
345.1,Epilepsy,neurological,6,#00008B,SFD,0.00153654745270095,0.00154,no,1.2579,1.0888,1.4462,1.26 (1.09 - 1.45),19618,213,19405
345.1,Epilepsy,neurological,6,#00008B,SFI,0.1963035390585301,0.196,no,1.1617,0.9217,1.4521,1.16 (0.92 - 1.45),19618,213,19405
345.1,Epilepsy,neurological,6,#00008B,VFD,0.02217824112592434,0.0222,no,1.2064,1.0263,1.4156,1.21 (1.03 - 1.42),19618,213,19405
345.1,Epilepsy,neurological,6,#00008B,VFI,0.531232162741156,0.531,no,0.9347,0.7544,1.1513,0.93 (0.75 - 1.15),19618,213,19405
345.3,Convulsions,neurological,6,#00008B,SFD,4.142134943769912e-8,4.14e-08,yes,1.3461,1.2088,1.4949,1.35 (1.21 - 1.49),19768,363,19405
345.3,Convulsions,neurological,6,#00008B,SFI,0.36033939377994845,0.36,no,0.9174,0.761,1.1011,0.92 (0.76 - 1.10),19768,363,19405
345.3,Convulsions,neurological,6,#00008B,VFD,0.0016973966311994613,0.0017,no,1.2178,1.0762,1.3765,1.22 (1.08 - 1.38),19768,363,19405
345.3,Convulsions,neurological,6,#00008B,VFI,0.22688991600683187,0.227,no,0.9054,0.7693,1.062,0.91 (0.77 - 1.06),19768,363,19405
348,Other conditions of brain,neurological,6,#00008B,SFD,3.2893483290061763e-42,3.29e-42,yes,1.7292,1.5974,1.8703,1.73 (1.60 - 1.87),19987,582,19405
348,Other conditions of brain,neurological,6,#00008B,SFI,2.4729029640455698e-6,2.47e-06,yes,0.7036,0.6072,0.8135,0.70 (0.61 - 0.81),19987,582,19405
348,Other conditions of brain,neurological,6,#00008B,VFD,1.8157715215135934e-27,1.82e-27,yes,1.6862,1.5342,1.8527,1.69 (1.53 - 1.85),19987,582,19405
348,Other conditions of brain,neurological,6,#00008B,VFI,2.0850746435386415e-9,2.09e-09,yes,0.6831,0.6024,0.7731,0.68 (0.60 - 0.77),19987,582,19405
348.8,"Encephalopathy, not elsewhere classified",neurological,6,#00008B,SFD,3.3043004175932576e-41,3.3e-41,yes,1.8962,1.7264,2.0807,1.90 (1.73 - 2.08),19790,385,19405
348.8,"Encephalopathy, not elsewhere classified",neurological,6,#00008B,SFI,4.492270498532921e-9,4.49e-09,yes,0.5674,0.4688,0.6847,0.57 (0.47 - 0.68),19790,385,19405
348.8,"Encephalopathy, not elsewhere classified",neurological,6,#00008B,VFD,1.7198349315698578e-28,1.72e-28,yes,1.9082,1.7017,2.1393,1.91 (1.70 - 2.14),19790,385,19405
348.8,"Encephalopathy, not elsewhere classified",neurological,6,#00008B,VFI,5.630424503542647e-8,5.63e-08,yes,0.6557,0.5623,0.7625,0.66 (0.56 - 0.76),19790,385,19405
348.9,"Other conditions of brain, NOS",neurological,6,#00008B,SFD,4.053696620779406e-6,4.05e-06,yes,1.3154,1.1686,1.4755,1.32 (1.17 - 1.48),19704,299,19405
348.9,"Other conditions of brain, NOS",neurological,6,#00008B,SFI,0.07166671021922144,0.0717,no,0.8258,0.669,1.0145,0.83 (0.67 - 1.01),19704,299,19405
348.9,"Other conditions of brain, NOS",neurological,6,#00008B,VFD,3.598248247619875e-4,0.00036,no,1.2738,1.1145,1.454,1.27 (1.11 - 1.45),19704,299,19405
348.9,"Other conditions of brain, NOS",neurological,6,#00008B,VFI,7.306403889270346e-4,0.000731,no,0.7394,0.6195,0.8794,0.74 (0.62 - 0.88),19704,299,19405
350,Abnormal movement,neurological,6,#00008B,SFD,0.15271958534919242,0.153,no,1.0538,0.9804,1.1317,1.05 (0.98 - 1.13),22219,974,21245
350,Abnormal movement,neurological,6,#00008B,SFI,0.7569549720049097,0.757,no,1.0187,0.9052,1.145,1.02 (0.91 - 1.14),22219,974,21245
350,Abnormal movement,neurological,6,#00008B,VFD,0.1940999573948613,0.194,no,1.052,0.9743,1.1353,1.05 (0.97 - 1.14),22219,974,21245
350,Abnormal movement,neurological,6,#00008B,VFI,0.32141813068944325,0.321,no,0.9556,0.8731,1.0449,0.96 (0.87 - 1.04),22219,974,21245
350.1,Abnormal involuntary movements,neurological,6,#00008B,SFD,0.5689021771380423,0.569,no,1.0313,0.9271,1.1452,1.03 (0.93 - 1.15),21678,433,21245
350.1,Abnormal involuntary movements,neurological,6,#00008B,SFI,0.914177162451457,0.914,no,0.9907,0.8353,1.1715,0.99 (0.84 - 1.17),21678,433,21245
350.1,Abnormal involuntary movements,neurological,6,#00008B,VFD,0.7568500662616418,0.757,no,0.9823,0.8766,1.0993,0.98 (0.88 - 1.10),21678,433,21245
350.1,Abnormal involuntary movements,neurological,6,#00008B,VFI,0.8128868722195891,0.813,no,0.9838,0.8588,1.1246,0.98 (0.86 - 1.12),21678,433,21245
350.2,Abnormality of gait,neurological,6,#00008B,SFD,0.4563609175026846,0.456,no,1.0386,0.9392,1.1464,1.04 (0.94 - 1.15),21759,514,21245
350.2,Abnormality of gait,neurological,6,#00008B,SFI,0.49086910337589346,0.491,no,1.0594,0.898,1.2468,1.06 (0.90 - 1.25),21759,514,21245
350.2,Abnormality of gait,neurological,6,#00008B,VFD,0.3068773075833491,0.307,no,1.0567,0.9502,1.174,1.06 (0.95 - 1.17),21759,514,21245
350.2,Abnormality of gait,neurological,6,#00008B,VFI,0.48061167370919833,0.481,no,0.9579,0.8494,1.0786,0.96 (0.85 - 1.08),21759,514,21245
351,Other peripheral nerve disorders,neurological,6,#00008B,SFD,0.2848628471788963,0.285,no,0.9452,0.8527,1.0476,0.95 (0.85 - 1.05),21892,510,21382
351,Other peripheral nerve disorders,neurological,6,#00008B,SFI,0.3594959318251494,0.359,no,1.0717,0.9231,1.2411,1.07 (0.92 - 1.24),21892,510,21382
351,Other peripheral nerve disorders,neurological,6,#00008B,VFD,0.4493383031127584,0.449,no,0.9597,0.8623,1.0669,0.96 (0.86 - 1.07),21892,510,21382
351,Other peripheral nerve disorders,neurological,6,#00008B,VFI,0.9254729235003287,0.925,no,0.9941,0.8778,1.1236,0.99 (0.88 - 1.12),21892,510,21382
355.1,Chronic pain syndrome,neurological,6,#00008B,SFD,0.22350098050221084,0.224,no,1.085,0.9505,1.235,1.08 (0.95 - 1.23),21661,279,21382
355.1,Chronic pain syndrome,neurological,6,#00008B,SFI,0.19655981716746915,0.197,no,1.1357,0.9341,1.3745,1.14 (0.93 - 1.37),21661,279,21382
355.1,Chronic pain syndrome,neurological,6,#00008B,VFD,0.6210603098325431,0.621,no,0.9645,0.8354,1.1125,0.96 (0.84 - 1.11),21661,279,21382
355.1,Chronic pain syndrome,neurological,6,#00008B,VFI,0.6295651608387957,0.63,no,1.0421,0.8795,1.2299,1.04 (0.88 - 1.23),21661,279,21382
356,Hereditary and idiopathic peripheral neuropathy,neurological,6,#00008B,SFD,0.024160149516894183,0.0242,no,1.1647,1.0179,1.3265,1.16 (1.02 - 1.33),21778,243,21535
356,Hereditary and idiopathic peripheral neuropathy,neurological,6,#00008B,SFI,0.05371991991121841,0.0537,no,0.7943,0.6271,1.0011,0.79 (0.63 - 1.00),21778,243,21535
356,Hereditary and idiopathic peripheral neuropathy,neurological,6,#00008B,VFD,0.016172934204248295,0.0162,no,1.1952,1.0325,1.3808,1.20 (1.03 - 1.38),21778,243,21535
356,Hereditary and idiopathic peripheral neuropathy,neurological,6,#00008B,VFI,0.7210564285823486,0.721,no,0.9684,0.8102,1.1526,0.97 (0.81 - 1.15),21778,243,21535
357,Inflammatory and toxic neuropathy,neurological,6,#00008B,SFD,4.6907244077256977e-4,0.000469,no,1.1868,1.0767,1.3045,1.19 (1.08 - 1.30),22044,509,21535
357,Inflammatory and toxic neuropathy,neurological,6,#00008B,SFI,0.2783365754089426,0.278,no,0.9187,0.7872,1.0698,0.92 (0.79 - 1.07),22044,509,21535
357,Inflammatory and toxic neuropathy,neurological,6,#00008B,VFD,0.0085447633087056,0.00854,no,1.1488,1.0354,1.2732,1.15 (1.04 - 1.27),22044,509,21535
357,Inflammatory and toxic neuropathy,neurological,6,#00008B,VFI,0.710943112023281,0.711,no,0.9776,0.8667,1.1009,0.98 (0.87 - 1.10),22044,509,21535
362,Other retinal disorders,sense organs,7,#698B69,SFD,0.7015067985513486,0.702,no,1.0172,0.9317,1.1092,1.02 (0.93 - 1.11),21717,642,21075
362,Other retinal disorders,sense organs,7,#698B69,SFI,0.4339344685029034,0.434,no,1.0605,0.9145,1.2272,1.06 (0.91 - 1.23),21717,642,21075
362,Other retinal disorders,sense organs,7,#698B69,VFD,0.6361652625582137,0.636,no,0.9778,0.8904,1.0728,0.98 (0.89 - 1.07),21717,642,21075
362,Other retinal disorders,sense organs,7,#698B69,VFI,0.4564822369997833,0.456,no,1.0423,0.934,1.1614,1.04 (0.93 - 1.16),21717,642,21075
362.2,Degeneration of macula and posterior pole of retina,sense organs,7,#698B69,SFD,0.006966280230151097,0.00697,no,0.8625,0.7755,0.9605,0.86 (0.78 - 0.96),21514,439,21075
362.2,Degeneration of macula and posterior pole of retina,sense organs,7,#698B69,SFI,0.041993336760849244,0.042,no,1.2103,1.0054,1.4525,1.21 (1.01 - 1.45),21514,439,21075
362.2,Degeneration of macula and posterior pole of retina,sense organs,7,#698B69,VFD,0.005710130220108213,0.00571,no,0.8508,0.7583,0.9536,0.85 (0.76 - 0.95),21514,439,21075
362.2,Degeneration of macula and posterior pole of retina,sense organs,7,#698B69,VFI,0.07950659102070685,0.0795,no,1.1215,0.9856,1.2735,1.12 (0.99 - 1.27),21514,439,21075
365,Glaucoma,sense organs,7,#698B69,SFD,0.006939108820048184,0.00694,no,0.8768,0.7979,0.9651,0.88 (0.80 - 0.97),21777,525,21252
365,Glaucoma,sense organs,7,#698B69,SFI,0.19609054560555966,0.196,no,1.1148,0.9442,1.3125,1.11 (0.94 - 1.31),21777,525,21252
365,Glaucoma,sense organs,7,#698B69,VFD,0.0027699475559919856,0.00277,no,0.8525,0.7675,0.946,0.85 (0.77 - 0.95),21777,525,21252
365,Glaucoma,sense organs,7,#698B69,VFI,0.12907582428143796,0.129,no,1.097,0.9725,1.2353,1.10 (0.97 - 1.24),21777,525,21252
366,Cataract,sense organs,7,#698B69,SFD,0.028353437797557283,0.0284,no,0.9282,0.8683,0.992,0.93 (0.87 - 0.99),22441,1226,21215
366,Cataract,sense organs,7,#698B69,SFI,0.5171173849863617,0.517,no,1.0372,0.9282,1.1578,1.04 (0.93 - 1.16),22441,1226,21215
366,Cataract,sense organs,7,#698B69,VFD,0.021974708684541544,0.022,no,0.9209,0.858,0.9879,0.92 (0.86 - 0.99),22441,1226,21215
366,Cataract,sense organs,7,#698B69,VFI,0.1812827023932447,0.181,no,1.0559,0.9746,1.1433,1.06 (0.97 - 1.14),22441,1226,21215
366.2,Senile cataract,sense organs,7,#698B69,SFD,3.9393697892056343e-4,0.000394,no,0.8506,0.7784,0.9307,0.85 (0.78 - 0.93),21871,656,21215
366.2,Senile cataract,sense organs,7,#698B69,SFI,0.19545282927689667,0.195,no,1.098,0.9522,1.2638,1.10 (0.95 - 1.26),21871,656,21215
366.2,Senile cataract,sense organs,7,#698B69,VFD,5.5933169144057906e-5,5.59e-05,no,0.8212,0.7458,0.9034,0.82 (0.75 - 0.90),21871,656,21215
366.2,Senile cataract,sense organs,7,#698B69,VFI,0.03210953064962227,0.0321,no,1.1213,1.0092,1.2442,1.12 (1.01 - 1.24),21871,656,21215
367,Disorders of refraction and accommodation; blindness and low vision,sense organs,7,#698B69,SFD,0.06747483454137455,0.0675,no,0.9243,0.8499,1.0057,0.92 (0.85 - 1.01),22543,705,21838
367,Disorders of refraction and accommodation; blindness and low vision,sense organs,7,#698B69,SFI,0.5652797953010547,0.565,no,0.961,0.8382,1.0996,0.96 (0.84 - 1.10),22543,705,21838
367,Disorders of refraction and accommodation; blindness and low vision,sense organs,7,#698B69,VFD,0.05493093083738572,0.0549,no,0.9161,0.8375,1.0015,0.92 (0.84 - 1.00),22543,705,21838
367,Disorders of refraction and accommodation; blindness and low vision,sense organs,7,#698B69,VFI,0.44576651280410434,0.446,no,1.043,0.9353,1.1612,1.04 (0.94 - 1.16),22543,705,21838
367.1,Myopia,sense organs,7,#698B69,SFD,0.45871643218398644,0.459,no,0.946,0.8185,1.0945,0.95 (0.82 - 1.09),22071,233,21838
367.1,Myopia,sense organs,7,#698B69,SFI,0.41045239607277295,0.41,no,0.9069,0.7163,1.1406,0.91 (0.72 - 1.14),22071,233,21838
367.1,Myopia,sense organs,7,#698B69,VFD,0.4545825774521354,0.455,no,1.0593,0.9098,1.2305,1.06 (0.91 - 1.23),22071,233,21838
367.1,Myopia,sense organs,7,#698B69,VFI,0.08379968027457167,0.0838,no,0.8304,0.6705,1.022,0.83 (0.67 - 1.02),22071,233,21838
367.2,Astigmatism,sense organs,7,#698B69,SFD,0.1338585901053988,0.134,no,0.8961,0.7789,1.0343,0.90 (0.78 - 1.03),22088,250,21838
367.2,Astigmatism,sense organs,7,#698B69,SFI,0.8964083534217903,0.896,no,0.9852,0.7844,1.2303,0.99 (0.78 - 1.23),22088,250,21838
367.2,Astigmatism,sense organs,7,#698B69,VFD,0.5506488394198228,0.551,no,0.9558,0.8228,1.1074,0.96 (0.82 - 1.11),22088,250,21838
367.2,Astigmatism,sense organs,7,#698B69,VFI,0.5894265576930843,0.589,no,0.9518,0.7935,1.1364,0.95 (0.79 - 1.14),22088,250,21838
368,Visual disturbances,sense organs,7,#698B69,SFD,0.5014940148704671,0.501,no,0.9685,0.8824,1.0628,0.97 (0.88 - 1.06),22293,585,21708
368,Visual disturbances,sense organs,7,#698B69,SFI,0.1256933525490909,0.126,no,1.1158,0.9687,1.2822,1.12 (0.97 - 1.28),22293,585,21708
368,Visual disturbances,sense organs,7,#698B69,VFD,0.19616033491129242,0.196,no,0.9369,0.8486,1.0338,0.94 (0.85 - 1.03),22293,585,21708
368,Visual disturbances,sense organs,7,#698B69,VFI,0.7192988198498969,0.719,no,0.9783,0.8671,1.1016,0.98 (0.87 - 1.10),22293,585,21708
369,Infection of the eye,sense organs,7,#698B69,SFD,0.34855283905581197,0.349,no,0.9289,0.7974,1.0821,0.93 (0.80 - 1.08),21818,230,21588
369,Infection of the eye,sense organs,7,#698B69,SFI,0.0342407552309364,0.0342,no,1.2658,1.0145,1.5692,1.27 (1.01 - 1.57),21818,230,21588
369,Infection of the eye,sense organs,7,#698B69,VFD,0.24213738995079181,0.242,no,0.9101,0.7766,1.0646,0.91 (0.78 - 1.06),21818,230,21588
369,Infection of the eye,sense organs,7,#698B69,VFI,0.6869040223283277,0.687,no,0.9617,0.7934,1.1597,0.96 (0.79 - 1.16),21818,230,21588
371,Inflammation of the eye,sense organs,7,#698B69,SFD,0.0017906144345640452,0.00179,no,0.8447,0.7613,0.9403,0.84 (0.76 - 0.94),22026,438,21588
371,Inflammation of the eye,sense organs,7,#698B69,SFI,0.244607719839917,0.245,no,1.1071,0.9313,1.312,1.11 (0.93 - 1.31),22026,438,21588
371,Inflammation of the eye,sense organs,7,#698B69,VFD,0.011569438093206508,0.0116,no,0.8638,0.7708,0.9674,0.86 (0.77 - 0.97),22026,438,21588
371,Inflammation of the eye,sense organs,7,#698B69,VFI,0.6219183980989882,0.622,no,0.9661,0.8414,1.1065,0.97 (0.84 - 1.11),22026,438,21588
371.3,Inflammation of eyelids,sense organs,7,#698B69,SFD,3.615570951173151e-4,0.000362,no,0.8013,0.7122,0.9077,0.80 (0.71 - 0.91),21909,321,21588
371.3,Inflammation of eyelids,sense organs,7,#698B69,SFI,0.06233330577179608,0.0623,no,1.2098,0.988,1.4745,1.21 (0.99 - 1.47),21909,321,21588
371.3,Inflammation of eyelids,sense organs,7,#698B69,VFD,0.00783763689794958,0.00784,no,0.8356,0.7319,0.9535,0.84 (0.73 - 0.95),21909,321,21588
371.3,Inflammation of eyelids,sense organs,7,#698B69,VFI,0.5803146536728051,0.58,no,0.9565,0.8157,1.1179,0.96 (0.82 - 1.12),21909,321,21588
374,Other disorders of eyelids,sense organs,7,#698B69,SFD,0.005711424582813717,0.00571,no,0.8321,0.7333,0.9498,0.83 (0.73 - 0.95),21878,290,21588
374,Other disorders of eyelids,sense organs,7,#698B69,SFI,0.9156133957651784,0.916,no,0.9885,0.7964,1.2217,0.99 (0.80 - 1.22),21878,290,21588
374,Other disorders of eyelids,sense organs,7,#698B69,VFD,3.37317040096625e-4,0.000337,no,0.7743,0.6733,0.8902,0.77 (0.67 - 0.89),21878,290,21588
374,Other disorders of eyelids,sense organs,7,#698B69,VFI,0.20679935386360748,0.207,no,1.1082,0.9431,1.2975,1.11 (0.94 - 1.30),21878,290,21588
375.1,Dry eyes,sense organs,7,#698B69,SFD,0.005569182942407562,0.00557,no,0.8351,0.738,0.9504,0.84 (0.74 - 0.95),21627,287,21340
375.1,Dry eyes,sense organs,7,#698B69,SFI,0.3524442334086133,0.352,no,1.1101,0.8886,1.3798,1.11 (0.89 - 1.38),21627,287,21340
375.1,Dry eyes,sense organs,7,#698B69,VFD,7.412119167612687e-4,0.000741,no,0.7861,0.6835,0.9037,0.79 (0.68 - 0.90),21627,287,21340
375.1,Dry eyes,sense organs,7,#698B69,VFI,0.3430170609089664,0.343,no,1.0844,0.9152,1.2793,1.08 (0.92 - 1.28),21627,287,21340
379,Other disorders of eye,sense organs,7,#698B69,SFD,0.11315205485892664,0.113,no,0.9244,0.8389,1.0185,0.92 (0.84 - 1.02),21888,548,21340
379,Other disorders of eye,sense organs,7,#698B69,SFI,0.09540369220064365,0.0954,no,1.1384,0.9763,1.324,1.14 (0.98 - 1.32),21888,548,21340
379,Other disorders of eye,sense organs,7,#698B69,VFD,0.32332966339012176,0.323,no,0.9502,0.8581,1.051,0.95 (0.86 - 1.05),21888,548,21340
379,Other disorders of eye,sense organs,7,#698B69,VFI,0.7207336397989331,0.721,no,1.0218,0.9071,1.1488,1.02 (0.91 - 1.15),21888,548,21340
379.2,Disorders of vitreous body,sense organs,7,#698B69,SFD,0.002665120488510134,0.00267,no,0.8475,0.7623,0.9453,0.85 (0.76 - 0.95),21761,421,21340
379.2,Disorders of vitreous body,sense organs,7,#698B69,SFI,0.022970564482895306,0.023,no,1.2247,1.0267,1.456,1.22 (1.03 - 1.46),21761,421,21340
379.2,Disorders of vitreous body,sense organs,7,#698B69,VFD,0.044615844197261195,0.0446,no,0.8872,0.7889,0.9964,0.89 (0.79 - 1.00),21761,421,21340
379.2,Disorders of vitreous body,sense organs,7,#698B69,VFI,0.9243769151273534,0.924,no,1.0065,0.8791,1.1497,1.01 (0.88 - 1.15),21761,421,21340
380.4,Impacted cerumen,sense organs,7,#698B69,SFD,0.12249020525507462,0.122,no,0.9086,0.8059,1.0263,0.91 (0.81 - 1.03),22531,326,22205
380.4,Impacted cerumen,sense organs,7,#698B69,SFI,0.15838144105245122,0.158,no,1.159,0.9423,1.4197,1.16 (0.94 - 1.42),22531,326,22205
380.4,Impacted cerumen,sense organs,7,#698B69,VFD,0.03675144594337474,0.0368,no,0.869,0.7613,0.9907,0.87 (0.76 - 0.99),22531,326,22205
380.4,Impacted cerumen,sense organs,7,#698B69,VFI,0.26026234514428537,0.26,no,1.0908,0.9363,1.267,1.09 (0.94 - 1.27),22531,326,22205
381,Otitis media and Eustachian tube disorders,sense organs,7,#698B69,SFD,0.05853794306496329,0.0585,no,0.8809,0.7759,1.0066,0.88 (0.78 - 1.01),22406,293,22113
381,Otitis media and Eustachian tube disorders,sense organs,7,#698B69,SFI,0.4913322813373119,0.491,no,1.0686,0.883,1.2883,1.07 (0.88 - 1.29),22406,293,22113
381,Otitis media and Eustachian tube disorders,sense organs,7,#698B69,VFD,0.05546208889016491,0.0555,no,0.8717,0.7577,1.003,0.87 (0.76 - 1.00),22406,293,22113
381,Otitis media and Eustachian tube disorders,sense organs,7,#698B69,VFI,0.8535353617488488,0.854,no,0.9846,0.8333,1.159,0.98 (0.83 - 1.16),22406,293,22113
382,Otalgia,sense organs,7,#698B69,SFD,0.017493432894271882,0.0175,no,0.8204,0.7033,0.9705,0.82 (0.70 - 0.97),22316,203,22113
382,Otalgia,sense organs,7,#698B69,SFI,0.24038581368416254,0.24,no,1.1463,0.91,1.4353,1.15 (0.91 - 1.44),22316,203,22113
382,Otalgia,sense organs,7,#698B69,VFD,7.749028342343116e-4,0.000775,no,0.7447,0.6276,0.8849,0.74 (0.63 - 0.88),22316,203,22113
382,Otalgia,sense organs,7,#698B69,VFI,0.404850304152623,0.405,no,1.0849,0.8932,1.3106,1.08 (0.89 - 1.31),22316,203,22113
386,Vertiginous syndromes and other disorders of vestibular system,sense organs,7,#698B69,SFD,0.009608312301095075,0.00961,no,0.8306,0.7252,0.9575,0.83 (0.73 - 0.96),20728,277,20451
386,Vertiginous syndromes and other disorders of vestibular system,sense organs,7,#698B69,SFI,0.4655996940037099,0.466,no,0.9219,0.7396,1.1448,0.92 (0.74 - 1.14),20728,277,20451
386,Vertiginous syndromes and other disorders of vestibular system,sense organs,7,#698B69,VFD,9.99314136505414e-4,0.000999,no,0.7833,0.6776,0.9059,0.78 (0.68 - 0.91),20728,277,20451
386,Vertiginous syndromes and other disorders of vestibular system,sense organs,7,#698B69,VFI,0.08397062827774471,0.084,no,1.148,0.98,1.3404,1.15 (0.98 - 1.34),20728,277,20451
386.2,Peripheral or central vertigo,sense organs,7,#698B69,SFD,0.07944284994351174,0.0794,no,0.8656,0.7386,1.0155,0.87 (0.74 - 1.02),20684,233,20451
386.2,Peripheral or central vertigo,sense organs,7,#698B69,SFI,0.1634515362683846,0.163,no,0.8432,0.6621,1.0693,0.84 (0.66 - 1.07),20684,233,20451
386.2,Peripheral or central vertigo,sense organs,7,#698B69,VFD,0.040860747279519355,0.0409,no,0.8442,0.7163,0.9911,0.84 (0.72 - 0.99),20684,233,20451
386.2,Peripheral or central vertigo,sense organs,7,#698B69,VFI,0.7780604549786976,0.778,no,1.0253,0.86,1.2173,1.03 (0.86 - 1.22),20684,233,20451
386.9,Dizziness and giddiness (Light-headedness and vertigo),sense organs,7,#698B69,SFD,0.36420061005570936,0.364,no,0.9724,0.9153,1.0328,0.97 (0.92 - 1.03),21940,1489,20451
386.9,Dizziness and giddiness (Light-headedness and vertigo),sense organs,7,#698B69,SFI,0.016820672373943992,0.0168,no,1.1167,1.0197,1.222,1.12 (1.02 - 1.22),21940,1489,20451
386.9,Dizziness and giddiness (Light-headedness and vertigo),sense organs,7,#698B69,VFD,0.13859061433136596,0.139,no,0.9529,0.8939,1.0156,0.95 (0.89 - 1.02),21940,1489,20451
386.9,Dizziness and giddiness (Light-headedness and vertigo),sense organs,7,#698B69,VFI,0.7075345321856725,0.708,no,0.9858,0.9146,1.0619,0.99 (0.91 - 1.06),21940,1489,20451
389,Hearing loss,sense organs,7,#698B69,SFD,0.07421737860035256,0.0742,no,0.9376,0.8738,1.0063,0.94 (0.87 - 1.01),22333,973,21360
389,Hearing loss,sense organs,7,#698B69,SFI,0.8551821667142034,0.855,no,1.0114,0.8948,1.1417,1.01 (0.89 - 1.14),22333,973,21360
389,Hearing loss,sense organs,7,#698B69,VFD,0.010776913346387414,0.0108,no,0.9046,0.8373,0.9768,0.90 (0.84 - 0.98),22333,973,21360
389,Hearing loss,sense organs,7,#698B69,VFI,0.714038687461187,0.714,no,1.0172,0.928,1.1139,1.02 (0.93 - 1.11),22333,973,21360
389.1,Sensorineural hearing loss,sense organs,7,#698B69,SFD,0.018930831765555003,0.0189,no,0.8888,0.8064,0.9813,0.89 (0.81 - 0.98),21841,481,21360
389.1,Sensorineural hearing loss,sense organs,7,#698B69,SFI,0.7603224542866234,0.76,no,1.0276,0.8614,1.2226,1.03 (0.86 - 1.22),21841,481,21360
389.1,Sensorineural hearing loss,sense organs,7,#698B69,VFD,0.0019992366861459935,0.002,no,0.8421,0.7548,0.9386,0.84 (0.75 - 0.94),21841,481,21360
389.1,Sensorineural hearing loss,sense organs,7,#698B69,VFI,0.4287219073783389,0.429,no,1.0524,0.9264,1.1932,1.05 (0.93 - 1.19),21841,481,21360
389.4,Tinnitus,sense organs,7,#698B69,SFD,0.03143398056804016,0.0314,no,0.8501,0.7386,0.9897,0.85 (0.74 - 0.99),21570,210,21360
389.4,Tinnitus,sense organs,7,#698B69,SFI,0.03644306602363219,0.0364,no,0.7686,0.5994,0.9813,0.77 (0.60 - 0.98),21570,210,21360
389.4,Tinnitus,sense organs,7,#698B69,VFD,0.0038689245851579587,0.00387,no,0.7842,0.6656,0.9247,0.78 (0.67 - 0.92),21570,210,21360
389.4,Tinnitus,sense organs,7,#698B69,VFI,0.5927837466510307,0.593,no,1.0522,0.8712,1.2648,1.05 (0.87 - 1.26),21570,210,21360
394,Rheumatic disease of the heart valves,circulatory system,8,#FF0000,SFD,4.2642199859662395e-18,4.26e-18,yes,1.5769,1.421,1.7461,1.58 (1.42 - 1.75),20567,338,20229
394,Rheumatic disease of the heart valves,circulatory system,8,#FF0000,SFI,4.844476895339246e-9,4.84e-09,yes,0.519,0.416,0.6455,0.52 (0.42 - 0.65),20567,338,20229
394,Rheumatic disease of the heart valves,circulatory system,8,#FF0000,VFD,2.9645491095374638e-12,2.96e-12,yes,1.5472,1.3681,1.7482,1.55 (1.37 - 1.75),20567,338,20229
394,Rheumatic disease of the heart valves,circulatory system,8,#FF0000,VFI,4.345004878584317e-5,4.35e-05,no,0.719,0.6129,0.841,0.72 (0.61 - 0.84),20567,338,20229
395,Heart valve disorders,circulatory system,8,#FF0000,SFD,1.2700109407648205e-15,1.27e-15,yes,1.3418,1.2479,1.4414,1.34 (1.25 - 1.44),21069,840,20229
395,Heart valve disorders,circulatory system,8,#FF0000,SFI,2.683295235534208e-6,2.68e-06,yes,0.7163,0.6227,0.8228,0.72 (0.62 - 0.82),21069,840,20229
395,Heart valve disorders,circulatory system,8,#FF0000,VFD,2.1654037085120218e-11,2.17e-11,yes,1.3186,1.2158,1.4296,1.32 (1.22 - 1.43),21069,840,20229
395,Heart valve disorders,circulatory system,8,#FF0000,VFI,0.0032507293350656817,0.00325,no,0.8614,0.7794,0.9508,0.86 (0.78 - 0.95),21069,840,20229
395.1,Nonrheumatic mitral valve disorders,circulatory system,8,#FF0000,SFD,1.1124956516189894e-6,1.11e-06,yes,1.2925,1.1641,1.4312,1.29 (1.16 - 1.43),20594,365,20229
395.1,Nonrheumatic mitral valve disorders,circulatory system,8,#FF0000,SFI,0.0019338938728405944,0.00193,no,0.7052,0.5645,0.8779,0.71 (0.56 - 0.88),20594,365,20229
395.1,Nonrheumatic mitral valve disorders,circulatory system,8,#FF0000,VFD,1.6939203396650052e-5,1.69e-05,yes,1.2952,1.1507,1.4566,1.30 (1.15 - 1.46),20594,365,20229
395.1,Nonrheumatic mitral valve disorders,circulatory system,8,#FF0000,VFI,0.00529247972262153,0.00529,no,0.7957,0.6764,0.9327,0.80 (0.68 - 0.93),20594,365,20229
395.2,Nonrheumatic aortic valve disorders,circulatory system,8,#FF0000,SFD,1.0452882773216461e-8,1.05e-08,yes,1.3572,1.2208,1.5049,1.36 (1.22 - 1.50),20620,391,20229
395.2,Nonrheumatic aortic valve disorders,circulatory system,8,#FF0000,SFI,0.001107490428811034,0.00111,no,0.7167,0.5859,0.8742,0.72 (0.59 - 0.87),20620,391,20229
395.2,Nonrheumatic aortic valve disorders,circulatory system,8,#FF0000,VFD,2.0014029203105287e-6,2e-06,yes,1.3301,1.182,1.4955,1.33 (1.18 - 1.50),20620,391,20229
395.2,Nonrheumatic aortic valve disorders,circulatory system,8,#FF0000,VFI,0.48419228239998197,0.484,no,0.9525,0.8301,1.0904,0.95 (0.83 - 1.09),20620,391,20229
395.6,Heart valve replaced,circulatory system,8,#FF0000,SFD,1.3703959817795387e-9,1.37e-09,yes,1.5125,1.3199,1.7254,1.51 (1.32 - 1.73),20443,214,20229
395.6,Heart valve replaced,circulatory system,8,#FF0000,SFI,2.0939656135272614e-4,0.000209,no,0.613,0.472,0.7917,0.61 (0.47 - 0.79),20443,214,20229
395.6,Heart valve replaced,circulatory system,8,#FF0000,VFD,5.3748349344023174e-6,5.37e-06,yes,1.4349,1.2269,1.6747,1.43 (1.23 - 1.67),20443,214,20229
395.6,Heart valve replaced,circulatory system,8,#FF0000,VFI,0.09872692158615677,0.0987,no,0.8552,0.7088,1.0277,0.86 (0.71 - 1.03),20443,214,20229
396,Abnormal heart sounds,circulatory system,8,#FF0000,SFD,2.751586241977967e-5,2.75e-05,no,1.3162,1.1546,1.4929,1.32 (1.15 - 1.49),20484,255,20229
396,Abnormal heart sounds,circulatory system,8,#FF0000,SFI,0.19044105000553352,0.19,no,0.8601,0.6848,1.0752,0.86 (0.68 - 1.08),20484,255,20229
396,Abnormal heart sounds,circulatory system,8,#FF0000,VFD,3.134710023275018e-5,3.13e-05,no,1.3518,1.1717,1.5563,1.35 (1.17 - 1.56),20484,255,20229
396,Abnormal heart sounds,circulatory system,8,#FF0000,VFI,0.22670192318305663,0.227,no,0.898,0.7528,1.067,0.90 (0.75 - 1.07),20484,255,20229
401,Hypertension,circulatory system,8,#FF0000,SFD,9.406425277402754e-26,9.41e-26,yes,1.2266,1.1808,1.2744,1.23 (1.18 - 1.27),20682,7681,13001
401,Hypertension,circulatory system,8,#FF0000,SFI,0.3126606520193595,0.313,no,1.0292,0.9732,1.0883,1.03 (0.97 - 1.09),20682,7681,13001
401,Hypertension,circulatory system,8,#FF0000,VFD,0.005898761336789827,0.0059,no,1.0564,1.0159,1.0984,1.06 (1.02 - 1.10),20682,7681,13001
401,Hypertension,circulatory system,8,#FF0000,VFI,3.0200594551148433e-25,3.02e-25,yes,1.281,1.2225,1.3424,1.28 (1.22 - 1.34),20682,7681,13001
401.1,Essential hypertension,circulatory system,8,#FF0000,SFD,5.7528651259630115e-19,5.75e-19,yes,1.1939,1.1483,1.2415,1.19 (1.15 - 1.24),20223,7222,13001
401.1,Essential hypertension,circulatory system,8,#FF0000,SFI,0.09951350264207941,0.0995,no,1.0489,0.9909,1.1102,1.05 (0.99 - 1.11),20223,7222,13001
401.1,Essential hypertension,circulatory system,8,#FF0000,VFD,0.12419019170363886,0.124,no,1.0318,0.9914,1.0739,1.03 (0.99 - 1.07),20223,7222,13001
401.1,Essential hypertension,circulatory system,8,#FF0000,VFI,7.019842148629132e-26,7.02e-26,yes,1.291,1.2311,1.3541,1.29 (1.23 - 1.35),20223,7222,13001
401.2,Hypertensive heart and/or renal disease,circulatory system,8,#FF0000,SFD,2.3063542183099364e-55,2.31e-55,yes,1.7263,1.6124,1.8484,1.73 (1.61 - 1.85),14163,1162,13001
401.2,Hypertensive heart and/or renal disease,circulatory system,8,#FF0000,SFI,1.351124718120874e-5,1.35e-05,yes,0.7656,0.6783,0.8629,0.77 (0.68 - 0.86),14163,1162,13001
401.2,Hypertensive heart and/or renal disease,circulatory system,8,#FF0000,VFD,2.574981645654736e-22,2.57e-22,yes,1.4676,1.3583,1.5857,1.47 (1.36 - 1.59),14163,1162,13001
401.2,Hypertensive heart and/or renal disease,circulatory system,8,#FF0000,VFI,0.0031843861315387265,0.00318,no,1.1439,1.046,1.2507,1.14 (1.05 - 1.25),14163,1162,13001
401.21,Hypertensive heart disease,circulatory system,8,#FF0000,SFD,1.7137485875419635e-10,1.71e-10,yes,1.5872,1.3748,1.8261,1.59 (1.37 - 1.83),13232,231,13001
401.21,Hypertensive heart disease,circulatory system,8,#FF0000,SFI,0.0164302812922343,0.0164,no,0.7344,0.5693,0.9428,0.73 (0.57 - 0.94),13232,231,13001
401.21,Hypertensive heart disease,circulatory system,8,#FF0000,VFD,1.7005741123162322e-5,1.7e-05,yes,1.4414,1.2195,1.7018,1.44 (1.22 - 1.70),13232,231,13001
401.21,Hypertensive heart disease,circulatory system,8,#FF0000,VFI,0.9114011553436264,0.911,no,0.9898,0.8245,1.1841,0.99 (0.82 - 1.18),13232,231,13001
401.22,Hypertensive chronic kidney disease,circulatory system,8,#FF0000,SFD,2.5856458576936252e-33,2.59e-33,yes,1.6298,1.5047,1.7645,1.63 (1.50 - 1.76),13729,728,13001
401.22,Hypertensive chronic kidney disease,circulatory system,8,#FF0000,SFI,0.012037808004937579,0.012,no,0.8302,0.7173,0.9591,0.83 (0.72 - 0.96),13729,728,13001
401.22,Hypertensive chronic kidney disease,circulatory system,8,#FF0000,VFD,4.0590076427487933e-11,4.06e-11,yes,1.3651,1.2445,1.4971,1.37 (1.24 - 1.50),13729,728,13001
401.22,Hypertensive chronic kidney disease,circulatory system,8,#FF0000,VFI,5.976427669756668e-4,0.000598,no,1.2085,1.0843,1.3462,1.21 (1.08 - 1.35),13729,728,13001
401.3,Other hypertensive complications,circulatory system,8,#FF0000,SFD,7.216561912262194e-8,7.22e-08,yes,1.3623,1.2153,1.5221,1.36 (1.22 - 1.52),13343,342,13001
401.3,Other hypertensive complications,circulatory system,8,#FF0000,SFI,0.15490557918060394,0.155,no,0.8695,0.716,1.0525,0.87 (0.72 - 1.05),13343,342,13001
401.3,Other hypertensive complications,circulatory system,8,#FF0000,VFD,0.005275465828693894,0.00528,no,1.1975,1.0543,1.3583,1.20 (1.05 - 1.36),13343,342,13001
401.3,Other hypertensive complications,circulatory system,8,#FF0000,VFI,2.6533280476334784e-6,2.65e-06,yes,1.4282,1.2295,1.6559,1.43 (1.23 - 1.66),13343,342,13001
411,Ischemic Heart Disease,circulatory system,8,#FF0000,SFD,3.770329827677521e-23,3.77e-23,yes,1.2986,1.233,1.3673,1.30 (1.23 - 1.37),21653,2214,19439
411,Ischemic Heart Disease,circulatory system,8,#FF0000,SFI,0.9310038854455783,0.931,no,0.9963,0.9158,1.0833,1.00 (0.92 - 1.08),21653,2214,19439
411,Ischemic Heart Disease,circulatory system,8,#FF0000,VFD,5.398581895209078e-8,5.4e-08,yes,1.1678,1.1042,1.2348,1.17 (1.10 - 1.23),21653,2214,19439
411,Ischemic Heart Disease,circulatory system,8,#FF0000,VFI,2.1847817127751342e-4,0.000218,no,1.1248,1.0567,1.1971,1.12 (1.06 - 1.20),21653,2214,19439
411.2,Myocardial infarction,circulatory system,8,#FF0000,SFD,1.444583147025874e-21,1.44e-21,yes,1.4423,1.3371,1.5543,1.44 (1.34 - 1.55),20222,783,19439
411.2,Myocardial infarction,circulatory system,8,#FF0000,SFI,0.2843618536233885,0.284,no,0.931,0.8161,1.0604,0.93 (0.82 - 1.06),20222,783,19439
411.2,Myocardial infarction,circulatory system,8,#FF0000,VFD,5.802715034874898e-8,5.8e-08,yes,1.2679,1.1635,1.3812,1.27 (1.16 - 1.38),20222,783,19439
411.2,Myocardial infarction,circulatory system,8,#FF0000,VFI,0.025210511493875664,0.0252,no,1.1173,1.0135,1.2309,1.12 (1.01 - 1.23),20222,783,19439
411.3,Angina pectoris,circulatory system,8,#FF0000,SFD,0.9238955867867251,0.924,no,1.0078,0.8583,1.1784,1.01 (0.86 - 1.18),19677,238,19439
411.3,Angina pectoris,circulatory system,8,#FF0000,SFI,0.5680118932584098,0.568,no,1.0693,0.8478,1.3428,1.07 (0.85 - 1.34),19677,238,19439
411.3,Angina pectoris,circulatory system,8,#FF0000,VFD,0.2961877130011145,0.296,no,0.9181,0.7809,1.0762,0.92 (0.78 - 1.08),19677,238,19439
411.3,Angina pectoris,circulatory system,8,#FF0000,VFI,2.091230401931029e-4,0.000209,no,1.3551,1.1528,1.5898,1.36 (1.15 - 1.59),19677,238,19439
411.4,Coronary atherosclerosis,circulatory system,8,#FF0000,SFD,7.591407475678543e-14,7.59e-14,yes,1.2531,1.1808,1.3291,1.25 (1.18 - 1.33),21172,1733,19439
411.4,Coronary atherosclerosis,circulatory system,8,#FF0000,SFI,0.6693844715368689,0.669,no,1.0206,0.9291,1.1204,1.02 (0.93 - 1.12),21172,1733,19439
411.4,Coronary atherosclerosis,circulatory system,8,#FF0000,VFD,0.001882233762280421,0.00188,no,1.1057,1.0377,1.1779,1.11 (1.04 - 1.18),21172,1733,19439
411.4,Coronary atherosclerosis,circulatory system,8,#FF0000,VFI,7.496925604110012e-6,7.5e-06,yes,1.1708,1.0927,1.2544,1.17 (1.09 - 1.25),21172,1733,19439
414,Other forms of chronic heart disease,circulatory system,8,#FF0000,SFD,6.540453743834622e-4,0.000654,no,1.2817,1.1079,1.4739,1.28 (1.11 - 1.47),19654,215,19439
414,Other forms of chronic heart disease,circulatory system,8,#FF0000,SFI,0.9152059018004262,0.915,no,1.0129,0.7982,1.2781,1.01 (0.80 - 1.28),19654,215,19439
414,Other forms of chronic heart disease,circulatory system,8,#FF0000,VFD,0.004131661949177753,0.00413,no,1.2612,1.0748,1.476,1.26 (1.07 - 1.48),19654,215,19439
414,Other forms of chronic heart disease,circulatory system,8,#FF0000,VFI,0.964268682193787,0.964,no,0.9958,0.827,1.1939,1.00 (0.83 - 1.19),19654,215,19439
415,Pulmonary heart disease,circulatory system,8,#FF0000,SFD,7.337293730164042e-51,7.34e-51,yes,1.5838,1.4911,1.6815,1.58 (1.49 - 1.68),20495,1216,19279
415,Pulmonary heart disease,circulatory system,8,#FF0000,SFI,0.004392400210587897,0.00439,no,0.8622,0.7782,0.9543,0.86 (0.78 - 0.95),20495,1216,19279
415,Pulmonary heart disease,circulatory system,8,#FF0000,VFD,4.035749543259869e-32,4.04e-32,yes,1.5066,1.4073,1.6127,1.51 (1.41 - 1.61),20495,1216,19279
415,Pulmonary heart disease,circulatory system,8,#FF0000,VFI,8.881621377150633e-6,8.88e-06,yes,0.8281,0.7616,0.8996,0.83 (0.76 - 0.90),20495,1216,19279
415.1,Acute pulmonary heart disease,circulatory system,8,#FF0000,SFD,3.8651937539552767e-23,3.87e-23,yes,1.5277,1.4037,1.66,1.53 (1.40 - 1.66),19867,588,19279
415.1,Acute pulmonary heart disease,circulatory system,8,#FF0000,SFI,0.05119977444634555,0.0512,no,0.8661,0.7487,0.9996,0.87 (0.75 - 1.00),19867,588,19279
415.1,Acute pulmonary heart disease,circulatory system,8,#FF0000,VFD,1.3072542361802862e-17,1.31e-17,yes,1.5138,1.376,1.6644,1.51 (1.38 - 1.66),19867,588,19279
415.1,Acute pulmonary heart disease,circulatory system,8,#FF0000,VFI,0.0011991922722741511,0.0012,no,0.8202,0.7269,0.9239,0.82 (0.73 - 0.92),19867,588,19279
415.11,"Pulmonary embolism and infarction, acute",circulatory system,8,#FF0000,SFD,4.59192027613562e-22,4.59e-22,yes,1.5167,1.3926,1.6492,1.52 (1.39 - 1.65),19860,581,19279
415.11,"Pulmonary embolism and infarction, acute",circulatory system,8,#FF0000,SFI,0.07105621557306105,0.0711,no,0.8747,0.7555,1.0104,0.87 (0.76 - 1.01),19860,581,19279
415.11,"Pulmonary embolism and infarction, acute",circulatory system,8,#FF0000,VFD,1.5930638374862875e-17,1.59e-17,yes,1.5158,1.377,1.6675,1.52 (1.38 - 1.67),19860,581,19279
415.11,"Pulmonary embolism and infarction, acute",circulatory system,8,#FF0000,VFI,0.001235585572355885,0.00124,no,0.8195,0.7256,0.9239,0.82 (0.73 - 0.92),19860,581,19279
415.2,Chronic pulmonary heart disease,circulatory system,8,#FF0000,SFD,6.0650560144513725e-34,6.07e-34,yes,1.7424,1.5919,1.9045,1.74 (1.59 - 1.90),19751,472,19279
415.2,Chronic pulmonary heart disease,circulatory system,8,#FF0000,SFI,9.960442049675392e-4,0.000996,no,0.7612,0.6462,0.8944,0.76 (0.65 - 0.89),19751,472,19279
415.2,Chronic pulmonary heart disease,circulatory system,8,#FF0000,VFD,6.415333427549497e-19,6.42e-19,yes,1.617,1.4538,1.7972,1.62 (1.45 - 1.80),19751,472,19279
415.2,Chronic pulmonary heart disease,circulatory system,8,#FF0000,VFI,6.198163975094432e-5,6.2e-05,no,0.7678,0.674,0.8729,0.77 (0.67 - 0.87),19751,472,19279
416,Cardiomegaly,circulatory system,8,#FF0000,SFD,7.18591883709265e-54,7.19e-54,yes,1.6911,1.5816,1.8071,1.69 (1.58 - 1.81),20231,952,19279
416,Cardiomegaly,circulatory system,8,#FF0000,SFI,3.4409440467275105e-6,3.44e-06,yes,0.7619,0.6788,0.854,0.76 (0.68 - 0.85),20231,952,19279
416,Cardiomegaly,circulatory system,8,#FF0000,VFD,1.3013304187126848e-31,1.3e-31,yes,1.5792,1.4626,1.7047,1.58 (1.46 - 1.70),20231,952,19279
416,Cardiomegaly,circulatory system,8,#FF0000,VFI,1.9973085909476165e-4,0.0002,no,0.8414,0.7678,0.9211,0.84 (0.77 - 0.92),20231,952,19279
418,Nonspecific chest pain,circulatory system,8,#FF0000,SFD,0.15333537093325728,0.153,no,1.0324,0.9881,1.0785,1.03 (0.99 - 1.08),21078,3128,17950
418,Nonspecific chest pain,circulatory system,8,#FF0000,SFI,0.03457786340658735,0.0346,no,1.0713,1.0049,1.1419,1.07 (1.00 - 1.14),21078,3128,17950
418,Nonspecific chest pain,circulatory system,8,#FF0000,VFD,0.07502489305327695,0.075,no,0.9589,0.9155,1.0042,0.96 (0.92 - 1.00),21078,3128,17950
418,Nonspecific chest pain,circulatory system,8,#FF0000,VFI,0.5161754657238681,0.516,no,1.018,0.9646,1.074,1.02 (0.96 - 1.07),21078,3128,17950
420,Carditis,circulatory system,8,#FF0000,SFD,7.559865663205698e-35,7.56e-35,yes,1.7382,1.5905,1.8967,1.74 (1.59 - 1.90),21717,407,21310
420,Carditis,circulatory system,8,#FF0000,SFI,3.581816406463504e-8,3.58e-08,yes,0.5901,0.4885,0.7109,0.59 (0.49 - 0.71),21717,407,21310
420,Carditis,circulatory system,8,#FF0000,VFD,8.108338200733455e-25,8.11e-25,yes,1.7641,1.5828,1.9651,1.76 (1.58 - 1.97),21717,407,21310
420,Carditis,circulatory system,8,#FF0000,VFI,9.162235943487509e-7,9.16e-07,yes,0.6748,0.5758,0.7883,0.67 (0.58 - 0.79),21717,407,21310
420.2,Pericarditis,circulatory system,8,#FF0000,SFD,8.995569582278302e-27,9e-27,yes,1.7428,1.5725,1.9273,1.74 (1.57 - 1.93),21604,294,21310
420.2,Pericarditis,circulatory system,8,#FF0000,SFI,6.771494884090799e-8,6.77e-08,yes,0.5393,0.4303,0.6737,0.54 (0.43 - 0.67),21604,294,21310
420.2,Pericarditis,circulatory system,8,#FF0000,VFD,2.2887766438326772e-18,2.29e-18,yes,1.7586,1.5488,1.9951,1.76 (1.55 - 2.00),21604,294,21310
420.2,Pericarditis,circulatory system,8,#FF0000,VFI,4.662737347756772e-6,4.66e-06,yes,0.6446,0.5329,0.7761,0.64 (0.53 - 0.78),21604,294,21310
425,Cardiomyopathy,circulatory system,8,#FF0000,SFD,4.619247642995865e-17,4.62e-17,yes,1.4342,1.3173,1.5589,1.43 (1.32 - 1.56),21865,555,21310
425,Cardiomyopathy,circulatory system,8,#FF0000,SFI,0.026024575118672316,0.026,no,0.8465,0.7302,0.9792,0.85 (0.73 - 0.98),21865,555,21310
425,Cardiomyopathy,circulatory system,8,#FF0000,VFD,1.7729770753215085e-10,1.77e-10,yes,1.3693,1.2427,1.5075,1.37 (1.24 - 1.51),21865,555,21310
425,Cardiomyopathy,circulatory system,8,#FF0000,VFI,0.06358053905942417,0.0636,no,0.8929,0.7914,1.0056,0.89 (0.79 - 1.01),21865,555,21310
425.1,Primary/intrinsic cardiomyopathies,circulatory system,8,#FF0000,SFD,1.5628303732938302e-13,1.56e-13,yes,1.41,1.2857,1.5431,1.41 (1.29 - 1.54),21790,480,21310
425.1,Primary/intrinsic cardiomyopathies,circulatory system,8,#FF0000,SFI,0.0718541026457867,0.0719,no,0.8661,0.7397,1.0116,0.87 (0.74 - 1.01),21790,480,21310
425.1,Primary/intrinsic cardiomyopathies,circulatory system,8,#FF0000,VFD,6.061795361210014e-9,6.06e-09,yes,1.3605,1.2257,1.5085,1.36 (1.23 - 1.51),21790,480,21310
425.1,Primary/intrinsic cardiomyopathies,circulatory system,8,#FF0000,VFI,0.09459140677485799,0.0946,no,0.897,0.7889,1.0179,0.90 (0.79 - 1.02),21790,480,21310
426,Cardiac conduction disorders,circulatory system,8,#FF0000,SFD,7.774290830197418e-144,7.77e-144,yes,1.7649,1.6899,1.8438,1.76 (1.69 - 1.84),17297,5232,12065
426,Cardiac conduction disorders,circulatory system,8,#FF0000,SFI,5.15197944722728e-7,5.15e-07,yes,0.8508,0.7987,0.9061,0.85 (0.80 - 0.91),17297,5232,12065
426,Cardiac conduction disorders,circulatory system,8,#FF0000,VFD,6.864259737511761e-104,6.86e-104,yes,1.6249,1.5552,1.6981,1.62 (1.56 - 1.70),17297,5232,12065
426,Cardiac conduction disorders,circulatory system,8,#FF0000,VFI,7.13430168851951e-8,7.13e-08,yes,0.8703,0.8274,0.9154,0.87 (0.83 - 0.92),17297,5232,12065
426.2,Atrioventricular [AV] block,circulatory system,8,#FF0000,SFD,5.781978149484429e-24,5.78e-24,yes,1.7992,1.604,2.0152,1.80 (1.60 - 2.02),12477,412,12065
426.2,Atrioventricular [AV] block,circulatory system,8,#FF0000,SFI,0.3872620166499459,0.387,no,0.9204,0.7615,1.109,0.92 (0.76 - 1.11),12477,412,12065
426.2,Atrioventricular [AV] block,circulatory system,8,#FF0000,VFD,1.058743396247357e-20,1.06e-20,yes,1.8137,1.6002,2.0551,1.81 (1.60 - 2.06),12477,412,12065
426.2,Atrioventricular [AV] block,circulatory system,8,#FF0000,VFI,0.0012687679999802345,0.00127,no,0.7852,0.6771,0.9086,0.79 (0.68 - 0.91),12477,412,12065
426.21,First degree AV block,circulatory system,8,#FF0000,SFD,1.1557790639531262e-16,1.16e-16,yes,1.832,1.5849,2.1111,1.83 (1.58 - 2.11),12315,250,12065
426.21,First degree AV block,circulatory system,8,#FF0000,SFI,0.4328469216857934,0.433,no,0.911,0.7198,1.1466,0.91 (0.72 - 1.15),12315,250,12065
426.21,First degree AV block,circulatory system,8,#FF0000,VFD,1.2510370909610156e-13,1.25e-13,yes,1.8211,1.5533,2.1333,1.82 (1.55 - 2.13),12315,250,12065
426.21,First degree AV block,circulatory system,8,#FF0000,VFI,3.6066144712687385e-4,0.000361,no,0.7099,0.5868,0.8552,0.71 (0.59 - 0.86),12315,250,12065
426.3,Bundle branch block,circulatory system,8,#FF0000,SFD,7.303968336371514e-52,7.3e-52,yes,1.8991,1.7479,2.0635,1.90 (1.75 - 2.06),12945,880,12065
426.3,Bundle branch block,circulatory system,8,#FF0000,SFI,0.0042578738044750705,0.00426,no,0.8185,0.7129,0.9382,0.82 (0.71 - 0.94),12945,880,12065
426.3,Bundle branch block,circulatory system,8,#FF0000,VFD,1.1488943233926121e-34,1.15e-34,yes,1.7643,1.6116,1.9319,1.76 (1.61 - 1.93),12945,880,12065
426.3,Bundle branch block,circulatory system,8,#FF0000,VFI,5.092396605838672e-4,0.000509,no,0.8332,0.7513,0.923,0.83 (0.75 - 0.92),12945,880,12065
426.31,Right bundle branch block,circulatory system,8,#FF0000,SFD,7.712178242826775e-30,7.71e-30,yes,1.9288,1.7211,2.1599,1.93 (1.72 - 2.16),12464,399,12065
426.31,Right bundle branch block,circulatory system,8,#FF0000,SFI,0.04944014641009353,0.0494,no,0.8243,0.6786,0.9978,0.82 (0.68 - 1.00),12464,399,12065
426.31,Right bundle branch block,circulatory system,8,#FF0000,VFD,8.33941349699783e-21,8.34e-21,yes,1.8305,1.6126,2.0778,1.83 (1.61 - 2.08),12464,399,12065
426.31,Right bundle branch block,circulatory system,8,#FF0000,VFI,0.04919716510691554,0.0492,no,0.8661,0.7496,0.9984,0.87 (0.75 - 1.00),12464,399,12065
426.32,Left bundle branch block,circulatory system,8,#FF0000,SFD,6.549288890042802e-21,6.55e-21,yes,1.7101,1.5274,1.9117,1.71 (1.53 - 1.91),12468,403,12065
426.32,Left bundle branch block,circulatory system,8,#FF0000,SFI,0.04149567160603248,0.0415,no,0.8146,0.6676,0.9904,0.81 (0.67 - 0.99),12468,403,12065
426.32,Left bundle branch block,circulatory system,8,#FF0000,VFD,3.075191782804486e-14,3.08e-14,yes,1.6327,1.4383,1.8525,1.63 (1.44 - 1.85),12468,403,12065
426.32,Left bundle branch block,circulatory system,8,#FF0000,VFI,0.0032008174755829752,0.0032,no,0.8002,0.6891,0.9269,0.80 (0.69 - 0.93),12468,403,12065
426.7,Abnormal electrocardiogram [ECG] [EKG],circulatory system,8,#FF0000,SFD,4.4330963898388926e-148,4.43e-148,yes,1.8448,1.7617,1.9327,1.84 (1.76 - 1.93),16196,4131,12065
426.7,Abnormal electrocardiogram [ECG] [EKG],circulatory system,8,#FF0000,SFI,9.88425515427197e-7,9.88e-07,yes,0.8428,0.7869,0.9024,0.84 (0.79 - 0.90),16196,4131,12065
426.7,Abnormal electrocardiogram [ECG] [EKG],circulatory system,8,#FF0000,VFD,1.6314291874704765e-104,1.63e-104,yes,1.6919,1.6137,1.7744,1.69 (1.61 - 1.77),16196,4131,12065
426.7,Abnormal electrocardiogram [ECG] [EKG],circulatory system,8,#FF0000,VFI,8.52392873066408e-9,8.52e-09,yes,0.8497,0.8038,0.898,0.85 (0.80 - 0.90),16196,4131,12065
426.8,Other cardiac conduction disorders,circulatory system,8,#FF0000,SFD,2.1790556089505152e-52,2.18e-52,yes,2.2681,2.0409,2.5201,2.27 (2.04 - 2.52),12432,367,12065
426.8,Other cardiac conduction disorders,circulatory system,8,#FF0000,SFI,1.580803427768944e-4,0.000158,no,0.6902,0.5683,0.8349,0.69 (0.57 - 0.83),12432,367,12065
426.8,Other cardiac conduction disorders,circulatory system,8,#FF0000,VFD,1.1197911347181342e-39,1.12e-39,yes,2.3161,2.0445,2.6248,2.32 (2.04 - 2.62),12432,367,12065
426.8,Other cardiac conduction disorders,circulatory system,8,#FF0000,VFI,3.815383643864217e-6,3.82e-06,yes,0.6732,0.5682,0.7949,0.67 (0.57 - 0.79),12432,367,12065
426.9,Cardiac pacemaker/device in situ,circulatory system,8,#FF0000,SFD,2.0532358351462702e-27,2.05e-27,yes,1.7574,1.5864,1.9451,1.76 (1.59 - 1.95),12588,523,12065
426.9,Cardiac pacemaker/device in situ,circulatory system,8,#FF0000,SFI,0.5293983547490071,0.529,no,0.9455,0.7929,1.1245,0.95 (0.79 - 1.12),12588,523,12065
426.9,Cardiac pacemaker/device in situ,circulatory system,8,#FF0000,VFD,3.304857902438042e-17,3.3e-17,yes,1.6283,1.4537,1.8234,1.63 (1.45 - 1.82),12588,523,12065
426.9,Cardiac pacemaker/device in situ,circulatory system,8,#FF0000,VFI,2.1974238309948552e-4,0.00022,no,0.7808,0.6841,0.8895,0.78 (0.68 - 0.89),12588,523,12065
426.91,Cardiac pacemaker in situ,circulatory system,8,#FF0000,SFD,3.557402087031076e-19,3.56e-19,yes,1.6965,1.5099,1.9034,1.70 (1.51 - 1.90),12464,399,12065
426.91,Cardiac pacemaker in situ,circulatory system,8,#FF0000,SFI,0.6730291127846995,0.673,no,0.9567,0.7774,1.1732,0.96 (0.78 - 1.17),12464,399,12065
426.91,Cardiac pacemaker in situ,circulatory system,8,#FF0000,VFD,8.747507146992327e-13,8.75e-13,yes,1.5997,1.4061,1.8194,1.60 (1.41 - 1.82),12464,399,12065
426.91,Cardiac pacemaker in situ,circulatory system,8,#FF0000,VFI,1.775346274229447e-4,0.000178,no,0.7499,0.6442,0.8705,0.75 (0.64 - 0.87),12464,399,12065
427,Cardiac dysrhythmias,circulatory system,8,#FF0000,SFD,6.735129009162409e-148,6.74e-148,yes,1.729,1.6591,1.8024,1.73 (1.66 - 1.80),17674,5609,12065
427,Cardiac dysrhythmias,circulatory system,8,#FF0000,SFI,1.3495491836367784e-5,1.35e-05,yes,0.8766,0.826,0.9301,0.88 (0.83 - 0.93),17674,5609,12065
427,Cardiac dysrhythmias,circulatory system,8,#FF0000,VFD,5.50934063050581e-112,5.51e-112,yes,1.6166,1.5504,1.6858,1.62 (1.55 - 1.69),17674,5609,12065
427,Cardiac dysrhythmias,circulatory system,8,#FF0000,VFI,5.028200188233958e-11,5.03e-11,yes,0.8485,0.8078,0.891,0.85 (0.81 - 0.89),17674,5609,12065
427.1,"Paroxysmal tachycardia, unspecified",circulatory system,8,#FF0000,SFD,7.362160350046786e-28,7.36e-28,yes,1.651,1.5084,1.8054,1.65 (1.51 - 1.81),12699,634,12065
427.1,"Paroxysmal tachycardia, unspecified",circulatory system,8,#FF0000,SFI,0.08553319083367124,0.0855,no,0.873,0.7469,1.0181,0.87 (0.75 - 1.02),12699,634,12065
427.1,"Paroxysmal tachycardia, unspecified",circulatory system,8,#FF0000,VFD,5.124050497780789e-21,5.12e-21,yes,1.6166,1.4624,1.7865,1.62 (1.46 - 1.79),12699,634,12065
427.1,"Paroxysmal tachycardia, unspecified",circulatory system,8,#FF0000,VFI,3.98559870243231e-4,0.000399,no,0.8075,0.7169,0.9083,0.81 (0.72 - 0.91),12699,634,12065
427.11,Paroxysmal supraventricular tachycardia,circulatory system,8,#FF0000,SFD,1.0000862861647034e-16,1e-16,yes,1.5757,1.4139,1.7526,1.58 (1.41 - 1.75),12494,429,12065
427.11,Paroxysmal supraventricular tachycardia,circulatory system,8,#FF0000,SFI,0.15214633857223256,0.152,no,0.87,0.718,1.051,0.87 (0.72 - 1.05),12494,429,12065
427.11,Paroxysmal supraventricular tachycardia,circulatory system,8,#FF0000,VFD,4.561372443186834e-12,4.56e-12,yes,1.5287,1.3551,1.7236,1.53 (1.36 - 1.72),12494,429,12065
427.11,Paroxysmal supraventricular tachycardia,circulatory system,8,#FF0000,VFI,0.015022289924234425,0.015,no,0.8386,0.7268,0.9653,0.84 (0.73 - 0.97),12494,429,12065
427.12,Paroxysmal ventricular tachycardia,circulatory system,8,#FF0000,SFD,4.5347940110357345e-14,4.53e-14,yes,1.7682,1.5208,2.0456,1.77 (1.52 - 2.05),12273,208,12065
427.12,Paroxysmal ventricular tachycardia,circulatory system,8,#FF0000,SFI,0.04223382454184248,0.0422,no,0.7719,0.5996,0.9881,0.77 (0.60 - 0.99),12273,208,12065
427.12,Paroxysmal ventricular tachycardia,circulatory system,8,#FF0000,VFD,2.091793432321225e-11,2.09e-11,yes,1.7642,1.4927,2.0812,1.76 (1.49 - 2.08),12273,208,12065
427.12,Paroxysmal ventricular tachycardia,circulatory system,8,#FF0000,VFI,0.010985074126735767,0.011,no,0.7723,0.6317,0.9407,0.77 (0.63 - 0.94),12273,208,12065
427.2,Atrial fibrillation and flutter,circulatory system,8,#FF0000,SFD,4.805988025777671e-90,4.81e-90,yes,1.9786,1.8518,2.1151,1.98 (1.85 - 2.12),13879,1814,12065
427.2,Atrial fibrillation and flutter,circulatory system,8,#FF0000,SFI,5.875627113749698e-5,5.88e-05,no,0.8086,0.7286,0.8965,0.81 (0.73 - 0.90),13879,1814,12065
427.2,Atrial fibrillation and flutter,circulatory system,8,#FF0000,VFD,7.076374374974432e-69,7.08e-69,yes,1.8804,1.7527,2.0184,1.88 (1.75 - 2.02),13879,1814,12065
427.2,Atrial fibrillation and flutter,circulatory system,8,#FF0000,VFI,7.498621372780277e-13,7.5e-13,yes,0.752,0.6954,0.8127,0.75 (0.70 - 0.81),13879,1814,12065
427.21,Atrial fibrillation,circulatory system,8,#FF0000,SFD,1.1374881846405667e-84,1.14e-84,yes,1.9655,1.8368,2.1041,1.97 (1.84 - 2.10),13798,1733,12065
427.21,Atrial fibrillation,circulatory system,8,#FF0000,SFI,1.0321531305801134e-4,0.000103,no,0.8111,0.7293,0.9011,0.81 (0.73 - 0.90),13798,1733,12065
427.21,Atrial fibrillation,circulatory system,8,#FF0000,VFD,7.158349176349414e-66,7.16e-66,yes,1.8787,1.7484,2.0197,1.88 (1.75 - 2.02),13798,1733,12065
427.21,Atrial fibrillation,circulatory system,8,#FF0000,VFI,8.772642514558485e-12,8.77e-12,yes,0.7585,0.7004,0.8209,0.76 (0.70 - 0.82),13798,1733,12065
427.22,Atrial flutter,circulatory system,8,#FF0000,SFD,1.432192903987656e-42,1.43e-42,yes,2.2505,2.0028,2.5276,2.25 (2.00 - 2.53),12397,332,12065
427.22,Atrial flutter,circulatory system,8,#FF0000,SFI,8.39898027283102e-5,8.4e-05,no,0.6535,0.5276,0.8062,0.65 (0.53 - 0.81),12397,332,12065
427.22,Atrial flutter,circulatory system,8,#FF0000,VFD,2.810738226831245e-30,2.81e-30,yes,2.1744,1.9035,2.4847,2.17 (1.90 - 2.48),12397,332,12065
427.22,Atrial flutter,circulatory system,8,#FF0000,VFI,1.2192990666039894e-7,1.22e-07,yes,0.6475,0.5503,0.7595,0.65 (0.55 - 0.76),12397,332,12065
427.3,Other specified cardiac dysrhythmias,circulatory system,8,#FF0000,SFD,8.336066593048449e-78,8.34e-78,yes,1.8468,1.7317,1.9698,1.85 (1.73 - 1.97),13401,1336,12065
427.3,Other specified cardiac dysrhythmias,circulatory system,8,#FF0000,SFI,1.4719233486070845e-4,0.000147,no,0.8118,0.7285,0.9036,0.81 (0.73 - 0.90),13401,1336,12065
427.3,Other specified cardiac dysrhythmias,circulatory system,8,#FF0000,VFD,9.564452636632338e-52,9.56e-52,yes,1.728,1.6099,1.855,1.73 (1.61 - 1.85),13401,1336,12065
427.3,Other specified cardiac dysrhythmias,circulatory system,8,#FF0000,VFI,2.3146834584478905e-7,2.31e-07,yes,0.7887,0.7205,0.8625,0.79 (0.72 - 0.86),13401,1336,12065
427.5,Arrhythmia (cardiac) NOS,circulatory system,8,#FF0000,SFD,2.705284957842802e-7,2.71e-07,yes,1.447,1.2535,1.6616,1.45 (1.25 - 1.66),12303,238,12065
427.5,Arrhythmia (cardiac) NOS,circulatory system,8,#FF0000,SFI,0.315011158879291,0.315,no,1.1325,0.8853,1.438,1.13 (0.89 - 1.44),12303,238,12065
427.5,Arrhythmia (cardiac) NOS,circulatory system,8,#FF0000,VFD,6.51574333694401e-7,6.52e-07,yes,1.4817,1.268,1.7286,1.48 (1.27 - 1.73),12303,238,12065
427.5,Arrhythmia (cardiac) NOS,circulatory system,8,#FF0000,VFI,0.0017807057328197958,0.00178,no,0.7191,0.5832,0.8821,0.72 (0.58 - 0.88),12303,238,12065
427.6,Premature beats,circulatory system,8,#FF0000,SFD,3.7264601921540066e-49,3.73e-49,yes,1.8224,1.6825,1.9738,1.82 (1.68 - 1.97),12999,934,12065
427.6,Premature beats,circulatory system,8,#FF0000,SFI,4.7279796641264246e-4,0.000473,no,0.7868,0.6872,0.8993,0.79 (0.69 - 0.90),12999,934,12065
427.6,Premature beats,circulatory system,8,#FF0000,VFD,8.971207384874982e-38,8.97e-38,yes,1.7762,1.6273,1.9392,1.78 (1.63 - 1.94),12999,934,12065
427.6,Premature beats,circulatory system,8,#FF0000,VFI,2.7402319983830302e-8,2.74e-08,yes,0.7483,0.6752,0.8284,0.75 (0.68 - 0.83),12999,934,12065
427.61,Supraventricular premature beats,circulatory system,8,#FF0000,SFD,4.219424002331879e-27,4.22e-27,yes,1.8692,1.6674,2.0935,1.87 (1.67 - 2.09),12432,367,12065
427.61,Supraventricular premature beats,circulatory system,8,#FF0000,SFI,0.030525861871785374,0.0305,no,0.783,0.6261,0.9753,0.78 (0.63 - 0.98),12432,367,12065
427.61,Supraventricular premature beats,circulatory system,8,#FF0000,VFD,7.278168148870412e-20,7.28e-20,yes,1.8476,1.6192,2.1081,1.85 (1.62 - 2.11),12432,367,12065
427.61,Supraventricular premature beats,circulatory system,8,#FF0000,VFI,8.402600589391552e-5,8.4e-05,no,0.7217,0.6126,0.8479,0.72 (0.61 - 0.85),12432,367,12065
427.7,Tachycardia NOS,circulatory system,8,#FF0000,SFD,2.630188185976795e-95,2.63e-95,yes,1.8098,1.7111,1.9144,1.81 (1.71 - 1.91),13940,1875,12065
427.7,Tachycardia NOS,circulatory system,8,#FF0000,SFI,0.0013176019218584195,0.00132,no,0.8654,0.792,0.9448,0.87 (0.79 - 0.94),13940,1875,12065
427.7,Tachycardia NOS,circulatory system,8,#FF0000,VFD,3.7722522740301156e-69,3.77e-69,yes,1.7244,1.6228,1.8326,1.72 (1.62 - 1.83),13940,1875,12065
427.7,Tachycardia NOS,circulatory system,8,#FF0000,VFI,1.251414799698106e-4,0.000125,no,0.8582,0.7935,0.9277,0.86 (0.79 - 0.93),13940,1875,12065
427.9,Palpitations,circulatory system,8,#FF0000,SFD,0.17821373266551183,0.178,no,1.0694,0.969,1.1779,1.07 (0.97 - 1.18),12791,726,12065
427.9,Palpitations,circulatory system,8,#FF0000,SFI,0.017379188198828527,0.0174,no,1.1762,1.0281,1.3433,1.18 (1.03 - 1.34),12791,726,12065
427.9,Palpitations,circulatory system,8,#FF0000,VFD,0.7435236606627711,0.744,no,1.0163,0.922,1.1195,1.02 (0.92 - 1.12),12791,726,12065
427.9,Palpitations,circulatory system,8,#FF0000,VFI,0.4440204138362517,0.444,no,0.9574,0.8558,1.0695,0.96 (0.86 - 1.07),12791,726,12065
428,Congestive heart failure; nonhypertensive,circulatory system,8,#FF0000,SFD,1.8194969414108625e-63,1.82e-63,yes,1.645,1.5521,1.7431,1.65 (1.55 - 1.74),21587,1320,20267
428,Congestive heart failure; nonhypertensive,circulatory system,8,#FF0000,SFI,1.6378337249942146e-6,1.64e-06,yes,0.7818,0.7066,0.8642,0.78 (0.71 - 0.86),21587,1320,20267
428,Congestive heart failure; nonhypertensive,circulatory system,8,#FF0000,VFD,1.4503088367706662e-34,1.45e-34,yes,1.5165,1.4187,1.6208,1.52 (1.42 - 1.62),21587,1320,20267
428,Congestive heart failure; nonhypertensive,circulatory system,8,#FF0000,VFI,0.014197211574211267,0.0142,no,0.9089,0.8418,0.9807,0.91 (0.84 - 0.98),21587,1320,20267
428.1,Congestive heart failure (CHF) NOS,circulatory system,8,#FF0000,SFD,1.1357949169263075e-41,1.14e-41,yes,1.6322,1.5198,1.7517,1.63 (1.52 - 1.75),21063,796,20267
428.1,Congestive heart failure (CHF) NOS,circulatory system,8,#FF0000,SFI,1.0114998518664989e-5,1.01e-05,yes,0.751,0.6608,0.8522,0.75 (0.66 - 0.85),21063,796,20267
428.1,Congestive heart failure (CHF) NOS,circulatory system,8,#FF0000,VFD,7.299777438004163e-23,7.3e-23,yes,1.5166,1.3957,1.6475,1.52 (1.40 - 1.65),21063,796,20267
428.1,Congestive heart failure (CHF) NOS,circulatory system,8,#FF0000,VFI,0.027792129418918718,0.0278,no,0.8959,0.8119,0.9875,0.90 (0.81 - 0.99),21063,796,20267
428.3,Heart failure with reduced EF [Systolic or combined heart failure],circulatory system,8,#FF0000,SFD,7.73884989843287e-40,7.74e-40,yes,1.6738,1.5499,1.806,1.67 (1.55 - 1.81),20920,653,20267
428.3,Heart failure with reduced EF [Systolic or combined heart failure],circulatory system,8,#FF0000,SFI,0.0013851908596014828,0.00139,no,0.7939,0.6885,0.9137,0.79 (0.69 - 0.91),20920,653,20267
428.3,Heart failure with reduced EF [Systolic or combined heart failure],circulatory system,8,#FF0000,VFD,5.113683283379476e-22,5.11e-22,yes,1.5568,1.4226,1.703,1.56 (1.42 - 1.70),20920,653,20267
428.3,Heart failure with reduced EF [Systolic or combined heart failure],circulatory system,8,#FF0000,VFI,0.020162882395486855,0.0202,no,0.8775,0.7854,0.9791,0.88 (0.79 - 0.98),20920,653,20267
428.4,Heart failure with preserved EF [Diastolic heart failure],circulatory system,8,#FF0000,SFD,2.222502837757892e-25,2.22e-25,yes,1.7776,1.5937,1.9794,1.78 (1.59 - 1.98),20606,339,20267
428.4,Heart failure with preserved EF [Diastolic heart failure],circulatory system,8,#FF0000,SFI,5.811467290693486e-4,0.000581,no,0.7013,0.5721,0.8571,0.70 (0.57 - 0.86),20606,339,20267
428.4,Heart failure with preserved EF [Diastolic heart failure],circulatory system,8,#FF0000,VFD,7.2128392075848126e-12,7.21e-12,yes,1.5745,1.3823,1.7922,1.57 (1.38 - 1.79),20606,339,20267
428.4,Heart failure with preserved EF [Diastolic heart failure],circulatory system,8,#FF0000,VFI,0.4074803025520902,0.407,no,0.9437,0.8219,1.0811,0.94 (0.82 - 1.08),20606,339,20267
429,Ill-defined descriptions and complications of heart disease,circulatory system,8,#FF0000,SFD,2.4182549047125e-4,0.000242,no,1.2273,1.0986,1.3671,1.23 (1.10 - 1.37),20642,375,20267
429,Ill-defined descriptions and complications of heart disease,circulatory system,8,#FF0000,SFI,0.4608439403104227,0.461,no,0.9328,0.7743,1.1204,0.93 (0.77 - 1.12),20642,375,20267
429,Ill-defined descriptions and complications of heart disease,circulatory system,8,#FF0000,VFD,0.03263868862914831,0.0326,no,1.1414,1.0103,1.2879,1.14 (1.01 - 1.29),20642,375,20267
429,Ill-defined descriptions and complications of heart disease,circulatory system,8,#FF0000,VFI,0.8709642128082463,0.871,no,0.9882,0.8556,1.1386,0.99 (0.86 - 1.14),20642,375,20267
429.3,Symptoms involving cardiovascular system,circulatory system,8,#FF0000,SFD,0.001477600052227083,0.00148,no,1.2239,1.0786,1.3836,1.22 (1.08 - 1.38),20538,271,20267
429.3,Symptoms involving cardiovascular system,circulatory system,8,#FF0000,SFI,0.8988356144578313,0.899,no,0.9857,0.7871,1.2283,0.99 (0.79 - 1.23),20538,271,20267
429.3,Symptoms involving cardiovascular system,circulatory system,8,#FF0000,VFD,0.09871303033447318,0.0987,no,1.1253,0.9773,1.2935,1.13 (0.98 - 1.29),20538,271,20267
429.3,Symptoms involving cardiovascular system,circulatory system,8,#FF0000,VFI,0.551717451918875,0.552,no,0.9487,0.796,1.1263,0.95 (0.80 - 1.13),20538,271,20267
430,Intracranial hemorrhage,circulatory system,8,#FF0000,SFD,1.244382420501525e-9,1.24e-09,yes,1.4375,1.2763,1.6132,1.44 (1.28 - 1.61),20895,269,20626
430,Intracranial hemorrhage,circulatory system,8,#FF0000,SFI,0.23910836910831043,0.239,no,0.88,0.7095,1.0857,0.88 (0.71 - 1.09),20895,269,20626
430,Intracranial hemorrhage,circulatory system,8,#FF0000,VFD,0.0014595622958354026,0.00146,no,1.2504,1.0886,1.4335,1.25 (1.09 - 1.43),20895,269,20626
430,Intracranial hemorrhage,circulatory system,8,#FF0000,VFI,0.10901649188508675,0.109,no,0.8636,0.7203,1.0311,0.86 (0.72 - 1.03),20895,269,20626
433,Cerebrovascular disease,circulatory system,8,#FF0000,SFD,2.0116191693912995e-13,2.01e-13,yes,1.2503,1.1776,1.3267,1.25 (1.18 - 1.33),21986,1360,20626
433,Cerebrovascular disease,circulatory system,8,#FF0000,SFI,0.8679735992603013,0.868,no,0.9912,0.8923,1.1,0.99 (0.89 - 1.10),21986,1360,20626
433,Cerebrovascular disease,circulatory system,8,#FF0000,VFD,3.73309818046329e-5,3.73e-05,no,1.1499,1.0759,1.2287,1.15 (1.08 - 1.23),21986,1360,20626
433,Cerebrovascular disease,circulatory system,8,#FF0000,VFI,0.12859062173954527,0.129,no,0.9419,0.8715,1.0172,0.94 (0.87 - 1.02),21986,1360,20626
433.1,Occlusion and stenosis of precerebral arteries,circulatory system,8,#FF0000,SFD,0.13034866973717016,0.13,no,1.1018,0.9701,1.247,1.10 (0.97 - 1.25),20927,301,20626
433.1,Occlusion and stenosis of precerebral arteries,circulatory system,8,#FF0000,SFI,0.33647018884103513,0.336,no,1.1137,0.8923,1.384,1.11 (0.89 - 1.38),20927,301,20626
433.1,Occlusion and stenosis of precerebral arteries,circulatory system,8,#FF0000,VFD,0.6476640283606219,0.648,no,1.0325,0.8994,1.1834,1.03 (0.90 - 1.18),20927,301,20626
433.1,Occlusion and stenosis of precerebral arteries,circulatory system,8,#FF0000,VFI,0.8759223730569882,0.876,no,1.0125,0.8649,1.1822,1.01 (0.86 - 1.18),20927,301,20626
433.2,Occlusion of cerebral arteries,circulatory system,8,#FF0000,SFD,2.7419540875992438e-9,2.74e-09,yes,1.3232,1.2053,1.4497,1.32 (1.21 - 1.45),21101,475,20626
433.2,Occlusion of cerebral arteries,circulatory system,8,#FF0000,SFI,0.47762322244154487,0.478,no,0.9405,0.7929,1.1125,0.94 (0.79 - 1.11),21101,475,20626
433.2,Occlusion of cerebral arteries,circulatory system,8,#FF0000,VFD,2.3955870734261434e-4,0.00024,no,1.2211,1.0972,1.3578,1.22 (1.10 - 1.36),21101,475,20626
433.2,Occlusion of cerebral arteries,circulatory system,8,#FF0000,VFI,0.22235735304785137,0.222,no,0.9237,0.8123,1.0482,0.92 (0.81 - 1.05),21101,475,20626
433.21,"Cerebral artery occlusion, with cerebral infarction",circulatory system,8,#FF0000,SFD,3.19104085135513e-9,3.19e-09,yes,1.3273,1.2073,1.4562,1.33 (1.21 - 1.46),21085,459,20626
433.21,"Cerebral artery occlusion, with cerebral infarction",circulatory system,8,#FF0000,SFI,0.5818472461019499,0.582,no,0.9528,0.8009,1.1302,0.95 (0.80 - 1.13),21085,459,20626
433.21,"Cerebral artery occlusion, with cerebral infarction",circulatory system,8,#FF0000,VFD,2.4537788899676083e-4,0.000245,no,1.2248,1.0985,1.3644,1.22 (1.10 - 1.36),21085,459,20626
433.21,"Cerebral artery occlusion, with cerebral infarction",circulatory system,8,#FF0000,VFI,0.2649767874906598,0.265,no,0.9291,0.8154,1.0563,0.93 (0.82 - 1.06),21085,459,20626
433.3,Cerebral ischemia,circulatory system,8,#FF0000,SFD,5.329982944088863e-11,5.33e-11,yes,1.2865,1.1925,1.3862,1.29 (1.19 - 1.39),21411,785,20626
433.3,Cerebral ischemia,circulatory system,8,#FF0000,SFI,0.7502364716465849,0.75,no,0.9783,0.8539,1.119,0.98 (0.85 - 1.12),21411,785,20626
433.3,Cerebral ischemia,circulatory system,8,#FF0000,VFD,8.252603246319994e-6,8.25e-06,yes,1.2144,1.1147,1.3223,1.21 (1.11 - 1.32),21411,785,20626
433.3,Cerebral ischemia,circulatory system,8,#FF0000,VFI,0.1532931524594586,0.153,no,0.9304,0.8421,1.0266,0.93 (0.84 - 1.03),21411,785,20626
433.31,Transient cerebral ischemia,circulatory system,8,#FF0000,SFD,2.838039785906979e-10,2.84e-10,yes,1.2825,1.1863,1.3847,1.28 (1.19 - 1.38),21374,748,20626
433.31,Transient cerebral ischemia,circulatory system,8,#FF0000,SFI,0.8974256870949031,0.897,no,1.0091,0.8789,1.1565,1.01 (0.88 - 1.16),21374,748,20626
433.31,Transient cerebral ischemia,circulatory system,8,#FF0000,VFD,6.581610713610763e-6,6.58e-06,yes,1.2223,1.1198,1.3334,1.22 (1.12 - 1.33),21374,748,20626
433.31,Transient cerebral ischemia,circulatory system,8,#FF0000,VFI,0.1907647583756016,0.191,no,0.9348,0.8445,1.0335,0.93 (0.84 - 1.03),21374,748,20626
433.8,Late effects of cerebrovascular disease,circulatory system,8,#FF0000,SFD,6.259124562967126e-5,6.26e-05,no,1.3064,1.1435,1.4857,1.31 (1.14 - 1.49),20860,234,20626
433.8,Late effects of cerebrovascular disease,circulatory system,8,#FF0000,SFI,0.6514162203434137,0.651,no,0.9459,0.7412,1.2004,0.95 (0.74 - 1.20),20860,234,20626
433.8,Late effects of cerebrovascular disease,circulatory system,8,#FF0000,VFD,0.04978574821245908,0.0498,no,1.1651,0.9991,1.3559,1.17 (1.00 - 1.36),20860,234,20626
433.8,Late effects of cerebrovascular disease,circulatory system,8,#FF0000,VFI,0.9430740722792667,0.943,no,0.9936,0.8322,1.1814,0.99 (0.83 - 1.18),20860,234,20626
440,Atherosclerosis,circulatory system,8,#FF0000,SFD,3.6287696825632596e-5,3.63e-05,no,1.2471,1.1214,1.383,1.25 (1.12 - 1.38),20393,413,19980
440,Atherosclerosis,circulatory system,8,#FF0000,SFI,0.4551056951089316,0.455,no,0.9301,0.7678,1.1232,0.93 (0.77 - 1.12),20393,413,19980
440,Atherosclerosis,circulatory system,8,#FF0000,VFD,0.35321693376755464,0.353,no,1.0577,0.9389,1.1899,1.06 (0.94 - 1.19),20393,413,19980
440,Atherosclerosis,circulatory system,8,#FF0000,VFI,0.02742030468374933,0.0274,no,1.1586,1.0156,1.3194,1.16 (1.02 - 1.32),20393,413,19980
441,Vascular insufficiency of intestine,circulatory system,8,#FF0000,SFD,5.983448635309046e-12,5.98e-12,yes,1.4135,1.2792,1.5581,1.41 (1.28 - 1.56),20347,367,19980
441,Vascular insufficiency of intestine,circulatory system,8,#FF0000,SFI,0.016098218184012508,0.0161,no,0.781,0.6374,0.9533,0.78 (0.64 - 0.95),20347,367,19980
441,Vascular insufficiency of intestine,circulatory system,8,#FF0000,VFD,1.6442711863011563e-14,1.64e-14,yes,1.5715,1.3995,1.763,1.57 (1.40 - 1.76),20347,367,19980
441,Vascular insufficiency of intestine,circulatory system,8,#FF0000,VFI,0.09121262237190858,0.0912,no,0.8705,0.7399,1.0208,0.87 (0.74 - 1.02),20347,367,19980
442,Other aneurysm,circulatory system,8,#FF0000,SFD,9.8236258306680275e-11,9.82e-11,yes,1.3704,1.2442,1.506,1.37 (1.24 - 1.51),20436,456,19980
442,Other aneurysm,circulatory system,8,#FF0000,SFI,4.105496991202735e-5,4.11e-05,no,0.6825,0.5678,0.818,0.68 (0.57 - 0.82),20436,456,19980
442,Other aneurysm,circulatory system,8,#FF0000,VFD,9.082352355456617e-7,9.08e-07,yes,1.3101,1.1756,1.4586,1.31 (1.18 - 1.46),20436,456,19980
442,Other aneurysm,circulatory system,8,#FF0000,VFI,0.07802213720430179,0.078,no,0.8853,0.7725,1.0128,0.89 (0.77 - 1.01),20436,456,19980
442.1,Aortic aneurysm,circulatory system,8,#FF0000,SFD,4.517979306452812e-5,4.52e-05,no,1.3046,1.146,1.4796,1.30 (1.15 - 1.48),20248,268,19980
442.1,Aortic aneurysm,circulatory system,8,#FF0000,SFI,0.0047359884680424425,0.00474,no,0.7103,0.5589,0.8984,0.71 (0.56 - 0.90),20248,268,19980
442.1,Aortic aneurysm,circulatory system,8,#FF0000,VFD,0.00106125209899155,0.00106,no,1.2684,1.0992,1.4612,1.27 (1.10 - 1.46),20248,268,19980
442.1,Aortic aneurysm,circulatory system,8,#FF0000,VFI,0.010704192469444013,0.0107,no,0.795,0.6656,0.9468,0.80 (0.67 - 0.95),20248,268,19980
443,Peripheral vascular disease,circulatory system,8,#FF0000,SFD,8.217867173968396e-11,8.22e-11,yes,1.3556,1.2354,1.4844,1.36 (1.24 - 1.48),20479,499,19980
443,Peripheral vascular disease,circulatory system,8,#FF0000,SFI,0.2934527477926238,0.293,no,0.9149,0.7742,1.0786,0.91 (0.77 - 1.08),20479,499,19980
443,Peripheral vascular disease,circulatory system,8,#FF0000,VFD,1.0177930578523054e-6,1.02e-06,yes,1.2966,1.1678,1.4383,1.30 (1.17 - 1.44),20479,499,19980
443,Peripheral vascular disease,circulatory system,8,#FF0000,VFI,0.33917943146497204,0.339,no,1.0603,0.9396,1.1946,1.06 (0.94 - 1.19),20479,499,19980
443.9,"Peripheral vascular disease, unspecified",circulatory system,8,#FF0000,SFD,9.680884498532295e-8,9.68e-08,yes,1.3327,1.1975,1.4791,1.33 (1.20 - 1.48),20367,387,19980
443.9,"Peripheral vascular disease, unspecified",circulatory system,8,#FF0000,SFI,0.5108130148872407,0.511,no,0.9398,0.7798,1.1291,0.94 (0.78 - 1.13),20367,387,19980
443.9,"Peripheral vascular disease, unspecified",circulatory system,8,#FF0000,VFD,1.2600203094122233e-4,0.000126,no,1.2619,1.1197,1.4203,1.26 (1.12 - 1.42),20367,387,19980
443.9,"Peripheral vascular disease, unspecified",circulatory system,8,#FF0000,VFI,0.9466447493495695,0.947,no,1.0046,0.877,1.1486,1.00 (0.88 - 1.15),20367,387,19980
447,Other disorders of arteries and arterioles,circulatory system,8,#FF0000,SFD,7.158442770719731e-8,7.16e-08,yes,1.3966,1.2342,1.574,1.40 (1.23 - 1.57),20236,256,19980
447,Other disorders of arteries and arterioles,circulatory system,8,#FF0000,SFI,0.19315673649975226,0.193,no,0.8517,0.6672,1.0818,0.85 (0.67 - 1.08),20236,256,19980
447,Other disorders of arteries and arterioles,circulatory system,8,#FF0000,VFD,9.637415407236791e-5,9.64e-05,no,1.3263,1.1498,1.5272,1.33 (1.15 - 1.53),20236,256,19980
447,Other disorders of arteries and arterioles,circulatory system,8,#FF0000,VFI,0.7538668019088297,0.754,no,1.029,0.8591,1.2281,1.03 (0.86 - 1.23),20236,256,19980
450,Noninfectious disorders of lymphatic channels,circulatory system,8,#FF0000,SFD,1.6573935765864125e-8,1.66e-08,yes,1.4496,1.2709,1.6449,1.45 (1.27 - 1.64),22560,240,22320
450,Noninfectious disorders of lymphatic channels,circulatory system,8,#FF0000,SFI,1.030803603398242e-6,1.03e-06,yes,0.5812,0.4668,0.7215,0.58 (0.47 - 0.72),22560,240,22320
450,Noninfectious disorders of lymphatic channels,circulatory system,8,#FF0000,VFD,7.205399044431853e-8,7.21e-08,yes,1.495,1.29,1.7287,1.49 (1.29 - 1.73),22560,240,22320
450,Noninfectious disorders of lymphatic channels,circulatory system,8,#FF0000,VFI,4.7540804152178387e-4,0.000475,no,0.7329,0.6144,0.8707,0.73 (0.61 - 0.87),22560,240,22320
452,Other venous embolism and thrombosis,circulatory system,8,#FF0000,SFD,3.167617976434583e-95,3.17e-95,yes,1.7379,1.6493,1.8312,1.74 (1.65 - 1.83),17747,1669,16078
452,Other venous embolism and thrombosis,circulatory system,8,#FF0000,SFI,9.204663381372977e-12,9.2e-12,yes,0.7258,0.6616,0.7955,0.73 (0.66 - 0.80),17747,1669,16078
452,Other venous embolism and thrombosis,circulatory system,8,#FF0000,VFD,7.513670297722668e-81,7.51e-81,yes,1.7777,1.6756,1.8863,1.78 (1.68 - 1.89),17747,1669,16078
452,Other venous embolism and thrombosis,circulatory system,8,#FF0000,VFI,5.773064665187075e-10,5.77e-10,yes,0.7834,0.725,0.846,0.78 (0.72 - 0.85),17747,1669,16078
452.2,Deep vein thrombosis [DVT],circulatory system,8,#FF0000,SFD,5.69377931039847e-66,5.69e-66,yes,1.8232,1.702,1.9524,1.82 (1.70 - 1.95),16928,850,16078
452.2,Deep vein thrombosis [DVT],circulatory system,8,#FF0000,SFI,7.787843585564541e-8,7.79e-08,yes,0.7042,0.6192,0.7997,0.70 (0.62 - 0.80),16928,850,16078
452.2,Deep vein thrombosis [DVT],circulatory system,8,#FF0000,VFD,2.2309126514243792e-42,2.23e-42,yes,1.75,1.6147,1.8964,1.75 (1.61 - 1.90),16928,850,16078
452.2,Deep vein thrombosis [DVT],circulatory system,8,#FF0000,VFI,1.5452926850115526e-6,1.55e-06,yes,0.7724,0.6947,0.8576,0.77 (0.69 - 0.86),16928,850,16078
454,Varicose veins,circulatory system,8,#FF0000,SFD,2.6497700047519846e-19,2.65e-19,yes,1.642,1.4714,1.8271,1.64 (1.47 - 1.83),16429,351,16078
454,Varicose veins,circulatory system,8,#FF0000,SFI,7.645114230760124e-6,7.65e-06,yes,0.6529,0.5409,0.7858,0.65 (0.54 - 0.79),16429,351,16078
454,Varicose veins,circulatory system,8,#FF0000,VFD,8.353687116109146e-25,8.35e-25,yes,1.887,1.6711,2.129,1.89 (1.67 - 2.13),16429,351,16078
454,Varicose veins,circulatory system,8,#FF0000,VFI,1.666409971993397e-6,1.67e-06,yes,0.6823,0.5827,0.7967,0.68 (0.58 - 0.80),16429,351,16078
454.1,Varicose veins of lower extremity,circulatory system,8,#FF0000,SFD,7.002556117370117e-6,7e-06,yes,1.4031,1.2066,1.6216,1.40 (1.21 - 1.62),16290,212,16078
454.1,Varicose veins of lower extremity,circulatory system,8,#FF0000,SFI,0.006091053581117838,0.00609,no,0.7186,0.5662,0.9079,0.72 (0.57 - 0.91),16290,212,16078
454.1,Varicose veins of lower extremity,circulatory system,8,#FF0000,VFD,9.23984768727806e-8,9.24e-08,yes,1.5514,1.3189,1.8206,1.55 (1.32 - 1.82),16290,212,16078
454.1,Varicose veins of lower extremity,circulatory system,8,#FF0000,VFI,2.2634975778609287e-4,0.000226,no,0.7001,0.578,0.8444,0.70 (0.58 - 0.84),16290,212,16078
455,Hemorrhoids,circulatory system,8,#FF0000,SFD,0.0014050233454312778,0.00141,no,1.1248,1.046,1.2083,1.12 (1.05 - 1.21),17165,1087,16078
455,Hemorrhoids,circulatory system,8,#FF0000,SFI,1.760043049009443e-4,0.000176,no,0.8009,0.7127,0.8989,0.80 (0.71 - 0.90),17165,1087,16078
455,Hemorrhoids,circulatory system,8,#FF0000,VFD,0.02443584216401846,0.0244,no,1.0901,1.011,1.1748,1.09 (1.01 - 1.17),17165,1087,16078
455,Hemorrhoids,circulatory system,8,#FF0000,VFI,0.6942981786615102,0.694,no,0.9817,0.8951,1.0758,0.98 (0.90 - 1.08),17165,1087,16078
457,"Encounter for long-term (current) use of anticoagulants, antithrombotics, aspirin",circulatory system,8,#FF0000,SFD,4.238823258440042e-18,4.24e-18,yes,1.3154,1.2361,1.3991,1.32 (1.24 - 1.40),17593,1515,16078
457,"Encounter for long-term (current) use of anticoagulants, antithrombotics, aspirin",circulatory system,8,#FF0000,SFI,0.027029621252254183,0.027,no,0.8935,0.8082,0.9869,0.89 (0.81 - 0.99),17593,1515,16078
457,"Encounter for long-term (current) use of anticoagulants, antithrombotics, aspirin",circulatory system,8,#FF0000,VFD,3.868157675844599e-9,3.87e-09,yes,1.2234,1.1439,1.3083,1.22 (1.14 - 1.31),17593,1515,16078
457,"Encounter for long-term (current) use of anticoagulants, antithrombotics, aspirin",circulatory system,8,#FF0000,VFI,0.8777560385290719,0.878,no,1.0059,0.9325,1.0847,1.01 (0.93 - 1.08),17593,1515,16078
457.2,Encounter for long-term (current) use of antiplatelets/antithrombotics,circulatory system,8,#FF0000,SFD,1.58032601169892e-6,1.58e-06,yes,1.4016,1.2181,1.605,1.40 (1.22 - 1.60),16323,245,16078
457.2,Encounter for long-term (current) use of antiplatelets/antithrombotics,circulatory system,8,#FF0000,SFI,0.7275627399200546,0.728,no,1.0425,0.8226,1.314,1.04 (0.82 - 1.31),16323,245,16078
457.2,Encounter for long-term (current) use of antiplatelets/antithrombotics,circulatory system,8,#FF0000,VFD,1.7742811501676373e-4,0.000177,no,1.3492,1.1524,1.5762,1.35 (1.15 - 1.58),16323,245,16078
457.2,Encounter for long-term (current) use of antiplatelets/antithrombotics,circulatory system,8,#FF0000,VFI,0.9838473655270862,0.984,no,0.9982,0.8373,1.1861,1.00 (0.84 - 1.19),16323,245,16078
457.3,Encounter for long-term (current) use of aspirin,circulatory system,8,#FF0000,SFD,7.432113790708096e-16,7.43e-16,yes,1.3141,1.2293,1.4039,1.31 (1.23 - 1.40),17359,1281,16078
457.3,Encounter for long-term (current) use of aspirin,circulatory system,8,#FF0000,SFI,0.02491969152047441,0.0249,no,0.8846,0.7943,0.9842,0.88 (0.79 - 0.98),17359,1281,16078
457.3,Encounter for long-term (current) use of aspirin,circulatory system,8,#FF0000,VFD,4.86415578870011e-8,4.86e-08,yes,1.2217,1.1368,1.3127,1.22 (1.14 - 1.31),17359,1281,16078
457.3,Encounter for long-term (current) use of aspirin,circulatory system,8,#FF0000,VFI,0.8101009367039752,0.81,no,0.9901,0.9123,1.0738,0.99 (0.91 - 1.07),17359,1281,16078
458,Hypotension,circulatory system,8,#FF0000,SFD,1.0286766031271144e-90,1.03e-90,yes,1.7957,1.6964,1.9005,1.80 (1.70 - 1.90),20647,1222,19425
458,Hypotension,circulatory system,8,#FF0000,SFI,3.4690479899351547e-15,3.47e-15,yes,0.6373,0.5694,0.7125,0.64 (0.57 - 0.71),20647,1222,19425
458,Hypotension,circulatory system,8,#FF0000,VFD,2.7362944679488377e-68,2.74e-68,yes,1.8196,1.7014,1.9462,1.82 (1.70 - 1.95),20647,1222,19425
458,Hypotension,circulatory system,8,#FF0000,VFI,2.608543223833646e-9,2.61e-09,yes,0.7634,0.6982,0.834,0.76 (0.70 - 0.83),20647,1222,19425
458.1,Orthostatic hypotension,circulatory system,8,#FF0000,SFD,4.246281111228323e-7,4.25e-07,yes,1.4203,1.2368,1.6233,1.42 (1.24 - 1.62),19631,206,19425
458.1,Orthostatic hypotension,circulatory system,8,#FF0000,SFI,0.08649751450316356,0.0865,no,0.7854,0.5939,1.0314,0.79 (0.59 - 1.03),19631,206,19425
458.1,Orthostatic hypotension,circulatory system,8,#FF0000,VFD,1.893617290891881e-5,1.89e-05,yes,1.4144,1.2055,1.6565,1.41 (1.21 - 1.66),19631,206,19425
458.1,Orthostatic hypotension,circulatory system,8,#FF0000,VFI,0.25111987902536814,0.251,no,0.8809,0.7073,1.0905,0.88 (0.71 - 1.09),19631,206,19425
458.9,Hypotension NOS,circulatory system,8,#FF0000,SFD,3.690790875717432e-88,3.69e-88,yes,1.9011,1.7843,2.0251,1.90 (1.78 - 2.03),20373,948,19425
458.9,Hypotension NOS,circulatory system,8,#FF0000,SFI,7.120318819673096e-15,7.12e-15,yes,0.6065,0.5344,0.6874,0.61 (0.53 - 0.69),20373,948,19425
458.9,Hypotension NOS,circulatory system,8,#FF0000,VFD,3.303746961451845e-66,3.3e-66,yes,1.9398,1.7986,2.0921,1.94 (1.80 - 2.09),20373,948,19425
458.9,Hypotension NOS,circulatory system,8,#FF0000,VFI,2.2978238797048388e-10,2.3e-10,yes,0.7246,0.6555,0.7999,0.72 (0.66 - 0.80),20373,948,19425
459,Other disorders of circulatory system,circulatory system,8,#FF0000,SFD,2.458396726830261e-49,2.46e-49,yes,1.7285,1.6067,1.858,1.73 (1.61 - 1.86),20177,752,19425
459,Other disorders of circulatory system,circulatory system,8,#FF0000,SFI,1.8579144145558195e-7,1.86e-07,yes,0.7027,0.6149,0.8017,0.70 (0.61 - 0.80),20177,752,19425
459,Other disorders of circulatory system,circulatory system,8,#FF0000,VFD,1.7788097228040269e-41,1.78e-41,yes,1.7902,1.6448,1.9481,1.79 (1.64 - 1.95),20177,752,19425
459,Other disorders of circulatory system,circulatory system,8,#FF0000,VFI,1.0873102871936173e-5,1.09e-05,yes,0.7846,0.7037,0.8735,0.78 (0.70 - 0.87),20177,752,19425
459.7,Blood vessel replaced,circulatory system,8,#FF0000,SFD,1.148022751459229e-17,1.15e-17,yes,1.8025,1.5715,2.0588,1.80 (1.57 - 2.06),19630,205,19425
459.7,Blood vessel replaced,circulatory system,8,#FF0000,SFI,0.26728401193897416,0.267,no,0.8725,0.684,1.1071,0.87 (0.68 - 1.11),19630,205,19425
459.7,Blood vessel replaced,circulatory system,8,#FF0000,VFD,2.2387019592432224e-14,2.24e-14,yes,1.8509,1.5789,2.1661,1.85 (1.58 - 2.17),19630,205,19425
459.7,Blood vessel replaced,circulatory system,8,#FF0000,VFI,1.2641811832921103e-4,0.000126,no,0.6658,0.5395,0.8178,0.67 (0.54 - 0.82),19630,205,19425
459.9,Circulatory disease NEC,circulatory system,8,#FF0000,SFD,2.18493907369181e-11,2.18e-11,yes,1.4797,1.3172,1.6571,1.48 (1.32 - 1.66),19758,333,19425
459.9,Circulatory disease NEC,circulatory system,8,#FF0000,SFI,0.0074042226383566195,0.0074,no,0.7698,0.6347,0.9308,0.77 (0.63 - 0.93),19758,333,19425
459.9,Circulatory disease NEC,circulatory system,8,#FF0000,VFD,8.600286014487018e-10,8.6e-10,yes,1.4971,1.3152,1.7022,1.50 (1.32 - 1.70),19758,333,19425
459.9,Circulatory disease NEC,circulatory system,8,#FF0000,VFI,0.6865308976740438,0.687,no,0.9695,0.8328,1.1256,0.97 (0.83 - 1.13),19758,333,19425
464,Acute sinusitis,respiratory,9,#8B3E2F,SFD,0.0025533915366421716,0.00255,no,0.8382,0.7494,0.9412,0.84 (0.75 - 0.94),21252,445,20807
464,Acute sinusitis,respiratory,9,#8B3E2F,SFI,0.7090673082997523,0.709,no,1.0311,0.8767,1.2097,1.03 (0.88 - 1.21),21252,445,20807
464,Acute sinusitis,respiratory,9,#8B3E2F,VFD,8.298103930889915e-4,0.00083,no,0.8217,0.7325,0.922,0.82 (0.73 - 0.92),21252,445,20807
464,Acute sinusitis,respiratory,9,#8B3E2F,VFI,0.18342347629634878,0.183,no,1.0937,0.9574,1.2466,1.09 (0.96 - 1.25),21252,445,20807
465,Acute upper respiratory infections of multiple or unspecified sites,respiratory,9,#8B3E2F,SFD,3.834070516527901e-5,3.83e-05,no,0.8651,0.8076,0.9271,0.87 (0.81 - 0.93),22042,1235,20807
465,Acute upper respiratory infections of multiple or unspecified sites,respiratory,9,#8B3E2F,SFI,0.014546476080338074,0.0145,no,1.1251,1.0232,1.2362,1.13 (1.02 - 1.24),22042,1235,20807
465,Acute upper respiratory infections of multiple or unspecified sites,respiratory,9,#8B3E2F,VFD,6.743996032948927e-8,6.74e-08,yes,0.8226,0.7661,0.8829,0.82 (0.77 - 0.88),22042,1235,20807
465,Acute upper respiratory infections of multiple or unspecified sites,respiratory,9,#8B3E2F,VFI,0.032464366063758666,0.0325,no,1.095,1.0072,1.1895,1.10 (1.01 - 1.19),22042,1235,20807
465.2,Acute pharyngitis,respiratory,9,#8B3E2F,SFD,0.02135656185024576,0.0214,no,0.8819,0.7936,0.9819,0.88 (0.79 - 0.98),21331,524,20807
465.2,Acute pharyngitis,respiratory,9,#8B3E2F,SFI,0.010825828842825382,0.0108,no,1.1985,1.0416,1.3762,1.20 (1.04 - 1.38),21331,524,20807
465.2,Acute pharyngitis,respiratory,9,#8B3E2F,VFD,0.0038705030965227247,0.00387,no,0.8547,0.7683,0.9508,0.85 (0.77 - 0.95),21331,524,20807
465.2,Acute pharyngitis,respiratory,9,#8B3E2F,VFI,0.5358438291687595,0.536,no,1.0427,0.9124,1.1887,1.04 (0.91 - 1.19),21331,524,20807
473,Diseases of the larynx and vocal cords,respiratory,9,#8B3E2F,SFD,0.6719603934092573,0.672,no,1.0239,0.9178,1.1411,1.02 (0.92 - 1.14),19968,373,19595
473,Diseases of the larynx and vocal cords,respiratory,9,#8B3E2F,SFI,0.5979455129883955,0.598,no,1.0513,0.8713,1.2636,1.05 (0.87 - 1.26),19968,373,19595
473,Diseases of the larynx and vocal cords,respiratory,9,#8B3E2F,VFD,0.4611773506485785,0.461,no,0.9556,0.8466,1.0776,0.96 (0.85 - 1.08),19968,373,19595
473,Diseases of the larynx and vocal cords,respiratory,9,#8B3E2F,VFI,0.4328373967431762,0.433,no,0.9411,0.8073,1.0936,0.94 (0.81 - 1.09),19968,373,19595
473.4,Voice disturbance,respiratory,9,#8B3E2F,SFD,0.6040993411944331,0.604,no,0.9675,0.8547,1.0958,0.97 (0.85 - 1.10),19885,290,19595
473.4,Voice disturbance,respiratory,9,#8B3E2F,SFI,0.4012055839423161,0.401,no,1.0927,0.8862,1.3405,1.09 (0.89 - 1.34),19885,290,19595
473.4,Voice disturbance,respiratory,9,#8B3E2F,VFD,0.15195348985844118,0.152,no,0.9046,0.7882,1.0369,0.90 (0.79 - 1.04),19885,290,19595
473.4,Voice disturbance,respiratory,9,#8B3E2F,VFI,0.7974730184744383,0.797,no,0.9782,0.8252,1.1552,0.98 (0.83 - 1.16),19885,290,19595
475,Chronic sinusitis,respiratory,9,#8B3E2F,SFD,0.6148591757832587,0.615,no,0.974,0.8793,1.0787,0.97 (0.88 - 1.08),20080,485,19595
475,Chronic sinusitis,respiratory,9,#8B3E2F,SFI,0.47585844908813785,0.476,no,0.9428,0.8009,1.1069,0.94 (0.80 - 1.11),20080,485,19595
475,Chronic sinusitis,respiratory,9,#8B3E2F,VFD,0.3305442748689301,0.331,no,0.9477,0.85,1.0554,0.95 (0.85 - 1.06),20080,485,19595
475,Chronic sinusitis,respiratory,9,#8B3E2F,VFI,0.3282273135983038,0.328,no,1.0676,0.9354,1.2158,1.07 (0.94 - 1.22),20080,485,19595
476,Allergic rhinitis,respiratory,9,#8B3E2F,SFD,1.0766817927126336e-4,0.000108,no,0.8455,0.7773,0.9212,0.85 (0.78 - 0.92),20314,719,19595
476,Allergic rhinitis,respiratory,9,#8B3E2F,SFI,0.5886695472741069,0.589,no,1.0361,0.9104,1.177,1.04 (0.91 - 1.18),20314,719,19595
476,Allergic rhinitis,respiratory,9,#8B3E2F,VFD,6.52160869039915e-4,0.000652,no,0.8534,0.7787,0.9345,0.85 (0.78 - 0.93),20314,719,19595
476,Allergic rhinitis,respiratory,9,#8B3E2F,VFI,0.3662565282223368,0.366,no,1.0506,0.9432,1.1687,1.05 (0.94 - 1.17),20314,719,19595
479,Other upper respiratory disease,respiratory,9,#8B3E2F,SFD,0.9832620774142654,0.983,no,0.9991,0.9167,1.0883,1.00 (0.92 - 1.09),20273,678,19595
479,Other upper respiratory disease,respiratory,9,#8B3E2F,SFI,0.24427676227030767,0.244,no,1.0805,0.9475,1.2297,1.08 (0.95 - 1.23),20273,678,19595
479,Other upper respiratory disease,respiratory,9,#8B3E2F,VFD,0.19719615619424977,0.197,no,0.9416,0.859,1.0314,0.94 (0.86 - 1.03),20273,678,19595
479,Other upper respiratory disease,respiratory,9,#8B3E2F,VFI,0.5985826287549835,0.599,no,1.0311,0.9193,1.1546,1.03 (0.92 - 1.15),20273,678,19595
480,Pneumonia,respiratory,9,#8B3E2F,SFD,1.7112567963354133e-32,1.71e-32,yes,1.3924,1.318,1.4703,1.39 (1.32 - 1.47),21739,1417,20322
480,Pneumonia,respiratory,9,#8B3E2F,SFI,0.006080193647554665,0.00608,no,0.8718,0.79,0.9611,0.87 (0.79 - 0.96),21739,1417,20322
480,Pneumonia,respiratory,9,#8B3E2F,VFD,1.8853936662449903e-14,1.89e-14,yes,1.2781,1.2002,1.3609,1.28 (1.20 - 1.36),21739,1417,20322
480,Pneumonia,respiratory,9,#8B3E2F,VFI,0.02088095061270117,0.0209,no,0.911,0.8414,0.9856,0.91 (0.84 - 0.99),21739,1417,20322
480.1,Bacterial pneumonia,respiratory,9,#8B3E2F,SFD,4.978909914575964e-9,4.98e-09,yes,1.4719,1.2905,1.6724,1.47 (1.29 - 1.67),20525,203,20322
480.1,Bacterial pneumonia,respiratory,9,#8B3E2F,SFI,0.09997851583824238,0.1,no,0.8099,0.628,1.0375,0.81 (0.63 - 1.04),20525,203,20322
480.1,Bacterial pneumonia,respiratory,9,#8B3E2F,VFD,2.4805875125760735e-6,2.48e-06,yes,1.4533,1.2427,1.6964,1.45 (1.24 - 1.70),20525,203,20322
480.1,Bacterial pneumonia,respiratory,9,#8B3E2F,VFI,0.039073408917186865,0.0391,no,0.7975,0.6413,0.9857,0.80 (0.64 - 0.99),20525,203,20322
483,Acute bronchitis and bronchiolitis,respiratory,9,#8B3E2F,SFD,0.023297666977711743,0.0233,no,0.8692,0.7725,0.9826,0.87 (0.77 - 0.98),20684,362,20322
483,Acute bronchitis and bronchiolitis,respiratory,9,#8B3E2F,SFI,0.049627466509420265,0.0496,no,1.1844,0.9987,1.4001,1.18 (1.00 - 1.40),20684,362,20322
483,Acute bronchitis and bronchiolitis,respiratory,9,#8B3E2F,VFD,2.279501085299921e-4,0.000228,no,0.7862,0.6921,0.8936,0.79 (0.69 - 0.89),20684,362,20322
483,Acute bronchitis and bronchiolitis,respiratory,9,#8B3E2F,VFI,0.07208379881641919,0.0721,no,1.1346,0.9875,1.3004,1.13 (0.99 - 1.30),20684,362,20322
495,Asthma,respiratory,9,#8B3E2F,SFD,0.0060734883196835255,0.00607,no,1.084,1.023,1.1479,1.08 (1.02 - 1.15),20524,1862,18662
495,Asthma,respiratory,9,#8B3E2F,SFI,0.013954558365172207,0.014,no,1.1011,1.0195,1.1886,1.10 (1.02 - 1.19),20524,1862,18662
495,Asthma,respiratory,9,#8B3E2F,VFD,0.9630163123957954,0.963,no,0.9986,0.9412,1.0593,1.00 (0.94 - 1.06),20524,1862,18662
495,Asthma,respiratory,9,#8B3E2F,VFI,0.008966120597196411,0.00897,no,1.0901,1.0216,1.1628,1.09 (1.02 - 1.16),20524,1862,18662
495.2,Asthma with exacerbation,respiratory,9,#8B3E2F,SFD,0.3590115481472227,0.359,no,0.941,0.8262,1.07,0.94 (0.83 - 1.07),19038,376,18662
495.2,Asthma with exacerbation,respiratory,9,#8B3E2F,SFI,0.2134881686679387,0.213,no,1.1095,0.9408,1.3052,1.11 (0.94 - 1.31),19038,376,18662
495.2,Asthma with exacerbation,respiratory,9,#8B3E2F,VFD,0.0012706936883683474,0.00127,no,0.81,0.7128,0.9209,0.81 (0.71 - 0.92),19038,376,18662
495.2,Asthma with exacerbation,respiratory,9,#8B3E2F,VFI,0.002547940518852333,0.00255,no,1.2263,1.073,1.3987,1.23 (1.07 - 1.40),19038,376,18662
496,Chronic airway obstruction,respiratory,9,#8B3E2F,SFD,3.999398007614531e-8,4e-08,yes,1.1956,1.1214,1.2739,1.20 (1.12 - 1.27),19776,1114,18662
496,Chronic airway obstruction,respiratory,9,#8B3E2F,SFI,8.085350252639042e-4,0.000809,no,0.8221,0.7327,0.9214,0.82 (0.73 - 0.92),19776,1114,18662
496,Chronic airway obstruction,respiratory,9,#8B3E2F,VFD,3.4844988263724524e-5,3.48e-05,no,1.1638,1.083,1.2503,1.16 (1.08 - 1.25),19776,1114,18662
496,Chronic airway obstruction,respiratory,9,#8B3E2F,VFI,0.7668993621118796,0.767,no,0.9872,0.9065,1.0743,0.99 (0.91 - 1.07),19776,1114,18662
496.1,Emphysema,respiratory,9,#8B3E2F,SFD,0.01909361435620426,0.0191,no,1.1736,1.0246,1.3389,1.17 (1.02 - 1.34),18880,218,18662
496.1,Emphysema,respiratory,9,#8B3E2F,SFI,0.39356320881720663,0.394,no,0.8925,0.6853,1.1551,0.89 (0.69 - 1.16),18880,218,18662
496.1,Emphysema,respiratory,9,#8B3E2F,VFD,0.030811937116431973,0.0308,no,1.1836,1.0147,1.3778,1.18 (1.01 - 1.38),18880,218,18662
496.1,Emphysema,respiratory,9,#8B3E2F,VFI,0.08769954989107881,0.0877,no,0.8387,0.6836,1.0237,0.84 (0.68 - 1.02),18880,218,18662
496.2,Chronic bronchitis,respiratory,9,#8B3E2F,SFD,0.08963847088685384,0.0896,no,1.1104,0.9823,1.251,1.11 (0.98 - 1.25),18986,324,18662
496.2,Chronic bronchitis,respiratory,9,#8B3E2F,SFI,0.8485815120441885,0.849,no,0.981,0.8047,1.192,0.98 (0.80 - 1.19),18986,324,18662
496.2,Chronic bronchitis,respiratory,9,#8B3E2F,VFD,0.4418189704383096,0.442,no,1.0537,0.9215,1.2031,1.05 (0.92 - 1.20),18986,324,18662
496.2,Chronic bronchitis,respiratory,9,#8B3E2F,VFI,0.38327919034657215,0.383,no,1.0656,0.9227,1.2279,1.07 (0.92 - 1.23),18986,324,18662
496.21,Obstructive chronic bronchitis,respiratory,9,#8B3E2F,SFD,0.16397715586241346,0.164,no,1.1007,0.9596,1.2571,1.10 (0.96 - 1.26),18930,268,18662
496.21,Obstructive chronic bronchitis,respiratory,9,#8B3E2F,SFI,0.3476134432806306,0.348,no,1.1057,0.8948,1.361,1.11 (0.89 - 1.36),18930,268,18662
496.21,Obstructive chronic bronchitis,respiratory,9,#8B3E2F,VFD,0.6467686700711528,0.647,no,1.0353,0.8917,1.1996,1.04 (0.89 - 1.20),18930,268,18662
496.21,Obstructive chronic bronchitis,respiratory,9,#8B3E2F,VFI,0.4343070761758077,0.434,no,1.0634,0.9104,1.2389,1.06 (0.91 - 1.24),18930,268,18662
496.3,Bronchiectasis,respiratory,9,#8B3E2F,SFD,0.3394711065150782,0.339,no,1.0668,0.9338,1.2165,1.07 (0.93 - 1.22),18865,203,18662
496.3,Bronchiectasis,respiratory,9,#8B3E2F,SFI,0.6228417649826132,0.623,no,0.9273,0.6835,1.2467,0.93 (0.68 - 1.25),18865,203,18662
496.3,Bronchiectasis,respiratory,9,#8B3E2F,VFD,0.8225639666970466,0.823,no,0.9822,0.8392,1.1486,0.98 (0.84 - 1.15),18865,203,18662
496.3,Bronchiectasis,respiratory,9,#8B3E2F,VFI,0.49652418791453573,0.497,no,1.0822,0.8584,1.3536,1.08 (0.86 - 1.35),18865,203,18662
501,Pneumonitis due to inhalation of food or vomitus,respiratory,9,#8B3E2F,SFD,5.824901176058366e-44,5.82e-44,yes,2.1026,1.8927,2.3341,2.10 (1.89 - 2.33),17696,352,17344
501,Pneumonitis due to inhalation of food or vomitus,respiratory,9,#8B3E2F,SFI,4.883793702523104e-7,4.88e-07,yes,0.5552,0.4405,0.6967,0.56 (0.44 - 0.70),17696,352,17344
501,Pneumonitis due to inhalation of food or vomitus,respiratory,9,#8B3E2F,VFD,3.3198445887822155e-18,3.32e-18,yes,1.7624,1.5509,2.0021,1.76 (1.55 - 2.00),17696,352,17344
501,Pneumonitis due to inhalation of food or vomitus,respiratory,9,#8B3E2F,VFI,3.330992463911736e-5,3.33e-05,no,0.7012,0.5918,0.8277,0.70 (0.59 - 0.83),17696,352,17344
503,Pulmonary congestion and hypostasis,respiratory,9,#8B3E2F,SFD,3.0081407765091095e-147,3.01e-147,yes,2.7673,2.5624,2.9904,2.77 (2.56 - 2.99),18065,721,17344
503,Pulmonary congestion and hypostasis,respiratory,9,#8B3E2F,SFI,5.078478154498728e-26,5.08e-26,yes,0.4568,0.3946,0.5279,0.46 (0.39 - 0.53),18065,721,17344
503,Pulmonary congestion and hypostasis,respiratory,9,#8B3E2F,VFD,2.815809330528285e-104,2.82e-104,yes,2.6873,2.4583,2.9394,2.69 (2.46 - 2.94),18065,721,17344
503,Pulmonary congestion and hypostasis,respiratory,9,#8B3E2F,VFI,5.4049067678220595e-15,5.4e-15,yes,0.6344,0.5655,0.7104,0.63 (0.57 - 0.71),18065,721,17344
506,Empyema and pneumothorax,respiratory,9,#8B3E2F,SFD,1.8564057336127184e-40,1.86e-40,yes,1.8903,1.7202,2.075,1.89 (1.72 - 2.08),17765,421,17344
506,Empyema and pneumothorax,respiratory,9,#8B3E2F,SFI,3.7394446536718135e-12,3.74e-12,yes,0.4755,0.3849,0.5854,0.48 (0.38 - 0.59),17765,421,17344
506,Empyema and pneumothorax,respiratory,9,#8B3E2F,VFD,1.9726431724196075e-26,1.97e-26,yes,1.8459,1.6485,2.0663,1.85 (1.65 - 2.07),17765,421,17344
506,Empyema and pneumothorax,respiratory,9,#8B3E2F,VFI,4.264764435037865e-9,4.26e-09,yes,0.5976,0.5023,0.7083,0.60 (0.50 - 0.71),17765,421,17344
507,Pleurisy; pleural effusion,respiratory,9,#8B3E2F,SFD,3.333103666495175e-268,3.33e-268,yes,2.4,2.2856,2.5211,2.40 (2.29 - 2.52),19638,2294,17344
507,Pleurisy; pleural effusion,respiratory,9,#8B3E2F,SFI,7.42754624023362e-63,7.43e-63,yes,0.4595,0.4194,0.5031,0.46 (0.42 - 0.50),19638,2294,17344
507,Pleurisy; pleural effusion,respiratory,9,#8B3E2F,VFD,5.065295025553428e-211,5.07e-211,yes,2.3847,2.2576,2.5198,2.38 (2.26 - 2.52),19638,2294,17344
507,Pleurisy; pleural effusion,respiratory,9,#8B3E2F,VFI,4.511165192073588e-37,4.51e-37,yes,0.631,0.5875,0.6771,0.63 (0.59 - 0.68),19638,2294,17344
508,Pulmonary collapse; interstitial and compensatory emphysema,respiratory,9,#8B3E2F,SFD,3.2362293039728667e-150,3.24e-150,yes,2.2826,2.1456,2.4288,2.28 (2.15 - 2.43),18557,1213,17344
508,Pulmonary collapse; interstitial and compensatory emphysema,respiratory,9,#8B3E2F,SFI,3.0631081623172412e-24,3.06e-24,yes,0.5616,0.5021,0.6273,0.56 (0.50 - 0.63),18557,1213,17344
508,Pulmonary collapse; interstitial and compensatory emphysema,respiratory,9,#8B3E2F,VFD,6.561652309372361e-100,6.56e-100,yes,2.1339,1.9898,2.2889,2.13 (1.99 - 2.29),18557,1213,17344
508,Pulmonary collapse; interstitial and compensatory emphysema,respiratory,9,#8B3E2F,VFI,8.525311903474585e-12,8.53e-12,yes,0.7361,0.6738,0.8033,0.74 (0.67 - 0.80),18557,1213,17344
509,"Respiratory failure, insufficiency, arrest",respiratory,9,#8B3E2F,SFD,3.531337214464131e-160,3.53e-160,yes,2.4092,2.2603,2.5686,2.41 (2.26 - 2.57),18542,1198,17344
509,"Respiratory failure, insufficiency, arrest",respiratory,9,#8B3E2F,SFI,1.2941597401160824e-22,1.29e-22,yes,0.5779,0.5174,0.6446,0.58 (0.52 - 0.64),18542,1198,17344
509,"Respiratory failure, insufficiency, arrest",respiratory,9,#8B3E2F,VFD,3.177111015854004e-96,3.18e-96,yes,2.1469,1.9981,2.3073,2.15 (2.00 - 2.31),18542,1198,17344
509,"Respiratory failure, insufficiency, arrest",respiratory,9,#8B3E2F,VFI,1.6718821931897869e-10,1.67e-10,yes,0.7541,0.6912,0.8219,0.75 (0.69 - 0.82),18542,1198,17344
509.1,Respiratory failure,respiratory,9,#8B3E2F,SFD,1.7891331782916788e-142,1.79e-142,yes,2.3975,2.2414,2.5651,2.40 (2.24 - 2.57),18378,1034,17344
509.1,Respiratory failure,respiratory,9,#8B3E2F,SFI,3.4486273273647993e-22,3.45e-22,yes,0.5574,0.4948,0.6269,0.56 (0.49 - 0.63),18378,1034,17344
509.1,Respiratory failure,respiratory,9,#8B3E2F,VFD,3.760176278136766e-86,3.76e-86,yes,2.159,1.9998,2.3313,2.16 (2.00 - 2.33),18378,1034,17344
509.1,Respiratory failure,respiratory,9,#8B3E2F,VFI,7.588369889293165e-10,7.59e-10,yes,0.748,0.6815,0.82,0.75 (0.68 - 0.82),18378,1034,17344
509.8,Dependence on respirator [Ventilator] or supplemental oxygen,respiratory,9,#8B3E2F,SFD,4.605622548929993e-23,4.61e-23,yes,1.9064,1.6746,2.1632,1.91 (1.67 - 2.16),17583,239,17344
509.8,Dependence on respirator [Ventilator] or supplemental oxygen,respiratory,9,#8B3E2F,SFI,0.15798133352244578,0.158,no,0.846,0.6687,1.0636,0.85 (0.67 - 1.06),17583,239,17344
509.8,Dependence on respirator [Ventilator] or supplemental oxygen,respiratory,9,#8B3E2F,VFD,1.7882502865242953e-8,1.79e-08,yes,1.5557,1.3327,1.8128,1.56 (1.33 - 1.81),17583,239,17344
509.8,Dependence on respirator [Ventilator] or supplemental oxygen,respiratory,9,#8B3E2F,VFI,0.5837348874153285,0.584,no,1.0514,0.8769,1.2552,1.05 (0.88 - 1.26),17583,239,17344
510,Other diseases of lung,respiratory,9,#8B3E2F,SFD,4.431112186720004e-6,4.43e-06,yes,1.2381,1.1294,1.3552,1.24 (1.13 - 1.36),22104,468,21636
510,Other diseases of lung,respiratory,9,#8B3E2F,SFI,0.027689199658980115,0.0277,no,0.8236,0.6917,0.9772,0.82 (0.69 - 0.98),22104,468,21636
510,Other diseases of lung,respiratory,9,#8B3E2F,VFD,0.01985176846951725,0.0199,no,1.1345,1.0198,1.261,1.13 (1.02 - 1.26),22104,468,21636
510,Other diseases of lung,respiratory,9,#8B3E2F,VFI,0.8007834056985585,0.801,no,1.0185,0.8822,1.1726,1.02 (0.88 - 1.17),22104,468,21636
512,Other symptoms of respiratory system,respiratory,9,#8B3E2F,SFD,7.26185257964428e-38,7.26e-38,yes,1.2676,1.2226,1.3142,1.27 (1.22 - 1.31),21132,5061,16071
512,Other symptoms of respiratory system,respiratory,9,#8B3E2F,SFI,0.11596267302271934,0.116,no,0.9568,0.9054,1.0109,0.96 (0.91 - 1.01),21132,5061,16071
512,Other symptoms of respiratory system,respiratory,9,#8B3E2F,VFD,1.7693830382257546e-14,1.77e-14,yes,1.1608,1.1174,1.2059,1.16 (1.12 - 1.21),21132,5061,16071
512,Other symptoms of respiratory system,respiratory,9,#8B3E2F,VFI,0.437701997570064,0.438,no,0.9822,0.9386,1.0277,0.98 (0.94 - 1.03),21132,5061,16071
512.1,Wheezing,respiratory,9,#8B3E2F,SFD,0.8291961594026345,0.829,no,1.0186,0.8615,1.2003,1.02 (0.86 - 1.20),16286,215,16071
512.1,Wheezing,respiratory,9,#8B3E2F,SFI,6.180928747803853e-5,6.18e-05,no,1.5523,1.2482,1.9194,1.55 (1.25 - 1.92),16286,215,16071
512.1,Wheezing,respiratory,9,#8B3E2F,VFD,0.239863704322741,0.24,no,0.9006,0.7554,1.0708,0.90 (0.76 - 1.07),16286,215,16071
512.1,Wheezing,respiratory,9,#8B3E2F,VFI,0.18681535909833583,0.187,no,1.1294,0.9406,1.3501,1.13 (0.94 - 1.35),16286,215,16071
512.2,Painful respiration,respiratory,9,#8B3E2F,SFD,0.005184938691764777,0.00518,no,1.1807,1.0491,1.3241,1.18 (1.05 - 1.32),16444,373,16071
512.2,Painful respiration,respiratory,9,#8B3E2F,SFI,0.6658725399752043,0.666,no,0.9604,0.7982,1.1517,0.96 (0.80 - 1.15),16444,373,16071
512.2,Painful respiration,respiratory,9,#8B3E2F,VFD,0.08959505818496837,0.0896,no,1.1136,0.983,1.2602,1.11 (0.98 - 1.26),16444,373,16071
512.2,Painful respiration,respiratory,9,#8B3E2F,VFI,0.28559531834619944,0.286,no,0.9188,0.7853,1.0716,0.92 (0.79 - 1.07),16444,373,16071
512.7,Shortness of breath,respiratory,9,#8B3E2F,SFD,1.7737816235928415e-57,1.77e-57,yes,1.4153,1.3562,1.4768,1.42 (1.36 - 1.48),19139,3068,16071
512.7,Shortness of breath,respiratory,9,#8B3E2F,SFI,0.03438410394038377,0.0344,no,0.9303,0.8699,0.9945,0.93 (0.87 - 0.99),19139,3068,16071
512.7,Shortness of breath,respiratory,9,#8B3E2F,VFD,1.7420031885899057e-27,1.74e-27,yes,1.2926,1.2341,1.3539,1.29 (1.23 - 1.35),19139,3068,16071
512.7,Shortness of breath,respiratory,9,#8B3E2F,VFI,0.03171121722080946,0.0317,no,0.9416,0.8912,0.9946,0.94 (0.89 - 0.99),19139,3068,16071
512.8,Cough,respiratory,9,#8B3E2F,SFD,0.047674742712090504,0.0477,no,1.0552,1.0005,1.1126,1.06 (1.00 - 1.11),18221,2150,16071
512.8,Cough,respiratory,9,#8B3E2F,SFI,0.30743852121631976,0.307,no,1.0429,0.9619,1.1301,1.04 (0.96 - 1.13),18221,2150,16071
512.8,Cough,respiratory,9,#8B3E2F,VFD,0.14916553653763406,0.149,no,0.9599,0.9079,1.0147,0.96 (0.91 - 1.01),18221,2150,16071
512.8,Cough,respiratory,9,#8B3E2F,VFI,0.029510905237786655,0.0295,no,1.0746,1.007,1.1463,1.07 (1.01 - 1.15),18221,2150,16071
512.9,Other dyspnea,respiratory,9,#8B3E2F,SFD,2.8111598137215234e-27,2.81e-27,yes,1.3803,1.3016,1.4629,1.38 (1.30 - 1.46),17523,1452,16071
512.9,Other dyspnea,respiratory,9,#8B3E2F,SFI,3.092833583910359e-4,0.000309,no,0.836,0.7581,0.921,0.84 (0.76 - 0.92),17523,1452,16071
512.9,Other dyspnea,respiratory,9,#8B3E2F,VFD,1.9586847001313525e-9,1.96e-09,yes,1.221,1.1438,1.3031,1.22 (1.14 - 1.30),17523,1452,16071
512.9,Other dyspnea,respiratory,9,#8B3E2F,VFI,0.384581924372707,0.385,no,1.0337,0.9591,1.1135,1.03 (0.96 - 1.11),17523,1452,16071
513,Respiratory abnormalities,respiratory,9,#8B3E2F,SFD,5.348565320387974e-13,5.35e-13,yes,1.5129,1.3496,1.6901,1.51 (1.35 - 1.69),22251,302,21949
513,Respiratory abnormalities,respiratory,9,#8B3E2F,SFI,0.00626370197086111,0.00626,no,0.7774,0.648,0.9298,0.78 (0.65 - 0.93),22251,302,21949
513,Respiratory abnormalities,respiratory,9,#8B3E2F,VFD,6.910925954867224e-6,6.91e-06,yes,1.3477,1.1822,1.5335,1.35 (1.18 - 1.53),22251,302,21949
513,Respiratory abnormalities,respiratory,9,#8B3E2F,VFI,0.4562518646979547,0.456,no,1.0586,0.9101,1.228,1.06 (0.91 - 1.23),22251,302,21949
514,Abnormal findings examination of lungs,respiratory,9,#8B3E2F,SFD,1.1984928004817441e-178,1.2e-178,yes,1.7998,1.7287,1.8743,1.80 (1.73 - 1.87),19669,4306,15363
514,Abnormal findings examination of lungs,respiratory,9,#8B3E2F,SFI,4.990911191375554e-38,4.99e-38,yes,0.6467,0.6051,0.6908,0.65 (0.61 - 0.69),19669,4306,15363
514,Abnormal findings examination of lungs,respiratory,9,#8B3E2F,VFD,1.7116859915106295e-125,1.71e-125,yes,1.6786,1.6087,1.7518,1.68 (1.61 - 1.75),19669,4306,15363
514,Abnormal findings examination of lungs,respiratory,9,#8B3E2F,VFI,9.984653709490794e-12,9.98e-12,yes,0.8351,0.7928,0.8795,0.84 (0.79 - 0.88),19669,4306,15363
514.2,Solitary pulmonary nodule,respiratory,9,#8B3E2F,SFD,5.577932642688035e-6,5.58e-06,yes,1.2043,1.1108,1.304,1.20 (1.11 - 1.30),16277,914,15363
514.2,Solitary pulmonary nodule,respiratory,9,#8B3E2F,SFI,1.1428483585673458e-7,1.14e-07,yes,0.7039,0.6178,0.8009,0.70 (0.62 - 0.80),16277,914,15363
514.2,Solitary pulmonary nodule,respiratory,9,#8B3E2F,VFD,2.356474316240141e-5,2.36e-05,no,1.1944,1.0997,1.2966,1.19 (1.10 - 1.30),16277,914,15363
514.2,Solitary pulmonary nodule,respiratory,9,#8B3E2F,VFI,0.017080060765906572,0.0171,no,0.8863,0.8021,0.9782,0.89 (0.80 - 0.98),16277,914,15363
519,"Other diseases of respiratory system, not elsewhere classified",respiratory,9,#8B3E2F,SFD,1.709731244747438e-7,1.71e-07,yes,1.28,1.1655,1.4025,1.28 (1.17 - 1.40),22287,464,21823
519,"Other diseases of respiratory system, not elsewhere classified",respiratory,9,#8B3E2F,SFI,0.009586627838745952,0.00959,no,0.8017,0.6773,0.9463,0.80 (0.68 - 0.95),22287,464,21823
519,"Other diseases of respiratory system, not elsewhere classified",respiratory,9,#8B3E2F,VFD,3.86463291337861e-6,3.86e-06,yes,1.2786,1.1514,1.4185,1.28 (1.15 - 1.42),22287,464,21823
519,"Other diseases of respiratory system, not elsewhere classified",respiratory,9,#8B3E2F,VFI,0.0036385968034197695,0.00364,no,0.8111,0.7034,0.9328,0.81 (0.70 - 0.93),22287,464,21823
519.9,Symptoms involving respiratory system and other chest symptoms,respiratory,9,#8B3E2F,SFD,0.0020135228521229163,0.00201,no,1.2165,1.0721,1.3747,1.22 (1.07 - 1.37),22077,254,21823
519.9,Symptoms involving respiratory system and other chest symptoms,respiratory,9,#8B3E2F,SFI,0.06407131475848518,0.0641,no,0.8013,0.6322,1.0101,0.80 (0.63 - 1.01),22077,254,21823
519.9,Symptoms involving respiratory system and other chest symptoms,respiratory,9,#8B3E2F,VFD,0.0037827363148351762,0.00378,no,1.2295,1.0682,1.413,1.23 (1.07 - 1.41),22077,254,21823
519.9,Symptoms involving respiratory system and other chest symptoms,respiratory,9,#8B3E2F,VFI,0.06702739107606719,0.067,no,0.8347,0.6862,1.0102,0.83 (0.69 - 1.01),22077,254,21823
528,"Diseases of the oral soft tissues, excluding lesions specific for gingiva and tongue",digestive,10,#458B00,SFD,1.2265114992611296e-4,0.000123,no,1.2314,1.1058,1.3674,1.23 (1.11 - 1.37),22231,348,21883
528,"Diseases of the oral soft tissues, excluding lesions specific for gingiva and tongue",digestive,10,#458B00,SFI,0.06562900231127455,0.0656,no,0.8248,0.6704,1.0101,0.82 (0.67 - 1.01),22231,348,21883
528,"Diseases of the oral soft tissues, excluding lesions specific for gingiva and tongue",digestive,10,#458B00,VFD,0.019846458691159554,0.0198,no,1.1569,1.0228,1.3072,1.16 (1.02 - 1.31),22231,348,21883
528,"Diseases of the oral soft tissues, excluding lesions specific for gingiva and tongue",digestive,10,#458B00,VFI,0.7633602012412,0.763,no,0.9742,0.82,1.1526,0.97 (0.82 - 1.15),22231,348,21883
530,Diseases of esophagus,digestive,10,#458B00,SFD,2.1255915853554453e-14,2.13e-14,yes,1.1598,1.1165,1.2047,1.16 (1.12 - 1.20),20106,4655,15451
530,Diseases of esophagus,digestive,10,#458B00,SFI,0.29490684087664304,0.295,no,1.0311,0.9736,1.0918,1.03 (0.97 - 1.09),20106,4655,15451
530,Diseases of esophagus,digestive,10,#458B00,VFD,5.5315716753110966e-5,5.53e-05,no,1.085,1.0428,1.1288,1.08 (1.04 - 1.13),20106,4655,15451
530,Diseases of esophagus,digestive,10,#458B00,VFI,0.14537043370684297,0.145,no,1.0356,0.9879,1.0854,1.04 (0.99 - 1.09),20106,4655,15451
530.1,"Esophagitis, GERD and related diseases",digestive,10,#458B00,SFD,2.540296878835271e-5,2.54e-05,no,1.0902,1.0472,1.1348,1.09 (1.05 - 1.13),19660,4209,15451
530.1,"Esophagitis, GERD and related diseases",digestive,10,#458B00,SFI,0.021554171746059003,0.0216,no,1.0723,1.0102,1.1379,1.07 (1.01 - 1.14),19660,4209,15451
530.1,"Esophagitis, GERD and related diseases",digestive,10,#458B00,VFD,0.8288630299610958,0.829,no,0.9954,0.9545,1.038,1.00 (0.95 - 1.04),19660,4209,15451
530.1,"Esophagitis, GERD and related diseases",digestive,10,#458B00,VFI,0.007786026557419249,0.00779,no,1.0684,1.0175,1.1217,1.07 (1.02 - 1.12),19660,4209,15451
530.11,GERD,digestive,10,#458B00,SFD,0.00412449653473799,0.00412,no,1.0654,1.0201,1.1123,1.07 (1.02 - 1.11),19021,3570,15451
530.11,GERD,digestive,10,#458B00,SFI,0.0038682122407983225,0.00387,no,1.0976,1.0303,1.169,1.10 (1.03 - 1.17),19021,3570,15451
530.11,GERD,digestive,10,#458B00,VFD,0.12608043422973775,0.126,no,0.9655,0.923,1.0099,0.97 (0.92 - 1.01),19021,3570,15451
530.11,GERD,digestive,10,#458B00,VFI,0.004922506225329326,0.00492,no,1.0771,1.0227,1.1343,1.08 (1.02 - 1.13),19021,3570,15451
530.14,Reflux esophagitis,digestive,10,#458B00,SFD,0.41301605451746304,0.413,no,1.0412,0.9444,1.1459,1.04 (0.94 - 1.15),16065,614,15451
530.14,Reflux esophagitis,digestive,10,#458B00,SFI,0.445038215993844,0.445,no,1.0593,0.9127,1.2269,1.06 (0.91 - 1.23),16065,614,15451
530.14,Reflux esophagitis,digestive,10,#458B00,VFD,0.29391548706588644,0.294,no,0.9482,0.8583,1.047,0.95 (0.86 - 1.05),16065,614,15451
530.14,Reflux esophagitis,digestive,10,#458B00,VFI,0.1090893827278868,0.109,no,1.0983,0.9786,1.231,1.10 (0.98 - 1.23),16065,614,15451
530.2,Esophageal bleeding (varices/hemorrhage),digestive,10,#458B00,SFD,7.778325860846973e-51,7.78e-51,yes,1.9521,1.7877,2.1294,1.95 (1.79 - 2.13),15906,455,15451
530.2,Esophageal bleeding (varices/hemorrhage),digestive,10,#458B00,SFI,4.7647764582993376e-7,4.76e-07,yes,0.6414,0.5389,0.7614,0.64 (0.54 - 0.76),15906,455,15451
530.2,Esophageal bleeding (varices/hemorrhage),digestive,10,#458B00,VFD,2.543882678660543e-77,2.54e-77,yes,2.6707,2.4089,2.9629,2.67 (2.41 - 2.96),15906,455,15451
530.2,Esophageal bleeding (varices/hemorrhage),digestive,10,#458B00,VFI,3.5795265475760793e-10,3.58e-10,yes,0.6305,0.5452,0.7274,0.63 (0.55 - 0.73),15906,455,15451
530.9,Heartburn,digestive,10,#458B00,SFD,0.02798003231120979,0.028,no,0.8139,0.6779,0.9766,0.81 (0.68 - 0.98),15657,206,15451
530.9,Heartburn,digestive,10,#458B00,SFI,0.07313239384521301,0.0731,no,1.2495,0.9757,1.5879,1.25 (0.98 - 1.59),15657,206,15451
530.9,Heartburn,digestive,10,#458B00,VFD,0.007700406253459304,0.0077,no,0.7919,0.6675,0.9404,0.79 (0.67 - 0.94),15657,206,15451
530.9,Heartburn,digestive,10,#458B00,VFI,0.5967834076620253,0.597,no,1.057,0.8584,1.2947,1.06 (0.86 - 1.29),15657,206,15451
531,Peptic ulcer (excl. esophageal),digestive,10,#458B00,SFD,5.567311330099051e-19,5.57e-19,yes,1.3905,1.2923,1.4943,1.39 (1.29 - 1.49),22217,731,21486
531,Peptic ulcer (excl. esophageal),digestive,10,#458B00,SFI,0.005644494155203193,0.00564,no,0.8275,0.723,0.9454,0.83 (0.72 - 0.95),22217,731,21486
531,Peptic ulcer (excl. esophageal),digestive,10,#458B00,VFD,3.969606502541375e-15,3.97e-15,yes,1.4019,1.2883,1.5248,1.40 (1.29 - 1.52),22217,731,21486
531,Peptic ulcer (excl. esophageal),digestive,10,#458B00,VFI,0.006838563390019875,0.00684,no,0.8608,0.7716,0.9588,0.86 (0.77 - 0.96),22217,731,21486
531.2,Gastric ulcer,digestive,10,#458B00,SFD,7.784880234203389e-10,7.78e-10,yes,1.4881,1.3081,1.6856,1.49 (1.31 - 1.69),21700,214,21486
531.2,Gastric ulcer,digestive,10,#458B00,SFI,0.059698287243424616,0.0597,no,0.7898,0.6161,1.0066,0.79 (0.62 - 1.01),21700,214,21486
531.2,Gastric ulcer,digestive,10,#458B00,VFD,1.3328303705951938e-7,1.33e-07,yes,1.5091,1.294,1.757,1.51 (1.29 - 1.76),21700,214,21486
531.2,Gastric ulcer,digestive,10,#458B00,VFI,0.09251031635268094,0.0925,no,0.8392,0.6821,1.0264,0.84 (0.68 - 1.03),21700,214,21486
531.4,"Peptic ulcer, site unspecified",digestive,10,#458B00,SFD,3.2503870689162004e-7,3.25e-07,yes,1.3417,1.1964,1.4992,1.34 (1.20 - 1.50),21783,297,21486
531.4,"Peptic ulcer, site unspecified",digestive,10,#458B00,SFI,0.17373934351390602,0.174,no,0.8663,0.7031,1.063,0.87 (0.70 - 1.06),21783,297,21486
531.4,"Peptic ulcer, site unspecified",digestive,10,#458B00,VFD,2.7924816558119416e-6,2.79e-06,yes,1.3654,1.1977,1.5542,1.37 (1.20 - 1.55),21783,297,21486
531.4,"Peptic ulcer, site unspecified",digestive,10,#458B00,VFI,0.14698477209963648,0.147,no,0.8844,0.7477,1.0421,0.88 (0.75 - 1.04),21783,297,21486
532,Dysphagia,digestive,10,#458B00,SFD,1.2759572583740965e-14,1.28e-14,yes,1.2949,1.2121,1.3824,1.29 (1.21 - 1.38),16514,1063,15451
532,Dysphagia,digestive,10,#458B00,SFI,0.6392930161382938,0.639,no,0.9723,0.8639,1.0928,0.97 (0.86 - 1.09),16514,1063,15451
532,Dysphagia,digestive,10,#458B00,VFD,5.521753302109508e-4,0.000552,no,1.1406,1.0584,1.2288,1.14 (1.06 - 1.23),16514,1063,15451
532,Dysphagia,digestive,10,#458B00,VFI,0.09983801308523577,0.0998,no,0.9244,0.8414,1.0146,0.92 (0.84 - 1.01),16514,1063,15451
535,Gastritis and duodenitis,digestive,10,#458B00,SFD,0.25572604549349504,0.256,no,1.0377,0.9732,1.1058,1.04 (0.97 - 1.11),20257,1400,18857
535,Gastritis and duodenitis,digestive,10,#458B00,SFI,0.19022314787604674,0.19,no,1.0659,0.9684,1.1722,1.07 (0.97 - 1.17),20257,1400,18857
535,Gastritis and duodenitis,digestive,10,#458B00,VFD,0.3670095742385115,0.367,no,0.9697,0.9069,1.0365,0.97 (0.91 - 1.04),20257,1400,18857
535,Gastritis and duodenitis,digestive,10,#458B00,VFI,0.8158651893939091,0.816,no,1.0095,0.932,1.0927,1.01 (0.93 - 1.09),20257,1400,18857
535.2,Atrophic gastritis,digestive,10,#458B00,SFD,0.8356470558796106,0.836,no,0.9885,0.8855,1.1006,0.99 (0.89 - 1.10),19365,508,18857
535.2,Atrophic gastritis,digestive,10,#458B00,SFI,0.011738418758789414,0.0117,no,1.2143,1.0428,1.4104,1.21 (1.04 - 1.41),19365,508,18857
535.2,Atrophic gastritis,digestive,10,#458B00,VFD,0.0864349948674883,0.0864,no,0.9081,0.8128,1.0133,0.91 (0.81 - 1.01),19365,508,18857
535.2,Atrophic gastritis,digestive,10,#458B00,VFI,0.702800936074363,0.703,no,1.025,0.9021,1.1622,1.02 (0.90 - 1.16),19365,508,18857
535.9,"Gastritis and duodenitis, NOS",digestive,10,#458B00,SFD,0.17424522807394635,0.174,no,1.0778,0.9665,1.1994,1.08 (0.97 - 1.20),19303,446,18857
535.9,"Gastritis and duodenitis, NOS",digestive,10,#458B00,SFI,0.2811443368542288,0.281,no,0.9091,0.7633,1.0795,0.91 (0.76 - 1.08),19303,446,18857
535.9,"Gastritis and duodenitis, NOS",digestive,10,#458B00,VFD,0.18108566231335682,0.181,no,1.0814,0.9637,1.2121,1.08 (0.96 - 1.21),19303,446,18857
535.9,"Gastritis and duodenitis, NOS",digestive,10,#458B00,VFI,0.2604180753507686,0.26,no,0.9213,0.7976,1.0614,0.92 (0.80 - 1.06),19303,446,18857
536,Disorders of function of stomach,digestive,10,#458B00,SFD,3.876507806231238e-9,3.88e-09,yes,1.2486,1.1591,1.3436,1.25 (1.16 - 1.34),19637,780,18857
536,Disorders of function of stomach,digestive,10,#458B00,SFI,0.7400199831035642,0.74,no,0.9781,0.8572,1.1138,0.98 (0.86 - 1.11),19637,780,18857
536,Disorders of function of stomach,digestive,10,#458B00,VFD,0.013269109024944076,0.0133,no,1.1127,1.0223,1.2105,1.11 (1.02 - 1.21),19637,780,18857
536,Disorders of function of stomach,digestive,10,#458B00,VFI,0.5611873748019803,0.561,no,0.967,0.8628,1.0818,0.97 (0.86 - 1.08),19637,780,18857
536.3,Gastroparesis,digestive,10,#458B00,SFD,2.9790530603430174e-4,0.000298,no,1.2266,1.0968,1.3683,1.23 (1.10 - 1.37),19218,361,18857
536.3,Gastroparesis,digestive,10,#458B00,SFI,0.9011160078389674,0.901,no,1.0117,0.8403,1.213,1.01 (0.84 - 1.21),19218,361,18857
536.3,Gastroparesis,digestive,10,#458B00,VFD,0.1563854669254709,0.156,no,1.0955,0.9654,1.2421,1.10 (0.97 - 1.24),19218,361,18857
536.3,Gastroparesis,digestive,10,#458B00,VFI,0.05496528240173508,0.055,no,1.168,0.9948,1.366,1.17 (0.99 - 1.37),19218,361,18857
536.8,Dyspepsia and other specified disorders of function of stomach,digestive,10,#458B00,SFD,0.7457837357141197,0.746,no,0.9792,0.8618,1.1106,0.98 (0.86 - 1.11),19160,303,18857
536.8,Dyspepsia and other specified disorders of function of stomach,digestive,10,#458B00,SFI,0.02545996244915972,0.0255,no,1.2516,1.0252,1.5198,1.25 (1.03 - 1.52),19160,303,18857
536.8,Dyspepsia and other specified disorders of function of stomach,digestive,10,#458B00,VFD,0.11094740655023912,0.111,no,0.8951,0.7806,1.025,0.90 (0.78 - 1.03),19160,303,18857
536.8,Dyspepsia and other specified disorders of function of stomach,digestive,10,#458B00,VFI,0.7116864852446634,0.712,no,0.9669,0.8067,1.1532,0.97 (0.81 - 1.15),19160,303,18857
537,Other disorders of stomach and duodenum,digestive,10,#458B00,SFD,6.108992748582865e-40,6.11e-40,yes,1.4929,1.4064,1.5838,1.49 (1.41 - 1.58),19997,1140,18857
537,Other disorders of stomach and duodenum,digestive,10,#458B00,SFI,1.1084786672708124e-6,1.11e-06,yes,0.7539,0.6725,0.8441,0.75 (0.67 - 0.84),19997,1140,18857
537,Other disorders of stomach and duodenum,digestive,10,#458B00,VFD,4.584428886620126e-43,4.58e-43,yes,1.6097,1.5041,1.7226,1.61 (1.50 - 1.72),19997,1140,18857
537,Other disorders of stomach and duodenum,digestive,10,#458B00,VFI,1.4315947150473302e-5,1.43e-05,yes,0.8152,0.743,0.8936,0.82 (0.74 - 0.89),19997,1140,18857
539,Bariatric surgery,digestive,10,#458B00,SFD,3.859191416266089e-80,3.86e-80,yes,2.1917,2.0204,2.3765,2.19 (2.02 - 2.38),22581,642,21939
539,Bariatric surgery,digestive,10,#458B00,SFI,1.9715556507239423e-6,1.97e-06,yes,1.3178,1.1756,1.4759,1.32 (1.18 - 1.48),22581,642,21939
539,Bariatric surgery,digestive,10,#458B00,VFD,2.458397766750745e-75,2.46e-75,yes,2.3657,2.158,2.5936,2.37 (2.16 - 2.59),22581,642,21939
539,Bariatric surgery,digestive,10,#458B00,VFI,3.6703803916746734e-27,3.67e-27,yes,0.5194,0.4607,0.5844,0.52 (0.46 - 0.58),22581,642,21939
540,Appendiceal conditions,digestive,10,#458B00,SFD,3.5574613004210657e-7,3.56e-07,yes,0.8166,0.7555,0.8833,0.82 (0.76 - 0.88),22490,917,21573
540,Appendiceal conditions,digestive,10,#458B00,SFI,0.05442735668747469,0.0544,no,0.8933,0.7957,1.0015,0.89 (0.80 - 1.00),22490,917,21573
540,Appendiceal conditions,digestive,10,#458B00,VFD,0.6866553022621563,0.687,no,0.9833,0.9061,1.0668,0.98 (0.91 - 1.07),22490,917,21573
540,Appendiceal conditions,digestive,10,#458B00,VFI,0.9349666784145056,0.935,no,0.9954,0.8907,1.1109,1.00 (0.89 - 1.11),22490,917,21573
540.1,Appendicitis,digestive,10,#458B00,SFD,4.8442636246636495e-8,4.84e-08,yes,0.8005,0.739,0.8675,0.80 (0.74 - 0.87),22432,859,21573
540.1,Appendicitis,digestive,10,#458B00,SFI,0.08009945523099356,0.0801,no,0.8998,0.7988,1.012,0.90 (0.80 - 1.01),22432,859,21573
540.1,Appendicitis,digestive,10,#458B00,VFD,0.30594480036608285,0.306,no,0.9568,0.8792,1.041,0.96 (0.88 - 1.04),22432,859,21573
540.1,Appendicitis,digestive,10,#458B00,VFI,0.6329719603478114,0.633,no,1.0282,0.9167,1.1514,1.03 (0.92 - 1.15),22432,859,21573
540.11,Acute appendicitis,digestive,10,#458B00,SFD,6.011933980260343e-9,6.01e-09,yes,0.783,0.721,0.8507,0.78 (0.72 - 0.85),22378,805,21573
540.11,Acute appendicitis,digestive,10,#458B00,SFI,0.0648603285415595,0.0649,no,0.8918,0.7892,1.0063,0.89 (0.79 - 1.01),22378,805,21573
540.11,Acute appendicitis,digestive,10,#458B00,VFD,0.21727594722641566,0.217,no,0.9465,0.8673,1.0327,0.95 (0.87 - 1.03),22378,805,21573
540.11,Acute appendicitis,digestive,10,#458B00,VFI,0.5264861631093183,0.526,no,1.0387,0.9229,1.1671,1.04 (0.92 - 1.17),22378,805,21573
550,Abdominal hernia,digestive,10,#458B00,SFD,5.395993538544094e-9,5.4e-09,yes,1.1679,1.1083,1.2301,1.17 (1.11 - 1.23),21789,2087,19702
550,Abdominal hernia,digestive,10,#458B00,SFI,0.2761078669678165,0.276,no,1.0426,0.967,1.1235,1.04 (0.97 - 1.12),21789,2087,19702
550,Abdominal hernia,digestive,10,#458B00,VFD,6.119069015175943e-7,6.12e-07,yes,1.1482,1.0874,1.2122,1.15 (1.09 - 1.21),21789,2087,19702
550,Abdominal hernia,digestive,10,#458B00,VFI,0.002399045917704611,0.0024,no,0.9087,0.8541,0.9665,0.91 (0.85 - 0.97),21789,2087,19702
550.1,Inguinal hernia,digestive,10,#458B00,SFD,9.590352230871086e-5,9.59e-05,no,1.2579,1.1188,1.4091,1.26 (1.12 - 1.41),20056,354,19702
550.1,Inguinal hernia,digestive,10,#458B00,SFI,0.0856631991435569,0.0857,no,0.8432,0.6929,1.0224,0.84 (0.69 - 1.02),20056,354,19702
550.1,Inguinal hernia,digestive,10,#458B00,VFD,2.112276174468299e-5,2.11e-05,no,1.3001,1.151,1.4661,1.30 (1.15 - 1.47),20056,354,19702
550.1,Inguinal hernia,digestive,10,#458B00,VFI,1.787348206195032e-6,1.79e-06,yes,0.6827,0.583,0.7975,0.68 (0.58 - 0.80),20056,354,19702
550.2,Diaphragmatic hernia,digestive,10,#458B00,SFD,0.9684680553189765,0.968,no,0.9982,0.9147,1.0882,1.00 (0.91 - 1.09),20446,744,19702
550.2,Diaphragmatic hernia,digestive,10,#458B00,SFI,0.0030045473510247893,0.003,no,1.2168,1.0679,1.3839,1.22 (1.07 - 1.38),20446,744,19702
550.2,Diaphragmatic hernia,digestive,10,#458B00,VFD,0.5350190805959592,0.535,no,0.972,0.8885,1.0628,0.97 (0.89 - 1.06),20446,744,19702
550.2,Diaphragmatic hernia,digestive,10,#458B00,VFI,0.09112345942977464,0.0911,no,0.9158,0.8264,1.0136,0.92 (0.83 - 1.01),20446,744,19702
550.4,Umbilical hernia,digestive,10,#458B00,SFD,4.091669038136135e-6,4.09e-06,yes,1.345,1.1823,1.5217,1.35 (1.18 - 1.52),20027,325,19702
550.4,Umbilical hernia,digestive,10,#458B00,SFI,0.0016859731142217242,0.00169,no,0.7619,0.6422,0.9017,0.76 (0.64 - 0.90),20027,325,19702
550.4,Umbilical hernia,digestive,10,#458B00,VFD,6.100636456546335e-4,0.00061,no,1.2604,1.1027,1.4369,1.26 (1.10 - 1.44),20027,325,19702
550.4,Umbilical hernia,digestive,10,#458B00,VFI,0.21334554837395778,0.213,no,1.0925,0.9494,1.2547,1.09 (0.95 - 1.25),20027,325,19702
550.5,Ventral hernia,digestive,10,#458B00,SFD,1.2383804233059399e-5,1.24e-05,yes,1.2266,1.1178,1.3426,1.23 (1.12 - 1.34),20337,635,19702
550.5,Ventral hernia,digestive,10,#458B00,SFI,0.2898306648452951,0.29,no,1.0688,0.9442,1.2082,1.07 (0.94 - 1.21),20337,635,19702
550.5,Ventral hernia,digestive,10,#458B00,VFD,3.0341444937583093e-4,0.000303,no,1.1931,1.0835,1.3124,1.19 (1.08 - 1.31),20337,635,19702
550.5,Ventral hernia,digestive,10,#458B00,VFI,0.22752377470973936,0.228,no,0.939,0.8473,1.0394,0.94 (0.85 - 1.04),20337,635,19702
550.6,Incisional hernia,digestive,10,#458B00,SFD,0.1484541646994012,0.148,no,1.1133,0.9592,1.2833,1.11 (0.96 - 1.28),19990,288,19702
550.6,Incisional hernia,digestive,10,#458B00,SFI,0.1682465755878473,0.168,no,1.1324,0.9471,1.349,1.13 (0.95 - 1.35),19990,288,19702
550.6,Incisional hernia,digestive,10,#458B00,VFD,0.14510489353251568,0.145,no,1.1132,0.9623,1.284,1.11 (0.96 - 1.28),19990,288,19702
550.6,Incisional hernia,digestive,10,#458B00,VFI,0.22355766675509026,0.224,no,1.096,0.9443,1.2686,1.10 (0.94 - 1.27),19990,288,19702
555,Inflammatory bowel disease and other gastroenteritis and colitis,digestive,10,#458B00,SFD,1.3004355862682112e-5,1.3e-05,yes,1.2035,1.1066,1.3071,1.20 (1.11 - 1.31),10846,822,10024
555,Inflammatory bowel disease and other gastroenteritis and colitis,digestive,10,#458B00,SFI,9.757352791970975e-5,9.76e-05,no,0.7545,0.654,0.8683,0.75 (0.65 - 0.87),10846,822,10024
555,Inflammatory bowel disease and other gastroenteritis and colitis,digestive,10,#458B00,VFD,6.648168324457295e-13,6.65e-13,yes,1.3736,1.2595,1.4977,1.37 (1.26 - 1.50),10846,822,10024
555,Inflammatory bowel disease and other gastroenteritis and colitis,digestive,10,#458B00,VFI,1.0338949682899447e-4,0.000103,no,0.7721,0.677,0.879,0.77 (0.68 - 0.88),10846,822,10024
555.1,Regional enteritis,digestive,10,#458B00,SFD,0.03258928090598842,0.0326,no,1.1292,1.009,1.2608,1.13 (1.01 - 1.26),10477,453,10024
555.1,Regional enteritis,digestive,10,#458B00,SFI,0.002499672554372362,0.0025,no,0.7508,0.6222,0.9022,0.75 (0.62 - 0.90),10477,453,10024
555.1,Regional enteritis,digestive,10,#458B00,VFD,9.488607583902447e-5,9.49e-05,no,1.2557,1.1196,1.4072,1.26 (1.12 - 1.41),10477,453,10024
555.1,Regional enteritis,digestive,10,#458B00,VFI,0.8515197158884976,0.852,no,0.984,0.8302,1.1629,0.98 (0.83 - 1.16),10477,453,10024
555.2,Ulcerative colitis,digestive,10,#458B00,SFD,6.809508842640918e-5,6.81e-05,no,1.2515,1.1191,1.3957,1.25 (1.12 - 1.40),10444,420,10024
555.2,Ulcerative colitis,digestive,10,#458B00,SFI,0.0025996770122415805,0.0026,no,0.7385,0.6049,0.8975,0.74 (0.60 - 0.90),10444,420,10024
555.2,Ulcerative colitis,digestive,10,#458B00,VFD,4.8645932093141453e-11,4.86e-11,yes,1.4781,1.3151,1.6602,1.48 (1.32 - 1.66),10444,420,10024
555.2,Ulcerative colitis,digestive,10,#458B00,VFI,2.1419153552157605e-7,2.14e-07,yes,0.6107,0.5059,0.7344,0.61 (0.51 - 0.73),10444,420,10024
558,Noninfectious gastroenteritis,digestive,10,#458B00,SFD,2.1076381121978556e-13,2.11e-13,yes,1.2609,1.1849,1.3411,1.26 (1.18 - 1.34),11578,1554,10024
558,Noninfectious gastroenteritis,digestive,10,#458B00,SFI,0.0018543583397100784,0.00185,no,0.8552,0.7746,0.9433,0.86 (0.77 - 0.94),11578,1554,10024
558,Noninfectious gastroenteritis,digestive,10,#458B00,VFD,4.251621533674586e-14,4.25e-14,yes,1.2832,1.2027,1.3689,1.28 (1.20 - 1.37),11578,1554,10024
558,Noninfectious gastroenteritis,digestive,10,#458B00,VFI,0.0595277095032434,0.0595,no,0.9222,0.8473,1.0029,0.92 (0.85 - 1.00),11578,1554,10024
559,Ileostomy status,digestive,10,#458B00,SFD,1.220562247159708e-7,1.22e-07,yes,1.3602,1.2119,1.5223,1.36 (1.21 - 1.52),10374,350,10024
559,Ileostomy status,digestive,10,#458B00,SFI,0.2376464462348642,0.238,no,0.8815,0.7129,1.0835,0.88 (0.71 - 1.08),10374,350,10024
559,Ileostomy status,digestive,10,#458B00,VFD,5.3616685461598e-12,5.36e-12,yes,1.5489,1.3674,1.7536,1.55 (1.37 - 1.75),10374,350,10024
559,Ileostomy status,digestive,10,#458B00,VFI,1.0288337996495325e-7,1.03e-07,yes,0.5798,0.4732,0.7071,0.58 (0.47 - 0.71),10374,350,10024
560,Intestinal obstruction without mention of hernia,digestive,10,#458B00,SFD,2.486397622143034e-75,2.49e-75,yes,1.6066,1.5275,1.6902,1.61 (1.53 - 1.69),12393,2369,10024
560,Intestinal obstruction without mention of hernia,digestive,10,#458B00,SFI,6.016049640991945e-24,6.02e-24,yes,0.6249,0.5701,0.6843,0.62 (0.57 - 0.68),12393,2369,10024
560,Intestinal obstruction without mention of hernia,digestive,10,#458B00,VFD,1.9084713508560955e-102,1.91e-102,yes,1.853,1.7519,1.9605,1.85 (1.75 - 1.96),12393,2369,10024
560,Intestinal obstruction without mention of hernia,digestive,10,#458B00,VFI,7.900031969956144e-34,7.9e-34,yes,0.622,0.5758,0.6714,0.62 (0.58 - 0.67),12393,2369,10024
560.1,Paralytic ileus,digestive,10,#458B00,SFD,8.72979568882258e-64,8.73e-64,yes,2.0592,1.8933,2.2397,2.06 (1.89 - 2.24),10614,590,10024
560.1,Paralytic ileus,digestive,10,#458B00,SFI,5.541409781939647e-16,5.54e-16,yes,0.4987,0.4209,0.5894,0.50 (0.42 - 0.59),10614,590,10024
560.1,Paralytic ileus,digestive,10,#458B00,VFD,4.106319482395934e-52,4.11e-52,yes,2.1263,1.9294,2.3442,2.13 (1.93 - 2.34),10614,590,10024
560.1,Paralytic ileus,digestive,10,#458B00,VFI,1.7962709015119116e-13,1.8e-13,yes,0.5966,0.5193,0.6837,0.60 (0.52 - 0.68),10614,590,10024
560.3,Peritoneal or intestinal adhesions,digestive,10,#458B00,SFD,4.2432360375022826e-12,4.24e-12,yes,1.5114,1.3429,1.6966,1.51 (1.34 - 1.70),10303,279,10024
560.3,Peritoneal or intestinal adhesions,digestive,10,#458B00,SFI,0.009975810881872717,0.00998,no,0.7243,0.5652,0.9229,0.72 (0.57 - 0.92),10303,279,10024
560.3,Peritoneal or intestinal adhesions,digestive,10,#458B00,VFD,3.1260961468636194e-22,3.13e-22,yes,1.9738,1.7203,2.2649,1.97 (1.72 - 2.26),10303,279,10024
560.3,Peritoneal or intestinal adhesions,digestive,10,#458B00,VFI,1.3613544032462757e-12,1.36e-12,yes,0.4573,0.3672,0.5661,0.46 (0.37 - 0.57),10303,279,10024
560.4,Other intestinal obstruction,digestive,10,#458B00,SFD,3.46229662105537e-50,3.46e-50,yes,1.5269,1.4443,1.6144,1.53 (1.44 - 1.61),11790,1766,10024
560.4,Other intestinal obstruction,digestive,10,#458B00,SFI,6.958937121418622e-17,6.96e-17,yes,0.6403,0.5763,0.7105,0.64 (0.58 - 0.71),11790,1766,10024
560.4,Other intestinal obstruction,digestive,10,#458B00,VFD,3.4527823423999773e-84,3.45e-84,yes,1.8653,1.7519,1.9866,1.87 (1.75 - 1.99),11790,1766,10024
560.4,Other intestinal obstruction,digestive,10,#458B00,VFI,4.6433891833358494e-29,4.64e-29,yes,0.6029,0.5515,0.6584,0.60 (0.55 - 0.66),11790,1766,10024
561,Symptoms involving digestive system,digestive,10,#458B00,SFD,8.925132845055701e-32,8.93e-32,yes,1.2796,1.2281,1.3335,1.28 (1.23 - 1.33),14679,4655,10024
561,Symptoms involving digestive system,digestive,10,#458B00,SFI,9.377293070755562e-5,9.38e-05,no,0.8834,0.83,0.9399,0.88 (0.83 - 0.94),14679,4655,10024
561,Symptoms involving digestive system,digestive,10,#458B00,VFD,2.6870628176383186e-26,2.69e-26,yes,1.2568,1.2049,1.311,1.26 (1.20 - 1.31),14679,4655,10024
561,Symptoms involving digestive system,digestive,10,#458B00,VFI,0.024565651758540752,0.0246,no,0.9412,0.8926,0.9922,0.94 (0.89 - 0.99),14679,4655,10024
562,Diverticulosis and diverticulitis,digestive,10,#458B00,SFD,4.1305250514422804e-12,4.13e-12,yes,0.8001,0.7508,0.8518,0.80 (0.75 - 0.85),12385,2361,10024
562,Diverticulosis and diverticulitis,digestive,10,#458B00,SFI,0.023590397131052224,0.0236,no,1.0976,1.0123,1.1895,1.10 (1.01 - 1.19),12385,2361,10024
562,Diverticulosis and diverticulitis,digestive,10,#458B00,VFD,2.342928536164572e-6,2.34e-06,yes,0.8675,0.8176,0.9201,0.87 (0.82 - 0.92),12385,2361,10024
562,Diverticulosis and diverticulitis,digestive,10,#458B00,VFI,6.615218548438252e-8,6.62e-08,yes,1.191,1.1178,1.269,1.19 (1.12 - 1.27),12385,2361,10024
562.1,Diverticulosis,digestive,10,#458B00,SFD,2.4520052561837752e-6,2.45e-06,yes,0.8368,0.7768,0.9009,0.84 (0.78 - 0.90),11535,1511,10024
562.1,Diverticulosis,digestive,10,#458B00,SFI,0.26450160483604024,0.265,no,1.0585,0.9575,1.1692,1.06 (0.96 - 1.17),11535,1511,10024
562.1,Diverticulosis,digestive,10,#458B00,VFD,3.921796041376876e-4,0.000392,no,0.881,0.8213,0.9448,0.88 (0.82 - 0.94),11535,1511,10024
562.1,Diverticulosis,digestive,10,#458B00,VFI,5.012091408072851e-5,5.01e-05,no,1.1697,1.0843,1.2617,1.17 (1.08 - 1.26),11535,1511,10024
562.2,Diverticulitis,digestive,10,#458B00,SFD,2.9545993339880754e-12,2.95e-12,yes,0.7353,0.6739,0.8011,0.74 (0.67 - 0.80),11185,1161,10024
562.2,Diverticulitis,digestive,10,#458B00,SFI,0.0845812443566687,0.0846,no,1.0972,0.9869,1.2184,1.10 (0.99 - 1.22),11185,1161,10024
562.2,Diverticulitis,digestive,10,#458B00,VFD,1.2762246981658164e-5,1.28e-05,yes,0.8371,0.7727,0.9065,0.84 (0.77 - 0.91),11185,1161,10024
562.2,Diverticulitis,digestive,10,#458B00,VFI,1.2242396989807308e-6,1.22e-06,yes,1.2313,1.1319,1.3391,1.23 (1.13 - 1.34),11185,1161,10024
564,Functional digestive disorders,digestive,10,#458B00,SFD,5.527852153995018e-32,5.53e-32,yes,1.3271,1.2661,1.3912,1.33 (1.27 - 1.39),13069,3045,10024
564,Functional digestive disorders,digestive,10,#458B00,SFI,2.073506991908366e-9,2.07e-09,yes,0.79,0.7311,0.8531,0.79 (0.73 - 0.85),13069,3045,10024
564,Functional digestive disorders,digestive,10,#458B00,VFD,1.166278208042122e-32,1.17e-32,yes,1.3491,1.2842,1.4174,1.35 (1.28 - 1.42),13069,3045,10024
564,Functional digestive disorders,digestive,10,#458B00,VFI,6.811076896080087e-6,6.81e-06,yes,0.8653,0.8123,0.9214,0.87 (0.81 - 0.92),13069,3045,10024
564.1,Irritable Bowel Syndrome,digestive,10,#458B00,SFD,0.4102363456551836,0.41,no,1.0484,0.9358,1.1715,1.05 (0.94 - 1.17),10499,475,10024
564.1,Irritable Bowel Syndrome,digestive,10,#458B00,SFI,0.7870565699565206,0.787,no,0.9763,0.8194,1.1596,0.98 (0.82 - 1.16),10499,475,10024
564.1,Irritable Bowel Syndrome,digestive,10,#458B00,VFD,0.6727476854883273,0.673,no,1.0245,0.9154,1.1462,1.02 (0.92 - 1.15),10499,475,10024
564.1,Irritable Bowel Syndrome,digestive,10,#458B00,VFI,0.6504554284641089,0.65,no,0.9673,0.8365,1.1156,0.97 (0.84 - 1.12),10499,475,10024
564.9,Personal history of diseases of digestive system,digestive,10,#458B00,SFD,9.339914977675904e-6,9.34e-06,yes,1.2339,1.1233,1.3528,1.23 (1.12 - 1.35),10661,637,10024
564.9,Personal history of diseases of digestive system,digestive,10,#458B00,SFI,0.27292597477212627,0.273,no,0.9226,0.7979,1.0643,0.92 (0.80 - 1.06),10661,637,10024
564.9,Personal history of diseases of digestive system,digestive,10,#458B00,VFD,1.7720020756579055e-6,1.77e-06,yes,1.267,1.1494,1.3957,1.27 (1.15 - 1.40),10661,637,10024
564.9,Personal history of diseases of digestive system,digestive,10,#458B00,VFI,0.2842389187438883,0.284,no,0.9379,0.8334,1.054,0.94 (0.83 - 1.05),10661,637,10024
565,Anal and rectal conditions,digestive,10,#458B00,SFD,1.0800504585808464e-8,1.08e-08,yes,1.2404,1.1514,1.3347,1.24 (1.15 - 1.33),16917,975,15942
565,Anal and rectal conditions,digestive,10,#458B00,SFI,0.11149190006042033,0.111,no,0.9082,0.8061,1.0218,0.91 (0.81 - 1.02),16917,975,15942
565,Anal and rectal conditions,digestive,10,#458B00,VFD,2.8329236246588067e-6,2.83e-06,yes,1.2057,1.1146,1.3035,1.21 (1.11 - 1.30),16917,975,15942
565,Anal and rectal conditions,digestive,10,#458B00,VFI,0.02578732009246437,0.0258,no,0.8901,0.803,0.9854,0.89 (0.80 - 0.99),16917,975,15942
567,Peritonitis and retroperitoneal infections,digestive,10,#458B00,SFD,1.4075902442739979e-95,1.41e-95,yes,1.8171,1.7174,1.9226,1.82 (1.72 - 1.92),17348,1406,15942
567,Peritonitis and retroperitoneal infections,digestive,10,#458B00,SFI,3.6204894039511954e-25,3.62e-25,yes,0.5763,0.519,0.6392,0.58 (0.52 - 0.64),17348,1406,15942
567,Peritonitis and retroperitoneal infections,digestive,10,#458B00,VFD,1.5721847084877816e-103,1.57e-103,yes,2.0227,1.8977,2.1565,2.02 (1.90 - 2.16),17348,1406,15942
567,Peritonitis and retroperitoneal infections,digestive,10,#458B00,VFI,1.2411688140727972e-8,1.24e-08,yes,0.7792,0.7147,0.8487,0.78 (0.71 - 0.85),17348,1406,15942
568,Other disorders of peritoneum,digestive,10,#458B00,SFD,9.26285623542585e-49,9.26e-49,yes,1.6674,1.5569,1.7848,1.67 (1.56 - 1.78),16837,895,15942
568,Other disorders of peritoneum,digestive,10,#458B00,SFI,3.8165395288207725e-9,3.82e-09,yes,0.6796,0.5972,0.7722,0.68 (0.60 - 0.77),16837,895,15942
568,Other disorders of peritoneum,digestive,10,#458B00,VFD,2.687701034576135e-58,2.69e-58,yes,1.8977,1.7553,2.0518,1.90 (1.76 - 2.05),16837,895,15942
568,Other disorders of peritoneum,digestive,10,#458B00,VFI,3.404953469750753e-14,3.4e-14,yes,0.6538,0.5853,0.7291,0.65 (0.59 - 0.73),16837,895,15942
568.1,Peritoneal adhesions (postoperative) (postinfection),digestive,10,#458B00,SFD,4.735437227025767e-17,4.74e-17,yes,1.514,1.3725,1.666,1.51 (1.37 - 1.67),16389,447,15942
568.1,Peritoneal adhesions (postoperative) (postinfection),digestive,10,#458B00,SFI,0.03948252255183612,0.0395,no,0.8345,0.7015,0.9898,0.83 (0.70 - 0.99),16389,447,15942
568.1,Peritoneal adhesions (postoperative) (postinfection),digestive,10,#458B00,VFD,4.091055368604123e-23,4.09e-23,yes,1.7268,1.5492,1.9234,1.73 (1.55 - 1.92),16389,447,15942
568.1,Peritoneal adhesions (postoperative) (postinfection),digestive,10,#458B00,VFI,6.096734385402399e-7,6.1e-07,yes,0.6809,0.5845,0.7907,0.68 (0.58 - 0.79),16389,447,15942
569,Other disorders of intestine,digestive,10,#458B00,SFD,4.404958339966044e-98,4.4e-98,yes,1.6467,1.5719,1.7252,1.65 (1.57 - 1.73),18297,2355,15942
569,Other disorders of intestine,digestive,10,#458B00,SFI,2.1361294531672961e-10,2.14e-10,yes,0.7721,0.7126,0.836,0.77 (0.71 - 0.84),18297,2355,15942
569,Other disorders of intestine,digestive,10,#458B00,VFD,4.5945864625883483e-95,4.59e-95,yes,1.724,1.6374,1.8155,1.72 (1.64 - 1.82),18297,2355,15942
569,Other disorders of intestine,digestive,10,#458B00,VFI,1.1062057882155644e-18,1.11e-18,yes,0.7343,0.6854,0.7862,0.73 (0.69 - 0.79),18297,2355,15942
569.2,Gastrointestinal complications,digestive,10,#458B00,SFD,1.1923243936238735e-58,1.19e-58,yes,1.8353,1.7044,1.9752,1.84 (1.70 - 1.98),16699,757,15942
569.2,Gastrointestinal complications,digestive,10,#458B00,SFI,0.40112956285098933,0.401,no,0.9476,0.835,1.0735,0.95 (0.83 - 1.07),16699,757,15942
569.2,Gastrointestinal complications,digestive,10,#458B00,VFD,3.088892318360156e-67,3.09e-67,yes,2.1294,1.955,2.3197,2.13 (1.95 - 2.32),16699,757,15942
569.2,Gastrointestinal complications,digestive,10,#458B00,VFI,6.5871195212419905e-19,6.59e-19,yes,0.58,0.5137,0.6534,0.58 (0.51 - 0.65),16699,757,15942
571,Chronic liver disease and cirrhosis,digestive,10,#458B00,SFD,1.114415325877485e-96,1.11e-96,yes,1.6836,1.6032,1.7681,1.68 (1.60 - 1.77),16785,2731,14054
571,Chronic liver disease and cirrhosis,digestive,10,#458B00,SFI,4.917273294002971e-10,4.92e-10,yes,0.8027,0.7489,0.8601,0.80 (0.75 - 0.86),16785,2731,14054
571,Chronic liver disease and cirrhosis,digestive,10,#458B00,VFD,8.44650297320164e-62,8.45e-62,yes,1.5259,1.4516,1.6041,1.53 (1.45 - 1.60),16785,2731,14054
571,Chronic liver disease and cirrhosis,digestive,10,#458B00,VFI,4.4919236219766557e-7,4.49e-07,yes,1.1575,1.0935,1.2251,1.16 (1.09 - 1.23),16785,2731,14054
571.5,Other chronic nonalcoholic liver disease,digestive,10,#458B00,SFD,3.379076365945471e-67,3.38e-67,yes,1.5895,1.5082,1.675,1.59 (1.51 - 1.67),16456,2402,14054
571.5,Other chronic nonalcoholic liver disease,digestive,10,#458B00,SFI,7.745615433854754e-7,7.75e-07,yes,0.8343,0.7762,0.8962,0.83 (0.78 - 0.90),16456,2402,14054
571.5,Other chronic nonalcoholic liver disease,digestive,10,#458B00,VFD,1.8916491821662365e-37,1.89e-37,yes,1.4144,1.3412,1.4916,1.41 (1.34 - 1.49),16456,2402,14054
571.5,Other chronic nonalcoholic liver disease,digestive,10,#458B00,VFI,2.957919461996104e-9,2.96e-09,yes,1.1964,1.1275,1.2694,1.20 (1.13 - 1.27),16456,2402,14054
571.51,Cirrhosis of liver without mention of alcohol,digestive,10,#458B00,SFD,6.931391073758736e-156,6.93e-156,yes,2.9009,2.6828,3.1389,2.90 (2.68 - 3.14),14824,770,14054
571.51,Cirrhosis of liver without mention of alcohol,digestive,10,#458B00,SFI,6.172359459506997e-29,6.17e-29,yes,0.4598,0.4007,0.5265,0.46 (0.40 - 0.53),14824,770,14054
571.51,Cirrhosis of liver without mention of alcohol,digestive,10,#458B00,VFD,7.884385724654586e-169,7.88e-169,yes,3.5646,3.2599,3.9026,3.56 (3.26 - 3.90),14824,770,14054
571.51,Cirrhosis of liver without mention of alcohol,digestive,10,#458B00,VFI,1.5639386101684658e-10,1.56e-10,yes,0.7044,0.6322,0.7837,0.70 (0.63 - 0.78),14824,770,14054
571.8,Liver abscess and sequelae of chronic liver disease,digestive,10,#458B00,SFD,2.658858343661509e-183,2.66e-183,yes,3.071,2.847,3.3156,3.07 (2.85 - 3.32),14894,840,14054
571.8,Liver abscess and sequelae of chronic liver disease,digestive,10,#458B00,SFI,1.4769497535532252e-36,1.48e-36,yes,0.4127,0.3594,0.473,0.41 (0.36 - 0.47),14894,840,14054
571.8,Liver abscess and sequelae of chronic liver disease,digestive,10,#458B00,VFD,4.53599953549679e-200,4.54e-200,yes,3.9955,3.6543,4.3749,4.00 (3.65 - 4.37),14894,840,14054
571.8,Liver abscess and sequelae of chronic liver disease,digestive,10,#458B00,VFI,1.8821682062549143e-15,1.88e-15,yes,0.6393,0.5721,0.7134,0.64 (0.57 - 0.71),14894,840,14054
571.81,Portal hypertension,digestive,10,#458B00,SFD,9.683665200596625e-140,9.68e-140,yes,3.3796,3.0756,3.7183,3.38 (3.08 - 3.72),14539,485,14054
571.81,Portal hypertension,digestive,10,#458B00,SFI,1.7740565952796245e-27,1.77e-27,yes,0.3808,0.3194,0.4526,0.38 (0.32 - 0.45),14539,485,14054
571.81,Portal hypertension,digestive,10,#458B00,VFD,1.2331420166471022e-164,1.23e-164,yes,5.2834,4.6956,5.9616,5.28 (4.70 - 5.96),14539,485,14054
571.81,Portal hypertension,digestive,10,#458B00,VFI,4.951624775586839e-16,4.95e-16,yes,0.5508,0.4763,0.6354,0.55 (0.48 - 0.64),14539,485,14054
572,Ascites (non malignant),digestive,10,#458B00,SFD,7.85871932496356e-294,7.86e-294,yes,2.7458,2.6022,2.8992,2.75 (2.60 - 2.90),16054,2000,14054
572,Ascites (non malignant),digestive,10,#458B00,SFI,1.0875742352761296e-92,1.09e-92,yes,0.3525,0.3188,0.3894,0.35 (0.32 - 0.39),16054,2000,14054
572,Ascites (non malignant),digestive,10,#458B00,VFD,1.77858552075e-313,1.78e-313,yes,3.3603,3.1571,3.5794,3.36 (3.16 - 3.58),16054,2000,14054
572,Ascites (non malignant),digestive,10,#458B00,VFI,2.991386992046252e-30,2.99e-30,yes,0.6316,0.5835,0.6831,0.63 (0.58 - 0.68),16054,2000,14054
573,Other disorders of liver,digestive,10,#458B00,SFD,1.2000258866105465e-85,1.2e-85,yes,1.7931,1.6914,1.9009,1.79 (1.69 - 1.90),15538,1484,14054
573,Other disorders of liver,digestive,10,#458B00,SFI,1.4380267504964795e-17,1.44e-17,yes,0.6259,0.5617,0.6967,0.63 (0.56 - 0.70),15538,1484,14054
573,Other disorders of liver,digestive,10,#458B00,VFD,1.9306853429808926e-78,1.93e-78,yes,1.8492,1.7342,1.972,1.85 (1.73 - 1.97),15538,1484,14054
573,Other disorders of liver,digestive,10,#458B00,VFI,5.6242747091748276e-5,5.62e-05,no,0.8413,0.7732,0.9148,0.84 (0.77 - 0.91),15538,1484,14054
573.3,Hepatomegaly,digestive,10,#458B00,SFD,1.9274234731282805e-21,1.93e-21,yes,1.7105,1.5294,1.9084,1.71 (1.53 - 1.91),14473,419,14054
573.3,Hepatomegaly,digestive,10,#458B00,SFI,1.2841849671996485e-6,1.28e-06,yes,0.6551,0.5513,0.7764,0.66 (0.55 - 0.78),14473,419,14054
573.3,Hepatomegaly,digestive,10,#458B00,VFD,6.3161568655622214e-15,6.32e-15,yes,1.6141,1.4303,1.8197,1.61 (1.43 - 1.82),14473,419,14054
573.3,Hepatomegaly,digestive,10,#458B00,VFI,0.052179932444127164,0.0522,no,1.144,0.9977,1.309,1.14 (1.00 - 1.31),14473,419,14054
573.5,Jaundice (not of newborn),digestive,10,#458B00,SFD,6.3236118792235e-89,6.32e-89,yes,2.6298,2.3924,2.892,2.63 (2.39 - 2.89),14519,465,14054
573.5,Jaundice (not of newborn),digestive,10,#458B00,SFI,1.8414391065404853e-16,1.84e-16,yes,0.4384,0.3596,0.5326,0.44 (0.36 - 0.53),14519,465,14054
573.5,Jaundice (not of newborn),digestive,10,#458B00,VFD,5.329369636546408e-71,5.33e-71,yes,2.8298,2.5249,3.1745,2.83 (2.52 - 3.17),14519,465,14054
573.5,Jaundice (not of newborn),digestive,10,#458B00,VFI,0.012795934776853047,0.0128,no,0.8276,0.712,0.9592,0.83 (0.71 - 0.96),14519,465,14054
573.6,Nonspecific elevation of levels of transaminase or lactic acid dehydrogenase [LDH],digestive,10,#458B00,SFD,7.379806493442793e-21,7.38e-21,yes,1.5313,1.3998,1.673,1.53 (1.40 - 1.67),14733,679,14054
573.6,Nonspecific elevation of levels of transaminase or lactic acid dehydrogenase [LDH],digestive,10,#458B00,SFI,0.012417868246023868,0.0124,no,0.8327,0.7206,0.9601,0.83 (0.72 - 0.96),14733,679,14054
573.6,Nonspecific elevation of levels of transaminase or lactic acid dehydrogenase [LDH],digestive,10,#458B00,VFD,6.877005680582125e-16,6.88e-16,yes,1.4857,1.3493,1.6353,1.49 (1.35 - 1.64),14733,679,14054
573.6,Nonspecific elevation of levels of transaminase or lactic acid dehydrogenase [LDH],digestive,10,#458B00,VFI,0.6359731427054688,0.636,no,0.9715,0.8611,1.0942,0.97 (0.86 - 1.09),14733,679,14054
573.7,Abnormal results of function study of liver,digestive,10,#458B00,SFD,6.727893877003405e-15,6.73e-15,yes,1.6927,1.4795,1.9285,1.69 (1.48 - 1.93),14320,266,14054
573.7,Abnormal results of function study of liver,digestive,10,#458B00,SFI,0.06727831695079975,0.0673,no,0.8055,0.6371,1.0125,0.81 (0.64 - 1.01),14320,266,14054
573.7,Abnormal results of function study of liver,digestive,10,#458B00,VFD,1.2988272992649763e-9,1.3e-09,yes,1.5812,1.3626,1.8321,1.58 (1.36 - 1.83),14320,266,14054
573.7,Abnormal results of function study of liver,digestive,10,#458B00,VFI,0.4542821002266747,0.454,no,1.0722,0.8914,1.2846,1.07 (0.89 - 1.28),14320,266,14054
573.9,Abnormal serum enzyme levels,digestive,10,#458B00,SFD,6.701904717161586e-27,6.7e-27,yes,1.579,1.4518,1.7154,1.58 (1.45 - 1.72),14831,777,14054
573.9,Abnormal serum enzyme levels,digestive,10,#458B00,SFI,0.30811262143145196,0.308,no,0.9341,0.8186,1.064,0.93 (0.82 - 1.06),14831,777,14054
573.9,Abnormal serum enzyme levels,digestive,10,#458B00,VFD,2.8336310871685823e-18,2.83e-18,yes,1.4907,1.3625,1.6304,1.49 (1.36 - 1.63),14831,777,14054
573.9,Abnormal serum enzyme levels,digestive,10,#458B00,VFI,0.5710147052771719,0.571,no,1.0312,0.9266,1.1462,1.03 (0.93 - 1.15),14831,777,14054
574,Cholelithiasis and cholecystitis,digestive,10,#458B00,SFD,2.1614267163467147e-7,2.16e-07,yes,1.1646,1.0991,1.2333,1.16 (1.10 - 1.23),20167,1699,18468
574,Cholelithiasis and cholecystitis,digestive,10,#458B00,SFI,0.9269535894434826,0.927,no,1.004,0.9221,1.0923,1.00 (0.92 - 1.09),20167,1699,18468
574,Cholelithiasis and cholecystitis,digestive,10,#458B00,VFD,0.0011886121419917729,0.00119,no,1.1063,1.0406,1.1758,1.11 (1.04 - 1.18),20167,1699,18468
574,Cholelithiasis and cholecystitis,digestive,10,#458B00,VFI,0.0064375188931002705,0.00644,no,1.0993,1.0267,1.1766,1.10 (1.03 - 1.18),20167,1699,18468
574.1,Cholelithiasis,digestive,10,#458B00,SFD,0.008942876466799383,0.00894,no,1.0944,1.0225,1.1706,1.09 (1.02 - 1.17),19742,1274,18468
574.1,Cholelithiasis,digestive,10,#458B00,SFI,0.9120774884299788,0.912,no,1.0053,0.9141,1.1047,1.01 (0.91 - 1.10),19742,1274,18468
574.1,Cholelithiasis,digestive,10,#458B00,VFD,0.36384302918384104,0.364,no,1.0334,0.9625,1.109,1.03 (0.96 - 1.11),19742,1274,18468
574.1,Cholelithiasis,digestive,10,#458B00,VFI,0.006580777861135249,0.00658,no,1.1117,1.0297,1.1997,1.11 (1.03 - 1.20),19742,1274,18468
574.11,Cholelithiasis with acute cholecystitis,digestive,10,#458B00,SFD,0.8399278310974262,0.84,no,0.9822,0.8287,1.1679,0.98 (0.83 - 1.17),18673,205,18468
574.11,Cholelithiasis with acute cholecystitis,digestive,10,#458B00,SFI,0.08106543634450947,0.0811,no,1.2123,0.9739,1.501,1.21 (0.97 - 1.50),18673,205,18468
574.11,Cholelithiasis with acute cholecystitis,digestive,10,#458B00,VFD,0.559444668657519,0.559,no,0.9477,0.7903,1.1331,0.95 (0.79 - 1.13),18673,205,18468
574.11,Cholelithiasis with acute cholecystitis,digestive,10,#458B00,VFI,0.03975998249349102,0.0398,no,1.2022,1.0066,1.4301,1.20 (1.01 - 1.43),18673,205,18468
574.12,Cholelithiasis with other cholecystitis,digestive,10,#458B00,SFD,0.19345913710706725,0.193,no,0.9106,0.7948,1.0506,0.91 (0.79 - 1.05),18767,299,18468
574.12,Cholelithiasis with other cholecystitis,digestive,10,#458B00,SFI,0.3199787177780814,0.32,no,1.0965,0.9128,1.3122,1.10 (0.91 - 1.31),18767,299,18468
574.12,Cholelithiasis with other cholecystitis,digestive,10,#458B00,VFD,0.16724007443871464,0.167,no,0.9019,0.7792,1.0437,0.90 (0.78 - 1.04),18767,299,18468
574.12,Cholelithiasis with other cholecystitis,digestive,10,#458B00,VFI,0.16141093911221002,0.161,no,1.1158,0.9556,1.2985,1.12 (0.96 - 1.30),18767,299,18468
574.2,Calculus of bile duct,digestive,10,#458B00,SFD,0.7403793422541443,0.74,no,1.0192,0.9116,1.1406,1.02 (0.91 - 1.14),18878,410,18468
574.2,Calculus of bile duct,digestive,10,#458B00,SFI,0.08975707465195795,0.0898,no,1.1521,0.9769,1.3547,1.15 (0.98 - 1.35),18878,410,18468
574.2,Calculus of bile duct,digestive,10,#458B00,VFD,0.8595692991084034,0.86,no,1.0111,0.8944,1.1418,1.01 (0.89 - 1.14),18878,410,18468
574.2,Calculus of bile duct,digestive,10,#458B00,VFI,0.207769131541369,0.208,no,1.0896,0.9523,1.2439,1.09 (0.95 - 1.24),18878,410,18468
574.3,Cholecystitis without cholelithiasis,digestive,10,#458B00,SFD,4.016332486339076e-5,4.02e-05,no,1.2302,1.113,1.3564,1.23 (1.11 - 1.36),18997,529,18468
574.3,Cholecystitis without cholelithiasis,digestive,10,#458B00,SFI,0.5660967791227163,0.566,no,0.9574,0.8241,1.1096,0.96 (0.82 - 1.11),18997,529,18468
574.3,Cholecystitis without cholelithiasis,digestive,10,#458B00,VFD,9.243151941554131e-4,0.000924,no,1.195,1.0748,1.327,1.19 (1.07 - 1.33),18997,529,18468
574.3,Cholecystitis without cholelithiasis,digestive,10,#458B00,VFI,0.0726710994065335,0.0727,no,1.1129,0.9894,1.2499,1.11 (0.99 - 1.25),18997,529,18468
575,Other biliary tract disease,digestive,10,#458B00,SFD,5.793528414465799e-57,5.79e-57,yes,1.5154,1.4395,1.5949,1.52 (1.44 - 1.59),20151,1683,18468
575,Other biliary tract disease,digestive,10,#458B00,SFI,1.5606833187576653e-7,1.56e-07,yes,0.7777,0.7076,0.8539,0.78 (0.71 - 0.85),20151,1683,18468
575,Other biliary tract disease,digestive,10,#458B00,VFD,1.3457726653004187e-48,1.35e-48,yes,1.5495,1.4613,1.643,1.55 (1.46 - 1.64),20151,1683,18468
575,Other biliary tract disease,digestive,10,#458B00,VFI,0.006387775544138732,0.00639,no,0.9009,0.8355,0.9707,0.90 (0.84 - 0.97),20151,1683,18468
575.1,Cholangitis,digestive,10,#458B00,SFD,9.434505700503273e-43,9.43e-43,yes,1.9044,1.7358,2.0872,1.90 (1.74 - 2.09),18842,374,18468
575.1,Cholangitis,digestive,10,#458B00,SFI,3.8645581595163053e-13,3.86e-13,yes,0.4461,0.3582,0.5539,0.45 (0.36 - 0.55),18842,374,18468
575.1,Cholangitis,digestive,10,#458B00,VFD,5.498222963096586e-38,5.5e-38,yes,2.1468,1.9113,2.4116,2.15 (1.91 - 2.41),18842,374,18468
575.1,Cholangitis,digestive,10,#458B00,VFI,0.006129330633596908,0.00613,no,0.7974,0.6769,0.9358,0.80 (0.68 - 0.94),18842,374,18468
575.2,Obstruction of bile duct,digestive,10,#458B00,SFD,3.6071343892116464e-60,3.61e-60,yes,1.926,1.7801,2.083,1.93 (1.78 - 2.08),19009,541,18468
575.2,Obstruction of bile duct,digestive,10,#458B00,SFI,2.0805329917351573e-9,2.08e-09,yes,0.5768,0.4811,0.6896,0.58 (0.48 - 0.69),19009,541,18468
575.2,Obstruction of bile duct,digestive,10,#458B00,VFD,1.2732639816688026e-56,1.27e-56,yes,2.2219,2.0135,2.4529,2.22 (2.01 - 2.45),19009,541,18468
575.2,Obstruction of bile duct,digestive,10,#458B00,VFI,0.001861729432022253,0.00186,no,0.8031,0.6985,0.9209,0.80 (0.70 - 0.92),19009,541,18468
575.7,Other disorders of gallbladder,digestive,10,#458B00,SFD,1.2681389016398572e-14,1.27e-14,yes,1.4966,1.3491,1.6563,1.50 (1.35 - 1.66),18858,390,18468
575.7,Other disorders of gallbladder,digestive,10,#458B00,SFI,0.00404193574843996,0.00404,no,0.7653,0.6368,0.917,0.77 (0.64 - 0.92),18858,390,18468
575.7,Other disorders of gallbladder,digestive,10,#458B00,VFD,1.143423699212243e-9,1.14e-09,yes,1.4444,1.2824,1.6251,1.44 (1.28 - 1.63),18858,390,18468
575.7,Other disorders of gallbladder,digestive,10,#458B00,VFI,0.5943965601438448,0.594,no,0.9617,0.832,1.1089,0.96 (0.83 - 1.11),18858,390,18468
575.8,Other disorders of biliary tract,digestive,10,#458B00,SFD,1.1002285218806524e-48,1.1e-48,yes,1.6433,1.5373,1.7557,1.64 (1.54 - 1.76),19321,853,18468
575.8,Other disorders of biliary tract,digestive,10,#458B00,SFI,1.8467125737734838e-5,1.85e-05,yes,0.7422,0.647,0.85,0.74 (0.65 - 0.85),19321,853,18468
575.8,Other disorders of biliary tract,digestive,10,#458B00,VFD,2.2516238403862913e-42,2.25e-42,yes,1.7429,1.6091,1.8877,1.74 (1.61 - 1.89),19321,853,18468
575.8,Other disorders of biliary tract,digestive,10,#458B00,VFI,2.911729144580412e-4,0.000291,no,0.8192,0.7348,0.9118,0.82 (0.73 - 0.91),19321,853,18468
577,Diseases of pancreas,digestive,10,#458B00,SFD,4.480242176915751e-21,4.48e-21,yes,1.2756,1.2124,1.3416,1.28 (1.21 - 1.34),22235,1776,20459
577,Diseases of pancreas,digestive,10,#458B00,SFI,0.017507401424637435,0.0175,no,0.8981,0.8215,0.981,0.90 (0.82 - 0.98),22235,1776,20459
577,Diseases of pancreas,digestive,10,#458B00,VFD,1.1977353978992514e-18,1.2e-18,yes,1.2871,1.2167,1.3613,1.29 (1.22 - 1.36),22235,1776,20459
577,Diseases of pancreas,digestive,10,#458B00,VFI,0.1160122969618681,0.116,no,1.059,0.9857,1.1371,1.06 (0.99 - 1.14),22235,1776,20459
577.1,Acute pancreatitis,digestive,10,#458B00,SFD,3.230942047080463e-7,3.23e-07,yes,1.2127,1.1255,1.305,1.21 (1.13 - 1.30),21332,873,20459
577.1,Acute pancreatitis,digestive,10,#458B00,SFI,0.08550900978948671,0.0855,no,0.9032,0.8037,1.0136,0.90 (0.80 - 1.01),21332,873,20459
577.1,Acute pancreatitis,digestive,10,#458B00,VFD,1.6375989000728377e-6,1.64e-06,yes,1.2151,1.1218,1.3155,1.22 (1.12 - 1.32),21332,873,20459
577.1,Acute pancreatitis,digestive,10,#458B00,VFI,6.924434368929213e-4,0.000692,no,1.1836,1.0732,1.3039,1.18 (1.07 - 1.30),21332,873,20459
577.2,Chronic pancreatitis,digestive,10,#458B00,SFD,2.579046732362668e-4,0.000258,no,1.2519,1.108,1.4098,1.25 (1.11 - 1.41),20742,283,20459
577.2,Chronic pancreatitis,digestive,10,#458B00,SFI,0.3348467777904824,0.335,no,0.9015,0.7282,1.1099,0.90 (0.73 - 1.11),20742,283,20459
577.2,Chronic pancreatitis,digestive,10,#458B00,VFD,7.181763947651302e-5,7.18e-05,no,1.3158,1.1483,1.5057,1.32 (1.15 - 1.51),20742,283,20459
577.2,Chronic pancreatitis,digestive,10,#458B00,VFI,0.6459519109035727,0.646,no,1.0445,0.8654,1.2546,1.04 (0.87 - 1.25),20742,283,20459
577.3,Cyst and pseudocyst of pancreas,digestive,10,#458B00,SFD,0.04014362654715058,0.0401,no,1.1298,1.0039,1.2673,1.13 (1.00 - 1.27),20808,349,20459
577.3,Cyst and pseudocyst of pancreas,digestive,10,#458B00,SFI,0.9517349209896694,0.952,no,0.9941,0.8199,1.2006,0.99 (0.82 - 1.20),20808,349,20459
577.3,Cyst and pseudocyst of pancreas,digestive,10,#458B00,VFD,0.028256288041592224,0.0283,no,1.1486,1.0141,1.299,1.15 (1.01 - 1.30),20808,349,20459
577.3,Cyst and pseudocyst of pancreas,digestive,10,#458B00,VFI,0.12034374474415112,0.12,no,1.1251,0.9682,1.3035,1.13 (0.97 - 1.30),20808,349,20459
578,Gastrointestinal hemorrhage,digestive,10,#458B00,SFD,8.151717196065633e-38,8.15e-38,yes,1.3904,1.3221,1.4619,1.39 (1.32 - 1.46),19563,1925,17638
578,Gastrointestinal hemorrhage,digestive,10,#458B00,SFI,1.1504871857958006e-8,1.15e-08,yes,0.7767,0.7119,0.8468,0.78 (0.71 - 0.85),19563,1925,17638
578,Gastrointestinal hemorrhage,digestive,10,#458B00,VFD,2.9008017546264416e-33,2.9e-33,yes,1.4052,1.3293,1.4853,1.41 (1.33 - 1.49),19563,1925,17638
578,Gastrointestinal hemorrhage,digestive,10,#458B00,VFI,1.9546272137570115e-7,1.95e-07,yes,0.8261,0.7685,0.8875,0.83 (0.77 - 0.89),19563,1925,17638
578.1,Hematemesis,digestive,10,#458B00,SFD,9.958486150003942e-22,9.96e-22,yes,1.8407,1.6218,2.0823,1.84 (1.62 - 2.08),17864,226,17638
578.1,Hematemesis,digestive,10,#458B00,SFI,0.010504488727456384,0.0105,no,0.7379,0.5829,0.9285,0.74 (0.58 - 0.93),17864,226,17638
578.1,Hematemesis,digestive,10,#458B00,VFD,1.3619239643553352e-22,1.36e-22,yes,2.0955,1.8058,2.4294,2.10 (1.81 - 2.43),17864,226,17638
578.1,Hematemesis,digestive,10,#458B00,VFI,2.8837339253048446e-7,2.88e-07,yes,0.565,0.453,0.7007,0.56 (0.45 - 0.70),17864,226,17638
578.2,Blood in stool,digestive,10,#458B00,SFD,5.223980704058405e-13,5.22e-13,yes,1.3035,1.2123,1.4,1.30 (1.21 - 1.40),18521,883,17638
578.2,Blood in stool,digestive,10,#458B00,SFI,3.700712197213524e-5,3.7e-05,no,0.7669,0.6755,0.8693,0.77 (0.68 - 0.87),18521,883,17638
578.2,Blood in stool,digestive,10,#458B00,VFD,1.0180288244067392e-12,1.02e-12,yes,1.3357,1.2333,1.4461,1.34 (1.23 - 1.45),18521,883,17638
578.2,Blood in stool,digestive,10,#458B00,VFI,1.6027264520639885e-4,0.00016,no,0.8163,0.7341,0.9064,0.82 (0.73 - 0.91),18521,883,17638
578.8,Hemorrhage of rectum and anus,digestive,10,#458B00,SFD,0.8625580351561912,0.863,no,1.0084,0.9173,1.1079,1.01 (0.92 - 1.11),18254,616,17638
578.8,Hemorrhage of rectum and anus,digestive,10,#458B00,SFI,0.03445398355120816,0.0345,no,0.8529,0.7352,0.9873,0.85 (0.74 - 0.99),18254,616,17638
578.8,Hemorrhage of rectum and anus,digestive,10,#458B00,VFD,0.9792788739047567,0.979,no,1.0013,0.9072,1.1046,1.00 (0.91 - 1.10),18254,616,17638
578.8,Hemorrhage of rectum and anus,digestive,10,#458B00,VFI,0.9853193818176632,0.985,no,1.0011,0.8864,1.1287,1.00 (0.89 - 1.13),18254,616,17638
578.9,Hemorrhage of gastrointestinal tract,digestive,10,#458B00,SFD,1.4103277400142742e-59,1.41e-59,yes,1.751,1.6364,1.8728,1.75 (1.64 - 1.87),18490,852,17638
578.9,Hemorrhage of gastrointestinal tract,digestive,10,#458B00,SFI,2.745900105955945e-11,2.75e-11,yes,0.6381,0.5586,0.7277,0.64 (0.56 - 0.73),18490,852,17638
578.9,Hemorrhage of gastrointestinal tract,digestive,10,#458B00,VFD,2.5525785193692025e-55,2.55e-55,yes,1.8919,1.7468,2.049,1.89 (1.75 - 2.05),18490,852,17638
578.9,Hemorrhage of gastrointestinal tract,digestive,10,#458B00,VFI,1.8233744151540906e-10,1.82e-10,yes,0.7076,0.6357,0.7864,0.71 (0.64 - 0.79),18490,852,17638
579,Other symptoms involving abdomen and pelvis,digestive,10,#458B00,SFD,3.9662851918540017e-42,3.97e-42,yes,1.472,1.392,1.5561,1.47 (1.39 - 1.56),19145,1507,17638
579,Other symptoms involving abdomen and pelvis,digestive,10,#458B00,SFI,5.690794556418541e-20,5.69e-20,yes,0.6324,0.573,0.6973,0.63 (0.57 - 0.70),19145,1507,17638
579,Other symptoms involving abdomen and pelvis,digestive,10,#458B00,VFD,3.1899622066558873e-54,3.19e-54,yes,1.6229,1.5265,1.7253,1.62 (1.53 - 1.73),19145,1507,17638
579,Other symptoms involving abdomen and pelvis,digestive,10,#458B00,VFI,1.155175370864158e-7,1.16e-07,yes,0.8051,0.7428,0.8719,0.81 (0.74 - 0.87),19145,1507,17638
579.2,Splenomegaly,digestive,10,#458B00,SFD,1.014898663121835e-49,1.01e-49,yes,1.9427,1.7783,2.1198,1.94 (1.78 - 2.12),18129,491,17638
579.2,Splenomegaly,digestive,10,#458B00,SFI,1.421806035728814e-19,1.42e-19,yes,0.4792,0.4081,0.5613,0.48 (0.41 - 0.56),18129,491,17638
579.2,Splenomegaly,digestive,10,#458B00,VFD,2.364060221278593e-56,2.36e-56,yes,2.2456,2.0314,2.4825,2.25 (2.03 - 2.48),18129,491,17638
579.2,Splenomegaly,digestive,10,#458B00,VFI,6.584575735863308e-6,6.58e-06,yes,0.7288,0.6345,0.8354,0.73 (0.63 - 0.84),18129,491,17638
579.8,Nonspecific abnormal findings in stool contents,digestive,10,#458B00,SFD,0.06798386377475951,0.068,no,1.1033,0.9917,1.2247,1.10 (0.99 - 1.22),18105,467,17638
579.8,Nonspecific abnormal findings in stool contents,digestive,10,#458B00,SFI,0.3394799716101799,0.339,no,0.9204,0.7752,1.0896,0.92 (0.78 - 1.09),18105,467,17638
579.8,Nonspecific abnormal findings in stool contents,digestive,10,#458B00,VFD,0.3263092209500668,0.326,no,1.0573,0.9455,1.1813,1.06 (0.95 - 1.18),18105,467,17638
579.8,Nonspecific abnormal findings in stool contents,digestive,10,#458B00,VFI,0.7885036178397069,0.789,no,0.9817,0.8567,1.1223,0.98 (0.86 - 1.12),18105,467,17638
580,Nephritis; nephrosis; renal sclerosis,genitourinary,11,#000000,SFD,4.059854223425226e-19,4.06e-19,yes,1.7711,1.5596,2.0045,1.77 (1.56 - 2.00),16327,241,16086
580,Nephritis; nephrosis; renal sclerosis,genitourinary,11,#000000,SFI,0.005493759761742997,0.00549,no,0.7182,0.5669,0.9046,0.72 (0.57 - 0.90),16327,241,16086
580,Nephritis; nephrosis; renal sclerosis,genitourinary,11,#000000,VFD,9.99163857918025e-11,9.99e-11,yes,1.6304,1.4047,1.8894,1.63 (1.40 - 1.89),16327,241,16086
580,Nephritis; nephrosis; renal sclerosis,genitourinary,11,#000000,VFI,0.035492610685723895,0.0355,no,1.2109,1.0109,1.4443,1.21 (1.01 - 1.44),16327,241,16086
585,Renal failure,genitourinary,11,#000000,SFD,2.750857752182046e-145,2.75e-145,yes,1.7963,1.7178,1.8786,1.80 (1.72 - 1.88),19091,3005,16086
585,Renal failure,genitourinary,11,#000000,SFI,4.397075792964857e-22,4.4e-22,yes,0.6953,0.6457,0.7483,0.70 (0.65 - 0.75),19091,3005,16086
585,Renal failure,genitourinary,11,#000000,VFD,8.861954990431644e-97,8.86e-97,yes,1.6769,1.5975,1.7604,1.68 (1.60 - 1.76),19091,3005,16086
585,Renal failure,genitourinary,11,#000000,VFI,2.806773123647887e-4,0.000281,no,0.9013,0.852,0.9531,0.90 (0.85 - 0.95),19091,3005,16086
585.1,Acute renal failure,genitourinary,11,#000000,SFD,4.504179640368319e-131,4.5e-131,yes,1.9476,1.846,2.0551,1.95 (1.85 - 2.06),17804,1718,16086
585.1,Acute renal failure,genitourinary,11,#000000,SFI,2.1882364509200596e-25,2.19e-25,yes,0.6084,0.5538,0.6677,0.61 (0.55 - 0.67),17804,1718,16086
585.1,Acute renal failure,genitourinary,11,#000000,VFD,1.5326905126875455e-100,1.53e-100,yes,1.9225,1.8104,2.042,1.92 (1.81 - 2.04),17804,1718,16086
585.1,Acute renal failure,genitourinary,11,#000000,VFI,1.2167065102009732e-9,1.22e-09,yes,0.7965,0.7399,0.8569,0.80 (0.74 - 0.86),17804,1718,16086
585.3,Chronic renal failure [CKD],genitourinary,11,#000000,SFD,2.1005122097538675e-90,2.1e-90,yes,1.8245,1.7209,1.9343,1.82 (1.72 - 1.93),17507,1421,16086
585.3,Chronic renal failure [CKD],genitourinary,11,#000000,SFI,6.55829287383292e-10,6.56e-10,yes,0.7218,0.6505,0.8,0.72 (0.65 - 0.80),17507,1421,16086
585.3,Chronic renal failure [CKD],genitourinary,11,#000000,VFD,3.2088693811554975e-49,3.21e-49,yes,1.642,1.5373,1.7539,1.64 (1.54 - 1.75),17507,1421,16086
585.3,Chronic renal failure [CKD],genitourinary,11,#000000,VFI,0.7028397299318875,0.703,no,0.9854,0.9133,1.0626,0.99 (0.91 - 1.06),17507,1421,16086
585.31,Renal dialysis,genitourinary,11,#000000,SFD,8.76391504781787e-79,8.76e-79,yes,2.5099,2.2801,2.763,2.51 (2.28 - 2.76),16451,365,16086
585.31,Renal dialysis,genitourinary,11,#000000,SFI,3.192374956583189e-13,3.19e-13,yes,0.4769,0.3901,0.581,0.48 (0.39 - 0.58),16451,365,16086
585.31,Renal dialysis,genitourinary,11,#000000,VFD,3.8796939365684917e-50,3.88e-50,yes,2.4426,2.1721,2.748,2.44 (2.17 - 2.75),16451,365,16086
585.31,Renal dialysis,genitourinary,11,#000000,VFI,0.011100388108995963,0.0111,no,0.8163,0.6968,0.9532,0.82 (0.70 - 0.95),16451,365,16086
585.32,End stage renal disease,genitourinary,11,#000000,SFD,5.822553788097068e-74,5.82e-74,yes,2.4285,2.2069,2.6721,2.43 (2.21 - 2.67),16448,362,16086
585.32,End stage renal disease,genitourinary,11,#000000,SFI,1.590228182539184e-17,1.59e-17,yes,0.3954,0.3188,0.4885,0.40 (0.32 - 0.49),16448,362,16086
585.32,End stage renal disease,genitourinary,11,#000000,VFD,1.202485615259146e-44,1.2e-44,yes,2.3261,2.0674,2.6181,2.33 (2.07 - 2.62),16448,362,16086
585.32,End stage renal disease,genitourinary,11,#000000,VFI,0.6127180137368278,0.613,no,0.9608,0.8217,1.1199,0.96 (0.82 - 1.12),16448,362,16086
585.33,"Chronic Kidney Disease, Stage III",genitourinary,11,#000000,SFD,2.0534193978261454e-30,2.05e-30,yes,1.651,1.5147,1.7981,1.65 (1.51 - 1.80),16757,671,16086
585.33,"Chronic Kidney Disease, Stage III",genitourinary,11,#000000,SFI,0.002534643540671262,0.00253,no,0.7938,0.6827,0.9214,0.79 (0.68 - 0.92),16757,671,16086
585.33,"Chronic Kidney Disease, Stage III",genitourinary,11,#000000,VFD,4.787668108111449e-14,4.79e-14,yes,1.4549,1.3195,1.6036,1.45 (1.32 - 1.60),16757,671,16086
585.33,"Chronic Kidney Disease, Stage III",genitourinary,11,#000000,VFI,0.7954126399613733,0.795,no,0.9863,0.8878,1.0944,0.99 (0.89 - 1.09),16757,671,16086
585.4,"Chronic kidney disease, Stage I or II",genitourinary,11,#000000,SFD,4.894934232173053e-8,4.89e-08,yes,1.3959,1.2366,1.5718,1.40 (1.24 - 1.57),16477,391,16086
585.4,"Chronic kidney disease, Stage I or II",genitourinary,11,#000000,SFI,0.22232093906367978,0.222,no,0.8907,0.7384,1.0711,0.89 (0.74 - 1.07),16477,391,16086
585.4,"Chronic kidney disease, Stage I or II",genitourinary,11,#000000,VFD,8.273323637726476e-5,8.27e-05,no,1.3014,1.1408,1.483,1.30 (1.14 - 1.48),16477,391,16086
585.4,"Chronic kidney disease, Stage I or II",genitourinary,11,#000000,VFI,0.17843893779342607,0.178,no,0.9104,0.7933,1.0428,0.91 (0.79 - 1.04),16477,391,16086
586,Other disorders of the kidney and ureters,genitourinary,11,#000000,SFD,1.134185944042146e-17,1.13e-17,yes,1.2896,1.2164,1.3667,1.29 (1.22 - 1.37),17795,1709,16086
586,Other disorders of the kidney and ureters,genitourinary,11,#000000,SFI,0.0057252828008234665,0.00573,no,0.8793,0.8023,0.9629,0.88 (0.80 - 0.96),17795,1709,16086
586,Other disorders of the kidney and ureters,genitourinary,11,#000000,VFD,1.2362516142010659e-12,1.24e-12,yes,1.2482,1.174,1.3269,1.25 (1.17 - 1.33),17795,1709,16086
586,Other disorders of the kidney and ureters,genitourinary,11,#000000,VFI,0.8766809670595415,0.877,no,0.9944,0.9256,1.0677,0.99 (0.93 - 1.07),17795,1709,16086
586.2,"Cyst of kidney, acquired",genitourinary,11,#000000,SFD,0.2423108532725648,0.242,no,1.0876,0.9429,1.249,1.09 (0.94 - 1.25),16411,325,16086
586.2,"Cyst of kidney, acquired",genitourinary,11,#000000,SFI,0.3454259258682741,0.345,no,0.9075,0.7406,1.1082,0.91 (0.74 - 1.11),16411,325,16086
586.2,"Cyst of kidney, acquired",genitourinary,11,#000000,VFD,0.44852091619153134,0.449,no,1.0557,0.9167,1.2132,1.06 (0.92 - 1.21),16411,325,16086
586.2,"Cyst of kidney, acquired",genitourinary,11,#000000,VFI,0.7308195861782157,0.731,no,1.0264,0.8839,1.1889,1.03 (0.88 - 1.19),16411,325,16086
586.4,Stricture/obstruction of ureter,genitourinary,11,#000000,SFD,9.236345858090934e-7,9.24e-07,yes,1.3284,1.1843,1.4859,1.33 (1.18 - 1.49),16448,362,16086
586.4,Stricture/obstruction of ureter,genitourinary,11,#000000,SFI,0.353136752786061,0.353,no,0.91,0.7444,1.1083,0.91 (0.74 - 1.11),16448,362,16086
586.4,Stricture/obstruction of ureter,genitourinary,11,#000000,VFD,1.2226132698507456e-10,1.22e-10,yes,1.5014,1.3261,1.6987,1.50 (1.33 - 1.70),16448,362,16086
586.4,Stricture/obstruction of ureter,genitourinary,11,#000000,VFI,0.19811153110258148,0.198,no,0.9023,0.7705,1.0537,0.90 (0.77 - 1.05),16448,362,16086
590,Pyelonephritis,genitourinary,11,#000000,SFD,0.6493683173342062,0.649,no,1.0205,0.9347,1.1129,1.02 (0.93 - 1.11),18254,767,17487
590,Pyelonephritis,genitourinary,11,#000000,SFI,0.38166279528751895,0.382,no,1.0567,0.9331,1.1948,1.06 (0.93 - 1.19),18254,767,17487
590,Pyelonephritis,genitourinary,11,#000000,VFD,0.7485325140922942,0.749,no,1.0149,0.9268,1.1106,1.01 (0.93 - 1.11),18254,767,17487
590,Pyelonephritis,genitourinary,11,#000000,VFI,4.672956918836201e-4,0.000467,no,1.1992,1.0825,1.3268,1.20 (1.08 - 1.33),18254,767,17487
591,Urinary tract infection,genitourinary,11,#000000,SFD,3.6956512265042707e-10,3.7e-10,yes,1.1681,1.1125,1.2261,1.17 (1.11 - 1.23),19841,2354,17487
591,Urinary tract infection,genitourinary,11,#000000,SFI,0.9790577729911536,0.979,no,1.001,0.9258,1.0819,1.00 (0.93 - 1.08),19841,2354,17487
591,Urinary tract infection,genitourinary,11,#000000,VFD,1.4169986590804683e-4,0.000142,no,1.1073,1.0506,1.1668,1.11 (1.05 - 1.17),19841,2354,17487
591,Urinary tract infection,genitourinary,11,#000000,VFI,0.5241396838834036,0.524,no,1.0201,0.9594,1.0843,1.02 (0.96 - 1.08),19841,2354,17487
592,Cystitis and urethritis,genitourinary,11,#000000,SFD,1.5227834936378952e-4,0.000152,no,1.1359,1.0629,1.2128,1.14 (1.06 - 1.21),18724,1237,17487
592,Cystitis and urethritis,genitourinary,11,#000000,SFI,0.8104978273278203,0.81,no,1.0129,0.9119,1.1238,1.01 (0.91 - 1.12),18724,1237,17487
592,Cystitis and urethritis,genitourinary,11,#000000,VFD,0.14433217233082785,0.144,no,1.054,0.982,1.131,1.05 (0.98 - 1.13),18724,1237,17487
592,Cystitis and urethritis,genitourinary,11,#000000,VFI,0.15807771445051516,0.158,no,1.0601,0.9772,1.1492,1.06 (0.98 - 1.15),18724,1237,17487
592.1,Cystitis,genitourinary,11,#000000,SFD,1.970711072050811e-4,0.000197,no,1.1348,1.0612,1.2124,1.13 (1.06 - 1.21),18700,1213,17487
592.1,Cystitis,genitourinary,11,#000000,SFI,0.8567515702005362,0.857,no,1.0098,0.9082,1.1215,1.01 (0.91 - 1.12),18700,1213,17487
592.1,Cystitis,genitourinary,11,#000000,VFD,0.1399994368757237,0.14,no,1.0552,0.9823,1.1331,1.06 (0.98 - 1.13),18700,1213,17487
592.1,Cystitis,genitourinary,11,#000000,VFI,0.23952151718016815,0.24,no,1.0503,0.9674,1.1394,1.05 (0.97 - 1.14),18700,1213,17487
592.11,Acute cystitis,genitourinary,11,#000000,SFD,3.71844718863739e-4,0.000372,no,1.1394,1.0597,1.2235,1.14 (1.06 - 1.22),18512,1025,17487
592.11,Acute cystitis,genitourinary,11,#000000,SFI,0.9220686730004586,0.922,no,0.9943,0.8862,1.1143,0.99 (0.89 - 1.11),18512,1025,17487
592.11,Acute cystitis,genitourinary,11,#000000,VFD,0.17156804388188604,0.172,no,1.0556,0.9766,1.1405,1.06 (0.98 - 1.14),18512,1025,17487
592.11,Acute cystitis,genitourinary,11,#000000,VFI,0.19119014624539377,0.191,no,1.0602,0.9708,1.1569,1.06 (0.97 - 1.16),18512,1025,17487
593,Hematuria,genitourinary,11,#000000,SFD,0.156203375683417,0.156,no,1.0535,0.9799,1.1316,1.05 (0.98 - 1.13),18576,1089,17487
593,Hematuria,genitourinary,11,#000000,SFI,0.11155993512079804,0.112,no,1.0904,0.9796,1.2124,1.09 (0.98 - 1.21),18576,1089,17487
593,Hematuria,genitourinary,11,#000000,VFD,0.5920603852608262,0.592,no,1.0207,0.9467,1.0999,1.02 (0.95 - 1.10),18576,1089,17487
593,Hematuria,genitourinary,11,#000000,VFI,0.023290936661097182,0.0233,no,1.1042,1.0132,1.2025,1.10 (1.01 - 1.20),18576,1089,17487
593.1,Gross hematuria,genitourinary,11,#000000,SFD,0.011578217962675287,0.0116,no,1.1726,1.0342,1.3242,1.17 (1.03 - 1.32),17835,348,17487
593.1,Gross hematuria,genitourinary,11,#000000,SFI,0.5057092229730137,0.506,no,1.0664,0.8809,1.2867,1.07 (0.88 - 1.29),17835,348,17487
593.1,Gross hematuria,genitourinary,11,#000000,VFD,0.05533822640863082,0.0553,no,1.1351,0.9961,1.291,1.14 (1.00 - 1.29),17835,348,17487
593.1,Gross hematuria,genitourinary,11,#000000,VFI,0.36690216253180735,0.367,no,1.0693,0.9236,1.2358,1.07 (0.92 - 1.24),17835,348,17487
593.2,Microscopic hematuria,genitourinary,11,#000000,SFD,0.2840717122948841,0.284,no,0.9107,0.7673,1.0773,0.91 (0.77 - 1.08),17725,238,17487
593.2,Microscopic hematuria,genitourinary,11,#000000,SFI,0.0018956284861254204,0.0019,no,1.4227,1.1358,1.7721,1.42 (1.14 - 1.77),17725,238,17487
593.2,Microscopic hematuria,genitourinary,11,#000000,VFD,0.5221347880097991,0.522,no,1.0536,0.8965,1.2341,1.05 (0.90 - 1.23),17725,238,17487
593.2,Microscopic hematuria,genitourinary,11,#000000,VFI,0.833402891967414,0.833,no,0.9809,0.8184,1.1715,0.98 (0.82 - 1.17),17725,238,17487
594,Urinary calculus,genitourinary,11,#000000,SFD,6.923141565881276e-6,6.92e-06,yes,0.8694,0.8177,0.924,0.87 (0.82 - 0.92),21021,1624,19397
594,Urinary calculus,genitourinary,11,#000000,SFI,0.10018883473800046,0.1,no,1.0722,0.9864,1.1647,1.07 (0.99 - 1.16),21021,1624,19397
594,Urinary calculus,genitourinary,11,#000000,VFD,5.584728082656617e-6,5.58e-06,yes,0.8647,0.812,0.9205,0.86 (0.81 - 0.92),21021,1624,19397
594,Urinary calculus,genitourinary,11,#000000,VFI,1.1254757424400249e-8,1.13e-08,yes,1.2258,1.1429,1.3143,1.23 (1.14 - 1.31),21021,1624,19397
594.1,Calculus of kidney,genitourinary,11,#000000,SFD,1.4441152849102274e-6,1.44e-06,yes,0.8442,0.7878,0.9044,0.84 (0.79 - 0.90),20618,1221,19397
594.1,Calculus of kidney,genitourinary,11,#000000,SFI,0.13464071094748306,0.135,no,1.075,0.9774,1.1813,1.07 (0.98 - 1.18),20618,1221,19397
594.1,Calculus of kidney,genitourinary,11,#000000,VFD,9.000986796012162e-6,9e-06,yes,0.8504,0.7916,0.9134,0.85 (0.79 - 0.91),20618,1221,19397
594.1,Calculus of kidney,genitourinary,11,#000000,VFI,1.052395451459242e-9,1.05e-09,yes,1.2787,1.1813,1.3835,1.28 (1.18 - 1.38),20618,1221,19397
594.3,Calculus of ureter,genitourinary,11,#000000,SFD,1.176394333380218e-5,1.18e-05,yes,0.7807,0.6992,0.8744,0.78 (0.70 - 0.87),19785,388,19397
594.3,Calculus of ureter,genitourinary,11,#000000,SFI,0.36253670333457655,0.363,no,1.0767,0.9171,1.2606,1.08 (0.92 - 1.26),19785,388,19397
594.3,Calculus of ureter,genitourinary,11,#000000,VFD,4.4868382265271213e-4,0.000449,no,0.8,0.7066,0.9063,0.80 (0.71 - 0.91),19785,388,19397
594.3,Calculus of ureter,genitourinary,11,#000000,VFI,3.828636386470652e-4,0.000383,no,1.2751,1.1139,1.4566,1.28 (1.11 - 1.46),19785,388,19397
595,Hydronephrosis,genitourinary,11,#000000,SFD,5.561166700236575e-9,5.56e-09,yes,1.2197,1.1404,1.3034,1.22 (1.14 - 1.30),20376,979,19397
595,Hydronephrosis,genitourinary,11,#000000,SFI,0.0015234087640888078,0.00152,no,0.8286,0.7372,0.9301,0.83 (0.74 - 0.93),20376,979,19397
595,Hydronephrosis,genitourinary,11,#000000,VFD,7.895776814302856e-15,7.9e-15,yes,1.3388,1.2436,1.4408,1.34 (1.24 - 1.44),20376,979,19397
595,Hydronephrosis,genitourinary,11,#000000,VFI,0.005305140417825472,0.00531,no,0.8715,0.7906,0.9594,0.87 (0.79 - 0.96),20376,979,19397
596,Other disorders of bladder,genitourinary,11,#000000,SFD,0.027924612969849515,0.0279,no,1.0875,1.0087,1.1714,1.09 (1.01 - 1.17),20457,879,19578
596,Other disorders of bladder,genitourinary,11,#000000,SFI,0.6055076700637175,0.606,no,0.9692,0.8602,1.0905,0.97 (0.86 - 1.09),20457,879,19578
596,Other disorders of bladder,genitourinary,11,#000000,VFD,0.07335105043413429,0.0734,no,1.0752,0.9929,1.1637,1.08 (0.99 - 1.16),20457,879,19578
596,Other disorders of bladder,genitourinary,11,#000000,VFI,0.13512368155787297,0.135,no,0.9292,0.8435,1.0226,0.93 (0.84 - 1.02),20457,879,19578
596.5,Functional disorders of bladder,genitourinary,11,#000000,SFD,0.17293114894404005,0.173,no,1.0808,0.9655,1.207,1.08 (0.97 - 1.21),19966,388,19578
596.5,Functional disorders of bladder,genitourinary,11,#000000,SFI,0.42912205469509107,0.429,no,1.0707,0.9024,1.2663,1.07 (0.90 - 1.27),19966,388,19578
596.5,Functional disorders of bladder,genitourinary,11,#000000,VFD,0.7047450836849549,0.705,no,0.9771,0.8665,1.1007,0.98 (0.87 - 1.10),19966,388,19578
596.5,Functional disorders of bladder,genitourinary,11,#000000,VFI,0.455481550955255,0.455,no,0.9475,0.8213,1.0903,0.95 (0.82 - 1.09),19966,388,19578
598,Abnormal findings on examination of urine,genitourinary,11,#000000,SFD,0.003269447963366419,0.00327,no,1.1723,1.0529,1.3013,1.17 (1.05 - 1.30),22438,389,22049
598,Abnormal findings on examination of urine,genitourinary,11,#000000,SFI,0.8956238350554324,0.896,no,1.0122,0.8432,1.2112,1.01 (0.84 - 1.21),22438,389,22049
598,Abnormal findings on examination of urine,genitourinary,11,#000000,VFD,0.07229986558780861,0.0723,no,1.1145,0.9896,1.2535,1.11 (0.99 - 1.25),22438,389,22049
598,Abnormal findings on examination of urine,genitourinary,11,#000000,VFI,0.19055361021101405,0.191,no,0.908,0.7848,1.0477,0.91 (0.78 - 1.05),22438,389,22049
599,Other symptoms/disorders or the urinary system,genitourinary,11,#000000,SFD,0.14705376152386554,0.147,no,1.0335,0.9884,1.0805,1.03 (0.99 - 1.08),20673,3059,17614
599,Other symptoms/disorders or the urinary system,genitourinary,11,#000000,SFI,0.814457522681433,0.814,no,1.0082,0.9419,1.0787,1.01 (0.94 - 1.08),20673,3059,17614
599,Other symptoms/disorders or the urinary system,genitourinary,11,#000000,VFD,0.7704702056109634,0.77,no,1.007,0.9611,1.0549,1.01 (0.96 - 1.05),20673,3059,17614
599,Other symptoms/disorders or the urinary system,genitourinary,11,#000000,VFI,0.39671644593864597,0.397,no,1.024,0.9692,1.0817,1.02 (0.97 - 1.08),20673,3059,17614
599.2,Retention of urine,genitourinary,11,#000000,SFD,4.818075251776604e-8,4.82e-08,yes,1.2319,1.1424,1.327,1.23 (1.14 - 1.33),18430,816,17614
599.2,Retention of urine,genitourinary,11,#000000,SFI,0.0021975249882436854,0.0022,no,0.8106,0.7081,0.9264,0.81 (0.71 - 0.93),18430,816,17614
599.2,Retention of urine,genitourinary,11,#000000,VFD,3.332728356827582e-6,3.33e-06,yes,1.2167,1.1199,1.3213,1.22 (1.12 - 1.32),18430,816,17614
599.2,Retention of urine,genitourinary,11,#000000,VFI,0.08821887271994845,0.0882,no,0.9134,0.8225,1.013,0.91 (0.82 - 1.01),18430,816,17614
599.3,Dysuria,genitourinary,11,#000000,SFD,0.9545029886494255,0.955,no,0.998,0.9314,1.0685,1.00 (0.93 - 1.07),18864,1250,17614
599.3,Dysuria,genitourinary,11,#000000,SFI,0.579322306117555,0.579,no,1.0289,0.9298,1.1375,1.03 (0.93 - 1.14),18864,1250,17614
599.3,Dysuria,genitourinary,11,#000000,VFD,0.2340726488981305,0.234,no,0.9582,0.8929,1.0278,0.96 (0.89 - 1.03),18864,1250,17614
599.3,Dysuria,genitourinary,11,#000000,VFI,0.05721229088222122,0.0572,no,1.0844,0.9971,1.1783,1.08 (1.00 - 1.18),18864,1250,17614
599.4,Urinary incontinence,genitourinary,11,#000000,SFD,0.891303936463849,0.891,no,0.9936,0.9056,1.089,0.99 (0.91 - 1.09),18265,651,17614
599.4,Urinary incontinence,genitourinary,11,#000000,SFI,0.13056643156168654,0.131,no,1.1121,0.9681,1.2752,1.11 (0.97 - 1.28),18265,651,17614
599.4,Urinary incontinence,genitourinary,11,#000000,VFD,0.4601906063289353,0.46,no,0.9641,0.8746,1.0619,0.96 (0.87 - 1.06),18265,651,17614
599.4,Urinary incontinence,genitourinary,11,#000000,VFI,0.32915617781067197,0.329,no,1.0538,0.9478,1.1699,1.05 (0.95 - 1.17),18265,651,17614
599.5,Frequency of urination and polyuria,genitourinary,11,#000000,SFD,0.01613817363826481,0.0161,no,0.9137,0.8489,0.9833,0.91 (0.85 - 0.98),18692,1078,17614
599.5,Frequency of urination and polyuria,genitourinary,11,#000000,SFI,0.12743179015379777,0.127,no,1.0874,0.9758,1.2104,1.09 (0.98 - 1.21),18692,1078,17614
599.5,Frequency of urination and polyuria,genitourinary,11,#000000,VFD,0.009505073862149443,0.00951,no,0.9044,0.8381,0.9756,0.90 (0.84 - 0.98),18692,1078,17614
599.5,Frequency of urination and polyuria,genitourinary,11,#000000,VFI,0.3534899808034074,0.353,no,1.0416,0.9553,1.1348,1.04 (0.96 - 1.13),18692,1078,17614
599.9,Other abnormality of urination,genitourinary,11,#000000,SFD,0.21384288402917753,0.214,no,0.9359,0.8432,1.0384,0.94 (0.84 - 1.04),18130,516,17614
599.9,Other abnormality of urination,genitourinary,11,#000000,SFI,0.6918394123138072,0.692,no,1.0323,0.8809,1.2063,1.03 (0.88 - 1.21),18130,516,17614
599.9,Other abnormality of urination,genitourinary,11,#000000,VFD,0.1563093279335537,0.156,no,0.9252,0.8305,1.0296,0.93 (0.83 - 1.03),18130,516,17614
599.9,Other abnormality of urination,genitourinary,11,#000000,VFI,0.4627586930214585,0.463,no,1.0478,0.9241,1.1859,1.05 (0.92 - 1.19),18130,516,17614
600,Hyperplasia of prostate,genitourinary,11,#000000,SFD,0.27367979701853623,0.274,no,0.9549,0.8796,1.0375,0.95 (0.88 - 1.04),8105,1145,6960
600,Hyperplasia of prostate,genitourinary,11,#000000,SFI,0.3112354916933624,0.311,no,0.9372,0.8261,1.0619,0.94 (0.83 - 1.06),8105,1145,6960
600,Hyperplasia of prostate,genitourinary,11,#000000,VFD,0.31979270499488793,0.32,no,0.958,0.88,1.0422,0.96 (0.88 - 1.04),8105,1145,6960
600,Hyperplasia of prostate,genitourinary,11,#000000,VFI,0.07921168948521479,0.0792,no,1.0905,0.9899,1.2013,1.09 (0.99 - 1.20),8105,1145,6960
605,Erectile dysfunction [ED],genitourinary,11,#000000,SFD,8.323248042054241e-4,0.000832,no,0.8111,0.7194,0.9213,0.81 (0.72 - 0.92),7450,340,7110
605,Erectile dysfunction [ED],genitourinary,11,#000000,SFI,0.31350896854932736,0.314,no,0.9092,0.7543,1.0923,0.91 (0.75 - 1.09),7450,340,7110
605,Erectile dysfunction [ED],genitourinary,11,#000000,VFD,0.005947361921074931,0.00595,no,0.8221,0.714,0.9439,0.82 (0.71 - 0.94),7450,340,7110
605,Erectile dysfunction [ED],genitourinary,11,#000000,VFI,7.354918798482521e-6,7.35e-06,yes,1.4193,1.2175,1.6537,1.42 (1.22 - 1.65),7450,340,7110
608,Other disorders of male genital organs,genitourinary,11,#000000,SFD,0.013274604292155524,0.0133,no,1.1746,1.0326,1.3319,1.17 (1.03 - 1.33),7438,328,7110
608,Other disorders of male genital organs,genitourinary,11,#000000,SFI,0.17421027517596444,0.174,no,0.8862,0.7434,1.0534,0.89 (0.74 - 1.05),7438,328,7110
608,Other disorders of male genital organs,genitourinary,11,#000000,VFD,0.012698199423051369,0.0127,no,1.1766,1.0342,1.3359,1.18 (1.03 - 1.34),7438,328,7110
608,Other disorders of male genital organs,genitourinary,11,#000000,VFI,0.15564718617194545,0.156,no,0.8823,0.7414,1.0478,0.88 (0.74 - 1.05),7438,328,7110
611,Abnormal findings on mammogram or breast exam,genitourinary,11,#000000,SFD,0.04716111027822669,0.0472,no,0.909,0.8267,0.9979,0.91 (0.83 - 1.00),22116,673,21443
611,Abnormal findings on mammogram or breast exam,genitourinary,11,#000000,SFI,1.615781415916152e-4,0.000162,no,0.7426,0.6359,0.8662,0.74 (0.64 - 0.87),22116,673,21443
611,Abnormal findings on mammogram or breast exam,genitourinary,11,#000000,VFD,0.13477825531730248,0.135,no,0.9305,0.8465,1.0224,0.93 (0.85 - 1.02),22116,673,21443
611,Abnormal findings on mammogram or breast exam,genitourinary,11,#000000,VFI,0.5187324061070289,0.519,no,0.9625,0.8562,1.0798,0.96 (0.86 - 1.08),22116,673,21443
611.1,Abnormal mammogram,genitourinary,11,#000000,SFD,0.01412617374005614,0.0141,no,0.8345,0.7205,0.9615,0.83 (0.72 - 0.96),21773,330,21443
611.1,Abnormal mammogram,genitourinary,11,#000000,SFI,0.04051911741164619,0.0405,no,0.7988,0.6435,0.9891,0.80 (0.64 - 0.99),21773,330,21443
611.1,Abnormal mammogram,genitourinary,11,#000000,VFD,0.044338172112010445,0.0443,no,0.8673,0.7543,0.9954,0.87 (0.75 - 1.00),21773,330,21443
611.1,Abnormal mammogram,genitourinary,11,#000000,VFI,0.7221888166521777,0.722,no,1.0286,0.8789,1.199,1.03 (0.88 - 1.20),21773,330,21443
611.3,Lump or mass in breast,genitourinary,11,#000000,SFD,0.2781201376838741,0.278,no,0.935,0.8272,1.054,0.94 (0.83 - 1.05),21831,388,21443
611.3,Lump or mass in breast,genitourinary,11,#000000,SFI,6.736003378508818e-4,0.000674,no,0.704,0.5745,0.8609,0.70 (0.57 - 0.86),21831,388,21443
611.3,Lump or mass in breast,genitourinary,11,#000000,VFD,0.3276547598464739,0.328,no,0.9407,0.8321,1.0629,0.94 (0.83 - 1.06),21831,388,21443
611.3,Lump or mass in breast,genitourinary,11,#000000,VFI,0.7859461783623884,0.786,no,0.9789,0.8377,1.1397,0.98 (0.84 - 1.14),21831,388,21443
613,Other nonmalignant breast conditions,genitourinary,11,#000000,SFD,0.0019707095386444218,0.00197,no,0.814,0.7147,0.9265,0.81 (0.71 - 0.93),22579,386,22193
613,Other nonmalignant breast conditions,genitourinary,11,#000000,SFI,0.3921657629812388,0.392,no,0.9225,0.766,1.1084,0.92 (0.77 - 1.11),22579,386,22193
613,Other nonmalignant breast conditions,genitourinary,11,#000000,VFD,2.3909833263566567e-6,2.39e-06,yes,0.7404,0.6533,0.839,0.74 (0.65 - 0.84),22579,386,22193
613,Other nonmalignant breast conditions,genitourinary,11,#000000,VFI,0.21965566253748028,0.22,no,1.0921,0.9473,1.2551,1.09 (0.95 - 1.26),22579,386,22193
613.5,Mastodynia,genitourinary,11,#000000,SFD,3.5414544095813626e-4,0.000354,no,0.7468,0.6393,0.878,0.75 (0.64 - 0.88),22439,246,22193
613.5,Mastodynia,genitourinary,11,#000000,SFI,0.5400057010329595,0.54,no,0.9298,0.7354,1.1711,0.93 (0.74 - 1.17),22439,246,22193
613.5,Mastodynia,genitourinary,11,#000000,VFD,7.354445292422009e-7,7.35e-07,yes,0.6769,0.5798,0.7906,0.68 (0.58 - 0.79),22439,246,22193
613.5,Mastodynia,genitourinary,11,#000000,VFI,0.13687232241211816,0.137,no,1.1409,0.9565,1.3539,1.14 (0.96 - 1.35),22439,246,22193
614,Inflammatory diseases of female pelvic organs,genitourinary,11,#000000,SFD,0.6097744809279679,0.61,no,1.0237,0.9345,1.1191,1.02 (0.93 - 1.12),12476,746,11730
614,Inflammatory diseases of female pelvic organs,genitourinary,11,#000000,SFI,0.14171799734326523,0.142,no,0.9054,0.7926,1.0331,0.91 (0.79 - 1.03),12476,746,11730
614,Inflammatory diseases of female pelvic organs,genitourinary,11,#000000,VFD,0.22949447858830394,0.229,no,1.0573,0.9653,1.1576,1.06 (0.97 - 1.16),12476,746,11730
614,Inflammatory diseases of female pelvic organs,genitourinary,11,#000000,VFI,0.17558425499099695,0.176,no,0.9232,0.8215,1.0353,0.92 (0.82 - 1.04),12476,746,11730
614.3,Pelvic inflammatory disease (PID),genitourinary,11,#000000,SFD,0.17734375052313225,0.177,no,1.0961,0.9566,1.2489,1.10 (0.96 - 1.25),12044,314,11730
614.3,Pelvic inflammatory disease (PID),genitourinary,11,#000000,SFI,0.0042461723536634756,0.00425,no,0.746,0.6094,0.9106,0.75 (0.61 - 0.91),12044,314,11730
614.3,Pelvic inflammatory disease (PID),genitourinary,11,#000000,VFD,0.013385563511495134,0.0134,no,1.1885,1.0357,1.3618,1.19 (1.04 - 1.36),12044,314,11730
614.3,Pelvic inflammatory disease (PID),genitourinary,11,#000000,VFI,0.20126332207528772,0.201,no,0.8882,0.7384,1.0625,0.89 (0.74 - 1.06),12044,314,11730
614.5,"Inflammatory disease of cervix, vagina, and vulva",genitourinary,11,#000000,SFD,0.7539955431785936,0.754,no,0.9789,0.8546,1.1155,0.98 (0.85 - 1.12),12071,341,11730
614.5,"Inflammatory disease of cervix, vagina, and vulva",genitourinary,11,#000000,SFI,0.3971149301682798,0.397,no,1.0846,0.8977,1.3072,1.08 (0.90 - 1.31),12071,341,11730
614.5,"Inflammatory disease of cervix, vagina, and vulva",genitourinary,11,#000000,VFD,0.9435266683393864,0.944,no,1.0047,0.8815,1.1442,1.00 (0.88 - 1.14),12071,341,11730
614.5,"Inflammatory disease of cervix, vagina, and vulva",genitourinary,11,#000000,VFI,0.23800246275181242,0.238,no,0.9056,0.7663,1.0654,0.91 (0.77 - 1.07),12071,341,11730
614.52,Vaginitis and vulvovaginitis,genitourinary,11,#000000,SFD,0.16837821920951684,0.168,no,0.893,0.7585,1.0456,0.89 (0.76 - 1.05),11976,246,11730
614.52,Vaginitis and vulvovaginitis,genitourinary,11,#000000,SFI,0.18410112070708626,0.184,no,1.1624,0.9293,1.4484,1.16 (0.93 - 1.45),11976,246,11730
614.52,Vaginitis and vulvovaginitis,genitourinary,11,#000000,VFD,0.4057755251532251,0.406,no,0.9371,0.8043,1.0919,0.94 (0.80 - 1.09),11976,246,11730
614.52,Vaginitis and vulvovaginitis,genitourinary,11,#000000,VFI,0.3888907950059732,0.389,no,0.9191,0.7565,1.1102,0.92 (0.76 - 1.11),11976,246,11730
615,Endometriosis,genitourinary,11,#000000,SFD,0.008911603763812054,0.00891,no,0.8109,0.6913,0.9458,0.81 (0.69 - 0.95),12049,319,11730
615,Endometriosis,genitourinary,11,#000000,SFI,0.5845493643994135,0.585,no,0.9466,0.7763,1.1506,0.95 (0.78 - 1.15),12049,319,11730
615,Endometriosis,genitourinary,11,#000000,VFD,0.17611226145652586,0.176,no,0.9068,0.7864,1.0441,0.91 (0.79 - 1.04),12049,319,11730
615,Endometriosis,genitourinary,11,#000000,VFI,0.6320930387111778,0.632,no,0.9578,0.8006,1.1398,0.96 (0.80 - 1.14),12049,319,11730
618,Genital prolapse,genitourinary,11,#000000,SFD,0.018911904990857473,0.0189,no,0.8374,0.7211,0.9693,0.84 (0.72 - 0.97),13056,264,12792
618,Genital prolapse,genitourinary,11,#000000,SFI,0.17612813689137635,0.176,no,1.177,0.9269,1.4861,1.18 (0.93 - 1.49),13056,264,12792
618,Genital prolapse,genitourinary,11,#000000,VFD,0.01318640810089433,0.0132,no,0.8282,0.7135,0.9609,0.83 (0.71 - 0.96),13056,264,12792
618,Genital prolapse,genitourinary,11,#000000,VFI,0.9478419049985832,0.948,no,1.0059,0.8418,1.1959,1.01 (0.84 - 1.20),13056,264,12792
619,Noninflammatory female genital disorders,genitourinary,11,#000000,SFD,0.3074862435890972,0.307,no,0.9626,0.894,1.0351,0.96 (0.89 - 1.04),12402,1192,11210
619,Noninflammatory female genital disorders,genitourinary,11,#000000,SFI,0.5151210316346286,0.515,no,0.9648,0.8657,1.0744,0.96 (0.87 - 1.07),12402,1192,11210
619,Noninflammatory female genital disorders,genitourinary,11,#000000,VFD,0.8163408736071684,0.816,no,0.9914,0.9216,1.0663,0.99 (0.92 - 1.07),12402,1192,11210
619,Noninflammatory female genital disorders,genitourinary,11,#000000,VFI,0.7574394592700359,0.757,no,0.986,0.901,1.0777,0.99 (0.90 - 1.08),12402,1192,11210
619.1,"Noninflammatory disorders of ovary, fallopian tube, and broad ligament",genitourinary,11,#000000,SFD,0.5346583938328323,0.535,no,1.0378,0.9211,1.164,1.04 (0.92 - 1.16),11616,406,11210
619.1,"Noninflammatory disorders of ovary, fallopian tube, and broad ligament",genitourinary,11,#000000,SFI,0.10997097877858282,0.11,no,0.8623,0.7183,1.033,0.86 (0.72 - 1.03),11616,406,11210
619.1,"Noninflammatory disorders of ovary, fallopian tube, and broad ligament",genitourinary,11,#000000,VFD,0.0415320870697566,0.0415,no,1.1317,1.0042,1.2739,1.13 (1.00 - 1.27),11616,406,11210
619.1,"Noninflammatory disorders of ovary, fallopian tube, and broad ligament",genitourinary,11,#000000,VFI,0.1422233056010209,0.142,no,0.8907,0.7616,1.0376,0.89 (0.76 - 1.04),11616,406,11210
619.4,Noninflammatory disorders of vagina,genitourinary,11,#000000,SFD,0.2901037655949806,0.29,no,0.9312,0.814,1.0598,0.93 (0.81 - 1.06),11587,377,11210
619.4,Noninflammatory disorders of vagina,genitourinary,11,#000000,SFI,0.4664262825292949,0.466,no,0.933,0.7734,1.1229,0.93 (0.77 - 1.12),11587,377,11210
619.4,Noninflammatory disorders of vagina,genitourinary,11,#000000,VFD,0.09805093031871655,0.0981,no,0.8969,0.7882,1.0198,0.90 (0.79 - 1.02),11587,377,11210
619.4,Noninflammatory disorders of vagina,genitourinary,11,#000000,VFI,0.6595186583618704,0.66,no,0.9655,0.8243,1.1265,0.97 (0.82 - 1.13),11587,377,11210
625,Pain and other symptoms associated with female genital organs,genitourinary,11,#000000,SFD,5.348377754205244e-4,0.000535,no,0.8292,0.7451,0.9209,0.83 (0.75 - 0.92),12604,590,12014
625,Pain and other symptoms associated with female genital organs,genitourinary,11,#000000,SFI,0.9676174682080023,0.968,no,0.9968,0.8536,1.1619,1.00 (0.85 - 1.16),12604,590,12014
625,Pain and other symptoms associated with female genital organs,genitourinary,11,#000000,VFD,0.037301051189548864,0.0373,no,0.8974,0.8104,0.9935,0.90 (0.81 - 0.99),12604,590,12014
625,Pain and other symptoms associated with female genital organs,genitourinary,11,#000000,VFI,0.47329634248837965,0.473,no,0.9524,0.8323,1.0867,0.95 (0.83 - 1.09),12604,590,12014
626,Disorders of menstruation and other abnormal bleeding from female genital tract,genitourinary,11,#000000,SFD,0.025943493090456765,0.0259,no,0.8961,0.8129,0.986,0.90 (0.81 - 0.99),10979,809,10170
626,Disorders of menstruation and other abnormal bleeding from female genital tract,genitourinary,11,#000000,SFI,0.31656844666634537,0.317,no,0.9359,0.8216,1.0649,0.94 (0.82 - 1.06),10979,809,10170
626,Disorders of menstruation and other abnormal bleeding from female genital tract,genitourinary,11,#000000,VFD,0.4867698661181835,0.487,no,0.9682,0.8839,1.0604,0.97 (0.88 - 1.06),10979,809,10170
626,Disorders of menstruation and other abnormal bleeding from female genital tract,genitourinary,11,#000000,VFI,0.02637696113251781,0.0264,no,0.8711,0.7703,0.9828,0.87 (0.77 - 0.98),10979,809,10170
626.1,Irregular menstrual cycle/bleeding,genitourinary,11,#000000,SFD,0.10106677277409022,0.101,no,0.9004,0.7931,1.0189,0.90 (0.79 - 1.02),10653,483,10170
626.1,Irregular menstrual cycle/bleeding,genitourinary,11,#000000,SFI,0.9400881921956896,0.94,no,1.0063,0.8524,1.1855,1.01 (0.85 - 1.19),10653,483,10170
626.1,Irregular menstrual cycle/bleeding,genitourinary,11,#000000,VFD,0.37829843460000323,0.378,no,0.948,0.8413,1.067,0.95 (0.84 - 1.07),10653,483,10170
626.1,Irregular menstrual cycle/bleeding,genitourinary,11,#000000,VFI,0.12685399096667097,0.127,no,0.8819,0.7489,1.0343,0.88 (0.75 - 1.03),10653,483,10170
627,Menopausal and postmenopausal disorders,genitourinary,11,#000000,SFD,0.0017269263620988244,0.00173,no,0.8708,0.798,0.9488,0.87 (0.80 - 0.95),10968,798,10170
627,Menopausal and postmenopausal disorders,genitourinary,11,#000000,SFI,0.43826970297219925,0.438,no,0.948,0.8279,1.0845,0.95 (0.83 - 1.08),10968,798,10170
627,Menopausal and postmenopausal disorders,genitourinary,11,#000000,VFD,0.1630638749115299,0.163,no,0.94,0.8614,1.0251,0.94 (0.86 - 1.03),10968,798,10170
627,Menopausal and postmenopausal disorders,genitourinary,11,#000000,VFI,0.6541487030083126,0.654,no,0.9774,0.8836,1.0796,0.98 (0.88 - 1.08),10968,798,10170
627.2,Symptomatic menopause,genitourinary,11,#000000,SFD,0.26690160516416156,0.267,no,0.9248,0.8036,1.0588,0.92 (0.80 - 1.06),10466,296,10170
627.2,Symptomatic menopause,genitourinary,11,#000000,SFI,0.04562115792066999,0.0456,no,0.7953,0.6347,0.9944,0.80 (0.63 - 0.99),10466,296,10170
627.2,Symptomatic menopause,genitourinary,11,#000000,VFD,0.9968930235420318,0.997,no,1.0003,0.8698,1.148,1.00 (0.87 - 1.15),10466,296,10170
627.2,Symptomatic menopause,genitourinary,11,#000000,VFI,0.02878308529590546,0.0288,no,0.8263,0.6947,0.9782,0.83 (0.69 - 0.98),10466,296,10170
627.3,Postmenopausal atrophic vaginitis,genitourinary,11,#000000,SFD,0.013624563358825966,0.0136,no,0.831,0.7166,0.9613,0.83 (0.72 - 0.96),10411,241,10170
627.3,Postmenopausal atrophic vaginitis,genitourinary,11,#000000,SFI,0.9932273802559334,0.993,no,1.0011,0.7786,1.2816,1.00 (0.78 - 1.28),10411,241,10170
627.3,Postmenopausal atrophic vaginitis,genitourinary,11,#000000,VFD,0.08260830383516661,0.0826,no,0.8742,0.7503,1.0165,0.87 (0.75 - 1.02),10411,241,10170
627.3,Postmenopausal atrophic vaginitis,genitourinary,11,#000000,VFI,0.8404017891887348,0.84,no,1.0186,0.8488,1.216,1.02 (0.85 - 1.22),10411,241,10170
628,Ovarian cyst,genitourinary,11,#000000,SFD,0.014241277803487865,0.0142,no,0.8935,0.8158,0.9768,0.89 (0.82 - 0.98),11072,902,10170
628,Ovarian cyst,genitourinary,11,#000000,SFI,0.439582558082395,0.44,no,0.951,0.8366,1.0797,0.95 (0.84 - 1.08),11072,902,10170
628,Ovarian cyst,genitourinary,11,#000000,VFD,0.02702211423286652,0.027,no,0.9076,0.8328,0.989,0.91 (0.83 - 0.99),11072,902,10170
628,Ovarian cyst,genitourinary,11,#000000,VFI,0.3300261973346813,0.33,no,1.0565,0.9451,1.1788,1.06 (0.95 - 1.18),11072,902,10170
796,Elevated prostate specific antigen [PSA],genitourinary,11,#000000,SFD,1.2925248242414783e-4,0.000129,no,0.7647,0.6692,0.8831,0.76 (0.67 - 0.88),7229,269,6960
796,Elevated prostate specific antigen [PSA],genitourinary,11,#000000,SFI,0.22244244002066121,0.222,no,1.1502,0.9167,1.4374,1.15 (0.92 - 1.44),7229,269,6960
796,Elevated prostate specific antigen [PSA],genitourinary,11,#000000,VFD,4.417028830236807e-5,4.42e-05,no,0.7095,0.6005,0.8348,0.71 (0.60 - 0.83),7229,269,6960
796,Elevated prostate specific antigen [PSA],genitourinary,11,#000000,VFI,8.595817947539286e-6,8.6e-06,yes,1.4554,1.2336,1.7171,1.46 (1.23 - 1.72),7229,269,6960
681,Superficial cellulitis and abscess,dermatologic,13,#B22222,SFD,2.447186090424365e-33,2.45e-33,yes,1.4012,1.3259,1.4799,1.40 (1.33 - 1.48),22065,1502,20563
681,Superficial cellulitis and abscess,dermatologic,13,#B22222,SFI,0.004994471378775881,0.00499,no,0.8834,0.8099,0.9629,0.88 (0.81 - 0.96),22065,1502,20563
681,Superficial cellulitis and abscess,dermatologic,13,#B22222,VFD,4.036527525241134e-21,4.04e-21,yes,1.3411,1.2616,1.4253,1.34 (1.26 - 1.43),22065,1502,20563
681,Superficial cellulitis and abscess,dermatologic,13,#B22222,VFI,0.06902628901180372,0.069,no,0.9332,0.866,1.0051,0.93 (0.87 - 1.01),22065,1502,20563
681.5,"Cellulitis and abscess of leg, except foot",dermatologic,13,#B22222,SFD,2.506842694544918e-17,2.51e-17,yes,1.6175,1.4446,1.8051,1.62 (1.44 - 1.81),20866,303,20563
681.5,"Cellulitis and abscess of leg, except foot",dermatologic,13,#B22222,SFI,0.020507613319313122,0.0205,no,0.8015,0.6636,0.9649,0.80 (0.66 - 0.96),20866,303,20563
681.5,"Cellulitis and abscess of leg, except foot",dermatologic,13,#B22222,VFD,3.071260121960772e-13,3.07e-13,yes,1.612,1.4165,1.8312,1.61 (1.42 - 1.83),20866,303,20563
681.5,"Cellulitis and abscess of leg, except foot",dermatologic,13,#B22222,VFI,0.03330064153736443,0.0333,no,0.8432,0.7196,0.9852,0.84 (0.72 - 0.99),20866,303,20563
681.7,Cellulitis and abscess of trunk,dermatologic,13,#B22222,SFD,2.3596452173161204e-14,2.36e-14,yes,1.4221,1.2976,1.555,1.42 (1.30 - 1.56),21089,526,20563
681.7,Cellulitis and abscess of trunk,dermatologic,13,#B22222,SFI,0.8439954930723498,0.844,no,0.9866,0.8619,1.1274,0.99 (0.86 - 1.13),21089,526,20563
681.7,Cellulitis and abscess of trunk,dermatologic,13,#B22222,VFD,4.932756034335655e-9,4.93e-09,yes,1.3527,1.2218,1.496,1.35 (1.22 - 1.50),21089,526,20563
681.7,Cellulitis and abscess of trunk,dermatologic,13,#B22222,VFI,0.05312639944288592,0.0531,no,0.886,0.783,1.0007,0.89 (0.78 - 1.00),21089,526,20563
686,Other local infections of skin and subcutaneous tissue,dermatologic,13,#B22222,SFD,1.0690041231807151e-7,1.07e-07,yes,1.4162,1.2425,1.6062,1.42 (1.24 - 1.61),20806,243,20563
686,Other local infections of skin and subcutaneous tissue,dermatologic,13,#B22222,SFI,0.002317297361948721,0.00232,no,0.7208,0.5829,0.8882,0.72 (0.58 - 0.89),20806,243,20563
686,Other local infections of skin and subcutaneous tissue,dermatologic,13,#B22222,VFD,8.748193760703064e-4,0.000875,no,1.2836,1.1068,1.4851,1.28 (1.11 - 1.49),20806,243,20563
686,Other local infections of skin and subcutaneous tissue,dermatologic,13,#B22222,VFI,0.12055730519226425,0.121,no,0.8668,0.7222,1.0362,0.87 (0.72 - 1.04),20806,243,20563
687,Symptoms affecting skin,dermatologic,13,#B22222,SFD,2.626563852114142e-4,0.000263,no,1.2056,1.0889,1.331,1.21 (1.09 - 1.33),20234,443,19791
687,Symptoms affecting skin,dermatologic,13,#B22222,SFI,0.5017477118761688,0.502,no,0.9457,0.8024,1.1116,0.95 (0.80 - 1.11),20234,443,19791
687,Symptoms affecting skin,dermatologic,13,#B22222,VFD,0.0014063668428617308,0.00141,no,1.1955,1.0708,1.3331,1.20 (1.07 - 1.33),20234,443,19791
687,Symptoms affecting skin,dermatologic,13,#B22222,VFI,0.15323657122183684,0.153,no,0.9049,0.788,1.0367,0.90 (0.79 - 1.04),20234,443,19791
687.1,Rash and other nonspecific skin eruption,dermatologic,13,#B22222,SFD,3.745314591880719e-4,0.000375,no,1.139,1.0595,1.2228,1.14 (1.06 - 1.22),20724,933,19791
687.1,Rash and other nonspecific skin eruption,dermatologic,13,#B22222,SFI,0.42867848714874707,0.429,no,0.9546,0.8503,1.0702,0.95 (0.85 - 1.07),20724,933,19791
687.1,Rash and other nonspecific skin eruption,dermatologic,13,#B22222,VFD,0.0151771622221962,0.0152,no,1.1008,1.0184,1.1891,1.10 (1.02 - 1.19),20724,933,19791
687.1,Rash and other nonspecific skin eruption,dermatologic,13,#B22222,VFI,0.440041910703117,0.44,no,0.9622,0.8719,1.0605,0.96 (0.87 - 1.06),20724,933,19791
687.4,Disturbance of skin sensation,dermatologic,13,#B22222,SFD,0.3964551390779028,0.396,no,0.9657,0.8907,1.0464,0.97 (0.89 - 1.05),20637,846,19791
687.4,Disturbance of skin sensation,dermatologic,13,#B22222,SFI,0.4547631801435765,0.455,no,0.9552,0.8464,1.0763,0.96 (0.85 - 1.08),20637,846,19791
687.4,Disturbance of skin sensation,dermatologic,13,#B22222,VFD,0.007849041168544041,0.00785,no,0.8925,0.8206,0.9704,0.89 (0.82 - 0.97),20637,846,19791
687.4,Disturbance of skin sensation,dermatologic,13,#B22222,VFI,0.4137822891135295,0.414,no,1.0426,0.9428,1.1515,1.04 (0.94 - 1.15),20637,846,19791
689,Disorder of skin and subcutaneous tissue NOS,dermatologic,13,#B22222,SFD,0.8235729932799584,0.824,no,0.9881,0.8893,1.0975,0.99 (0.89 - 1.10),22461,427,22034
689,Disorder of skin and subcutaneous tissue NOS,dermatologic,13,#B22222,SFI,0.7947926693583389,0.795,no,1.0224,0.8638,1.2062,1.02 (0.86 - 1.21),22461,427,22034
689,Disorder of skin and subcutaneous tissue NOS,dermatologic,13,#B22222,VFD,0.677324746273136,0.677,no,0.9763,0.8717,1.0923,0.98 (0.87 - 1.09),22461,427,22034
689,Disorder of skin and subcutaneous tissue NOS,dermatologic,13,#B22222,VFI,0.01364282232579044,0.0136,no,1.1845,1.0341,1.3535,1.18 (1.03 - 1.35),22461,427,22034
690,Erythematosquamous dermatosis,dermatologic,13,#B22222,SFD,0.22794658184675248,0.228,no,0.9121,0.7888,1.0596,0.91 (0.79 - 1.06),20820,238,20582
690,Erythematosquamous dermatosis,dermatologic,13,#B22222,SFI,0.92234084392347,0.922,no,1.0112,0.8066,1.2606,1.01 (0.81 - 1.26),20820,238,20582
690,Erythematosquamous dermatosis,dermatologic,13,#B22222,VFD,0.6529473551955158,0.653,no,0.9656,0.8278,1.1233,0.97 (0.83 - 1.12),20820,238,20582
690,Erythematosquamous dermatosis,dermatologic,13,#B22222,VFI,0.8534869639252517,0.853,no,1.0176,0.8438,1.2224,1.02 (0.84 - 1.22),20820,238,20582
690.1,Seborrheic dermatitis,dermatologic,13,#B22222,SFD,0.22794658184675248,0.228,no,0.9121,0.7888,1.0596,0.91 (0.79 - 1.06),20820,238,20582
690.1,Seborrheic dermatitis,dermatologic,13,#B22222,SFI,0.92234084392347,0.922,no,1.0112,0.8066,1.2606,1.01 (0.81 - 1.26),20820,238,20582
690.1,Seborrheic dermatitis,dermatologic,13,#B22222,VFD,0.6529473551955158,0.653,no,0.9656,0.8278,1.1233,0.97 (0.83 - 1.12),20820,238,20582
690.1,Seborrheic dermatitis,dermatologic,13,#B22222,VFI,0.8534869639252517,0.853,no,1.0176,0.8438,1.2224,1.02 (0.84 - 1.22),20820,238,20582
694,Dyschromia and Vitiligo,dermatologic,13,#B22222,SFD,4.358040777105015e-5,4.36e-05,no,0.8151,0.7401,0.9005,0.82 (0.74 - 0.90),21081,499,20582
694,Dyschromia and Vitiligo,dermatologic,13,#B22222,SFI,0.4382574119324155,0.438,no,1.0659,0.9057,1.2509,1.07 (0.91 - 1.25),21081,499,20582
694,Dyschromia and Vitiligo,dermatologic,13,#B22222,VFD,0.0023695450363256146,0.00237,no,0.8449,0.7574,0.9413,0.84 (0.76 - 0.94),21081,499,20582
694,Dyschromia and Vitiligo,dermatologic,13,#B22222,VFI,0.1329447870216304,0.133,no,1.104,0.9692,1.2547,1.10 (0.97 - 1.25),21081,499,20582
694.2,Other dyschromia,dermatologic,13,#B22222,SFD,7.490659053288987e-5,7.49e-05,no,0.8155,0.7385,0.9037,0.82 (0.74 - 0.90),21050,468,20582
694.2,Other dyschromia,dermatologic,13,#B22222,SFI,0.33770475994905963,0.338,no,1.0851,0.9169,1.2801,1.09 (0.92 - 1.28),21050,468,20582
694.2,Other dyschromia,dermatologic,13,#B22222,VFD,0.00601988782607327,0.00602,no,0.8548,0.7638,0.9554,0.85 (0.76 - 0.96),21050,468,20582
694.2,Other dyschromia,dermatologic,13,#B22222,VFI,0.35805158719522834,0.358,no,1.0653,0.9297,1.2175,1.07 (0.93 - 1.22),21050,468,20582
695,Erythematous conditions,dermatologic,13,#B22222,SFD,0.02930373504943091,0.0293,no,1.0992,1.0088,1.1959,1.10 (1.01 - 1.20),21249,667,20582
695,Erythematous conditions,dermatologic,13,#B22222,SFI,0.8174832472431159,0.817,no,0.9843,0.8601,1.1244,0.98 (0.86 - 1.12),21249,667,20582
695,Erythematous conditions,dermatologic,13,#B22222,VFD,0.0505442794299818,0.0505,no,1.0944,0.9994,1.1975,1.09 (1.00 - 1.20),21249,667,20582
695,Erythematous conditions,dermatologic,13,#B22222,VFI,0.7405945338916782,0.741,no,1.0191,0.9104,1.1388,1.02 (0.91 - 1.14),21249,667,20582
696,Psoriasis and related disorders,dermatologic,13,#B22222,SFD,0.8252963262227029,0.825,no,0.9819,0.8349,1.1524,0.98 (0.83 - 1.15),20446,220,20226
696,Psoriasis and related disorders,dermatologic,13,#B22222,SFI,0.8120229321622617,0.812,no,1.0263,0.8267,1.268,1.03 (0.83 - 1.27),20446,220,20226
696,Psoriasis and related disorders,dermatologic,13,#B22222,VFD,0.37809303938026456,0.378,no,0.9283,0.7853,1.0933,0.93 (0.79 - 1.09),20446,220,20226
696,Psoriasis and related disorders,dermatologic,13,#B22222,VFI,0.007526848912857027,0.00753,no,1.2671,1.0631,1.5045,1.27 (1.06 - 1.50),20446,220,20226
696.4,Psoriasis,dermatologic,13,#B22222,SFD,0.5768436231224862,0.577,no,0.953,0.8063,1.1262,0.95 (0.81 - 1.13),20435,209,20226
696.4,Psoriasis,dermatologic,13,#B22222,SFI,0.5657586486629549,0.566,no,1.0655,0.856,1.3197,1.07 (0.86 - 1.32),20435,209,20226
696.4,Psoriasis,dermatologic,13,#B22222,VFD,0.3224144858054526,0.322,no,0.9174,0.772,1.086,0.92 (0.77 - 1.09),20435,209,20226
696.4,Psoriasis,dermatologic,13,#B22222,VFI,0.006405147584643309,0.00641,no,1.2757,1.0687,1.5168,1.28 (1.07 - 1.52),20435,209,20226
698,Pruritus and related conditions,dermatologic,13,#B22222,SFD,0.0015092434232516112,0.00151,no,1.1667,1.0593,1.2816,1.17 (1.06 - 1.28),22454,499,21955
698,Pruritus and related conditions,dermatologic,13,#B22222,SFI,0.9540979358329738,0.954,no,1.0047,0.8557,1.1762,1.00 (0.86 - 1.18),22454,499,21955
698,Pruritus and related conditions,dermatologic,13,#B22222,VFD,0.27213251889336987,0.272,no,1.0606,0.9544,1.1775,1.06 (0.95 - 1.18),22454,499,21955
698,Pruritus and related conditions,dermatologic,13,#B22222,VFI,0.5495485900206576,0.55,no,1.0402,0.9131,1.1824,1.04 (0.91 - 1.18),22454,499,21955
701,Other hypertrophic and atrophic conditions of skin,dermatologic,13,#B22222,SFD,0.010207623316139018,0.0102,no,0.8903,0.8154,0.9731,0.89 (0.82 - 0.97),22427,688,21739
701,Other hypertrophic and atrophic conditions of skin,dermatologic,13,#B22222,SFI,0.1536870740985797,0.154,no,1.0989,0.9645,1.2497,1.10 (0.96 - 1.25),22427,688,21739
701,Other hypertrophic and atrophic conditions of skin,dermatologic,13,#B22222,VFD,0.032369292344704224,0.0324,no,0.9047,0.8253,0.9913,0.90 (0.83 - 0.99),22427,688,21739
701,Other hypertrophic and atrophic conditions of skin,dermatologic,13,#B22222,VFI,0.47093853884557246,0.471,no,1.0407,0.9331,1.1589,1.04 (0.93 - 1.16),22427,688,21739
701.2,Scar conditions and fibrosis of skin,dermatologic,13,#B22222,SFD,0.47147952986660435,0.471,no,0.9517,0.8318,1.0874,0.95 (0.83 - 1.09),22037,298,21739
701.2,Scar conditions and fibrosis of skin,dermatologic,13,#B22222,SFI,0.6069583461977506,0.607,no,0.9473,0.7691,1.1617,0.95 (0.77 - 1.16),22037,298,21739
701.2,Scar conditions and fibrosis of skin,dermatologic,13,#B22222,VFD,0.3312728495520054,0.331,no,1.0689,0.9336,1.2215,1.07 (0.93 - 1.22),22037,298,21739
701.2,Scar conditions and fibrosis of skin,dermatologic,13,#B22222,VFI,0.04609158534858985,0.0461,no,0.8408,0.7078,0.9952,0.84 (0.71 - 1.00),22037,298,21739
702,Degenerative skin conditions and other dermatoses,dermatologic,13,#B22222,SFD,3.774928036328071e-9,3.77e-09,yes,0.7992,0.7418,0.8613,0.80 (0.74 - 0.86),21973,954,21019
702,Degenerative skin conditions and other dermatoses,dermatologic,13,#B22222,SFI,0.744049452161837,0.744,no,0.9796,0.8651,1.1078,0.98 (0.87 - 1.11),21973,954,21019
702,Degenerative skin conditions and other dermatoses,dermatologic,13,#B22222,VFD,0.002023642081581346,0.00202,no,0.8836,0.8166,0.9556,0.88 (0.82 - 0.96),21973,954,21019
702,Degenerative skin conditions and other dermatoses,dermatologic,13,#B22222,VFI,0.05000056002029086,0.05,no,1.0945,0.9996,1.1974,1.09 (1.00 - 1.20),21973,954,21019
702.1,Actinic keratosis,dermatologic,13,#B22222,SFD,3.890824342532896e-7,3.89e-07,yes,0.7862,0.717,0.8639,0.79 (0.72 - 0.86),22230,557,21673
702.1,Actinic keratosis,dermatologic,13,#B22222,SFI,0.9529566975497297,0.953,no,0.9951,0.8445,1.1699,1.00 (0.84 - 1.17),22230,557,21673
702.1,Actinic keratosis,dermatologic,13,#B22222,VFD,0.04957701368048162,0.0496,no,0.9028,0.8149,0.9993,0.90 (0.81 - 1.00),22230,557,21673
702.1,Actinic keratosis,dermatologic,13,#B22222,VFI,0.0517759991339637,0.0518,no,1.1219,0.9984,1.2589,1.12 (1.00 - 1.26),22230,557,21673
702.2,Seborrheic keratosis,dermatologic,13,#B22222,SFD,1.2879191973302356e-8,1.29e-08,yes,0.7835,0.7206,0.8529,0.78 (0.72 - 0.85),22392,719,21673
702.2,Seborrheic keratosis,dermatologic,13,#B22222,SFI,0.6405567253111968,0.641,no,1.0341,0.8977,1.1891,1.03 (0.90 - 1.19),22392,719,21673
702.2,Seborrheic keratosis,dermatologic,13,#B22222,VFD,0.002598365675483082,0.0026,no,0.8711,0.7961,0.9526,0.87 (0.80 - 0.95),22392,719,21673
702.2,Seborrheic keratosis,dermatologic,13,#B22222,VFI,0.0762052491079809,0.0762,no,1.0972,0.9897,1.2149,1.10 (0.99 - 1.21),22392,719,21673
704,Diseases of hair and hair follicles,dermatologic,13,#B22222,SFD,0.002820689180114545,0.00282,no,0.8367,0.7466,0.9424,0.84 (0.75 - 0.94),22368,394,21974
704,Diseases of hair and hair follicles,dermatologic,13,#B22222,SFI,0.07092537053031381,0.0709,no,1.1633,0.9855,1.3685,1.16 (0.99 - 1.37),22368,394,21974
704,Diseases of hair and hair follicles,dermatologic,13,#B22222,VFD,0.004639043200782679,0.00464,no,0.8356,0.7374,0.9455,0.84 (0.74 - 0.95),22368,394,21974
704,Diseases of hair and hair follicles,dermatologic,13,#B22222,VFI,0.06064687171590372,0.0606,no,1.1498,0.9923,1.3284,1.15 (0.99 - 1.33),22368,394,21974
705.8,Hyperhidrosis,dermatologic,13,#B22222,SFD,0.9465570674967239,0.947,no,1.0053,0.8634,1.1697,1.01 (0.86 - 1.17),21856,214,21642
705.8,Hyperhidrosis,dermatologic,13,#B22222,SFI,0.03794579795510149,0.0379,no,0.7791,0.6139,0.9836,0.78 (0.61 - 0.98),21856,214,21642
705.8,Hyperhidrosis,dermatologic,13,#B22222,VFD,0.26715305089734975,0.267,no,1.0934,0.9326,1.2782,1.09 (0.93 - 1.28),21856,214,21642
705.8,Hyperhidrosis,dermatologic,13,#B22222,VFI,0.025245847361868978,0.0252,no,0.787,0.6363,0.9682,0.79 (0.64 - 0.97),21856,214,21642
706,Diseases of sebaceous glands,dermatologic,13,#B22222,SFD,0.3695047567141386,0.37,no,0.9584,0.8735,1.051,0.96 (0.87 - 1.05),22266,624,21642
706,Diseases of sebaceous glands,dermatologic,13,#B22222,SFI,0.4427415325295141,0.443,no,0.9461,0.8204,1.0887,0.95 (0.82 - 1.09),22266,624,21642
706,Diseases of sebaceous glands,dermatologic,13,#B22222,VFD,0.5935430802339606,0.594,no,1.0258,0.9338,1.1261,1.03 (0.93 - 1.13),22266,624,21642
706,Diseases of sebaceous glands,dermatologic,13,#B22222,VFI,0.747038861828281,0.747,no,0.9803,0.868,1.1051,0.98 (0.87 - 1.11),22266,624,21642
706.1,Acne,dermatologic,13,#B22222,SFD,0.9683884133113914,0.968,no,0.9969,0.8523,1.1615,1.00 (0.85 - 1.16),21877,235,21642
706.1,Acne,dermatologic,13,#B22222,SFI,0.8719275255274626,0.872,no,1.0187,0.8106,1.2716,1.02 (0.81 - 1.27),21877,235,21642
706.1,Acne,dermatologic,13,#B22222,VFD,0.1582854268284521,0.158,no,1.1179,0.9569,1.3038,1.12 (0.96 - 1.30),21877,235,21642
706.1,Acne,dermatologic,13,#B22222,VFI,0.03598536598861841,0.036,no,0.7684,0.5982,0.9789,0.77 (0.60 - 0.98),21877,235,21642
706.2,Sebaceous cyst,dermatologic,13,#B22222,SFD,0.1495056006309707,0.15,no,0.8859,0.753,1.0425,0.89 (0.75 - 1.04),21879,237,21642
706.2,Sebaceous cyst,dermatologic,13,#B22222,SFI,0.3159031257362764,0.316,no,0.8909,0.7092,1.1138,0.89 (0.71 - 1.11),21879,237,21642
706.2,Sebaceous cyst,dermatologic,13,#B22222,VFD,0.5254540137802727,0.525,no,0.9503,0.8108,1.1103,0.95 (0.81 - 1.11),21879,237,21642
706.2,Sebaceous cyst,dermatologic,13,#B22222,VFI,0.8875325814874274,0.888,no,1.013,0.8457,1.2085,1.01 (0.85 - 1.21),21879,237,21642
706.8,Other specified diseases of sebaceous glands,dermatologic,13,#B22222,SFD,0.45139184011201317,0.451,no,0.9425,0.8091,1.0978,0.94 (0.81 - 1.10),21845,203,21642
706.8,Other specified diseases of sebaceous glands,dermatologic,13,#B22222,SFI,0.8662823837051666,0.866,no,0.9782,0.7544,1.2596,0.98 (0.75 - 1.26),21845,203,21642
706.8,Other specified diseases of sebaceous glands,dermatologic,13,#B22222,VFD,0.658160631944491,0.658,no,0.9644,0.8199,1.1308,0.96 (0.82 - 1.13),21845,203,21642
706.8,Other specified diseases of sebaceous glands,dermatologic,13,#B22222,VFI,0.8135683047039117,0.814,no,1.0239,0.8391,1.243,1.02 (0.84 - 1.24),21845,203,21642
707,Chronic ulcer of skin,dermatologic,13,#B22222,SFD,3.95338374995833e-58,3.95e-58,yes,1.8676,1.7301,2.0149,1.87 (1.73 - 2.01),22514,569,21945
707,Chronic ulcer of skin,dermatologic,13,#B22222,SFI,1.099161762442253e-6,1.1e-06,yes,0.6795,0.5811,0.7929,0.68 (0.58 - 0.79),22514,569,21945
707,Chronic ulcer of skin,dermatologic,13,#B22222,VFD,1.0420462422867709e-31,1.04e-31,yes,1.7485,1.5923,1.9197,1.75 (1.59 - 1.92),22514,569,21945
707,Chronic ulcer of skin,dermatologic,13,#B22222,VFI,4.827866302444799e-5,4.83e-05,no,0.7744,0.6839,0.8752,0.77 (0.68 - 0.88),22514,569,21945
707.1,Decubitus ulcer,dermatologic,13,#B22222,SFD,2.8752710277883785e-47,2.88e-47,yes,1.9629,1.7905,2.1504,1.96 (1.79 - 2.15),22317,372,21945
707.1,Decubitus ulcer,dermatologic,13,#B22222,SFI,1.4619833283141159e-8,1.46e-08,yes,0.5514,0.448,0.6763,0.55 (0.45 - 0.68),22317,372,21945
707.1,Decubitus ulcer,dermatologic,13,#B22222,VFD,1.5453942187397263e-25,1.55e-25,yes,1.8447,1.6442,2.0691,1.84 (1.64 - 2.07),22317,372,21945
707.1,Decubitus ulcer,dermatologic,13,#B22222,VFI,2.9561881185270446e-5,2.96e-05,no,0.7138,0.6083,0.8348,0.71 (0.61 - 0.83),22317,372,21945
709,Diffuse diseases of connective tissue,dermatologic,13,#B22222,SFD,0.1211693207085975,0.121,no,0.8946,0.7805,1.032,0.89 (0.78 - 1.03),20635,223,20412
709,Diffuse diseases of connective tissue,dermatologic,13,#B22222,SFI,0.2585358136503156,0.259,no,1.1471,0.9009,1.45,1.15 (0.90 - 1.45),20635,223,20412
709,Diffuse diseases of connective tissue,dermatologic,13,#B22222,VFD,0.23584119457041125,0.236,no,0.9074,0.7721,1.0646,0.91 (0.77 - 1.06),20635,223,20412
709,Diffuse diseases of connective tissue,dermatologic,13,#B22222,VFI,0.10721057187762509,0.107,no,1.1711,0.9635,1.4149,1.17 (0.96 - 1.41),20635,223,20412
939,Atopic/contact dermatitis due to other or unspecified,dermatologic,13,#B22222,SFD,0.0016434863367024476,0.00164,no,1.1187,1.0428,1.199,1.12 (1.04 - 1.20),20291,999,19292
939,Atopic/contact dermatitis due to other or unspecified,dermatologic,13,#B22222,SFI,0.6329872837653753,0.633,no,1.0279,0.9175,1.15,1.03 (0.92 - 1.15),20291,999,19292
939,Atopic/contact dermatitis due to other or unspecified,dermatologic,13,#B22222,VFD,0.0014860995659660835,0.00149,no,1.1283,1.0471,1.2152,1.13 (1.05 - 1.22),20291,999,19292
939,Atopic/contact dermatitis due to other or unspecified,dermatologic,13,#B22222,VFI,0.550685361228711,0.551,no,0.9713,0.8823,1.0681,0.97 (0.88 - 1.07),20291,999,19292
710,"Osteomyelitis, periostitis, and other infections involving bone",musculoskeletal,14,#556B2F,SFD,4.043236938890097e-14,4.04e-14,yes,1.6083,1.419,1.8158,1.61 (1.42 - 1.82),21618,234,21384
710,"Osteomyelitis, periostitis, and other infections involving bone",musculoskeletal,14,#556B2F,SFI,0.02410510227603231,0.0241,no,0.7734,0.617,0.9644,0.77 (0.62 - 0.96),21618,234,21384
710,"Osteomyelitis, periostitis, and other infections involving bone",musculoskeletal,14,#556B2F,VFD,7.829785243012264e-10,7.83e-10,yes,1.5646,1.3551,1.8028,1.56 (1.36 - 1.80),21618,234,21384
710,"Osteomyelitis, periostitis, and other infections involving bone",musculoskeletal,14,#556B2F,VFI,0.014011920193758909,0.014,no,0.79,0.6534,0.9517,0.79 (0.65 - 0.95),21618,234,21384
710.1,Osteomyelitis,musculoskeletal,14,#556B2F,SFD,2.8071890584058548e-14,2.81e-14,yes,1.6167,1.4255,1.8262,1.62 (1.43 - 1.83),21615,231,21384
710.1,Osteomyelitis,musculoskeletal,14,#556B2F,SFI,0.028435441276146216,0.0284,no,0.7783,0.6204,0.9713,0.78 (0.62 - 0.97),21615,231,21384
710.1,Osteomyelitis,musculoskeletal,14,#556B2F,VFD,1.6043859759144253e-9,1.6e-09,yes,1.5567,1.3468,1.7956,1.56 (1.35 - 1.80),21615,231,21384
710.1,Osteomyelitis,musculoskeletal,14,#556B2F,VFI,0.015784949761642103,0.0158,no,0.7923,0.6545,0.9554,0.79 (0.65 - 0.96),21615,231,21384
714,Rheumatoid arthritis and other inflammatory polyarthropathies,musculoskeletal,14,#556B2F,SFD,0.18173308188775028,0.182,no,0.9184,0.8114,1.0402,0.92 (0.81 - 1.04),21853,330,21523
714,Rheumatoid arthritis and other inflammatory polyarthropathies,musculoskeletal,14,#556B2F,SFI,0.07622898970555182,0.0762,no,1.1833,0.9806,1.4226,1.18 (0.98 - 1.42),21853,330,21523
714,Rheumatoid arthritis and other inflammatory polyarthropathies,musculoskeletal,14,#556B2F,VFD,0.017649948794300086,0.0176,no,0.8514,0.7454,0.972,0.85 (0.75 - 0.97),21853,330,21523
714,Rheumatoid arthritis and other inflammatory polyarthropathies,musculoskeletal,14,#556B2F,VFI,0.1386858193673299,0.139,no,1.1162,0.9635,1.2891,1.12 (0.96 - 1.29),21853,330,21523
714.1,Rheumatoid arthritis,musculoskeletal,14,#556B2F,SFD,0.11823666774004943,0.118,no,0.8982,0.7867,1.0276,0.90 (0.79 - 1.03),21811,288,21523
714.1,Rheumatoid arthritis,musculoskeletal,14,#556B2F,SFI,0.03801518787241158,0.038,no,1.2329,1.0094,1.499,1.23 (1.01 - 1.50),21811,288,21523
714.1,Rheumatoid arthritis,musculoskeletal,14,#556B2F,VFD,0.006793951565583058,0.00679,no,0.82,0.7101,0.9463,0.82 (0.71 - 0.95),21811,288,21523
714.1,Rheumatoid arthritis,musculoskeletal,14,#556B2F,VFI,0.094014981280015,0.094,no,1.1406,0.9761,1.3282,1.14 (0.98 - 1.33),21811,288,21523
716,Other arthropathies,musculoskeletal,14,#556B2F,SFD,0.2244608324587775,0.224,no,1.0975,0.9417,1.2709,1.10 (0.94 - 1.27),21601,217,21384
716,Other arthropathies,musculoskeletal,14,#556B2F,SFI,0.7956919430062868,0.796,no,0.9702,0.7698,1.2164,0.97 (0.77 - 1.22),21601,217,21384
716,Other arthropathies,musculoskeletal,14,#556B2F,VFD,0.3187225576016187,0.319,no,1.0841,0.9236,1.2686,1.08 (0.92 - 1.27),21601,217,21384
716,Other arthropathies,musculoskeletal,14,#556B2F,VFI,0.8906685009312967,0.891,no,0.9872,0.8196,1.1837,0.99 (0.82 - 1.18),21601,217,21384
720,Spinal stenosis,musculoskeletal,14,#556B2F,SFD,0.2236731153659033,0.224,no,1.0568,0.966,1.1541,1.06 (0.97 - 1.15),20218,696,19522
720,Spinal stenosis,musculoskeletal,14,#556B2F,SFI,0.014717090539731043,0.0147,no,0.8442,0.7362,0.9665,0.84 (0.74 - 0.97),20218,696,19522
720,Spinal stenosis,musculoskeletal,14,#556B2F,VFD,0.5070955927589231,0.507,no,0.9686,0.881,1.0638,0.97 (0.88 - 1.06),20218,696,19522
720,Spinal stenosis,musculoskeletal,14,#556B2F,VFI,0.48518187251954914,0.485,no,1.0363,0.9371,1.1446,1.04 (0.94 - 1.14),20218,696,19522
720.1,Spinal stenosis of lumbar region,musculoskeletal,14,#556B2F,SFD,0.3301056385707306,0.33,no,1.0544,0.9465,1.1714,1.05 (0.95 - 1.17),20007,485,19522
720.1,Spinal stenosis of lumbar region,musculoskeletal,14,#556B2F,SFI,0.1139234282167329,0.114,no,0.8787,0.7478,1.0303,0.88 (0.75 - 1.03),20007,485,19522
720.1,Spinal stenosis of lumbar region,musculoskeletal,14,#556B2F,VFD,0.6274980729936791,0.627,no,0.9725,0.8682,1.0877,0.97 (0.87 - 1.09),20007,485,19522
720.1,Spinal stenosis of lumbar region,musculoskeletal,14,#556B2F,VFI,0.6280981306519497,0.628,no,1.0292,0.9153,1.1555,1.03 (0.92 - 1.16),20007,485,19522
721,Spondylosis and allied disorders,musculoskeletal,14,#556B2F,SFD,0.23485596217249138,0.235,no,1.0452,0.9712,1.1237,1.05 (0.97 - 1.12),20522,1000,19522
721,Spondylosis and allied disorders,musculoskeletal,14,#556B2F,SFI,0.04975501062483369,0.0498,no,0.8905,0.7926,0.9993,0.89 (0.79 - 1.00),20522,1000,19522
721,Spondylosis and allied disorders,musculoskeletal,14,#556B2F,VFD,0.4988994494860775,0.499,no,0.9736,0.9008,1.0517,0.97 (0.90 - 1.05),20522,1000,19522
721,Spondylosis and allied disorders,musculoskeletal,14,#556B2F,VFI,0.4914167339015442,0.491,no,0.9695,0.8871,1.0585,0.97 (0.89 - 1.06),20522,1000,19522
721.1,Spondylosis without myelopathy,musculoskeletal,14,#556B2F,SFD,0.2608928264573592,0.261,no,1.0441,0.968,1.125,1.04 (0.97 - 1.12),20462,940,19522
721.1,Spondylosis without myelopathy,musculoskeletal,14,#556B2F,SFI,0.13084372658426932,0.131,no,0.9121,0.8089,1.0271,0.91 (0.81 - 1.03),20462,940,19522
721.1,Spondylosis without myelopathy,musculoskeletal,14,#556B2F,VFD,0.5818101900992201,0.582,no,0.9779,0.9026,1.0586,0.98 (0.90 - 1.06),20462,940,19522
721.1,Spondylosis without myelopathy,musculoskeletal,14,#556B2F,VFI,0.3796001719596443,0.38,no,0.96,0.876,1.051,0.96 (0.88 - 1.05),20462,940,19522
722,Intervertebral disc disorders,musculoskeletal,14,#556B2F,SFD,0.8404755724115807,0.84,no,1.0085,0.9286,1.0942,1.01 (0.93 - 1.09),20318,796,19522
722,Intervertebral disc disorders,musculoskeletal,14,#556B2F,SFI,0.10771136380801391,0.108,no,0.9018,0.7945,1.022,0.90 (0.79 - 1.02),20318,796,19522
722,Intervertebral disc disorders,musculoskeletal,14,#556B2F,VFD,0.05792364962542924,0.0579,no,0.9198,0.8435,1.0025,0.92 (0.84 - 1.00),20318,796,19522
722,Intervertebral disc disorders,musculoskeletal,14,#556B2F,VFI,0.56095514261072,0.561,no,0.9706,0.8774,1.0725,0.97 (0.88 - 1.07),20318,796,19522
722.1,Displacement of intervertebral disc,musculoskeletal,14,#556B2F,SFD,0.5487346195568057,0.549,no,0.9576,0.8318,1.1019,0.96 (0.83 - 1.10),19801,279,19522
722.1,Displacement of intervertebral disc,musculoskeletal,14,#556B2F,SFI,0.1817650998623457,0.182,no,0.8725,0.7128,1.0636,0.87 (0.71 - 1.06),19801,279,19522
722.1,Displacement of intervertebral disc,musculoskeletal,14,#556B2F,VFD,0.038751909907388596,0.0388,no,0.8553,0.7363,0.9905,0.86 (0.74 - 0.99),19801,279,19522
722.1,Displacement of intervertebral disc,musculoskeletal,14,#556B2F,VFI,0.43022636069722975,0.43,no,1.0679,0.9054,1.2552,1.07 (0.91 - 1.26),19801,279,19522
722.6,Degeneration of intervertebral disc,musculoskeletal,14,#556B2F,SFD,0.53378088414148706,0.534,no,0.9669,0.8697,1.0742,0.97 (0.87 - 1.07),19989,467,19522
722.6,Degeneration of intervertebral disc,musculoskeletal,14,#556B2F,SFI,0.21544590281114537,0.215,no,0.9004,0.7617,1.0616,0.90 (0.76 - 1.06),19989,467,19522
722.6,Degeneration of intervertebral disc,musculoskeletal,14,#556B2F,VFD,0.0705820311972203,0.0706,no,0.9021,0.8064,1.0081,0.90 (0.81 - 1.01),19989,467,19522
722.6,Degeneration of intervertebral disc,musculoskeletal,14,#556B2F,VFI,0.47394935598937493,0.474,no,0.9538,0.8369,1.0845,0.95 (0.84 - 1.08),19989,467,19522
724,Other and unspecified disorders of back,musculoskeletal,14,#556B2F,SFD,0.4146404048555695,0.415,no,0.9493,0.8385,1.0751,0.95 (0.84 - 1.08),19870,348,19522
724,Other and unspecified disorders of back,musculoskeletal,14,#556B2F,SFI,0.896028961097252,0.896,no,1.0123,0.8409,1.2146,1.01 (0.84 - 1.21),19870,348,19522
724,Other and unspecified disorders of back,musculoskeletal,14,#556B2F,VFD,0.025419561225373196,0.0254,no,0.8584,0.7501,0.9804,0.86 (0.75 - 0.98),19870,348,19522
724,Other and unspecified disorders of back,musculoskeletal,14,#556B2F,VFI,0.47716595236574777,0.477,no,1.0548,0.9092,1.2202,1.05 (0.91 - 1.22),19870,348,19522
726,Peripheral enthesopathies and allied syndromes,musculoskeletal,14,#556B2F,SFD,0.0015825393194348403,0.00158,no,0.8675,0.7949,0.9479,0.87 (0.79 - 0.95),19791,762,19029
726,Peripheral enthesopathies and allied syndromes,musculoskeletal,14,#556B2F,SFI,0.052748428423797185,0.0527,no,1.1319,0.9977,1.282,1.13 (1.00 - 1.28),19791,762,19029
726,Peripheral enthesopathies and allied syndromes,musculoskeletal,14,#556B2F,VFD,0.012098312494971295,0.0121,no,0.8919,0.8154,0.975,0.89 (0.82 - 0.97),19791,762,19029
726,Peripheral enthesopathies and allied syndromes,musculoskeletal,14,#556B2F,VFI,0.3044903378798137,0.304,no,1.0544,0.9524,1.166,1.05 (0.95 - 1.17),19791,762,19029
726.1,Enthesopathy,musculoskeletal,14,#556B2F,SFD,0.08750928083880805,0.0875,no,0.8991,0.797,1.0156,0.90 (0.80 - 1.02),19425,396,19029
726.1,Enthesopathy,musculoskeletal,14,#556B2F,SFI,0.1667686803836013,0.167,no,1.1297,0.9488,1.3404,1.13 (0.95 - 1.34),19425,396,19029
726.1,Enthesopathy,musculoskeletal,14,#556B2F,VFD,0.3305468470768566,0.331,no,0.9411,0.8324,1.0627,0.94 (0.83 - 1.06),19425,396,19029
726.1,Enthesopathy,musculoskeletal,14,#556B2F,VFI,0.41375937817451924,0.414,no,0.9432,0.8188,1.0838,0.94 (0.82 - 1.08),19425,396,19029
727,"Other disorders of synovium, tendon, and bursa",musculoskeletal,14,#556B2F,SFD,0.07184338653848259,0.0718,no,0.9072,0.8164,1.0083,0.91 (0.82 - 1.01),19578,549,19029
727,"Other disorders of synovium, tendon, and bursa",musculoskeletal,14,#556B2F,SFI,0.8920775799595588,0.892,no,0.9895,0.8486,1.1512,0.99 (0.85 - 1.15),19578,549,19029
727,"Other disorders of synovium, tendon, and bursa",musculoskeletal,14,#556B2F,VFD,0.03684695174413239,0.0368,no,0.8938,0.8041,0.9927,0.89 (0.80 - 0.99),19578,549,19029
727,"Other disorders of synovium, tendon, and bursa",musculoskeletal,14,#556B2F,VFI,0.023370499353363654,0.0234,no,1.1437,1.0176,1.2836,1.14 (1.02 - 1.28),19578,549,19029
727.1,Synovitis and tenosynovitis,musculoskeletal,14,#556B2F,SFD,0.2645349745974785,0.265,no,0.916,0.7862,1.067,0.92 (0.79 - 1.07),19287,258,19029
727.1,Synovitis and tenosynovitis,musculoskeletal,14,#556B2F,SFI,0.7132654718303583,0.713,no,0.9595,0.7681,1.193,0.96 (0.77 - 1.19),19287,258,19029
727.1,Synovitis and tenosynovitis,musculoskeletal,14,#556B2F,VFD,0.37096390005227003,0.371,no,0.9332,0.8016,1.0847,0.93 (0.80 - 1.08),19287,258,19029
727.1,Synovitis and tenosynovitis,musculoskeletal,14,#556B2F,VFI,0.12211382337333714,0.122,no,1.1419,0.9633,1.3488,1.14 (0.96 - 1.35),19287,258,19029
729,Other disorders of soft tissues,musculoskeletal,14,#556B2F,SFD,9.920071489496853e-19,9.92e-19,yes,1.3162,1.2379,1.3984,1.32 (1.24 - 1.40),20267,1238,19029
729,Other disorders of soft tissues,musculoskeletal,14,#556B2F,SFI,0.021521259293494494,0.0215,no,0.8888,0.8033,0.9823,0.89 (0.80 - 0.98),20267,1238,19029
729,Other disorders of soft tissues,musculoskeletal,14,#556B2F,VFD,1.1352765411871654e-8,1.14e-08,yes,1.2186,1.1385,1.304,1.22 (1.14 - 1.30),20267,1238,19029
729,Other disorders of soft tissues,musculoskeletal,14,#556B2F,VFI,0.013332307826853036,0.0133,no,0.9001,0.8278,0.9779,0.90 (0.83 - 0.98),20267,1238,19029
733,Other disorders of bone and cartilage,musculoskeletal,14,#556B2F,SFD,0.4265560546339121,0.427,no,0.9637,0.8792,1.0548,0.96 (0.88 - 1.05),20823,617,20206
733,Other disorders of bone and cartilage,musculoskeletal,14,#556B2F,SFI,0.9473372647502148,0.947,no,0.9946,0.8461,1.1666,0.99 (0.85 - 1.17),20823,617,20206
733,Other disorders of bone and cartilage,musculoskeletal,14,#556B2F,VFD,0.3598143111304622,0.36,no,0.9562,0.8685,1.052,0.96 (0.87 - 1.05),20823,617,20206
733,Other disorders of bone and cartilage,musculoskeletal,14,#556B2F,VFI,0.11573119018215286,0.116,no,1.097,0.9767,1.2301,1.10 (0.98 - 1.23),20823,617,20206
735,Acquired foot deformities,musculoskeletal,14,#556B2F,SFD,0.5578864186556004,0.558,no,1.0442,0.9021,1.2033,1.04 (0.90 - 1.20),21629,226,21403
735,Acquired foot deformities,musculoskeletal,14,#556B2F,SFI,0.674428147557137,0.674,no,1.0525,0.8265,1.3321,1.05 (0.83 - 1.33),21629,226,21403
735,Acquired foot deformities,musculoskeletal,14,#556B2F,VFD,0.3892282791892999,0.389,no,1.0699,0.9163,1.2461,1.07 (0.92 - 1.25),21629,226,21403
735,Acquired foot deformities,musculoskeletal,14,#556B2F,VFI,0.04930298173397688,0.0493,no,0.8222,0.6746,0.9967,0.82 (0.67 - 1.00),21629,226,21403
737,Curvature of spine,musculoskeletal,14,#556B2F,SFD,0.0036353522089193047,0.00364,no,1.2003,1.0594,1.3549,1.20 (1.06 - 1.35),21647,244,21403
737,Curvature of spine,musculoskeletal,14,#556B2F,SFI,0.015499112984914893,0.0155,no,0.7278,0.5615,0.9389,0.73 (0.56 - 0.94),21647,244,21403
737,Curvature of spine,musculoskeletal,14,#556B2F,VFD,0.00234736221681554,0.00235,no,1.2493,1.0818,1.4411,1.25 (1.08 - 1.44),21647,244,21403
737,Curvature of spine,musculoskeletal,14,#556B2F,VFI,7.974121375727183e-5,7.97e-05,no,0.6629,0.5388,0.8107,0.66 (0.54 - 0.81),21647,244,21403
738,Other acquired musculoskeletal deformity,musculoskeletal,14,#556B2F,SFD,0.29283591727768193,0.293,no,0.9248,0.8014,1.0692,0.92 (0.80 - 1.07),21645,242,21403
738,Other acquired musculoskeletal deformity,musculoskeletal,14,#556B2F,SFI,0.8955088083187634,0.896,no,0.9845,0.7774,1.24,0.98 (0.78 - 1.24),21645,242,21403
738,Other acquired musculoskeletal deformity,musculoskeletal,14,#556B2F,VFD,0.25108215310255316,0.251,no,0.915,0.7861,1.0642,0.92 (0.79 - 1.06),21645,242,21403
738,Other acquired musculoskeletal deformity,musculoskeletal,14,#556B2F,VFI,0.8389206123678123,0.839,no,0.9817,0.8194,1.1712,0.98 (0.82 - 1.17),21645,242,21403
740,Osteoarthrosis,musculoskeletal,14,#556B2F,SFD,0.6948600043425777,0.695,no,1.0124,0.9518,1.0761,1.01 (0.95 - 1.08),21832,1627,20205
740,Osteoarthrosis,musculoskeletal,14,#556B2F,SFI,7.557192016363511e-4,0.000756,no,1.1657,1.0659,1.2741,1.17 (1.07 - 1.27),21832,1627,20205
740,Osteoarthrosis,musculoskeletal,14,#556B2F,VFD,0.8338859038720142,0.834,no,1.0068,0.9449,1.0724,1.01 (0.94 - 1.07),21832,1627,20205
740,Osteoarthrosis,musculoskeletal,14,#556B2F,VFI,0.47549466585319505,0.475,no,0.9756,0.9112,1.044,0.98 (0.91 - 1.04),21832,1627,20205
740.1,Osteoarthritis; localized,musculoskeletal,14,#556B2F,SFD,0.9014941157825203,0.901,no,1.0048,0.9306,1.0837,1.00 (0.93 - 1.08),21284,1079,20205
740.1,Osteoarthritis; localized,musculoskeletal,14,#556B2F,SFI,0.002364009970552316,0.00236,no,1.1801,1.0602,1.3126,1.18 (1.06 - 1.31),21284,1079,20205
740.1,Osteoarthritis; localized,musculoskeletal,14,#556B2F,VFD,0.7901197827673483,0.79,no,0.9896,0.9157,1.0688,0.99 (0.92 - 1.07),21284,1079,20205
740.1,Osteoarthritis; localized,musculoskeletal,14,#556B2F,VFI,0.9996014942387511,1,no,1.0,0.9225,1.0833,1.00 (0.92 - 1.08),21284,1079,20205
740.11,"Osteoarthrosis, localized, primary",musculoskeletal,14,#556B2F,SFD,0.9291854242237975,0.929,no,1.0037,0.9254,1.0871,1.00 (0.93 - 1.09),21175,970,20205
740.11,"Osteoarthrosis, localized, primary",musculoskeletal,14,#556B2F,SFI,0.001856665745985028,0.00186,no,1.1952,1.0677,1.3366,1.20 (1.07 - 1.34),21175,970,20205
740.11,"Osteoarthrosis, localized, primary",musculoskeletal,14,#556B2F,VFD,0.6493955083011149,0.649,no,0.9812,0.904,1.0644,0.98 (0.90 - 1.06),21175,970,20205
740.11,"Osteoarthrosis, localized, primary",musculoskeletal,14,#556B2F,VFI,0.9151536547726242,0.915,no,1.0046,0.9231,1.0925,1.00 (0.92 - 1.09),21175,970,20205
740.9,Osteoarthrosis NOS,musculoskeletal,14,#556B2F,SFD,0.9524491398242517,0.952,no,1.0027,0.9161,1.0962,1.00 (0.92 - 1.10),20893,688,20205
740.9,Osteoarthrosis NOS,musculoskeletal,14,#556B2F,SFI,0.02404834789746809,0.024,no,1.1642,1.0193,1.3275,1.16 (1.02 - 1.33),20893,688,20205
740.9,Osteoarthrosis NOS,musculoskeletal,14,#556B2F,VFD,0.8015665398155766,0.802,no,1.0121,0.9209,1.1113,1.01 (0.92 - 1.11),20893,688,20205
740.9,Osteoarthrosis NOS,musculoskeletal,14,#556B2F,VFI,0.24254781067208891,0.243,no,0.9406,0.8481,1.0417,0.94 (0.85 - 1.04),20893,688,20205
741,Symptoms and disorders of the joints,musculoskeletal,14,#556B2F,SFD,0.20452626483652026,0.205,no,1.0619,0.9669,1.1639,1.06 (0.97 - 1.16),22199,587,21612
741,Symptoms and disorders of the joints,musculoskeletal,14,#556B2F,SFI,0.3375049305383368,0.338,no,1.0718,0.9293,1.2337,1.07 (0.93 - 1.23),22199,587,21612
741,Symptoms and disorders of the joints,musculoskeletal,14,#556B2F,VFD,0.47267361605447133,0.473,no,1.0365,0.9395,1.1425,1.04 (0.94 - 1.14),22199,587,21612
741,Symptoms and disorders of the joints,musculoskeletal,14,#556B2F,VFI,0.9975299787811449,0.998,no,0.9998,0.8925,1.1182,1.00 (0.89 - 1.12),22199,587,21612
741.4,Joint effusions,musculoskeletal,14,#556B2F,SFD,0.24175370890038114,0.242,no,1.0833,0.9456,1.2355,1.08 (0.95 - 1.24),21896,284,21612
741.4,Joint effusions,musculoskeletal,14,#556B2F,SFI,0.49464046605869166,0.495,no,1.0712,0.8775,1.3023,1.07 (0.88 - 1.30),21896,284,21612
741.4,Joint effusions,musculoskeletal,14,#556B2F,VFD,0.26216127838113273,0.262,no,1.0837,0.9406,1.2457,1.08 (0.94 - 1.25),21896,284,21612
741.4,Joint effusions,musculoskeletal,14,#556B2F,VFI,0.6805934043669601,0.681,no,0.9672,0.8236,1.1319,0.97 (0.82 - 1.13),21896,284,21612
743,"Osteoporosis, osteopenia and pathological fracture",musculoskeletal,14,#556B2F,SFD,0.094251094557142,0.0943,no,0.9531,0.9008,1.0081,0.95 (0.90 - 1.01),21923,1568,20355
743,"Osteoporosis, osteopenia and pathological fracture",musculoskeletal,14,#556B2F,SFI,0.890130801266833,0.89,no,0.9923,0.8886,1.1071,0.99 (0.89 - 1.11),21923,1568,20355
743,"Osteoporosis, osteopenia and pathological fracture",musculoskeletal,14,#556B2F,VFD,0.24695529077907133,0.247,no,0.9639,0.9055,1.0257,0.96 (0.91 - 1.03),21923,1568,20355
743,"Osteoporosis, osteopenia and pathological fracture",musculoskeletal,14,#556B2F,VFI,0.9784854782043761,0.978,no,1.0011,0.9243,1.0835,1.00 (0.92 - 1.08),21923,1568,20355
743.1,Osteoporosis,musculoskeletal,14,#556B2F,SFD,0.02338888527811177,0.0234,no,0.9208,0.8571,0.9885,0.92 (0.86 - 0.99),21340,985,20355
743.1,Osteoporosis,musculoskeletal,14,#556B2F,SFI,0.7055586268585285,0.706,no,1.028,0.8903,1.1855,1.03 (0.89 - 1.19),21340,985,20355
743.1,Osteoporosis,musculoskeletal,14,#556B2F,VFD,0.08540743481715533,0.0854,no,0.9332,0.8623,1.0095,0.93 (0.86 - 1.01),21340,985,20355
743.1,Osteoporosis,musculoskeletal,14,#556B2F,VFI,0.8414243819058419,0.841,no,0.9899,0.8956,1.0928,0.99 (0.90 - 1.09),21340,985,20355
743.11,Osteoporosis NOS,musculoskeletal,14,#556B2F,SFD,0.0114675652690025,0.0115,no,0.9101,0.8456,0.9787,0.91 (0.85 - 0.98),21300,945,20355
743.11,Osteoporosis NOS,musculoskeletal,14,#556B2F,SFI,0.8231219005790735,0.823,no,1.017,0.8767,1.178,1.02 (0.88 - 1.18),21300,945,20355
743.11,Osteoporosis NOS,musculoskeletal,14,#556B2F,VFD,0.04354499215354554,0.0435,no,0.9203,0.8488,0.9974,0.92 (0.85 - 1.00),21300,945,20355
743.11,Osteoporosis NOS,musculoskeletal,14,#556B2F,VFI,0.9447537107880783,0.945,no,1.0036,0.906,1.1103,1.00 (0.91 - 1.11),21300,945,20355
743.2,Pathologic fracture,musculoskeletal,14,#556B2F,SFD,0.898184654983798,0.898,no,1.0081,0.8913,1.14,1.01 (0.89 - 1.14),20616,261,20355
743.2,Pathologic fracture,musculoskeletal,14,#556B2F,SFI,0.5364674645634931,0.536,no,0.9227,0.713,1.1873,0.92 (0.71 - 1.19),20616,261,20355
743.2,Pathologic fracture,musculoskeletal,14,#556B2F,VFD,0.5592667481595102,0.559,no,1.0428,0.9056,1.1996,1.04 (0.91 - 1.20),20616,261,20355
743.2,Pathologic fracture,musculoskeletal,14,#556B2F,VFI,0.9235089999045094,0.924,no,0.9909,0.8211,1.1904,0.99 (0.82 - 1.19),20616,261,20355
743.9,Osteopenia or other disorder of bone and cartilage,musculoskeletal,14,#556B2F,SFD,0.22669194901425146,0.227,no,0.9414,0.8535,1.0379,0.94 (0.85 - 1.04),20819,464,20355
743.9,Osteopenia or other disorder of bone and cartilage,musculoskeletal,14,#556B2F,SFI,0.6990192433316611,0.699,no,1.0354,0.8664,1.2333,1.04 (0.87 - 1.23),20819,464,20355
743.9,Osteopenia or other disorder of bone and cartilage,musculoskeletal,14,#556B2F,VFD,0.24314175164005242,0.243,no,0.9377,0.8414,1.0443,0.94 (0.84 - 1.04),20819,464,20355
743.9,Osteopenia or other disorder of bone and cartilage,musculoskeletal,14,#556B2F,VFI,0.03330498183926755,0.0333,no,1.1597,1.0105,1.3276,1.16 (1.01 - 1.33),20819,464,20355
745,Pain in joint,musculoskeletal,14,#556B2F,SFD,0.7476892563330946,0.748,no,0.9932,0.9525,1.0354,0.99 (0.95 - 1.04),21946,3634,18312
745,Pain in joint,musculoskeletal,14,#556B2F,SFI,0.14354365521116072,0.144,no,1.0468,0.9844,1.1129,1.05 (0.98 - 1.11),21946,3634,18312
745,Pain in joint,musculoskeletal,14,#556B2F,VFD,0.3771091918473719,0.377,no,0.9807,0.9392,1.0239,0.98 (0.94 - 1.02),21946,3634,18312
745,Pain in joint,musculoskeletal,14,#556B2F,VFI,0.6349498809432662,0.635,no,1.0123,0.9625,1.0643,1.01 (0.96 - 1.06),21946,3634,18312
747,Cardiac and circulatory congenital anomalies,congenital anomalies,15,#00FA9A,SFD,0.9922084127129881,0.992,no,0.9993,0.8637,1.1536,1.00 (0.86 - 1.15),22557,247,22310
747,Cardiac and circulatory congenital anomalies,congenital anomalies,15,#00FA9A,SFI,0.4252091856966349,0.425,no,0.9136,0.7297,1.1376,0.91 (0.73 - 1.14),22557,247,22310
747,Cardiac and circulatory congenital anomalies,congenital anomalies,15,#00FA9A,VFD,0.846479971884426,0.846,no,1.0149,0.8734,1.1771,1.01 (0.87 - 1.18),22557,247,22310
747,Cardiac and circulatory congenital anomalies,congenital anomalies,15,#00FA9A,VFI,0.588611350230659,0.589,no,1.0536,0.87,1.2699,1.05 (0.87 - 1.27),22557,247,22310
751,Genitourinary congenital anomalies,congenital anomalies,15,#00FA9A,SFD,0.43464104990728614,0.435,no,0.9439,0.8197,1.0915,0.94 (0.82 - 1.09),22218,218,22000
751,Genitourinary congenital anomalies,congenital anomalies,15,#00FA9A,SFI,0.47376828789541786,0.474,no,0.918,0.724,1.1562,0.92 (0.72 - 1.16),22218,218,22000
751,Genitourinary congenital anomalies,congenital anomalies,15,#00FA9A,VFD,0.24233151514039156,0.242,no,1.096,0.9389,1.2766,1.10 (0.94 - 1.28),22218,218,22000
751,Genitourinary congenital anomalies,congenital anomalies,15,#00FA9A,VFI,0.08065351543757471,0.0807,no,0.8256,0.6638,1.0206,0.83 (0.66 - 1.02),22218,218,22000
760,Back pain,symptoms,17,#A020F0,SFD,0.036676581215321843,0.0367,no,0.9532,0.9113,0.997,0.95 (0.91 - 1.00),21586,3092,18494
760,Back pain,symptoms,17,#A020F0,SFI,1.2910679098834915e-4,0.000129,no,1.133,1.0627,1.2077,1.13 (1.06 - 1.21),21586,3092,18494
760,Back pain,symptoms,17,#A020F0,VFD,7.2585243486420856e-6,7.26e-06,yes,0.8989,0.8579,0.9417,0.90 (0.86 - 0.94),21586,3092,18494
760,Back pain,symptoms,17,#A020F0,VFI,0.5384871160291563,0.538,no,1.0171,0.9635,1.0734,1.02 (0.96 - 1.07),21586,3092,18494
761,Cervicalgia,symptoms,17,#A020F0,SFD,3.6811294049371885e-4,0.000368,no,0.8762,0.815,0.9426,0.88 (0.82 - 0.94),22323,1010,21313
761,Cervicalgia,symptoms,17,#A020F0,SFI,0.027774013677345232,0.0278,no,1.1288,1.0127,1.2567,1.13 (1.01 - 1.26),22323,1010,21313
761,Cervicalgia,symptoms,17,#A020F0,VFD,6.302015662967437e-6,6.3e-06,yes,0.838,0.7761,0.9047,0.84 (0.78 - 0.90),22323,1010,21313
761,Cervicalgia,symptoms,17,#A020F0,VFI,0.7128302571975651,0.713,no,0.9829,0.8964,1.0767,0.98 (0.90 - 1.08),22323,1010,21313
763,"Thoracic or lumbosacral neuritis or radiculitis, unspecified",symptoms,17,#A020F0,SFD,0.14234148029132496,0.142,no,0.922,0.8274,1.0269,0.92 (0.83 - 1.03),21489,507,20982
763,"Thoracic or lumbosacral neuritis or radiculitis, unspecified",symptoms,17,#A020F0,SFI,0.17464494653646456,0.175,no,1.1069,0.9549,1.2805,1.11 (0.95 - 1.28),21489,507,20982
763,"Thoracic or lumbosacral neuritis or radiculitis, unspecified",symptoms,17,#A020F0,VFD,8.579969690703923e-4,0.000858,no,0.827,0.7392,0.9241,0.83 (0.74 - 0.92),21489,507,20982
763,"Thoracic or lumbosacral neuritis or radiculitis, unspecified",symptoms,17,#A020F0,VFI,0.330050424770076,0.33,no,1.059,0.9429,1.1875,1.06 (0.94 - 1.19),21489,507,20982
764,Sciatica,symptoms,17,#A020F0,SFD,2.4040690253574276e-4,0.00024,no,0.8425,0.7698,0.924,0.84 (0.77 - 0.92),21633,651,20982
764,Sciatica,symptoms,17,#A020F0,SFI,0.02939593478807261,0.0294,no,1.1536,1.0136,1.3108,1.15 (1.01 - 1.31),21633,651,20982
764,Sciatica,symptoms,17,#A020F0,VFD,1.1385984012053852e-6,1.14e-06,yes,0.7861,0.7134,0.866,0.79 (0.71 - 0.87),21633,651,20982
764,Sciatica,symptoms,17,#A020F0,VFI,0.529798804235414,0.53,no,1.0338,0.9313,1.146,1.03 (0.93 - 1.15),21633,651,20982
765,Cervical radiculitis,symptoms,17,#A020F0,SFD,5.031443812595678e-4,0.000503,no,0.7733,0.6741,0.9002,0.77 (0.67 - 0.90),21207,225,20982
765,Cervical radiculitis,symptoms,17,#A020F0,SFI,0.1725456129089733,0.173,no,0.8501,0.6718,1.0711,0.85 (0.67 - 1.07),21207,225,20982
765,Cervical radiculitis,symptoms,17,#A020F0,VFD,9.060288500807502e-6,9.06e-06,yes,0.6859,0.5806,0.8097,0.69 (0.58 - 0.81),21207,225,20982
765,Cervical radiculitis,symptoms,17,#A020F0,VFI,0.10549309073816233,0.105,no,1.1582,0.9675,1.3806,1.16 (0.97 - 1.38),21207,225,20982
766,"Neuralgia, neuritis, and radiculitis NOS",symptoms,17,#A020F0,SFD,0.5664468003763192,0.566,no,1.0335,0.9229,1.1556,1.03 (0.92 - 1.16),21347,365,20982
766,"Neuralgia, neuritis, and radiculitis NOS",symptoms,17,#A020F0,SFI,0.5763642206368598,0.576,no,0.9493,0.7894,1.1375,0.95 (0.79 - 1.14),21347,365,20982
766,"Neuralgia, neuritis, and radiculitis NOS",symptoms,17,#A020F0,VFD,0.6716837548849292,0.672,no,0.9737,0.8602,1.1006,0.97 (0.86 - 1.10),21347,365,20982
766,"Neuralgia, neuritis, and radiculitis NOS",symptoms,17,#A020F0,VFI,0.707019481604525,0.707,no,1.0293,0.8841,1.1944,1.03 (0.88 - 1.19),21347,365,20982
770,Myalgia and myositis unspecified,symptoms,17,#A020F0,SFD,0.9990986638196102,0.999,no,1.0,0.9211,1.0843,1.00 (0.92 - 1.08),22384,824,21560
770,Myalgia and myositis unspecified,symptoms,17,#A020F0,SFI,0.17487678114368058,0.175,no,1.0854,0.9635,1.2211,1.09 (0.96 - 1.22),22384,824,21560
770,Myalgia and myositis unspecified,symptoms,17,#A020F0,VFD,0.03029153476629733,0.0303,no,0.9105,0.8363,0.9909,0.91 (0.84 - 0.99),22384,824,21560
770,Myalgia and myositis unspecified,symptoms,17,#A020F0,VFI,0.4115990294488428,0.412,no,1.0424,0.9433,1.1504,1.04 (0.94 - 1.15),22384,824,21560
771,Musculoskeletal symptoms referable to limbs,symptoms,17,#A020F0,SFD,9.889472838937332e-6,9.89e-06,yes,1.2707,1.1408,1.411,1.27 (1.14 - 1.41),20918,388,20530
771,Musculoskeletal symptoms referable to limbs,symptoms,17,#A020F0,SFI,0.596214135995514,0.596,no,0.9531,0.7967,1.1364,0.95 (0.80 - 1.14),20918,388,20530
771,Musculoskeletal symptoms referable to limbs,symptoms,17,#A020F0,VFD,0.06323286396873792,0.0632,no,1.1197,0.9931,1.2607,1.12 (0.99 - 1.26),20918,388,20530
771,Musculoskeletal symptoms referable to limbs,symptoms,17,#A020F0,VFI,0.020747874171155357,0.0207,no,0.8408,0.7249,0.9727,0.84 (0.72 - 0.97),20918,388,20530
771.1,Swelling of limb,symptoms,17,#A020F0,SFD,1.106654247641909e-34,1.11e-34,yes,1.5739,1.4632,1.6911,1.57 (1.46 - 1.69),21269,739,20530
771.1,Swelling of limb,symptoms,17,#A020F0,SFI,6.534661586686476e-5,6.53e-05,no,0.7665,0.6722,0.8727,0.77 (0.67 - 0.87),21269,739,20530
771.1,Swelling of limb,symptoms,17,#A020F0,VFD,6.578635390660035e-18,6.58e-18,yes,1.4496,1.3319,1.5769,1.45 (1.33 - 1.58),21269,739,20530
771.1,Swelling of limb,symptoms,17,#A020F0,VFI,0.0210833646854179,0.0211,no,0.8851,0.7974,0.9812,0.89 (0.80 - 0.98),21269,739,20530
772.3,Muscle weakness,symptoms,17,#A020F0,SFD,7.104942312296853e-9,7.1e-09,yes,1.2919,1.1835,1.4077,1.29 (1.18 - 1.41),21792,531,21261
772.3,Muscle weakness,symptoms,17,#A020F0,SFI,0.3573072867149395,0.357,no,0.9284,0.7917,1.0861,0.93 (0.79 - 1.09),21792,531,21261
772.3,Muscle weakness,symptoms,17,#A020F0,VFD,0.012984343331138574,0.013,no,1.1362,1.0269,1.2561,1.14 (1.03 - 1.26),21792,531,21261
772.3,Muscle weakness,symptoms,17,#A020F0,VFI,0.06720914980564587,0.0672,no,0.8892,0.7832,1.0074,0.89 (0.78 - 1.01),21792,531,21261
781,Symptoms involving nervous and musculoskeletal systems,symptoms,17,#A020F0,SFD,0.07527232110444088,0.0753,no,1.1354,0.9845,1.3021,1.14 (0.98 - 1.30),22397,246,22151
781,Symptoms involving nervous and musculoskeletal systems,symptoms,17,#A020F0,SFI,0.37103632124990077,0.371,no,1.1065,0.8842,1.3777,1.11 (0.88 - 1.38),22397,246,22151
781,Symptoms involving nervous and musculoskeletal systems,symptoms,17,#A020F0,VFD,0.12243708369481729,0.122,no,1.1259,0.9674,1.3072,1.13 (0.97 - 1.31),22397,246,22151
781,Symptoms involving nervous and musculoskeletal systems,symptoms,17,#A020F0,VFI,0.18100165179707223,0.181,no,0.8874,0.7434,1.0552,0.89 (0.74 - 1.06),22397,246,22151
782.3,Edema,symptoms,17,#A020F0,SFD,7.02820888084338e-168,7.03e-168,yes,2.0865,1.9805,2.1985,2.09 (1.98 - 2.20),21396,1651,19745
782.3,Edema,symptoms,17,#A020F0,SFI,9.134811180967185e-30,9.13e-30,yes,0.5847,0.5326,0.6412,0.58 (0.53 - 0.64),21396,1651,19745
782.3,Edema,symptoms,17,#A020F0,VFD,2.22561365842254e-121,2.23e-121,yes,2.0355,1.9182,2.1604,2.04 (1.92 - 2.16),21396,1651,19745
782.3,Edema,symptoms,17,#A020F0,VFI,3.785497562806651e-13,3.79e-13,yes,0.7664,0.7131,0.8232,0.77 (0.71 - 0.82),21396,1651,19745
783,Fever of unknown origin,symptoms,17,#A020F0,SFD,1.5367135683862642e-36,1.54e-36,yes,1.32,1.2642,1.378,1.32 (1.26 - 1.38),21596,2799,18797
783,Fever of unknown origin,symptoms,17,#A020F0,SFI,1.9755868644593554e-8,1.98e-08,yes,0.8162,0.7601,0.8759,0.82 (0.76 - 0.88),21596,2799,18797
783,Fever of unknown origin,symptoms,17,#A020F0,VFD,6.224159800568526e-28,6.22e-28,yes,1.3002,1.2405,1.3627,1.30 (1.24 - 1.36),21596,2799,18797
783,Fever of unknown origin,symptoms,17,#A020F0,VFI,0.4256478734217393,0.426,no,0.9757,0.9181,1.0365,0.98 (0.92 - 1.04),21596,2799,18797
785,Abdominal pain,symptoms,17,#A020F0,SFD,1.106852785324072e-12,1.11e-12,yes,0.8795,0.8489,0.9111,0.88 (0.85 - 0.91),20804,14789,6015
785,Abdominal pain,symptoms,17,#A020F0,SFI,0.002796799950206685,0.0028,no,1.0869,1.0292,1.148,1.09 (1.03 - 1.15),20804,14789,6015
785,Abdominal pain,symptoms,17,#A020F0,VFD,1.6856987742814067e-5,1.69e-05,yes,0.9224,0.8891,0.957,0.92 (0.89 - 0.96),20804,14789,6015
785,Abdominal pain,symptoms,17,#A020F0,VFI,0.7323887918608198,0.732,no,1.0078,0.9638,1.054,1.01 (0.96 - 1.05),20804,14789,6015
788,Syncope and collapse,symptoms,17,#A020F0,SFD,0.013203532381587828,0.0132,no,1.097,1.019,1.1796,1.10 (1.02 - 1.18),22366,875,21491
788,Syncope and collapse,symptoms,17,#A020F0,SFI,0.34351685894417344,0.344,no,1.0605,0.9384,1.1965,1.06 (0.94 - 1.20),22366,875,21491
788,Syncope and collapse,symptoms,17,#A020F0,VFD,0.010753465699987643,0.0108,no,1.1087,1.0239,1.1999,1.11 (1.02 - 1.20),22366,875,21491
788,Syncope and collapse,symptoms,17,#A020F0,VFI,0.08070343077261469,0.0807,no,0.9151,0.8278,1.0103,0.92 (0.83 - 1.01),22366,875,21491
789,Nausea and vomiting,symptoms,17,#A020F0,SFD,2.343244017497252e-23,2.34e-23,yes,1.1907,1.1505,1.2323,1.19 (1.15 - 1.23),20835,6327,14508
789,Nausea and vomiting,symptoms,17,#A020F0,SFI,0.6820030849383856,0.682,no,0.9892,0.9389,1.042,0.99 (0.94 - 1.04),20835,6327,14508
789,Nausea and vomiting,symptoms,17,#A020F0,VFD,5.508379266778414e-28,5.51e-28,yes,1.2234,1.1801,1.2683,1.22 (1.18 - 1.27),20835,6327,14508
789,Nausea and vomiting,symptoms,17,#A020F0,VFI,5.409726129416749e-6,5.41e-06,yes,0.9003,0.8604,0.9419,0.90 (0.86 - 0.94),20835,6327,14508
790,Nonspecific findings on examination of blood,symptoms,17,#A020F0,SFD,1.0522155328041204e-7,1.05e-07,yes,1.3844,1.2254,1.5575,1.38 (1.23 - 1.56),19878,268,19610
790,Nonspecific findings on examination of blood,symptoms,17,#A020F0,SFI,0.07394087239831153,0.0739,no,0.8083,0.6386,1.0184,0.81 (0.64 - 1.02),19878,268,19610
790,Nonspecific findings on examination of blood,symptoms,17,#A020F0,VFD,2.517508043546484e-5,2.52e-05,no,1.3467,1.1714,1.5451,1.35 (1.17 - 1.55),19878,268,19610
790,Nonspecific findings on examination of blood,symptoms,17,#A020F0,VFI,0.9240017131525919,0.924,no,1.0084,0.8479,1.1951,1.01 (0.85 - 1.20),19878,268,19610
790.6,Other abnormal blood chemistry,symptoms,17,#A020F0,SFD,6.557374501518142e-15,6.56e-15,yes,1.2318,1.1686,1.2978,1.23 (1.17 - 1.30),21440,1830,19610
790.6,Other abnormal blood chemistry,symptoms,17,#A020F0,SFI,0.9466692807863799,0.947,no,1.0028,0.9224,1.0896,1.00 (0.92 - 1.09),21440,1830,19610
790.6,Other abnormal blood chemistry,symptoms,17,#A020F0,VFD,1.1712692584845797e-9,1.17e-09,yes,1.1927,1.1267,1.2622,1.19 (1.13 - 1.26),21440,1830,19610
790.6,Other abnormal blood chemistry,symptoms,17,#A020F0,VFI,0.4887467058830042,0.489,no,0.9761,0.9114,1.0449,0.98 (0.91 - 1.04),21440,1830,19610
797,Shock,symptoms,17,#A020F0,SFD,2.8003588448309186e-42,2.8e-42,yes,2.0658,1.8595,2.2915,2.07 (1.86 - 2.29),22448,274,22174
797,Shock,symptoms,17,#A020F0,SFI,6.618259244301536e-10,6.62e-10,yes,0.5058,0.4067,0.6268,0.51 (0.41 - 0.63),22448,274,22174
797,Shock,symptoms,17,#A020F0,VFD,4.34251702378226e-31,4.34e-31,yes,2.1576,1.8941,2.4568,2.16 (1.89 - 2.46),22448,274,22174
797,Shock,symptoms,17,#A020F0,VFI,1.8399571604279572e-4,0.000184,no,0.714,0.5973,0.8502,0.71 (0.60 - 0.85),22448,274,22174
798,Malaise and fatigue,symptoms,17,#A020F0,SFD,2.3333639710303265e-41,2.33e-41,yes,1.3166,1.2649,1.3703,1.32 (1.26 - 1.37),21591,3463,18128
798,Malaise and fatigue,symptoms,17,#A020F0,SFI,8.617028641486285e-4,0.000862,no,0.8929,0.8351,0.9542,0.89 (0.84 - 0.95),21591,3463,18128
798,Malaise and fatigue,symptoms,17,#A020F0,VFD,1.0009390481799713e-32,1e-32,yes,1.3024,1.247,1.3602,1.30 (1.25 - 1.36),21591,3463,18128
798,Malaise and fatigue,symptoms,17,#A020F0,VFI,1.4457477399625647e-5,1.45e-05,yes,0.8884,0.842,0.9371,0.89 (0.84 - 0.94),21591,3463,18128
800,Fracture of lower limb,injuries & poisonings,18,#7F7F7F,SFD,5.296850478163698e-5,5.3e-05,no,1.2434,1.1172,1.38,1.24 (1.12 - 1.38),20769,350,20419
800,Fracture of lower limb,injuries & poisonings,18,#7F7F7F,SFI,0.06437921610998784,0.0644,no,0.8311,0.682,1.0092,0.83 (0.68 - 1.01),20769,350,20419
800,Fracture of lower limb,injuries & poisonings,18,#7F7F7F,VFD,0.006114893223058038,0.00611,no,1.1869,1.0494,1.3406,1.19 (1.05 - 1.34),20769,350,20419
800,Fracture of lower limb,injuries & poisonings,18,#7F7F7F,VFI,0.311751772864651,0.312,no,0.9239,0.7912,1.0753,0.92 (0.79 - 1.08),20769,350,20419
803,Fracture of upper limb,injuries & poisonings,18,#7F7F7F,SFD,2.892814269540733e-4,0.000289,no,1.2447,1.1035,1.3983,1.24 (1.10 - 1.40),20714,295,20419
803,Fracture of upper limb,injuries & poisonings,18,#7F7F7F,SFI,0.005926975252743228,0.00593,no,0.7377,0.5929,0.9143,0.74 (0.59 - 0.91),20714,295,20419
803,Fracture of upper limb,injuries & poisonings,18,#7F7F7F,VFD,0.0015530339102595835,0.00155,no,1.2387,1.084,1.4132,1.24 (1.08 - 1.41),20714,295,20419
803,Fracture of upper limb,injuries & poisonings,18,#7F7F7F,VFI,0.035176605391563094,0.0352,no,0.8278,0.693,0.9851,0.83 (0.69 - 0.99),20714,295,20419
805,Fracture of vertebral column without mention of spinal cord injury,injuries & poisonings,18,#7F7F7F,SFD,0.005716982363847771,0.00572,no,1.1516,1.0407,1.2714,1.15 (1.04 - 1.27),20842,423,20419
805,Fracture of vertebral column without mention of spinal cord injury,injuries & poisonings,18,#7F7F7F,SFI,0.0033978841496473747,0.0034,no,0.7521,0.6206,0.9086,0.75 (0.62 - 0.91),20842,423,20419
805,Fracture of vertebral column without mention of spinal cord injury,injuries & poisonings,18,#7F7F7F,VFD,0.15194481848524788,0.152,no,1.0856,0.9698,1.2143,1.09 (0.97 - 1.21),20842,423,20419
805,Fracture of vertebral column without mention of spinal cord injury,injuries & poisonings,18,#7F7F7F,VFI,0.0029450330434049525,0.00295,no,0.7988,0.6879,0.925,0.80 (0.69 - 0.92),20842,423,20419
807,Fracture of ribs,injuries & poisonings,18,#7F7F7F,SFD,0.005405058046305917,0.00541,no,1.1812,1.0484,1.3257,1.18 (1.05 - 1.33),20752,333,20419
807,Fracture of ribs,injuries & poisonings,18,#7F7F7F,SFI,0.15598560068136597,0.156,no,0.8686,0.7136,1.0531,0.87 (0.71 - 1.05),20752,333,20419
807,Fracture of ribs,injuries & poisonings,18,#7F7F7F,VFD,0.14286988450752347,0.143,no,1.0992,0.9678,1.2463,1.10 (0.97 - 1.25),20752,333,20419
807,Fracture of ribs,injuries & poisonings,18,#7F7F7F,VFI,0.3418659768783809,0.342,no,0.9264,0.7901,1.0831,0.93 (0.79 - 1.08),20752,333,20419
809,Fracture of unspecified bones,injuries & poisonings,18,#7F7F7F,SFD,0.04513431871181553,0.0451,no,1.0859,1.0011,1.1761,1.09 (1.00 - 1.18),21196,777,20419
809,Fracture of unspecified bones,injuries & poisonings,18,#7F7F7F,SFI,0.007151794227885235,0.00715,no,0.8367,0.7341,0.952,0.84 (0.73 - 0.95),21196,777,20419
809,Fracture of unspecified bones,injuries & poisonings,18,#7F7F7F,VFD,0.0029979164993538384,0.003,no,1.1361,1.0439,1.2356,1.14 (1.04 - 1.24),21196,777,20419
809,Fracture of unspecified bones,injuries & poisonings,18,#7F7F7F,VFI,0.15404817020871625,0.154,no,0.9261,0.8327,1.0285,0.93 (0.83 - 1.03),21196,777,20419
840,Sprains and strains,injuries & poisonings,18,#7F7F7F,SFD,0.7043459923446567,0.704,no,1.0203,0.9187,1.1305,1.02 (0.92 - 1.13),22362,522,21840
840,Sprains and strains,injuries & poisonings,18,#7F7F7F,SFI,0.9837641075659187,0.984,no,0.9985,0.8601,1.1565,1.00 (0.86 - 1.16),22362,522,21840
840,Sprains and strains,injuries & poisonings,18,#7F7F7F,VFD,0.9727593728348418,0.973,no,1.0018,0.9016,1.1118,1.00 (0.90 - 1.11),22362,522,21840
840,Sprains and strains,injuries & poisonings,18,#7F7F7F,VFI,0.89893394276199,0.899,no,1.0082,0.8882,1.1421,1.01 (0.89 - 1.14),22362,522,21840
850,Hemorrhage or hematoma complicating a procedure,injuries & poisonings,18,#7F7F7F,SFD,1.4103260024919434e-9,1.41e-09,yes,1.4771,1.2988,1.6722,1.48 (1.30 - 1.67),20926,236,20690
850,Hemorrhage or hematoma complicating a procedure,injuries & poisonings,18,#7F7F7F,SFI,0.006604343911584998,0.0066,no,0.7186,0.5647,0.9095,0.72 (0.56 - 0.91),20926,236,20690
850,Hemorrhage or hematoma complicating a procedure,injuries & poisonings,18,#7F7F7F,VFD,7.601462050990583e-7,7.6e-07,yes,1.4493,1.2498,1.6772,1.45 (1.25 - 1.68),20926,236,20690
850,Hemorrhage or hematoma complicating a procedure,injuries & poisonings,18,#7F7F7F,VFI,0.09937509484824915,0.0994,no,0.8477,0.6948,1.0292,0.85 (0.69 - 1.03),20926,236,20690
859,Complication due to other implant and internal device,injuries & poisonings,18,#7F7F7F,SFD,4.419909980036363e-19,4.42e-19,yes,1.5369,1.3971,1.6874,1.54 (1.40 - 1.69),21073,383,20690
859,Complication due to other implant and internal device,injuries & poisonings,18,#7F7F7F,SFI,1.3879912609745317e-5,1.39e-05,yes,0.6485,0.5326,0.787,0.65 (0.53 - 0.79),21073,383,20690
859,Complication due to other implant and internal device,injuries & poisonings,18,#7F7F7F,VFD,9.510501184865967e-15,9.51e-15,yes,1.5686,1.3992,1.7572,1.57 (1.40 - 1.76),21073,383,20690
859,Complication due to other implant and internal device,injuries & poisonings,18,#7F7F7F,VFI,0.0016051310994079256,0.00161,no,0.7709,0.6547,0.9046,0.77 (0.65 - 0.90),21073,383,20690
870,Open wounds of head; neck; and trunk,injuries & poisonings,18,#7F7F7F,SFD,8.340785133396709e-10,8.34e-10,yes,1.3122,1.202,1.4297,1.31 (1.20 - 1.43),22018,559,21459
870,Open wounds of head; neck; and trunk,injuries & poisonings,18,#7F7F7F,SFI,0.015465542080953501,0.0155,no,0.8347,0.7203,0.965,0.83 (0.72 - 0.97),22018,559,21459
870,Open wounds of head; neck; and trunk,injuries & poisonings,18,#7F7F7F,VFD,2.7378928574338346e-9,2.74e-09,yes,1.339,1.2157,1.4736,1.34 (1.22 - 1.47),22018,559,21459
870,Open wounds of head; neck; and trunk,injuries & poisonings,18,#7F7F7F,VFI,2.751556010264213e-5,2.75e-05,no,0.7599,0.6676,0.8631,0.76 (0.67 - 0.86),22018,559,21459
871,Open wounds of extremities,injuries & poisonings,18,#7F7F7F,SFD,8.38846986235158e-8,8.39e-08,yes,1.3188,1.1901,1.4571,1.32 (1.19 - 1.46),21878,419,21459
871,Open wounds of extremities,injuries & poisonings,18,#7F7F7F,SFI,0.003635658555305399,0.00364,no,0.777,0.6546,0.9197,0.78 (0.65 - 0.92),21878,419,21459
871,Open wounds of extremities,injuries & poisonings,18,#7F7F7F,VFD,3.1040250036743874e-5,3.1e-05,no,1.2722,1.1352,1.4239,1.27 (1.14 - 1.42),21878,419,21459
871,Open wounds of extremities,injuries & poisonings,18,#7F7F7F,VFI,0.029687488035499154,0.0297,no,0.8544,0.7405,0.9834,0.85 (0.74 - 0.98),21878,419,21459
916,Contusion,injuries & poisonings,18,#7F7F7F,SFD,0.012855487107181875,0.0129,no,1.1137,1.0223,1.2111,1.11 (1.02 - 1.21),22352,706,21646
916,Contusion,injuries & poisonings,18,#7F7F7F,SFI,0.8379610851988881,0.838,no,0.9867,0.8669,1.1211,0.99 (0.87 - 1.12),22352,706,21646
916,Contusion,injuries & poisonings,18,#7F7F7F,VFD,0.4187355888245072,0.419,no,1.038,0.9479,1.1359,1.04 (0.95 - 1.14),22352,706,21646
916,Contusion,injuries & poisonings,18,#7F7F7F,VFI,0.27767929765284777,0.278,no,0.9422,0.8456,1.0484,0.94 (0.85 - 1.05),22352,706,21646
930,Allergic reaction to food,injuries & poisonings,18,#7F7F7F,SFD,0.002073565283149428,0.00207,no,1.2163,1.0721,1.3752,1.22 (1.07 - 1.38),19566,274,19292
930,Allergic reaction to food,injuries & poisonings,18,#7F7F7F,SFI,0.31788981746585504,0.318,no,0.8974,0.7239,1.1067,0.90 (0.72 - 1.11),19566,274,19292
930,Allergic reaction to food,injuries & poisonings,18,#7F7F7F,VFD,6.705920397031115e-5,6.71e-05,no,1.3264,1.1533,1.5226,1.33 (1.15 - 1.52),19566,274,19292
930,Allergic reaction to food,injuries & poisonings,18,#7F7F7F,VFI,0.005191703810727999,0.00519,no,0.756,0.6197,0.9175,0.76 (0.62 - 0.92),19566,274,19292
949,"Allergies, other",injuries & poisonings,18,#7F7F7F,SFD,1.4657912697875646e-7,1.47e-07,yes,1.2301,1.1378,1.3278,1.23 (1.14 - 1.33),20051,759,19292
949,"Allergies, other",injuries & poisonings,18,#7F7F7F,SFI,0.18143999986312326,0.181,no,0.9164,0.8055,1.0408,0.92 (0.81 - 1.04),20051,759,19292
949,"Allergies, other",injuries & poisonings,18,#7F7F7F,VFD,2.0420369170868393e-4,0.000204,no,1.1762,1.0793,1.281,1.18 (1.08 - 1.28),20051,759,19292
949,"Allergies, other",injuries & poisonings,18,#7F7F7F,VFI,0.8556489293683522,0.856,no,0.9902,0.8893,1.1007,0.99 (0.89 - 1.10),20051,759,19292
960,Poisoning by antibiotics,injuries & poisonings,18,#7F7F7F,SFD,4.080039268732271e-20,4.08e-20,yes,1.3198,1.2437,1.4,1.32 (1.24 - 1.40),17061,1454,15607
960,Poisoning by antibiotics,injuries & poisonings,18,#7F7F7F,SFI,0.0652510317807903,0.0653,no,0.9133,0.8289,1.0053,0.91 (0.83 - 1.01),17061,1454,15607
960,Poisoning by antibiotics,injuries & poisonings,18,#7F7F7F,VFD,3.0649144485668043e-13,3.06e-13,yes,1.2731,1.193,1.3584,1.27 (1.19 - 1.36),17061,1454,15607
960,Poisoning by antibiotics,injuries & poisonings,18,#7F7F7F,VFI,0.3136570322232865,0.314,no,0.96,0.8863,1.039,0.96 (0.89 - 1.04),17061,1454,15607
960.2,Allergy/adverse effect of penicillin,injuries & poisonings,18,#7F7F7F,SFD,1.2063324687343155e-16,1.21e-16,yes,1.3653,1.2677,1.4691,1.37 (1.27 - 1.47),16492,885,15607
960.2,Allergy/adverse effect of penicillin,injuries & poisonings,18,#7F7F7F,SFI,0.07657886946127246,0.0766,no,0.8955,0.7919,1.0111,0.90 (0.79 - 1.01),16492,885,15607
960.2,Allergy/adverse effect of penicillin,injuries & poisonings,18,#7F7F7F,VFD,2.0262464345736183e-10,2.03e-10,yes,1.3039,1.2013,1.4148,1.30 (1.20 - 1.41),16492,885,15607
960.2,Allergy/adverse effect of penicillin,injuries & poisonings,18,#7F7F7F,VFI,0.14325608864564965,0.143,no,0.9284,0.8401,1.0249,0.93 (0.84 - 1.02),16492,885,15607
961.1,Poisoning/allergy of sulfonamides,injuries & poisonings,18,#7F7F7F,SFD,3.9226059100882425e-16,3.92e-16,yes,1.4574,1.33,1.5946,1.46 (1.33 - 1.59),16117,510,15607
961.1,Poisoning/allergy of sulfonamides,injuries & poisonings,18,#7F7F7F,SFI,0.0437065045782833,0.0437,no,0.8422,0.7117,0.9938,0.84 (0.71 - 0.99),16117,510,15607
961.1,Poisoning/allergy of sulfonamides,injuries & poisonings,18,#7F7F7F,VFD,4.925892869506382e-8,4.93e-08,yes,1.3394,1.2055,1.4873,1.34 (1.21 - 1.49),16117,510,15607
961.1,Poisoning/allergy of sulfonamides,injuries & poisonings,18,#7F7F7F,VFI,0.19807759442974057,0.198,no,0.9167,0.8021,1.0452,0.92 (0.80 - 1.05),16117,510,15607
963,Poisoning by primarily systemic agents,injuries & poisonings,18,#7F7F7F,SFD,3.925821860566183e-12,3.93e-12,yes,1.395,1.2685,1.531,1.39 (1.27 - 1.53),16098,491,15607
963,Poisoning by primarily systemic agents,injuries & poisonings,18,#7F7F7F,SFI,2.0248299902739697e-5,2.02e-05,no,0.6851,0.5748,0.8138,0.69 (0.57 - 0.81),16098,491,15607
963,Poisoning by primarily systemic agents,injuries & poisonings,18,#7F7F7F,VFD,1.8293261718327511e-10,1.83e-10,yes,1.4097,1.2681,1.5662,1.41 (1.27 - 1.57),16098,491,15607
963,Poisoning by primarily systemic agents,injuries & poisonings,18,#7F7F7F,VFI,0.13950464863198173,0.14,no,0.8948,0.7711,1.0355,0.89 (0.77 - 1.04),16098,491,15607
963.1,Antineoplastic and immunosuppressive drugs causing adverse effects,injuries & poisonings,18,#7F7F7F,SFD,4.716957537211871e-12,4.72e-12,yes,1.3962,1.2689,1.5332,1.40 (1.27 - 1.53),16091,484,15607
963.1,Antineoplastic and immunosuppressive drugs causing adverse effects,injuries & poisonings,18,#7F7F7F,SFI,6.185052402906484e-6,6.19e-06,yes,0.6662,0.5577,0.7931,0.67 (0.56 - 0.79),16091,484,15607
963.1,Antineoplastic and immunosuppressive drugs causing adverse effects,injuries & poisonings,18,#7F7F7F,VFD,1.81988321753995e-10,1.82e-10,yes,1.4128,1.27,1.5706,1.41 (1.27 - 1.57),16091,484,15607
963.1,Antineoplastic and immunosuppressive drugs causing adverse effects,injuries & poisonings,18,#7F7F7F,VFI,0.1800523615690888,0.18,no,0.9035,0.7778,1.0465,0.90 (0.78 - 1.05),16091,484,15607
965,"Poisoning by analgesics, antipyretics, and antirheumatics",injuries & poisonings,18,#7F7F7F,SFD,4.884170529867252e-9,4.88e-09,yes,1.3675,1.2298,1.5167,1.37 (1.23 - 1.52),16004,397,15607
965,"Poisoning by analgesics, antipyretics, and antirheumatics",injuries & poisonings,18,#7F7F7F,SFI,0.5274588799779345,0.527,no,0.945,0.7917,1.1242,0.95 (0.79 - 1.12),16004,397,15607
965,"Poisoning by analgesics, antipyretics, and antirheumatics",injuries & poisonings,18,#7F7F7F,VFD,1.500026234215084e-8,1.5e-08,yes,1.4006,1.2458,1.5732,1.40 (1.25 - 1.57),16004,397,15607
965,"Poisoning by analgesics, antipyretics, and antirheumatics",injuries & poisonings,18,#7F7F7F,VFI,0.02301594782720557,0.023,no,0.8385,0.7192,0.9745,0.84 (0.72 - 0.97),16004,397,15607
965.1,Opiates and related narcotics causing adverse effects in therapeutic use,injuries & poisonings,18,#7F7F7F,SFD,4.419516189448176e-19,4.42e-19,yes,1.5019,1.3724,1.6409,1.50 (1.37 - 1.64),16146,539,15607
965.1,Opiates and related narcotics causing adverse effects in therapeutic use,injuries & poisonings,18,#7F7F7F,SFI,0.14423561057731207,0.144,no,0.8912,0.7625,1.0388,0.89 (0.76 - 1.04),16146,539,15607
965.1,Opiates and related narcotics causing adverse effects in therapeutic use,injuries & poisonings,18,#7F7F7F,VFD,7.13437854393598e-13,7.13e-13,yes,1.4531,1.3116,1.6087,1.45 (1.31 - 1.61),16146,539,15607
965.1,Opiates and related narcotics causing adverse effects in therapeutic use,injuries & poisonings,18,#7F7F7F,VFI,0.046635424169159535,0.0466,no,0.877,0.7697,0.9969,0.88 (0.77 - 1.00),16146,539,15607
977,Personal history of allergy to medicinal agents,injuries & poisonings,18,#7F7F7F,SFD,1.08222898333696e-30,1.08e-30,yes,1.4777,1.3823,1.5788,1.48 (1.38 - 1.58),16642,1035,15607
977,Personal history of allergy to medicinal agents,injuries & poisonings,18,#7F7F7F,SFI,0.09496605605092934,0.095,no,0.9106,0.8152,1.0157,0.91 (0.82 - 1.02),16642,1035,15607
977,Personal history of allergy to medicinal agents,injuries & poisonings,18,#7F7F7F,VFD,1.1470803010016788e-20,1.15e-20,yes,1.4218,1.3202,1.5308,1.42 (1.32 - 1.53),16642,1035,15607
977,Personal history of allergy to medicinal agents,injuries & poisonings,18,#7F7F7F,VFI,0.05227507846363693,0.0523,no,0.9109,0.8285,1.0004,0.91 (0.83 - 1.00),16642,1035,15607
979,Adverse drug events and drug allergies,injuries & poisonings,18,#7F7F7F,SFD,1.0137969322914622e-15,1.01e-15,yes,1.5141,1.3666,1.6737,1.51 (1.37 - 1.67),15998,391,15607
979,Adverse drug events and drug allergies,injuries & poisonings,18,#7F7F7F,SFI,8.176332693469242e-4,0.000818,no,0.7271,0.6022,0.8747,0.73 (0.60 - 0.87),15998,391,15607
979,Adverse drug events and drug allergies,injuries & poisonings,18,#7F7F7F,VFD,9.906338426930282e-12,9.91e-12,yes,1.4996,1.3339,1.6844,1.50 (1.33 - 1.68),15998,391,15607
979,Adverse drug events and drug allergies,injuries & poisonings,18,#7F7F7F,VFI,0.03864331633657948,0.0386,no,0.8477,0.7238,0.9899,0.85 (0.72 - 0.99),15998,391,15607
990,Effects radiation NOS,injuries & poisonings,18,#7F7F7F,SFD,7.13755069362675e-27,7.14e-27,yes,1.4531,1.3567,1.5552,1.45 (1.36 - 1.56),19202,898,18304
990,Effects radiation NOS,injuries & poisonings,18,#7F7F7F,SFI,1.2023949444546295e-5,1.2e-05,yes,0.736,0.6411,0.8435,0.74 (0.64 - 0.84),19202,898,18304
990,Effects radiation NOS,injuries & poisonings,18,#7F7F7F,VFD,7.631046887408798e-23,7.63e-23,yes,1.4781,1.3673,1.5977,1.48 (1.37 - 1.60),19202,898,18304
990,Effects radiation NOS,injuries & poisonings,18,#7F7F7F,VFI,1.733338988729373e-5,1.73e-05,yes,0.7865,0.7043,0.8769,0.79 (0.70 - 0.88),19202,898,18304
994,Sepsis and SIRS,injuries & poisonings,18,#7F7F7F,SFD,1.2103182889792896e-165,1.21e-165,yes,1.8461,1.7671,1.9289,1.85 (1.77 - 1.93),21849,2527,19322
994,Sepsis and SIRS,injuries & poisonings,18,#7F7F7F,SFI,2.375297463485292e-33,2.38e-33,yes,0.6165,0.5696,0.6668,0.62 (0.57 - 0.67),21849,2527,19322
994,Sepsis and SIRS,injuries & poisonings,18,#7F7F7F,VFD,4.431479301804286e-118,4.43e-118,yes,1.7919,1.7054,1.8829,1.79 (1.71 - 1.88),21849,2527,19322
994,Sepsis and SIRS,injuries & poisonings,18,#7F7F7F,VFI,4.254620365789567e-5,4.25e-05,no,0.8795,0.8268,0.9351,0.88 (0.83 - 0.94),21849,2527,19322
994.2,Sepsis,injuries & poisonings,18,#7F7F7F,SFD,1.033126388352608e-166,1.03e-166,yes,1.8702,1.7887,1.9555,1.87 (1.79 - 1.96),21738,2416,19322
994.2,Sepsis,injuries & poisonings,18,#7F7F7F,SFI,2.0172741170956216e-33,2.02e-33,yes,0.61,0.5627,0.6609,0.61 (0.56 - 0.66),21738,2416,19322
994.2,Sepsis,injuries & poisonings,18,#7F7F7F,VFD,2.1385828798691004e-117,2.14e-117,yes,1.8086,1.7198,1.9023,1.81 (1.72 - 1.90),21738,2416,19322
994.2,Sepsis,injuries & poisonings,18,#7F7F7F,VFI,1.0690681894437345e-5,1.07e-05,yes,0.8687,0.8157,0.9247,0.87 (0.82 - 0.92),21738,2416,19322
994.21,Septic shock,injuries & poisonings,18,#7F7F7F,SFD,2.833198537109766e-128,2.83e-128,yes,2.4347,2.2649,2.6178,2.43 (2.26 - 2.62),20003,681,19322
994.21,Septic shock,injuries & poisonings,18,#7F7F7F,SFI,4.325776874656474e-32,4.33e-32,yes,0.4081,0.3512,0.4732,0.41 (0.35 - 0.47),20003,681,19322
994.21,Septic shock,injuries & poisonings,18,#7F7F7F,VFD,4.621846660852731e-94,4.62e-94,yes,2.5256,2.3128,2.7594,2.53 (2.31 - 2.76),20003,681,19322
994.21,Septic shock,injuries & poisonings,18,#7F7F7F,VFI,2.2352698813132216e-11,2.24e-11,yes,0.6711,0.5966,0.7536,0.67 (0.60 - 0.75),20003,681,19322
