phenotype,description,group,groupnum,color,marginal_class,SFI_marginal_OR,SFI_marginal_p,SFI_marginal_bonf,VFI_marginal_OR,VFI_marginal_p,VFI_marginal_bonf,SFD_marginal_OR,SFD_marginal_p,SFD_marginal_bonf,VFD_marginal_OR,VFD_marginal_p,VFD_marginal_bonf,n_total,n_cases,n_controls,omnibus_4df_p,omnibus_q,omnibus_bonf,area_given_density_2df_p,area_given_density_q,area_given_density_bonf,density_given_area_2df_p,density_given_area_q,density_given_area_bonf,joint_class,joint_class_S1,omnibus_bonf_S1,joint_class_S2,omnibus_bonf_S2,SFI_given_SFD_OR,SFI_given_SFD_lower,SFI_given_SFD_upper,SFI_given_SFD_p,SFI_given_SFD_bonf,SFI_four_marker_OR,SFI_four_marker_p,SFI_sign_reversed_vs_marginal,VFI_given_VFD_OR,VFI_given_VFD_lower,VFI_given_VFD_upper,VFI_given_VFD_p,VFI_given_VFD_bonf,VFI_four_marker_OR,VFI_four_marker_p,VFI_sign_reversed_vs_marginal,SFD_given_SFI_OR,SFD_given_SFI_lower,SFD_given_SFI_upper,SFD_given_SFI_p,SFD_given_SFI_bonf,SFD_four_marker_OR,SFD_four_marker_p,SFD_sign_reversed_vs_marginal,VFD_given_VFI_OR,VFD_given_VFI_lower,VFD_given_VFI_upper,VFD_given_VFI_p,VFD_given_VFI_bonf,VFD_four_marker_OR,VFD_four_marker_p,VFD_sign_reversed_vs_marginal,class_stable_across_sensitivity,evidence_tier,conditional_pattern,density_direction_given_area
572,Ascites (non malignant),digestive,10,chartreuse4,both,0.3525451840835263,1.0875742352761296e-92,True,0.6315889217883408,2.9913869920462522e-30,True,2.7458173771185335,7.85871932496356e-294,True,3.360279042772939,1.77858552075e-313,True,16054,2000,14054,0.0,0.0,True,1.4207181514676775e-54,1.9065121000340448e-53,True,0.0,0.0,True,area + density (both independent),area + density (both independent),True,area + density (both independent),True,0.9256907408050146,0.8330012099379714,1.0286940011479035,0.1514521151857663,False,0.9793502704004228,0.7037148557247914,False,2.3550125916800213,2.145357203393011,2.5851565875370244,1.7754783814512174e-72,True,2.172283994411465,2.7534829183636694e-57,True,2.683524876776045,2.5213488892600364,2.8561322056422425,1.7229395908222132e-211,True,1.3624775972098386,3.523996705615567e-12,False,5.121869218898764,4.722789252078299,5.554671804158606,0.0,True,3.729601381099393,9.107965788891056e-110,False,True,Tier 1,SFD↑ VFD↑ VFI↑,higher density
507,Pleurisy; pleural effusion,respiratory,9,coral4,both,0.4595443348826324,7.42754624023362e-63,True,0.630950173546388,4.511165192073588e-37,True,2.3999783557718493,3.333103666495175e-268,True,2.3846621674710247,5.065295025553428e-211,True,19638,2294,17344,3.3091103818354646e-298,1.032442439132665e-295,True,2.0231358615178362e-07,6.392084949808252e-07,True,3.272657365982068e-216,1.3614254642485402e-213,True,area + density (both independent),area + density (both independent),True,area + density (both independent),True,1.0518756751901508,0.9559920267892448,1.1573762176372824,0.2996972431770724,False,1.0620905466337125,0.2179929798487959,True,1.4926134478563997,1.371941318529998,1.6238995608856688,1.2540470805932436e-20,True,1.2722935363139842,5.0990159641446884e-08,True,2.436180219337445,2.3019009877884944,2.578292503707099,4.573480816246473e-208,True,1.9315793258173044,6.410281115247262e-55,False,2.9117740800922975,2.7148200402131453,3.1230166891031534,1.5010014397264734e-196,True,1.537135368552418,5.474387881263867e-16,False,True,Tier 1,SFD↑ VFD↑ VFI↑,higher density
571.8,Liver abscess and sequelae of chronic liver disease,digestive,10,chartreuse4,both,0.4127003273610394,1.4769497535532252e-36,True,0.6393283541980485,1.8821682062549143e-15,True,3.070999928859094,2.658858343661509e-183,True,3.9955091471624034,4.5359995354967904e-200,True,14894,840,14054,6.283098039278043e-278,1.3068843921698327e-275,True,3.4808133506518513e-44,3.744875053115095e-43,True,4.222604605004667e-236,2.6349052735229124e-233,True,area + density (both independent),area + density (both independent),True,area + density (both independent),True,1.1069653872449503,0.9642166696881038,1.2708475253334248,0.1491158254867274,False,1.161991811103145,0.037485134234399,True,2.711159615703318,2.3869316397427234,3.07942897879255,3.660768979891082e-53,True,2.591724746970142,6.2341428050131985e-46,True,3.169344856529067,2.9035251200351366,3.459500574076554,6.99408223467128e-147,True,1.2505173245218006,0.0008087862255716872,False,6.63521168796071,5.907245962327868,7.452886577741396,1.5876678721899912e-223,True,5.5653769192876625,5.799330077908006e-86,False,True,Tier 1,SFD↑ VFD↑ VFI↑,higher density
285,Other anemias,hematopoietic,4,darkorange1,both,0.6236760350136646,2.553460347844836e-41,True,0.7295818598196251,2.6716452743768476e-29,True,1.9384666405045323,9.891159308411556e-216,True,1.9500220683975524,2.5402760948934587e-192,True,19610,3823,15787,1.1435635261601972e-246,1.4271672806479262e-244,True,8.613976230257404e-08,2.829011140884537e-07,True,1.58368001989846e-190,2.8234752354761112e-188,True,area + density (both independent),area + density (both independent),True,area + density (both independent),True,1.0473676137857453,0.9732740880287362,1.127101740301194,0.2163452763373096,False,1.0609706784439066,0.1148300947016008,True,1.3387104569830257,1.2532491263864969,1.4299995506902994,4.4388965417446345e-18,True,1.2105724631243535,3.666684773616149e-08,True,1.9649740043158448,1.875319425343259,2.0589147563116104,8.52796182965988e-177,True,1.5168631270228798,4.1924399791085936e-33,False,2.250860279378931,2.1297373299625937,2.3788717632022647,9.689206888165486e-182,True,1.542261517701095,9.827072043010514e-25,False,True,Tier 1,SFD↑ VFD↑ VFI↑,higher density
276,"Disorders of fluid, electrolyte, and acid-base balance",endocrine/metabolic,3,brown,both,0.699836109894096,5.8278515756387936e-27,True,0.8182781954456094,3.25143058418599e-14,True,1.869667631749539,1.7870650199174281e-209,True,1.8171096855034907,1.0590583902161227e-166,True,20541,4227,16314,8.106046723784519e-240,8.430288592735899e-238,True,3.976352337682632e-18,2.2253308149901008e-17,True,2.49320072085323e-209,7.778786249062076e-207,True,area + density (both independent),area + density (both independent),True,area + density (both independent),True,1.1512774497865068,1.0736979279144028,1.2344624423011732,7.566801151945807e-05,False,1.159149776757228,3.619769588592954e-05,True,1.44942702622616,1.3605604988279687,1.5440979700384807,1.3550406313680744e-30,True,1.3042156734267374,1.5541355740669801e-15,True,1.9484317222551917,1.8630465039221913,2.0377302275053055,4.12781842645684e-187,True,1.588501559762219,7.965629742954845e-43,False,2.185048788079086,2.0713988172837716,2.3049343112721346,6.531659627082991e-181,True,1.4668105749852371,9.861134915605616e-21,False,True,Tier 1,SFD↑ VFD↑ VFI↑,higher density
571.81,Portal hypertension,digestive,10,chartreuse4,both,0.3807953349263479,1.7740565952796245e-27,True,0.5508404404516796,4.951624775586839e-16,True,3.37962890015016,9.683665200596623e-140,True,5.283363304848442,1.2331420166471022e-164,True,14539,485,14054,2.7446226584356463e-229,2.4466350555197763e-227,True,1.2951247970086879e-34,1.1382505258217202e-33,True,2.7504410346517127e-195,6.8651008224906745e-193,True,area + density (both independent),area + density (both independent),True,area + density (both independent),True,1.0877581879607174,0.915511450394676,1.2924118807749485,0.3388850152920391,False,1.1832204335341685,0.0629795594526392,True,2.87675244459082,2.4477598823572086,3.380929921724879,1.194894060487755e-37,True,2.9234362782269003,1.9522160221723874e-36,True,3.470774074010231,3.110338998291039,3.872977408391928,1.2968411581903398e-109,True,0.9972172709756294,0.9728323021699103,False,9.0376374541628,7.757452133693604,10.52908730150243,1.5195886724846288e-175,True,9.619908652864712,1.199867169146279e-88,False,True,Tier 1,SFD↑ VFD↑ VFI↑,higher density
571.51,Cirrhosis of liver without mention of alcohol,digestive,10,chartreuse4,both,0.4597725943732345,6.172359459506997e-29,True,0.7043745518823347,1.5639386101684658e-10,True,2.900857907006474,6.931391073758736e-156,True,3.564628925394527,7.884385724654586e-169,True,14824,770,14054,4.483941342233764e-223,3.497474246942336e-221,True,1.213772504722283e-35,1.0819914899238635e-34,True,1.1334283318270307e-191,2.357530930200224e-189,True,area + density (both independent),area + density (both independent),True,area + density (both independent),True,1.0739966477044602,0.9355234484097854,1.2329662086408408,0.310765110946627,False,1.1077869561743376,0.1555707807657765,True,2.4198198120326673,2.1366299447270447,2.7405437882009376,5.078593918798988e-44,True,2.3157476405387554,2.1651938282912553e-37,True,2.966705992439877,2.7118392212480376,3.245525906041044,1.856038233363171e-124,True,1.2361020858045864,0.0026323669198123,False,5.625527840827512,5.016193163006503,6.308880551353765,1.1703118681864203e-191,True,4.715745507456937,1.2104860962351784e-68,False,True,Tier 1,SFD↑ VFD↑ VFI↑,higher density
276.1,Electrolyte imbalance,endocrine/metabolic,3,brown,both,0.6451736657844378,2.9459754077491376e-29,True,0.802453333275327,3.4868354990717923e-13,True,1.9180778619225136,6.23324847895923e-184,True,1.8971229705217336,3.952851169856828e-149,True,19394,3080,16314,2.7976417598842295e-205,1.9396982868530657e-203,True,5.0670235558760556e-14,2.350797545625768e-13,True,4.8415784086725304e-173,7.552862317529147e-171,True,area + density (both independent),area + density (both independent),True,area + density (both independent),True,1.0989118807935068,1.0132749535856218,1.1917864124400066,0.0226942343913118,False,1.108054555343726,0.0135326650103403,True,1.4719084437394347,1.3705827718648942,1.5807250107219428,2.339792952629992e-26,True,1.3245373532635696,7.843247818587283e-14,True,1.970845327551627,1.874658171022412,2.071967767336311,1.286300410223158e-155,True,1.5614309338259251,8.627677164309674e-32,False,2.2966843648219712,2.162221552502547,2.43950906210916,1.0673839457541307e-160,True,1.538004324506116,3.093769565503399e-20,False,True,Tier 1,SFD↑ VFD↑ VFI↑,higher density
038,Septicemia,infectious diseases,1,blue,both,0.6029450780892904,4.8326462739216643e-36,True,0.8676523132379542,6.743580809061045e-06,True,1.9101895663508297,5.224868168098191e-177,True,1.853333699889337,2.6744477955252297e-129,True,20514,2572,17942,1.6514711524652148e-195,1.030517999138294e-193,True,4.4144891424030886e-20,2.586517582027725e-19,True,4.5150585480672955e-161,4.695660889989988e-159,True,area + density (both independent),area + density (both independent),True,area + density (both independent),True,1.0284311514307831,0.9456971970776372,1.118403053854475,0.5123642747535045,False,1.0333383858990115,0.4465125457613966,True,1.6227004496887678,1.507224113895638,1.747024032553696,8.321646379881759e-38,True,1.4456632779780727,2.085124490131744e-21,True,1.9260823701279144,1.830024387078644,2.027182436863416,3.61768146399633e-139,True,1.5941713179350865,1.7323863506032358e-32,False,2.359399534612729,2.215889171046352,2.512204236867186,2.440599303048931e-158,True,1.5026647228685437,8.030322004573491e-17,False,True,Tier 1,SFD↑ VFD↑ VFI↑,higher density
514,Abnormal findings examination of lungs,respiratory,9,coral4,both,0.6467065973313805,4.990911191375554e-38,True,0.8351002978455703,9.984653709490794e-12,True,1.7998063142119394,1.198492800481744e-178,True,1.6786033074893545,1.7116859915106295e-125,True,19669,4306,15363,3.2679681642552963e-193,1.8538292131775495e-191,True,2.0011494175390445e-08,6.861083717276724e-08,True,1.1754636003899835e-153,1.0478418380619281e-151,True,area + density (both independent),area + density (both independent),True,area + density (both independent),True,1.0093037940908962,0.9397958817185053,1.0839525567014616,0.7992027623642615,False,1.011706194513613,0.7500034487899003,True,1.3793488657114057,1.2939989865570838,1.47032827158664,5.696519240383746e-23,True,1.2225387988064187,2.40716385722989e-09,True,1.8046936771869215,1.724407159433035,1.888718247695799,1.2513112524789733e-142,True,1.608718014865257,1.8059255534800876e-43,False,1.971501196616525,1.8685652378620272,2.0801077155366556,7.015402418149277e-136,True,1.26118482212538,1.876475216105035e-08,False,True,Tier 1,SFD↑ VFD↑ VFI↑,higher density
994,Sepsis and SIRS,injuries & poisonings,18,gray50,both,0.6165062662864019,2.3752974634852918e-33,True,0.8794772500763905,4.254620365789567e-05,False,1.8461140053429212,1.2103182889792896e-165,True,1.791852246507125,4.431479301804286e-118,True,21849,2527,19322,2.644410590501421e-180,1.3750935070607388e-178,True,1.552782132200765e-19,8.971630097159975e-19,True,4.1689052707369e-149,3.468529185253101e-147,True,area + density (both independent),area + density (both independent),True,area + density (both independent),True,1.0287934685286897,0.9461875401838932,1.1186112223392697,0.5062365390837923,False,1.0324802377184388,0.4573870462085079,True,1.6054845190604603,1.4916596531638344,1.7279950794912953,1.6754370298244415e-36,True,1.4361332631168604,7.246106503287706e-21,True,1.8615908260682048,1.7703061854985331,1.9575824973606928,1.226701728338364e-129,True,1.570474672803972,7.7860308414883635e-31,False,2.270835495059682,2.1337140168866062,2.416768978790937,7.084415033909375e-147,True,1.4618413820066465,8.682205253086025e-15,False,True,Tier 1,SFD↑ VFD↑ VFI↑,higher density
427,Cardiac dysrhythmias,circulatory system,8,red,both,0.8766149458101443,1.3495491836367784e-05,True,0.8484825123768268,5.028200188233958e-11,True,1.7290016294241273,6.735129009162409e-148,True,1.6165712390142366,5.509340630505811e-112,True,17674,5609,12065,8.145873436969995e-180,3.9100192497455967e-178,True,1.8321735383193945e-22,1.1786353483621673e-21,True,1.413974962385207e-170,1.7646407530567383e-168,True,area + density (both independent),area + density (both independent),True,area + density (both independent),True,1.3207597755177929,1.2373686292349717,1.4097709796508462,6.24261580890876e-17,True,1.3269543377708748,2.4786892806737312e-17,True,1.3163003245662317,1.237895124625,1.3996715149662162,1.7714863045717083e-18,True,1.1910884984330534,6.79758046473718e-08,True,1.884611226032585,1.7990400586074302,1.9742525778093716,2.1426375796378e-157,True,1.629946273064693,7.93284764824081e-46,False,1.855775004762033,1.761181857645802,1.955448753544984,1.0635597401181694e-118,True,1.296150211736281,7.289248276802971e-11,False,True,Tier 1,SFD↑ VFD↑ SFI↑ VFI↑,higher density
426.7,Abnormal electrocardiogram [ECG] [EKG],circulatory system,8,red,both,0.842807884506303,9.88425515427197e-07,True,0.8497032904647448,8.523928730664081e-09,True,1.8448362774289289,4.4330963898388926e-148,True,1.691927912595204,1.6314291874704765e-104,True,16196,4131,12065,2.472957883473492e-179,1.1022326566338994e-177,True,3.2098720465103923e-22,2.043836894920903e-21,True,3.5636925446142266e-171,4.941653661865061e-169,True,area + density (both independent),area + density (both independent),True,area + density (both independent),True,1.35414121235414,1.2565942703723136,1.45926053160551,1.898319663104788e-15,True,1.3603305000114092,9.315137265302592e-16,True,1.4047120212657296,1.310286586798758,1.5059421981181516,1.0518196359484118e-21,True,1.2459037376820237,2.057837143127747e-09,True,2.024324448988588,1.9214927870194445,2.132659306584991,6.80306870950728e-155,True,1.7808573499009193,1.142956025783662e-49,False,2.0139776259333337,1.8970456690302893,2.1381171491951596,1.8103899034004788e-116,True,1.292768574146997,2.0964887479758823e-08,False,True,Tier 1,SFD↑ VFD↑ SFI↑ VFI↑,higher density
994.2,Sepsis,injuries & poisonings,18,gray50,both,0.6100052884412112,2.0172741170956216e-33,True,0.8686644951167034,1.0690681894437343e-05,True,1.870156641329663,1.033126388352608e-166,True,1.808612493985161,2.1385828798691004e-117,True,21738,2416,19322,6.912332728505662e-179,2.8755304150583558e-177,True,1.4374573002660073e-17,7.93781730412379e-17,True,2.730989867982596e-147,2.130172097026425e-145,True,area + density (both independent),area + density (both independent),True,area + density (both independent),True,1.028915777273027,0.944865977950702,1.1204421594451708,0.5120726439241008,False,1.032171585697062,0.4695080056771331,True,1.591727709897559,1.4769742865802138,1.7153968931456614,4.194330287435152e-34,True,1.416913734663718,7.595882096533481e-19,True,1.8858809419204303,1.7918224030487149,1.9848769169574871,1.817933869852941e-130,True,1.603406255003802,2.2514059349069056e-32,False,2.2829645832914065,2.1426175250977684,2.432504741286051,1.9618125405535816e-143,True,1.438844926727341,3.042406918414036e-13,False,True,Tier 1,SFD↑ VFD↑ VFI↑,higher density
426,Cardiac conduction disorders,circulatory system,8,red,both,0.8507939579629847,5.15197944722728e-07,True,0.8703140358470245,7.13430168851951e-08,True,1.7648695687686018,7.774290830197418e-144,True,1.6248798289481992,6.864259737511761e-104,True,17297,5232,12065,9.051392047257727e-175,3.5300428984305144e-173,True,1.741829647445754e-21,1.0923635175941207e-20,True,3.711753079420246e-167,4.211152584651333e-165,True,area + density (both independent),area + density (both independent),True,area + density (both independent),True,1.300923416496822,1.2138374993765328,1.3942572514517286,9.940432639165099e-14,True,1.306048459167415,5.5655483237081926e-14,True,1.379812282523913,1.2942877399347852,1.470988155307552,6.114490983518292e-23,True,1.2378448864268037,2.607743968847058e-10,True,1.9128749033145824,1.8216296367646887,2.008690637153616,3.84191870541492e-149,True,1.6733468520775467,1.9451069700505626e-45,False,1.918438226167808,1.8151200619574372,2.027637347390075,1.0123960113621606e-117,True,1.2958836861434595,9.053207811550455e-10,False,True,Tier 1,SFD↑ VFD↑ SFI↑ VFI↑,higher density
285.2,Anemia of chronic disease,hematopoietic,4,darkorange1,both,0.4083050589213603,2.0863039582025807e-40,True,0.668258558122473,4.5295125831364416e-15,True,2.447607966609178,1.4778848373982874e-162,True,2.53116817379621,7.53762016777621e-127,True,16851,1064,15787,9.66462163266731e-170,3.5474846463437655e-168,True,1.816450304163739e-07,5.753629389838443e-07,True,9.60468118558459e-125,5.4484736907316236e-123,True,area + density (both independent),area + density (both independent),True,area + density (both independent),True,0.9867425103170556,0.8606236482206754,1.131343280747434,0.8483056943494146,False,0.99614528236344,0.9560873634526053,False,1.6284486200713324,1.4546855519530837,1.8229677916659155,2.4549058630742137e-17,True,1.3983026775003276,1.4968105061074033e-08,True,2.438203861848705,2.2605767470369673,2.6297882076890713,5.3652308302041345e-118,True,1.8520709087739569,1.9536558929919592e-26,False,3.1897227675637896,2.9036273765010283,3.504007234624997,2.6810022042630308e-129,True,1.6946112686378845,8.4825334616965e-13,False,True,Tier 1,SFD↑ VFD↑ VFI↑,higher density
782.3,Edema,symptoms,17,purple,both,0.5846653149550697,9.134811180967184e-30,True,0.7664071209862633,3.785497562806651e-13,True,2.086499931215518,7.028208880843379e-168,True,2.0355204786604255,2.22561365842254e-121,True,21396,1651,19745,1.0721641406324942e-168,3.71683568752598e-167,True,4.945762176624073e-07,1.5277998010957533e-06,True,3.149798881223084e-135,2.1838605576480046e-133,True,area + density (both independent),area + density (both independent),True,area + density (both independent),True,1.0621490267117737,0.9639054789592032,1.1704057914090518,0.2233806686994859,False,1.0693183119930365,0.1774199614166234,True,1.4489891858966908,1.3320774858225486,1.576161809798238,5.6027308358250746e-18,True,1.2624601265758637,1.368916623143349e-07,True,2.124658539071672,2.001145394959029,2.2557950656766708,2.7258736937154593e-134,True,1.7803266350288152,1.8578482144657397e-35,False,2.469506652255307,2.2922180697589285,2.660507386269137,4.933919160186847e-125,True,1.4136549430278875,2.791736372212675e-09,False,True,Tier 1,SFD↑ VFD↑ VFI↑,higher density
276.6,Fluid overload,endocrine/metabolic,3,brown,both,0.3233187711814442,1.4010973499264859e-31,True,0.6416197872471858,1.925000990189789e-09,True,3.578844736672969,4.9072562649192205e-152,True,3.969168011149005,6.307115710214659e-121,True,16756,442,16314,4.538983118983605e-167,1.4906976138135629e-165,True,2.0183094195159711e-13,8.995893412699756e-13,True,5.0631586920318746e-133,3.1594110238278903e-131,True,area + density (both independent),area + density (both independent),True,area + density (both independent),True,1.0667722945598643,0.8890625154477404,1.2800034965678524,0.4869153606169989,False,1.0703472757550183,0.4723153114672687,True,2.289670057337497,1.9583171220128748,2.677088870100493,2.8548208406189863e-25,True,1.898438055023942,8.833575856702404e-15,True,3.650344239985681,3.268449217673175,4.076860976864979,1.0355964652626551e-116,True,2.2719884676091566,6.850578993233183e-21,False,6.004593463508579,5.202444224141238,6.930423683295046,1.4577603408274176e-132,True,2.580473293206518,6.666648407435871e-17,False,True,Tier 1,SFD↑ VFD↑ VFI↑,higher density
585,Renal failure,genitourinary,11,black,both,0.6953490255188389,4.397075792964857e-22,True,0.9012767927547596,0.0002806773123647887,False,1.7962541009749606,2.750857752182046e-145,True,1.676869656366459,8.861954990431645e-97,True,19091,3005,16086,1.1644654681622502e-157,3.4601259625392583e-156,True,1.4220150913651314e-15,7.243570751117078e-15,True,3.012924545417703e-138,2.2118410780478196e-136,True,area + density (both independent),area + density (both independent),True,area + density (both independent),True,1.0926432303327536,1.0095937188720543,1.1825244219286724,0.0280424912564479,False,1.0949925432812375,0.0254526933113897,True,1.5127609105594766,1.410546603219024,1.6223821086763457,4.278724079960296e-31,True,1.3439340181406048,1.317406860469994e-15,True,1.844239619842122,1.753197100693768,1.9400099247537528,3.9740383908791805e-124,True,1.6272835548833693,1.2824836737295991e-34,False,2.088745555341353,1.963909306862275,2.2215170424181996,2.3468096055904573e-121,True,1.3319809651999133,3.571204513379907e-09,False,True,Tier 1,SFD↑ VFD↑ VFI↑,higher density
250,Diabetes mellitus,endocrine/metabolic,3,brown,both,0.944483239355285,0.0684373193691257,False,1.5650659233834163,4.451940759274249e-68,True,1.3256134316125705,2.047093688938943e-38,True,1.088891079678802,0.00021517463798191195,False,20583,3583,17000,8.127913263927583e-157,2.305371762132187e-155,True,1.526603284373536e-104,6.804288924636333e-103,True,3.816309900006998e-88,9.922405740018196e-87,True,area + density (both independent),area + density (both independent),True,area + density (both independent),True,1.141476933554719,1.067917281490912,1.2201034784439648,9.885867937523664e-05,False,1.1529866577352192,5.075308053952057e-05,True,2.221239711987146,2.0810379592372708,2.3708870067497876,3.4549003850715146e-127,True,2.0462830001686947,4.793320985574872e-97,False,1.3803067624143537,1.3164953390108067,1.4472111688586498,1.2474393342147811e-40,True,1.4561009108123906,2.6675367196010293e-23,False,1.6916460132385427,1.596302201418741,1.7926845127210254,1.4158270675756895e-70,True,1.2403924307863914,1.694752533381836e-06,False,True,Tier 1,SFD↑ VFD↑ VFI↑,higher density
250.2,Type 2 diabetes,endocrine/metabolic,3,brown,both,0.9483375923126968,0.0971382918285445,False,1.573781238352021,2.1539913572344252e-67,True,1.319821122193452,1.4752815527798746e-35,True,1.0737619212097005,0.0025457132084298,False,20416,3416,17000,3.4776518433495265e-150,9.435020653261322e-149,True,6.487925828326915e-99,2.6119133657264484e-97,True,1.6455184283873473e-82,3.73383090659529e-81,True,area + density (both independent),area + density (both independent),True,area + density (both independent),True,1.1410581626184189,1.066179731447142,1.2211953501600326,0.00013872962455596454,False,1.153047599305374,6.902756979652236e-05,True,2.2119951133686384,2.0700687593672495,2.3636521054799835,9.392640627596252e-122,True,2.031231729268132,5.033785910843683e-92,False,1.3742255283514968,1.3091875533377693,1.4424944676247775,8.510269308149694e-38,True,1.4774120090534937,7.640890317969563e-24,False,1.6715010277380329,1.5750296027646449,1.773881380277011,2.3962260689714997e-64,True,1.20947281674061,3.715229530096329e-05,False,True,Tier 1,SFD↑ VFD↑ VFI↑,higher density
508,Pulmonary collapse; interstitial and compensatory emphysema,respiratory,9,coral4,both,0.5615848126113518,3.0631081623172412e-24,True,0.7360577739534571,8.525311903474585e-12,True,2.282571181660879,3.236229303972867e-150,True,2.133898501576707,6.561652309372361e-100,True,18557,1213,17344,1.1304906021789603e-148,2.9392755656652967e-147,True,7.502341147986144e-06,2.0899378912247113e-05,True,1.8105056540652687e-121,9.823961114232416e-120,True,area + density (both independent),area + density (both independent),True,area + density (both independent),True,1.1166398696447175,0.9964929634839056,1.2512728580850747,0.0575018733014596,False,1.1232639333229215,0.0456882278673131,True,1.509114478238814,1.3628932024303202,1.671023455373382,2.4868067114021025e-15,True,1.2724328311703743,6.793904850341327e-06,True,2.36035567655987,2.198292859404834,2.5343661086979883,8.49376341246395e-124,True,2.0609363017572555,6.038481166100688e-40,False,2.6379241488053906,2.4152017213108934,2.8811853492194923,4.998037976281122e-103,True,1.3351116899208462,2.1092660695677127e-05,False,True,Tier 1,SFD↑ VFD↑ VFI↑,higher density
260.2,severe protein-calorie malnutrition,endocrine/metabolic,3,brown,both,0.1882446055120365,6.315729631354695e-53,True,0.4226778061877699,1.69791054077749e-23,True,2.813572673647815,1.9389633681418332e-142,True,3.23753239420731,1.1059118038657252e-108,True,17935,597,17338,1.0587832120018938e-147,2.541079708804545e-146,True,0.0013412008728338,0.0027990279085228,False,1.016183078989445e-87,2.5881560868955652e-86,True,density independent of area,density independent of area,True,density independent of area,True,0.88973583723368,0.7084199326170244,1.1174584785234676,0.3149879092219305,False,0.8869915389506436,0.3080145398851657,False,1.6621785642102225,1.388620552656843,1.9896274572876147,3.051582047736729e-08,True,1.4012777829565013,0.0002456797894845895,True,2.7256571146666135,2.4646496576349324,3.0143053734711183,6.876447430924886e-85,True,2.07471944870286,1.9281443280075634e-23,False,4.004075992491232,3.5160442072861473,4.559847262563116,3.5329365826990267e-97,True,1.7392042093565885,1.6136839357897906e-08,False,True,Tier 1,SFD↑ VFD↑ VFI↑,higher density
571,Chronic liver disease and cirrhosis,digestive,10,chartreuse4,both,0.8027354214541731,4.917273294002971e-10,True,1.1574794553095262,4.491923621976656e-07,True,1.6835917342577431,1.114415325877485e-96,True,1.5259042151489788,8.44650297320164e-62,True,16785,2731,14054,2.4316740008606413e-144,5.619868801989036e-143,True,1.0404899489975191e-53,1.3814164429243657e-52,True,5.055945662937587e-131,3.004676279688623e-129,True,area + density (both independent),area + density (both independent),True,area + density (both independent),True,1.100596399556775,1.0219662880418616,1.185276313799226,0.0112606424223439,False,1.1155263293707671,0.0043278425380509,True,1.9146240952606215,1.7838703512510297,2.054961798979245,2.0547903336264216e-72,True,1.7732104255138734,4.719549346180034e-53,False,1.734791284896303,1.6432579424794205,1.8314232503336012,2.8015912749047075e-88,True,1.427431202415516,6.43540591660787e-17,False,2.1453207644127508,2.014422769710019,2.2847245629987776,8.105483439488334e-125,True,1.6065696727969567,3.915835049018977e-22,False,True,Tier 1,SFD↑ VFD↑ VFI↑,higher density
509.1,Respiratory failure,respiratory,9,coral4,both,0.5573990473600884,3.4486273273647993e-22,True,0.7479623865924157,7.588369889293164e-10,True,2.3974555729576497,1.7891331782916788e-142,True,2.158959389080673,3.760176278136766e-86,True,18378,1034,17344,8.485037151683678e-138,1.8257459250519358e-136,True,0.0005995180990235774,0.0013149360062942,False,1.4233858182701843e-113,7.1055420048047605e-112,True,density independent of area,density independent of area,True,density independent of area,True,1.111274704665283,0.9845171103201932,1.2543524701437407,0.0877397817186545,False,1.1153069845042036,0.0781463825807714,True,1.4669412369679806,1.3180114879431928,1.632699420606187,2.2956444389518727e-12,True,1.2160079596471407,0.000496724072747956,True,2.4759895485331165,2.292250082123056,2.674456985411995,1.6171826617335996e-117,True,2.3116362802436723,5.326725685783977e-45,False,2.636895561993373,2.3965467406420164,2.9013488812647297,5.595298920951994e-88,True,1.1937408409664314,0.0160047475847866,False,True,Tier 1,SFD↑ VFD↑ VFI↑,higher density
585.1,Acute renal failure,genitourinary,11,black,both,0.6083927773292281,2.1882364509200596e-25,True,0.7964800817306935,1.216706510200973e-09,True,1.947634177306255,4.504179640368319e-131,True,1.9224891721047208,1.5326905126875455e-100,True,17804,1718,16086,1.8267119999890535e-136,3.799560959977231e-135,True,4.860181821337198e-09,1.737967596856396e-08,True,4.4817848720916495e-110,2.1512567386039916e-108,True,area + density (both independent),area + density (both independent),True,area + density (both independent),True,1.0381766259571212,0.9403133481453102,1.1462250416944566,0.4582837473995432,False,1.044759515026879,0.3879708286789182,True,1.4914184842337157,1.3658052406561014,1.6285843902937998,5.361181617626626e-19,True,1.3319357026212986,6.164428070880303e-10,True,1.969687864117529,1.8524313780123525,2.0943665326025385,6.479026358510452e-104,True,1.5912722891670288,3.5327367550653214e-22,False,2.362879004279336,2.1899916979823235,2.549414773584759,5.308650161378082e-109,True,1.5089088182746655,5.875592787150951e-12,False,True,Tier 1,SFD↑ VFD↑ VFI↑,higher density
278.1,Obesity,endocrine/metabolic,3,brown,both,1.50535898834048,2.3264258870055512e-32,True,1.2986269262259502,1.999341834573564e-18,True,1.4771191549523357,2.56834692836092e-31,True,1.2131371983769337,1.760491170896511e-09,True,21001,2836,18165,7.998229009864034e-132,1.6099660974694056e-130,True,1.3491384906665608e-103,5.612416121172893e-102,True,2.5017418513028056e-88,6.642923043459364e-87,True,area + density (both independent),area + density (both independent),True,area + density (both independent),True,1.8913272654712112,1.7562815334769837,2.03675706709336,8.749800349430357e-64,True,1.937513271261271,6.59545117268802e-67,False,1.7713924257185425,1.643686765317404,1.9090201321217617,1.0381893187638456e-50,True,1.6886739608470014,5.12484782404533e-38,False,1.8807379222613227,1.7510683934466316,2.0200096954920235,2.781858839622512e-67,True,1.787665013861022,1.4331706032862852e-24,False,1.7565571487491711,1.6223112412588077,1.901911876310292,7.48091284106129e-44,True,1.3340721588689783,3.6271793819092304e-06,False,True,Tier 1,SFD↑ VFD↑ SFI↑ VFI↑,higher density
278.11,Morbid obesity,endocrine/metabolic,3,brown,both,1.602522133846786,8.056121174537833e-25,True,1.2929439715509763,3.6762319666775616e-10,True,1.905572352824309,5.2169602977015945e-45,True,1.50768039404287,5.817682468090509e-19,True,19484,1319,18165,3.98876048850697e-126,7.778082952588593e-125,True,8.732035269568624e-89,2.4216844480936986e-87,True,4.533013723757887e-97,1.767875352265576e-95,True,area + density (both independent),area + density (both independent),True,area + density (both independent),True,2.219801088383272,2.0110139483217733,2.45026489055417,2.181575116523525e-56,True,2.2950097155673115,1.5121525936324266e-59,False,2.01858684028722,1.8221813910471631,2.236162026349701,3.1248887811905786e-41,True,1.909877849146135,1.0094114222559216e-30,False,2.630118614498939,2.383167969821212,2.9026589875042585,2.3820752480831197e-82,True,2.262809371168157,2.6178070812565296e-24,False,2.399217861953529,2.1423000501192857,2.6869468395878293,8.303834473967515e-52,True,1.6156706375570418,1.329125052926651e-07,False,True,Tier 1,SFD↑ VFD↑ SFI↑ VFI↑,higher density
994.21,Septic shock,injuries & poisonings,18,gray50,both,0.4080835826883932,4.325776874656474e-32,True,0.6711261548466675,2.2352698813132216e-11,True,2.4347253904388575,2.833198537109766e-128,True,2.525648438857768,4.621846660852731e-94,True,20003,681,19322,6.0294996129297e-125,1.1401235631721615e-123,True,5.686147085637172e-06,1.598268370016935e-05,True,1.61051783807056e-90,4.785538718838236e-89,True,area + density (both independent),area + density (both independent),True,area + density (both independent),True,0.9654525124535122,0.8280482566965974,1.1256572865949843,0.6535435704523576,False,0.970529861889124,0.7044632233943228,False,1.6513049795699113,1.4502883922742025,1.8801833828901215,3.636314917741673e-14,True,1.4050092787753647,5.708033522201772e-07,True,2.40888053096889,2.2103708762610776,2.625218000653559,2.6779964901273727e-89,True,1.9100809154376828,1.9194590924828502e-21,False,3.246019992884916,2.905463718791528,3.626493673302899,2.7980431206419627e-96,True,1.614576254323622,6.564268713884853e-08,False,True,Tier 1,SFD↑ VFD↑ VFI↑,higher density
567,Peritonitis and retroperitoneal infections,digestive,10,chartreuse4,both,0.5762902625021014,3.6204894039511954e-25,True,0.779166720291168,1.2411688140727972e-08,True,1.8171169120934447,1.407590244273998e-95,True,2.022731043716936,1.5721847084877818e-103,True,17348,1406,15942,1.3847472198819383e-121,2.5414184270774395e-120,True,3.1157850439458663e-16,1.640717187698076e-15,True,1.7751147326046525e-96,6.713161170577595e-95,True,area + density (both independent),area + density (both independent),True,area + density (both independent),True,0.9450555831436882,0.8455448769756412,1.0562775312714552,0.3194985830985056,False,0.9664382880121212,0.5477270652631993,False,1.6263136345683262,1.4736128127331536,1.7948378401225165,4.161158631185072e-22,True,1.5642776905053346,5.644078019935561e-18,True,1.7866747801519494,1.6734956847324685,1.9075082171731657,1.1378984737489363e-67,True,1.152553639457034,0.004903820723884,False,2.5535209512778865,2.356215374636889,2.7673485704251366,1.5049840833200214e-115,True,2.1948541056192985,1.435517254302189e-35,False,True,Tier 1,SFD↑ VFD↑ VFI↑,higher density
539,Bariatric surgery,digestive,10,chartreuse4,both,1.3178131101610555,1.9715556507239423e-06,True,0.5194441120415288,3.6703803916746734e-27,True,2.19168436207942,3.859191416266089e-80,True,2.3656783268942103,2.458397766750745e-75,True,22581,642,21939,6.952806546021653e-117,1.2395860813478605e-115,True,2.8737290495549377e-41,2.846360201463938e-40,True,1.4782029286191427e-82,3.4162912128086854e-81,True,area + density (both independent),area + density (both independent),True,area + density (both independent),True,2.2056339245989056,1.9616168904651603,2.4800056692966024,6.4498152483422345e-40,True,2.301536624849755,9.928498573371198e-43,False,0.9503282310871852,0.8313226232312901,1.0863697457082582,0.4554462176368131,False,0.8253506898049561,0.00912798510867,False,2.9112376491217145,2.651983836392239,3.195835711123164,1.1463607377509265e-111,True,2.0404808692444054,1.0554300459699684e-21,False,2.305589217364069,2.0571413448609723,2.584042974249158,9.320186057416196e-47,True,1.5647181726918566,1.9371472029964004e-06,False,True,Tier 1,SFD↑ VFD↑ SFI↑,higher density
278,"Overweight, obesity and other hyperalimentation",endocrine/metabolic,3,brown,both,1.4138004316399069,2.293996318076112e-28,True,1.2501517110698326,7.33413908271177e-17,True,1.3440350026321088,9.02695293688518e-26,True,1.1739810084693671,3.2519516492844915e-09,True,21740,3575,18165,4.459353784746716e-115,7.729546560227639e-114,True,5.4811938705498745e-93,1.848791878498985e-91,True,4.829476517988373e-78,1.0762833382945516e-76,True,area + density (both independent),area + density (both independent),True,area + density (both independent),True,1.7192316365088611,1.6076656693857183,1.8385398632679135,1.9512686079320981e-56,True,1.7420872462719983,5.357668236557314e-58,False,1.6390594697076892,1.533062081954219,1.7523856188615052,1.4874297408585135e-47,True,1.5790497754259385,9.24382681721566e-37,False,1.6305657879880426,1.5351862812257162,1.7318711230498256,6.503720916365586e-57,True,1.5161173081950583,2.7443642632402564e-18,False,1.5872304356759972,1.4840463630126308,1.6975887807318957,2.322674656424663e-41,True,1.3199632578379554,1.2872652448620404e-07,False,True,Tier 1,SFD↑ VFD↑ SFI↑ VFI↑,higher density
287.3,Thrombocytopenia,hematopoietic,4,darkorange1,both,0.6417112122742179,2.7873097982979777e-15,True,0.7704407841417106,9.583811214434076e-09,True,1.8213408029811384,3.43645632155925e-86,True,2.103578921278568,4.313171251662057e-99,True,19680,1198,18482,3.144535896919605e-112,5.303217296426578e-111,True,1.5246191624491625e-14,7.290133006653467e-14,True,2.7857064519684588e-96,1.022518132957834e-94,True,area + density (both independent),area + density (both independent),True,area + density (both independent),True,1.0447928283279162,0.930807470818428,1.1727366704154685,0.4572171628662164,False,1.0666993472514017,0.2720901951888468,True,1.5822631598965364,1.4290463323637943,1.75190730382032,1.045286700716294e-18,True,1.5397816353725098,7.188008027217764e-16,True,1.8448304783300145,1.7224080080462485,1.9759542906653536,2.030215748019489e-68,True,1.1309052103185215,0.0166341166541298,False,2.6377992711560125,2.4203983575643075,2.8747272006551605,3.022349171247429e-108,True,2.378480935898331,5.924696565125181e-39,False,True,Tier 1,SFD↑ VFD↑ VFI↑,higher density
287,Purpura and other hemorrhagic conditions,hematopoietic,4,darkorange1,both,0.6377307778140798,2.599549907168603e-16,True,0.7638351091630691,1.3293658333581047e-09,True,1.801684779136982,1.7020317503269013e-86,True,2.074862687108002,8.41294200216316e-100,True,19743,1261,18482,9.442777126643682e-112,1.5506034018488577e-110,True,3.251405526914602e-13,1.4389198927622068e-12,True,3.583344815446059e-94,1.2422262026879671e-92,True,area + density (both independent),area + density (both independent),True,area + density (both independent),True,1.025822082008893,0.9159297429016162,1.1488991946078695,0.6592240481498994,False,1.0472266477402166,0.4234123185337198,True,1.538857778659919,1.392616496283794,1.7004561336601896,2.6643282431985097e-17,True,1.496675311607713,1.4461892868236792e-14,True,1.8151363057210284,1.6970746983844764,1.9414111891969037,1.3077940925901992e-67,True,1.1288173631081015,0.015692474359117,False,2.565608774098516,2.358659354502725,2.790715992610575,7.359614191730749e-107,True,2.305193986140082,4.726784599874407e-38,False,True,Tier 1,SFD↑ VFD↑ VFI↑,higher density
427.7,Tachycardia NOS,circulatory system,8,red,density-only,0.8653697094078616,0.0013176019218584,False,0.8582319726452939,0.0001251414799698106,False,1.8097548222910391,2.6301881859767948e-95,True,1.724372812107244,3.772252274030115e-69,True,13940,1875,12065,2.1866637672564752e-111,3.4986620276103604e-110,True,7.710107488499616e-19,4.373733702567054e-18,True,4.2571909041002097e-109,1.9677682401174306e-107,True,area + density (both independent),area + density (both independent),True,area + density (both independent),True,1.381196051177421,1.2578974345400578,1.5165803501981387,1.295509767704954e-11,True,1.39074119766723,4.959359165957581e-12,True,1.4945289800917116,1.3627390844193814,1.6390642184344797,1.4507120377671153e-17,True,1.3459004551314635,9.595810956862207e-10,True,1.9987052817510729,1.8757507997762928,2.129719365587406,2.1613414414014603e-101,True,1.6764447051684928,1.5149250040358484e-27,False,2.092835565562732,1.939817757530333,2.2579238113896847,5.0001958353822355e-81,True,1.4280891557793487,6.048935356733398e-10,False,True,Tier 1,SFD↑ VFD↑ SFI↑ VFI↑,higher density
276.4,Acid-base balance disorder,endocrine/metabolic,3,brown,both,0.4965807344721095,2.083364050927159e-21,True,0.7907976219243036,3.2759788535085524e-05,False,2.4082203407301535,7.337118690075324e-116,True,2.285480314673761,3.369207158516057e-73,True,17065,751,16314,2.6786763890205453e-110,4.17873516687205e-109,True,6.790842808966436e-06,1.900217898114375e-05,True,3.5748861640604715e-90,1.0375483564528996e-88,True,area + density (both independent),area + density (both independent),True,area + density (both independent),True,1.0523631601402137,0.9087154381396496,1.2187183955931675,0.4954898086916272,False,1.051720126785521,0.5028542996516026,True,1.643693547213127,1.4520293596698235,1.8606569207143424,3.971114680981678e-15,True,1.377574704179613,1.0051796926175712e-06,True,2.444837791441399,2.241151865353196,2.6670356073875747,3.135663295745048e-90,True,2.1377445168579263,7.832399786175345e-29,False,2.9214330788909346,2.6194476249232452,3.258233206586161,1.2158413286497897e-82,True,1.3722914903289534,0.0002328169200480794,False,True,Tier 1,SFD↑ VFD↑ VFI↑,higher density
569,Other disorders of intestine,digestive,10,chartreuse4,both,0.7720612698898468,2.136129453167296e-10,True,0.7343113994584732,1.1062057882155644e-18,True,1.6467381737792324,4.404958339966044e-98,True,1.724039560061743,4.5945864625883483e-95,True,18297,2355,15942,5.765841306021275e-109,8.775329207212867e-108,True,1.4018609452440571e-05,3.770522542380567e-05,True,7.341299656003643e-89,2.08225953879376e-87,True,area + density (both independent),area + density (both independent),True,area + density (both independent),True,1.1579271871205157,1.063868444775988,1.260301851471074,0.0006931560934198108,False,1.1741900540640469,0.0002026017813404576,True,1.211008936782901,1.116748832058649,1.3132251432621445,3.642841060079155e-06,True,1.1331326752461306,0.0033987420311598,True,1.7185170847361944,1.6301477950180896,1.8116768182343952,6.98226503825336e-90,True,1.3433062578409225,2.5019585956708793e-13,False,1.8889378866549096,1.7705147418088172,2.0152819151310988,1.3155364185824896e-82,True,1.4881428810816324,1.7283593951344022e-15,False,True,Tier 1,SFD↑ VFD↑ VFI↑,higher density
198,Secondary malignant neoplasm,neoplasms,2,darkcyan,both,0.6875648020952932,2.8338814884990472e-18,True,0.7699874237055249,1.4316063975233363e-14,True,1.5544684487102594,2.9573535619867427e-86,True,1.6928372574759338,9.582569594496192e-97,True,19508,2579,16929,1.737608202381344e-108,2.581589329252283e-107,True,2.1845380998342562e-08,7.44891679943484e-08,True,3.570209071926696e-86,8.736511611302973e-85,True,area + density (both independent),area + density (both independent),True,area + density (both independent),True,1.0391972234262914,0.9482546801469396,1.1388616284072224,0.4105899247900214,False,1.064616387967857,0.178842353446207,True,1.3264790691923931,1.224076495404236,1.4374483356323655,5.486072871962732e-12,True,1.2772925466043863,5.611262326114138e-09,True,1.57135616749154,1.4932826871977996,1.6535115730479482,1.1453252768074831e-67,True,1.169465004187629,1.8606593735117672e-05,False,1.93810477781377,1.8196865900475945,2.0642291646971564,4.986739550861047e-94,True,1.6913094669412807,1.073342908137251e-28,False,True,Tier 1,SFD↑ VFD↑ VFI↑,higher density
573.5,Jaundice (not of newborn),digestive,10,chartreuse4,both,0.438359084408465,1.841439106540485e-16,True,0.8275724043472643,0.012795934776853,False,2.6298487078107247,6.3236118792235e-89,True,2.8297717496233066,5.329369636546408e-71,True,14519,465,14054,1.9515672156331402e-105,2.832041726872277e-104,True,4.929668405711238e-21,3.0157971423174627e-20,True,8.419539848568178e-92,2.765154139740286e-90,True,area + density (both independent),area + density (both independent),True,area + density (both independent),True,1.16185169477274,0.9547182425762314,1.413924339607979,0.1342845686407882,False,1.211296129564584,0.0575336805951399,True,2.691108344413613,2.281234096211728,3.1746255824419425,7.726985077885177e-32,True,2.36370790218746,5.962442207716507e-23,True,2.7486103644292057,2.458969027437473,3.072368480916036,7.508380003529857e-71,True,1.7530407046546093,6.565058119854981e-11,False,4.66079106382917,4.032302018496305,5.387238664421919,2.4630325404192057e-96,True,2.77433656521113,1.4908093488493465e-19,False,True,Tier 1,SFD↑ VFD↑ VFI↑,higher density
560,Intestinal obstruction without mention of hernia,digestive,10,chartreuse4,both,0.6248580399057772,6.016049640991945e-24,True,0.6219978392514648,7.900031969956144e-34,True,1.6066308333222843,2.486397622143034e-75,True,1.8530035747516136,1.9084713508560955e-102,True,12393,2369,10024,7.692125443208904e-105,1.0908832446732629e-103,True,0.4397074910018059,0.4949074108454335,False,1.4207645274747918e-60,2.2163926628606753e-59,True,density independent of area,density independent of area,True,density independent of area,True,0.9158903438585584,0.8292404571393296,1.011594543839777,0.0831618687411136,False,0.9617900003394604,0.4388870334712784,False,1.0809399028063005,0.9849253470256542,1.1863143506331757,0.1010220829136165,False,1.0510486661391745,0.304355366942638,True,1.5673047516274496,1.4794149150653468,1.660415992470563,1.3907374861826272e-52,True,1.1057837933440848,0.0127244289569555,False,1.9223394896957433,1.78972387798329,2.064781701302302,8.293670173225215e-72,True,1.72473475523778,2.5461003584622204e-25,False,True,Tier 1,SFD↑ VFD↑,higher density
285.1,Acute posthemorrhagic anemia,hematopoietic,4,darkorange1,both,0.5244549313118823,1.955645026790191e-21,True,0.6508310649900585,2.998417622958146e-15,True,2.182369620146418,5.15313509316863e-105,True,2.2651106545093977,1.2498114442701699e-86,True,16693,906,15787,4.0431623177653973e-104,5.606518413968018e-103,True,0.0107790338923757,0.0189735321547036,False,1.054756583021189e-76,2.231078331543125e-75,True,density independent of area,density independent of area,True,density independent of area,True,1.017906125559435,0.8875150213803216,1.1674539083743714,0.7996806560727593,False,1.033292111268755,0.6392891811578905,True,1.367330244731925,1.2117441188183196,1.5428933956633293,3.851788856755802e-07,True,1.2108636534671446,0.00261827376004,True,2.1938202088285736,2.022917454828432,2.379161392461678,2.2261983190016182e-80,True,1.6547095026998482,7.614763172344232e-16,False,2.642489186580207,2.388154448305258,2.9239101793221955,5.2309888989671856e-79,True,1.618410474228548,1.0917266717739291e-09,False,True,Tier 1,SFD↑ VFD↑ VFI↑,higher density
041,Bacterial infection NOS,infectious diseases,1,blue,both,0.7420401531699702,1.1087524008280858e-11,True,0.8842722009961821,0.0006630138475033188,False,1.7159830205274624,7.669861293370352e-100,True,1.6487080056974557,1.7079770582071277e-67,True,19822,1880,17942,5.356123105511448e-104,7.265697430085095e-103,True,3.701615002439633e-11,1.4665446104903688e-10,True,6.286599304131112e-95,2.2416216947301795e-93,True,area + density (both independent),area + density (both independent),True,area + density (both independent),True,1.1454429684482013,1.046066186897022,1.254260591157592,0.0033615084196417,False,1.151092216170264,0.0024082532160894,True,1.461108996693742,1.3442692271244363,1.5881041216617655,4.780072862948889e-19,True,1.31922017213461,2.5077739250079637e-10,True,1.7867677061101628,1.687944456803053,1.8913767113195203,6.242507265697964e-89,True,1.5688265412727067,2.7373060534041636e-25,False,1.9930242700285776,1.8572149456538056,2.138764686456154,9.214806007992539e-82,True,1.340501320282825,6.627265944828858e-08,False,True,Tier 1,SFD↑ VFD↑ VFI↑,higher density
317.11,Alcoholic liver damage,mental disorders,5,magenta,both,0.5060247757943669,1.955942785669691e-13,True,0.7338068071611943,9.76643874731196e-05,False,2.474309804310939,2.8742606101049165e-73,True,3.2473678613573966,2.758653506162188e-85,True,16821,353,16468,2.25033680184607e-103,2.9324824186029268e-102,True,2.2306837226186436e-20,1.319380704183918e-19,True,1.2029059374097879e-91,3.8492989997113213e-90,True,area + density (both independent),area + density (both independent),True,area + density (both independent),True,1.052275321057185,0.8755680569078811,1.264645669254354,0.5869576652349815,False,1.0719185877107742,0.4673546082972473,True,2.3590052918960636,1.9926460817686136,2.792721707135462,2.1352763603444025e-23,True,2.3946680516034062,1.0328477927805028e-22,True,2.5161498549307133,2.2420493219946303,2.8237604009690083,2.0745682403430368e-55,True,0.9618087647425988,0.6542268717674101,False,4.949207865865834,4.265661966551916,5.742287760168707,1.0083331008249772e-98,True,5.27602240296162,5.880750676862418e-47,False,True,Tier 1,SFD↑ VFD↑ VFI↑,higher density
571.5,Other chronic nonalcoholic liver disease,digestive,10,chartreuse4,both,0.83427389818918,7.745615433854754e-07,True,1.196404057569203,2.957919461996104e-09,True,1.5894512010832085,3.379076365945471e-67,True,1.4144156726918689,1.8916491821662365e-37,True,16456,2402,14054,2.2557557066176363e-103,2.9324824186029268e-102,True,5.6379422970713165e-43,5.962840666733053e-42,True,2.1335977840273418e-91,6.494463498697859e-90,True,area + density (both independent),area + density (both independent),True,area + density (both independent),True,1.0837088975641287,1.0036179989477887,1.1701912240423626,0.0401544462962991,False,1.100019956727181,0.0161366928973883,True,1.8310892800806164,1.702131825143677,1.9698168509029157,2.872172729730069e-59,True,1.7019514671715084,4.605857984548646e-43,False,1.6304149045230594,1.538778994700958,1.7275078292887238,1.28753030437955e-61,True,1.4105403046793137,4.5132697141560086e-14,False,1.9527390994275688,1.827299348358158,2.086789990845984,7.135938289328103e-87,True,1.4797584338463232,3.4710512764299494e-14,False,True,Tier 1,SFD↑ VFD↑ VFI↑,higher density
452,Other venous embolism and thrombosis,circulatory system,8,red,both,0.7257699583589531,9.204663381372975e-12,True,0.7834222808577713,5.773064665187074e-10,True,1.737867296503617,3.167617976434583e-95,True,1.7776875641321903,7.513670297722667e-81,True,17747,1669,16078,3.283598117865333e-101,4.181561684791771e-100,True,8.079990943015202e-08,2.660640817119517e-07,True,1.2110938944649394e-87,3.022890360584489e-86,True,area + density (both independent),area + density (both independent),True,area + density (both independent),True,1.1512093317100107,1.0443392137091398,1.2690157642450794,0.0046153276095835,False,1.1655516758654412,0.0020591305250133,True,1.3766398021727642,1.2562282524752035,1.508592997484488,7.671819570459328e-12,True,1.2638353712704995,1.1401731964420888e-06,True,1.811902269211803,1.7065078108250131,1.9238059224514863,3.595333565759725e-84,True,1.4411143133967197,2.5231626273346036e-15,False,2.0772630679223103,1.9279741000231465,2.2381119400422467,2.9559075238847377e-82,True,1.5169307086581871,7.695505143188807e-13,False,True,Tier 1,SFD↑ VFD↑ VFI↑,higher density
573,Other disorders of liver,digestive,10,chartreuse4,both,0.6258857855337481,1.4380267504964798e-17,True,0.8413400669871224,5.624274709174827e-05,False,1.793094719924041,1.2000258866105464e-85,True,1.8491574001676856,1.9306853429808928e-78,True,15538,1484,14054,1.375290346264249e-100,1.7163623521377828e-99,True,1.6106507035728812e-14,7.672107168163951e-14,True,3.7252551062794017e-85,8.940612255070563e-84,True,area + density (both independent),area + density (both independent),True,area + density (both independent),True,1.0228824064384894,0.9123495482854151,1.1468065275723454,0.6981914250888778,False,1.035700228940352,0.5489013534133609,True,1.633156956047803,1.4790396277293725,1.8033334557654983,3.0423279577562537e-22,True,1.5242500776474552,6.314316913782925e-16,True,1.8048273919065223,1.6877862113244733,1.9299849072827095,9.278392047123304e-67,True,1.3129432847916327,9.727682951398256e-08,False,2.3523931581092863,2.168745524234951,2.55159192652235,1.5840329716105735e-94,True,1.8297583519569176,4.794280874479457e-22,False,True,Tier 1,SFD↑ VFD↑ VFI↑,higher density
427.2,Atrial fibrillation and flutter,circulatory system,8,red,both,0.8085646946773211,5.875627113749698e-05,False,0.7520083837598257,7.498621372780277e-13,True,1.9785962726249873,4.805988025777672e-90,True,1.8804178716338291,7.076374374974431e-69,True,13879,1814,12065,1.421256274598698e-99,1.7389488536266423e-98,True,1.694720993286977e-08,5.85875844770678e-08,True,1.910743878069818e-88,5.183931217024202e-87,True,area + density (both independent),area + density (both independent),True,area + density (both independent),True,1.3919329954934914,1.2441664561305883,1.5572493972945731,7.682033960319094e-09,True,1.387456910254325,1.1713562125157958e-08,True,1.2593278328519832,1.1424437534941838,1.3881703897851865,3.4928687335294447e-06,True,1.10994089322547,0.0432739615359763,True,2.187187200089117,2.028389093480472,2.358417260085572,4.6043905664050295e-92,True,1.8525411920025645,8.649146026401372e-27,False,2.1360274797217738,1.9535757339057631,2.3355190766034792,2.5606346309525755e-62,True,1.3069534543390824,9.36367146721395e-05,False,True,Tier 1,SFD↑ VFD↑ SFI↑ VFI↑,higher density
585.3,Chronic renal failure [CKD],genitourinary,11,black,both,0.7217854585116424,6.55829287383292e-10,True,0.9853760845683996,0.7028397299318875,False,1.8244742963866032,2.1005122097538675e-90,True,1.641992022555094,3.2088693811554975e-49,True,17507,1421,16086,9.98764392707824e-98,1.1985172712493886e-96,True,6.3066341173870266e-15,3.0517096007414085e-14,True,1.7383739404775128e-91,5.42372669428984e-90,True,area + density (both independent),area + density (both independent),True,area + density (both independent),True,1.192462941417927,1.0693235288155258,1.3297826413959,0.0015495320827104,False,1.2015431039577995,0.0010509927596156,True,1.660093441386125,1.5136682146927014,1.8206831638416356,5.3806780733564625e-27,True,1.4450552864044286,5.540311178687619e-14,True,1.9210371936111288,1.7967651886938814,2.0539043846458114,1.3302842130766678e-81,True,1.8211780746921529,3.8813039482490914e-29,False,2.1574592599828644,1.9850518232996512,2.3448407763726045,3.4795128163349944e-73,True,1.249128310117424,0.000814113673971927,False,True,Tier 1,SFD↑ VFD↑ VFI↑,higher density
280,Iron deficiency anemias,hematopoietic,4,darkorange1,both,0.7049743470512161,2.4248373531090626e-12,True,0.6813422171310618,2.5652309652187326e-20,True,1.8125525439771248,2.024129045771104e-93,True,1.8769281617975488,9.535030556129078e-86,True,17412,1625,15787,2.100007080880876e-97,2.4724611669238993e-96,True,0.1021213563747856,0.1411378214349197,False,2.4268041988862013e-73,4.884922000338678e-72,True,density independent of area,density independent of area,True,density independent of area,True,1.0929055738043634,0.9873167873168356,1.2097865736677091,0.0865769430723332,False,1.1093092537480698,0.045033810771142,True,1.13495788528534,1.0334972625023626,1.2463791130442652,0.008059891244095,False,1.0386585633620986,0.4424300837224619,True,1.8587453601905597,1.7438135462364397,1.981252136437692,8.665610865893423e-81,True,1.4577320110830736,4.186101930394708e-15,False,1.9945260790841357,1.84588291831385,2.155139007289056,2.34825361018646e-68,True,1.4391558621528742,7.12046519744802e-10,False,True,Tier 1,SFD↑ VFD↑,higher density
427.21,Atrial fibrillation,circulatory system,8,red,both,0.8110634975904591,0.00010321531305801134,False,0.7585266555101381,8.772642514558485e-12,True,1.9654783461323209,1.1374881846405667e-84,True,1.8786977781027456,7.158349176349415e-66,True,13798,1733,12065,1.486092469687715e-93,1.717262409416915e-92,True,4.1997349795503934e-08,1.4089433479781968e-07,True,1.4007800772548454e-83,3.298440634743485e-82,True,area + density (both independent),area + density (both independent),True,area + density (both independent),True,1.3820507006774032,1.2326322190128642,1.5495815457205462,2.977532932964256e-08,True,1.3769537217046528,4.6719918125422145e-08,True,1.2679027215269312,1.148291372364531,1.3999733429548622,2.665801890274846e-06,True,1.122974922730814,0.0271949746810914,True,2.168176567558839,2.007520627985982,2.341689326912388,2.0673985939161618e-86,True,1.811462155652031,5.257685810446803e-24,False,2.1419467662991205,1.9554798701950593,2.3461944147763645,2.1976646331604143e-60,True,1.3370461888661478,3.288048319964318e-05,False,True,Tier 1,SFD↑ VFD↑ SFI↑ VFI↑,higher density
286,Coagulation defects,hematopoietic,4,darkorange1,both,0.5985296461422638,5.197194944857215e-15,True,0.7323639873234894,1.1697813317212042e-08,True,1.9972158255904089,3.307480717293903e-90,True,2.1743040255233668,1.3292627827008791e-80,True,19315,833,18482,1.8186920368010516e-93,2.0633887835706475e-92,True,8.670288696701045e-08,2.840031573092626e-07,True,9.077359214465723e-78,1.987463912219863e-76,True,area + density (both independent),area + density (both independent),True,area + density (both independent),True,1.085121026384015,0.9496158460212604,1.2399620823875093,0.2300074181164912,False,1.110561349788118,0.1235214705123509,True,1.5474494442455666,1.37297530064951,1.7440953099178884,8.470753192020987e-13,True,1.423095404683973,2.131448457402909e-08,True,2.0464324562079597,1.8923273164988248,2.2130874301226866,7.240063103539867e-72,True,1.4385235790832511,5.026745197251249e-09,False,2.6848925608351735,2.4312039917899173,2.965052742415438,1.0378616326079021e-84,True,1.9137203725193588,3.5469322098336675e-16,False,True,Tier 1,SFD↑ VFD↑ VFI↑,higher density
276.41,Acidosis,endocrine/metabolic,3,brown,both,0.5155256959798176,3.4388945354877155e-16,True,0.8166665261682227,0.0010105403932817,False,2.390184790479258,7.015019709487341e-98,True,2.2499891409323953,1.728407732270943e-59,True,16940,626,16314,1.1501971319923364e-91,1.2816482327914602e-90,True,7.71480547194151e-06,2.1395727175517783e-05,True,1.0280819635056246e-77,2.2121487766465855e-76,True,area + density (both independent),area + density (both independent),True,area + density (both independent),True,1.1025783930115984,0.939256116063193,1.2942999166526037,0.2325438979352304,False,1.1018930291900637,0.2375965878898184,True,1.6804091356715558,1.4687442134386768,1.9225776942040176,4.1485698055563677e-14,True,1.40414914262401,1.8788333815763784e-06,True,2.459701287204623,2.238677121154584,2.702547127097882,2.538025108711394e-78,True,2.1845170053117107,4.848783229796533e-26,False,2.9069514811951733,2.581717329963513,3.2731572957068225,1.5192251687739064e-69,True,1.3514408516306744,0.00131620088727,False,True,Tier 1,SFD↑ VFD↑ VFI↑,higher density
198.4,Secondary malignant neoplasm of liver,neoplasms,2,darkcyan,both,0.556267104363642,1.1514197736251753e-15,True,0.7158074349694897,6.0611350241561485e-09,True,1.856632395465322,1.9346772501417363e-77,True,2.092996043725523,5.367307025102478e-77,True,17819,890,16929,1.0851653363435895e-90,1.1879704734708772e-89,True,1.5253378825136295e-10,5.839330298702484e-10,True,7.22066203412829e-75,1.4772764292773946e-73,True,area + density (both independent),area + density (both independent),True,area + density (both independent),True,1.1057925943206528,0.9507117833021216,1.286170302220626,0.1921084286595428,False,1.1386757282819575,0.0924829782443611,True,1.6717855182596837,1.4695488622548296,1.9018536170171592,5.6439486037205425e-15,True,1.5662890857084335,3.2248773997509025e-11,True,1.9088369030177084,1.7665278454834927,2.0626101828159857,4.0498057363745385e-60,True,1.2956224502771334,1.122154933087308e-05,False,2.6558185785008295,2.4044477225572516,2.9334687777734465,1.3262418119082552e-82,True,2.111034607945642,4.2721599452287915e-22,False,True,Tier 1,SFD↑ VFD↑ VFI↑,higher density
458,Hypotension,circulatory system,8,red,both,0.6373307862105054,3.469047989935155e-15,True,0.7634391193515644,2.608543223833646e-09,True,1.795678222040442,1.0286766031271142e-90,True,1.819648630781321,2.7362944679488373e-68,True,20647,1222,19425,4.5285142182648256e-88,4.872056676202157e-87,True,0.00010374697250658074,0.000248038738866308,False,5.683902378351269e-72,1.1083609637784973e-70,True,density independent of area,density independent of area,True,density independent of area,True,1.1101820100892097,0.986506516995318,1.2493623450959603,0.0828254930099958,False,1.1174883492225092,0.065613140122024,True,1.377216130717109,1.2413791190403474,1.5279170090871792,1.530753108726374e-09,True,1.236496013800032,9.805292167619334e-05,True,1.850889972740401,1.7318428026038537,1.9781204656913576,1.2622326573669646e-73,True,1.560015707086042,9.800527333255177e-18,False,2.129521593349282,1.9565327325121804,2.3178054428550863,1.8101470366140986e-68,True,1.3936107104443365,6.930585872450442e-07,False,True,Tier 1,SFD↑ VFD↑ VFI↑,higher density
292.4,Altered mental status,mental disorders,5,magenta,both,0.6149179161646038,1.7465488653807792e-17,True,0.6920359596513604,1.6339477982864724e-16,True,1.8318016821717815,3.217119777526913e-91,True,1.8205976338919907,3.4511002704847553e-66,True,20519,1241,19278,1.1988575848460628e-84,1.2679442931253274e-83,True,0.4941524733745395,0.5472069980225601,False,2.8414920927620896e-60,4.378002631811219e-59,True,density independent of area,density independent of area,True,density independent of area,True,1.0629001109057543,0.9437951153935348,1.1970359110116713,0.3144170882808842,False,1.06659312825666,0.287471179221631,True,1.1669109175513512,1.0507899219591357,1.2958642455970293,0.003897487061371,False,1.0293501108948055,0.5985143696088089,True,1.8650536152967576,1.7418212563779771,1.9970045578412008,1.989179891294823e-71,True,1.6649072260736155,3.0516324631768045e-21,False,1.96968836740328,1.8056240733733369,2.1486600239194007,1.0912737894583093e-52,True,1.1903986640523576,0.0108842088105855,False,True,Tier 1,SFD↑ VFD↑,higher density
250.3,Insulin pump user,endocrine/metabolic,3,brown,both,0.8047095933869965,0.00012065759333690604,False,1.5165632267840663,8.763058199174568e-22,True,1.5664556008103858,9.449681055780804e-38,True,1.3547335289910205,1.6157469494795448e-14,True,17949,949,17000,6.389133337183441e-84,6.64469867067078e-83,True,1.0313118123084741e-51,1.313344022205077e-50,True,2.5434946734698264e-61,4.122443314922523e-60,True,area + density (both independent),area + density (both independent),True,area + density (both independent),True,1.1061582143408333,0.983859386051436,1.2436594217638863,0.0914577400751611,False,1.1340696137228383,0.0390644729613285,True,2.52775315442185,2.276885766813855,2.806261123337236,9.999111212818175e-68,True,2.3198105890709724,2.5809150047762155e-52,False,1.6165227028286275,1.495642478257628,1.747172661079134,9.17649105863562e-34,True,1.4744542513817027,9.362527683449374e-10,False,2.2674621326564584,2.057236218138935,2.499170721232048,4.251861971730979e-61,True,1.6148697666908725,7.163600258249628e-10,False,True,Tier 1,SFD↑ VFD↑ VFI↑,higher density
458.9,Hypotension NOS,circulatory system,8,red,both,0.6065493425138158,7.120318819673096e-15,True,0.7245731263954616,2.2978238797048386e-10,True,1.901112055909462,3.690790875717432e-88,True,1.9397712072117084,3.303746961451845e-66,True,20373,948,19425,1.7912540623359897e-83,1.832364811307636e-82,True,0.0013543208101054,0.0028216901018558,False,1.0872965619228149e-66,1.995508984234813e-65,True,density independent of area,density independent of area,True,density independent of area,True,1.1156811224278589,0.9783209340848112,1.272327232889386,0.1024692376604394,False,1.1239850858090843,0.0815715466347091,True,1.3671980707596258,1.2180305402943123,1.5346335767879689,1.1199071301858421e-07,True,1.2148937662386654,0.0013194970357443,True,1.9633221444772693,1.822676808169756,2.1148202609026776,8.646615849265798e-71,True,1.6378362590394917,3.3861124080756156e-17,False,2.2662266401648408,2.060241218612061,2.4928067345690166,1.5526317781961392e-63,True,1.4073996175629715,6.400195965792345e-06,False,True,Tier 1,SFD↑ VFD↑ VFI↑,higher density
560.4,Other intestinal obstruction,digestive,10,chartreuse4,both,0.6402843000761741,6.958937121418621e-17,True,0.6028859656040177,4.64338918333585e-29,True,1.526887862304235,3.46229662105537e-50,True,1.8652804069636824,3.4527823423999773e-84,True,11790,1766,10024,3.0536003446037412e-83,3.073300991988282e-82,True,0.4151562225480966,0.4718715534972901,False,8.206810742027503e-49,9.754380767666975e-48,True,density independent of area,density independent of area,True,density independent of area,True,0.906738174861064,0.8090355967247123,1.016239731698891,0.0923695107100168,False,0.9738749374238213,0.6447835321880269,False,1.0698823890065206,0.9613555319642256,1.1906607787106331,0.2157959559361943,False,1.0723035216106451,0.210994618349843,True,1.4864309146610977,1.3947073938869825,1.5841866715157522,3.2125639666483812e-34,True,0.987233132907478,0.7723537950058085,False,1.9249278057358312,1.7763635979270047,2.0859170169998187,1.7465971505104446e-57,True,1.9346006703298744,6.729982287690434e-29,False,True,Tier 1,SFD↑ VFD↑,higher density
530.2,Esophageal bleeding (varices/hemorrhage),digestive,10,chartreuse4,both,0.6413896540602858,4.764776458299338e-07,True,0.6304909351169776,3.579526547576079e-10,True,1.9520737947046507,7.778325860846973e-51,True,2.670746087958286,2.5438826786605427e-77,True,15906,455,15451,4.1868051380570254e-83,4.1469308034088633e-82,True,1.8073013313837736e-10,6.87656116331387e-10,True,6.487903674199794e-73,1.2852228230795785e-71,True,area + density (both independent),area + density (both independent),True,area + density (both independent),True,1.1729973160493767,0.9825559357035264,1.4003505077539002,0.0775178429505075,False,1.218370302992605,0.0273517444618357,True,1.64827458365154,1.408334814540061,1.929093192231368,4.790706551673956e-10,True,1.7109477852087254,6.749921168349129e-11,True,2.047202566297351,1.8478868927322285,2.2680167081318063,8.931927618393804e-43,True,0.8862022924564478,0.1018268083912002,False,3.3855091591268263,2.975972010600204,3.851404591745472,1.01745131061451e-76,True,4.068162940946769,2.1970112607841478e-46,False,True,Tier 1,SFD↑ VFD↑ VFI↑,higher density
427.3,Other specified cardiac dysrhythmias,circulatory system,8,red,both,0.8117963153143097,0.00014719233486070845,False,0.7886938349654856,2.3146834584478905e-07,True,1.846807709616844,8.336066593048449e-78,True,1.7279619524430605,9.564452636632338e-52,True,13401,1336,12065,8.006797170966032e-81,7.686525284127392e-80,True,4.454191863707731e-08,1.4903033367043565e-07,True,4.039232026788228e-75,8.401602615719514e-74,True,area + density (both independent),area + density (both independent),True,area + density (both independent),True,1.34113066246033,1.197803891417502,1.5016076226491062,3.5828653403971106e-07,True,1.348928504901602,2.0703667460479043e-07,True,1.32638206156305,1.1915737037231666,1.4764419252784844,2.4024309281306553e-07,True,1.1764768241826251,0.0038992639650997,True,2.0153004531108776,1.8733103676980536,2.1680528685162033,7.688297634992582e-79,True,1.8112719701864528,5.517187707025131e-27,False,1.989281017742764,1.8197533905261885,2.174601782941279,9.678852924027156e-52,True,1.2378186333384604,0.0015810655610982,False,True,Tier 1,SFD↑ VFD↑ SFI↑ VFI↑,higher density
286.7,Other and unspecified coagulation defects,hematopoietic,4,darkorange1,both,0.4041079424511473,6.618205942759751e-18,True,0.5953790919724117,4.808556386780708e-09,True,2.5240159590223654,8.378387476831076e-77,True,3.0517607024662694,3.3989129436301156e-71,True,18817,335,18482,5.534493401151879e-78,5.232611942907231e-77,True,4.186911207301496e-06,1.1875602697073334e-05,True,5.388360132235817e-59,7.819387726779418e-58,True,area + density (both independent),area + density (both independent),True,area + density (both independent),True,0.95663176765125,0.7758665942386525,1.1795124905172316,0.6782059958695047,False,0.9942106651142746,0.956770544697452,False,1.7874106693599463,1.4880858089025844,2.1469440013663332,5.274296374112154e-10,True,1.6385617227404707,2.67734957862347e-07,True,2.4899551689290704,2.2152591642638524,2.7987139578482965,8.156578646176048e-53,True,1.4368994808685798,0.0001389675187468012,False,4.0113791053906995,3.4484410102942173,4.6662135959786095,1.76572980570827e-72,True,2.720596048027271,8.765565534803126e-16,False,True,Tier 1,SFD↑ VFD↑ VFI↑,higher density
285.21,Anemia in chronic kidney disease,hematopoietic,4,darkorange1,both,0.315225515739189,2.481708435699662e-21,True,0.8294185939075871,0.0289468216420467,False,2.911488222153422,1.3791734508623847e-81,True,2.752188506730747,1.5501001906788424e-49,True,16092,305,15787,1.0142615756383689e-77,9.446257062661824e-77,True,6.193722476214249e-07,1.8899182519108515e-06,True,1.872276343817156e-58,2.6857481345790927e-57,True,area + density (both independent),area + density (both independent),True,area + density (both independent),True,0.8973244860322284,0.7048422047882639,1.1423709133236195,0.3791562131349181,False,0.8962645414055483,0.3782650312322125,False,2.1199433573158326,1.7680694384145592,2.541845778555773,4.898920089852334e-16,True,1.6757016074563702,7.106609735487536e-08,True,2.8198736581826886,2.475512643396653,3.212137683612111,7.223844271296339e-55,True,2.427983337107916,1.0336510926286527e-17,False,3.9954595088728393,3.3930012403965057,4.704889729181731,5.863091575529503e-62,True,1.51895019470895,0.0015259806986289,False,True,Tier 1,SFD↑ VFD↑ VFI↑,higher density
585.32,End stage renal disease,genitourinary,11,black,both,0.3953786341148941,1.590228182539184e-17,True,0.9608120602755776,0.6127180137368278,False,2.4284596201331983,5.822553788097068e-74,True,2.326058138222565,1.202485615259146e-44,True,16448,362,16086,5.0639058374857535e-77,4.596366163265054e-76,True,1.517387153766757e-13,6.811867510434938e-13,True,1.1887688746144648e-61,1.9520836256827003e-60,True,area + density (both independent),area + density (both independent),True,area + density (both independent),True,1.0043293476723405,0.810390727243506,1.2446803803233324,0.9685215587432116,False,0.9939224288340524,0.9559798746115812,True,2.421657700243054,2.0440098929788264,2.869079077009744,1.5359682886103143e-24,True,2.024235821121305,2.0337120777893464e-15,True,2.4315032948870567,2.1694032382295414,2.725269405364948,1.246805362024759e-52,True,2.0994441967872337,2.0501102387664052e-16,False,3.580166828223414,3.0910829817624017,4.146635529856679,6.026984822810557e-65,True,1.635121302080273,2.3097563845007996e-05,False,True,Tier 1,SFD↑ VFD↑ VFI↑,higher density
401,Hypertension,circulatory system,8,red,both,1.0292184449155068,0.3126606520193595,False,1.2809561504119409,3.0200594551148433e-25,True,1.2266226134793523,9.406425277402754e-26,True,1.056371252897354,0.0058987613367898,False,20682,7681,13001,5.08252027668732e-77,4.596366163265054e-76,True,2.5906535679009596e-41,2.60285034364219e-40,True,2.1925345309726595e-55,3.0403145496154207e-54,True,area + density (both independent),area + density (both independent),True,area + density (both independent),True,1.2042593534416517,1.1326398023795516,1.2804075817439124,2.8263000571324766e-09,True,1.188746263279976,5.226229530641635e-08,False,1.5979249852872617,1.5034307906058155,1.6983583644554754,2.5280770613171642e-51,True,1.4763965073574217,4.1381193829359985e-34,False,1.2941115508158243,1.240497342193173,1.350042961796323,7.074712299619129e-33,True,1.3970590936099363,1.54487961044372e-24,False,1.345308412259467,1.2794096119583025,1.4146014749145666,5.4894037212448825e-31,True,1.0372433472464304,0.3406994657112067,False,True,Tier 1,SFD↑ VFD↑ SFI↑ VFI↑,higher density
317.1,Alcoholism,mental disorders,5,magenta,both,0.6851932334539275,6.010720834613929e-09,True,0.8817953123035976,0.0290370239349429,False,1.7798466192089113,7.957017846921631e-51,True,2.042739271060878,5.186391535142582e-62,True,17202,734,16468,1.1059761427692767e-76,9.858987329828982e-76,True,2.5797577290484904e-19,1.4836579013145234e-18,True,5.708528022546871e-71,1.0960373803289992e-69,True,area + density (both independent),area + density (both independent),True,area + density (both independent),True,1.0489889182747196,0.917257622264102,1.1996387099483157,0.4848437891424337,False,1.0745839960143804,0.2920234852070709,True,1.884420716164755,1.6599071784613302,2.1393012100848714,1.250164206680064e-22,True,1.8872691493299676,2.1380720822371897e-21,True,1.8071236591849924,1.6571519680787898,1.9706677374750512,7.218833245526149e-41,True,1.0173134293559796,0.7893194054899514,False,2.7647180079678035,2.488827980139557,3.071190827400153,3.677799282003029e-80,True,2.782936479051139,2.0823374045419324e-36,False,True,Tier 1,SFD↑ VFD↑ VFI↑,higher density
585.31,Renal dialysis,genitourinary,11,black,both,0.4768673691035541,3.1923749565831893e-13,True,0.8162601509114075,0.0111003881089959,False,2.509934474723248,8.763915047817869e-79,True,2.442584086614385,3.879693936568492e-50,True,16451,365,16086,1.418412961277863e-76,1.2466051941371643e-75,True,2.9693027228151258e-08,1.0097247406194217e-07,True,3.555751515351435e-66,6.431272306026943e-65,True,area + density (both independent),area + density (both independent),True,area + density (both independent),True,1.1556570411975378,0.9493512102983298,1.4067956962416033,0.1493263389259931,False,1.1556068723763862,0.150201434989784,True,2.025404222151627,1.709624591146533,2.399510561765211,3.3177996072597523e-16,True,1.6872183734844826,4.183793177119281e-09,True,2.620563734262691,2.340779699049171,2.9337892361773092,8.790823224688593e-63,True,2.214240881569705,4.319799158917429e-19,False,3.4376521711394705,2.9722353335972502,3.975947771079565,3.810515148346024e-62,True,1.568894205030854,8.739110968057231e-05,False,True,Tier 1,SFD↑ VFD↑ VFI↑,higher density
317,Alcohol-related disorders,mental disorders,5,magenta,both,0.704607791927751,6.224841711994879e-09,True,0.9330951310252892,0.189681206897675,False,1.7216111451757938,9.270146326829409e-51,True,1.9120380087647224,1.2950688352809118e-58,True,17329,861,16468,3.9884028040040006e-76,3.4566157634701343e-75,True,3.625543062252454e-21,2.262338870845531e-20,True,9.681096481761995e-71,1.8306073347331776e-69,True,area + density (both independent),area + density (both independent),True,area + density (both independent),True,1.0446036522106266,0.9217831487324768,1.1837890416116414,0.4941198144286714,False,1.065600226717006,0.3196113488367745,True,1.8651076655501269,1.658337694819442,2.097658766945289,2.5579453571992814e-25,True,1.8516376419922944,2.998405746932703e-23,True,1.745560554919687,1.6091402554820085,1.8935463459515656,4.783566784336171e-41,True,1.0497317028531907,0.4314238284950463,False,2.5772429919062443,2.33687778557715,2.842331541822328,4.20830071039392e-80,True,2.509818336636673,1.9882269215552636e-33,False,True,Tier 1,SFD↑ VFD↑ VFI↑,higher density
569.2,Gastrointestinal complications,digestive,10,chartreuse4,both,0.947605972264184,0.4011295628509893,False,0.579956297599722,6.5871195212419905e-19,True,1.8352733053205983,1.1923243936238737e-58,True,2.12940384394787,3.0888923183601563e-67,True,16699,757,15942,1.7868938657144771e-75,1.5274270852134708e-74,True,3.411856211583698e-11,1.35604985734282e-10,True,4.2590938414818465e-59,6.2533518990227584e-58,True,area + density (both independent),area + density (both independent),True,area + density (both independent),True,1.5369543652645747,1.3532485950627666,1.7455985023921388,3.648345599803323e-11,True,1.582241121107918,1.517109637075552e-12,True,1.128207522474421,0.9839215455004044,1.293652140852879,0.0840242740517756,False,1.0665308111570273,0.3783451160566166,True,2.084566140065247,1.9179713857522735,2.2656312938694585,6.104083742051913e-67,True,1.3598251229270204,3.0266359360392463e-06,False,2.254432344662516,2.024782066396646,2.510129500359223,9.40804291822137e-50,True,1.9150289353678007,1.753881712328028e-14,False,True,Tier 1,SFD↑ VFD↑ SFI↑,higher density
575.2,Obstruction of bile duct,digestive,10,chartreuse4,both,0.5767711754864154,2.080532991735157e-09,True,0.8030769826269184,0.0018617294320222,False,1.926048405471145,3.6071343892116464e-60,True,2.2219457557890485,1.2732639816688026e-56,True,19009,541,18468,3.645216365822168e-75,3.073804070639233e-74,True,1.0295093381705127e-16,5.514281776981976e-16,True,1.1736839402420543e-68,2.1862053095851996e-67,True,area + density (both independent),area + density (both independent),True,area + density (both independent),True,1.3022168952665445,1.0807255857224367,1.569102152036181,0.0055014820428821,False,1.3209131490433328,0.0034134206724891,True,2.1091871001803133,1.806127866197564,2.463098159784674,4.108573403132792e-21,True,1.9715397127932333,8.508436109614345e-17,True,2.076961187470515,1.8878101483618617,2.2850644054446807,7.087103076594162e-51,True,1.347255401233438,4.8273233471764115e-05,False,3.1798462010602946,2.8047584199218853,3.605095465825965,6.086769827859173e-73,True,2.514686273879541,1.4759853001052643e-20,False,True,Tier 1,SFD↑ VFD↑ VFI↑,higher density
198.3,Secondary malignant neoplasm of digestive systems,neoplasms,2,darkcyan,both,0.515393422588914,9.655061024233013e-17,True,0.630559680141405,4.47504709894175e-13,True,1.7563118887933082,5.942575799768937e-57,True,2.154433463662522,8.182555708974522e-71,True,17709,780,16929,6.678254490324486e-75,5.5563077359499734e-74,True,1.3303182992586358e-05,3.59358709410125e-05,True,6.464679598344322e-55,8.76947841166708e-54,True,area + density (both independent),area + density (both independent),True,area + density (both independent),True,0.9371378251904072,0.7921482398412721,1.108665347256951,0.4490050940727661,False,1.014558073374,0.8643627785456861,False,1.4758527912905377,1.2794089735454557,1.7024591093214532,9.24635786573109e-08,True,1.435081596232608,1.178946661882009e-06,True,1.7264409336977435,1.5900815622519455,1.8744939683005175,1.1007602454263035e-38,True,1.1104950019096722,0.0583963243602363,False,2.580124019579337,2.315050966694804,2.875547904638352,7.888122676799766e-66,True,2.324995058026704,1.096105751741635e-26,False,True,Tier 1,SFD↑ VFD↑ VFI↑,higher density
284,Aplastic anemia,hematopoietic,4,darkorange1,both,0.5530191649714986,1.5985013534088088e-12,True,0.7416414767002371,1.8301500247445423e-05,True,2.1222796732398748,1.9241149873303157e-68,True,2.292041678126942,3.019808147728346e-60,True,16367,580,15787,4.893528532569645e-72,3.965664680939556e-71,True,1.3711133302785701e-07,4.387562656891425e-07,True,9.070847084738735e-61,1.4329641976903726e-59,True,area + density (both independent),area + density (both independent),True,area + density (both independent),True,1.0566603038330948,0.8936211484126344,1.2494455840486487,0.5192108440612162,False,1.0847171057520577,0.3407388537348751,True,1.717123107840998,1.48002377112388,1.992205682779356,9.942524175913967e-13,True,1.564130153117216,1.0909705019230876e-08,True,2.156620844022203,1.956206644786283,2.377567562847721,8.307004901234367e-54,True,1.4707365888589847,2.8618420921060797e-07,False,2.9581250493843507,2.617107207272556,3.3435786594751655,1.8223011272753656e-67,True,2.0687906122453072,3.0362977569837e-14,False,True,Tier 1,SFD↑ VFD↑ VFI↑,higher density
276.5,Hypovolemia,endocrine/metabolic,3,brown,both,0.8145919413561469,0.0001964758133321843,False,0.7913433808533,2.222824396106756e-07,True,1.6930697527212148,4.524857247510849e-68,True,1.707031039395599,1.1600752512754476e-53,True,17683,1369,16314,1.69468706308192e-71,1.355749650465536e-70,True,1.571934031612008e-07,5.004524672070882e-07,True,6.02202286709929e-66,1.073640648305702e-64,True,area + density (both independent),area + density (both independent),True,area + density (both independent),True,1.2826032824401417,1.1464551839859525,1.4349197448841429,1.3794883980433144e-05,True,1.2990173112478922,4.89976107934066e-06,True,1.3124204503452903,1.1831963669046723,1.455757883191091,2.73580108061536e-07,True,1.2024103322898632,0.0007567060370854592,True,1.8142955312447275,1.696386567670201,1.940399869597724,1.2758948743686124e-67,True,1.508336139494403,6.109174033252363e-16,False,1.946465983797817,1.7885179663144657,2.1183627435900485,1.116041248664521e-53,True,1.406822623896023,1.3404012292326366e-07,False,True,Tier 1,SFD↑ VFD↑ SFI↑ VFI↑,higher density
292,Neurological disorders,mental disorders,5,magenta,both,0.7271895224000643,4.66472287548446e-12,True,0.7667999500742118,9.886866391539416e-14,True,1.6025580481521318,6.162107028462236e-76,True,1.5382033067250354,2.545938792096378e-50,True,21187,1909,19278,2.736936062926173e-70,2.1618330421087748e-69,True,0.2304764633016564,0.2873472789215456,False,7.016733025601174e-53,9.121752933281529e-52,True,density independent of area,density independent of area,True,density independent of area,True,1.0820274877460567,0.9820935384917628,1.1921303199245752,0.1108209615782692,False,1.0833910268041682,0.1050523136693347,True,1.0886599143378004,0.9999606146549016,1.1852270896639334,0.0501062683214684,False,0.9738508763203586,0.5534543972571315,True,1.6396253962818064,1.5479070825118124,1.7367783056911974,1.3328553005560877e-63,True,1.5780018856638711,5.703716130148269e-24,False,1.6067963910591074,1.495863943555602,1.7259555278695742,1.340934967692605e-38,True,1.0449134690293285,0.4331634028299813,False,True,Tier 1,SFD↑ VFD↑,higher density
284.1,Pancytopenia,hematopoietic,4,darkorange1,both,0.5654503514489527,1.2548596565817196e-11,True,0.7588371466001901,8.058995612990794e-05,False,2.107692868790727,5.849705316635044e-66,True,2.2699512366857797,8.04389766839097e-58,True,16356,569,15787,8.726347908560913e-70,6.794802704081921e-69,True,5.104172409859266e-08,1.7032104725947498e-07,True,8.647282072671395e-60,1.3002178345414337e-58,True,area + density (both independent),area + density (both independent),True,area + density (both independent),True,1.068713225423349,0.9033075617811118,1.2644065061768417,0.4385655417787216,False,1.096997270146124,0.279692026358921,True,1.739028292811868,1.498283602852833,2.0184559167849416,3.382657369185709e-13,True,1.5868665662499777,4.069327833316505e-09,True,2.148916747670897,1.9475937586796008,2.371050516998575,1.873132082636134e-52,True,1.4674569516833305,4.3188754465666226e-07,False,2.9495184553185463,2.606835105650424,3.3372494867081643,4.844542372177424e-66,True,2.075771642913931,3.8806834253385496e-14,False,True,Tier 1,SFD↑ VFD↑ VFI↑,higher density
401.2,Hypertensive heart and/or renal disease,circulatory system,8,red,both,0.7655638151241906,1.351124718120874e-05,True,1.143872402102956,0.0031843861315387,False,1.7263394906735914,2.3063542183099364e-55,True,1.46760183660185,2.574981645654736e-22,True,14163,1162,13001,8.820176587029417e-70,6.794802704081921e-69,True,7.169792340957853e-17,3.8568538109980183e-16,True,8.20408084549718e-65,1.442069421856406e-63,True,area + density (both independent),area + density (both independent),True,area + density (both independent),True,1.2193108062279352,1.0712757250462148,1.3878022318858014,0.0026775385300389,False,1.2186832350030603,0.0032841671511556,True,1.8939805200915203,1.688356390802809,2.12464751519699,1.2553507022472951e-27,True,1.623501337366101,7.794908445673596e-16,False,1.827417228920292,1.6900727386292091,1.975923078472526,1.1249128694458555e-51,True,1.9395865638742735,4.761605586355016e-26,False,2.0532975677460485,1.8595816430294976,2.2671932246241058,6.001911660785635e-46,True,1.1143065888319823,0.1643698431463051,False,True,Tier 1,SFD↑ VFD↑ VFI↑,higher density
157,Pancreatic cancer,neoplasms,2,darkcyan,both,0.5620713777802566,1.1666975041889836e-08,True,0.829806983466501,0.0105946557195922,False,1.7766779818462364,1.1561544612851567e-45,True,2.1460842363642234,7.169976869143429e-51,True,19524,517,19007,5.276584905426616e-69,4.01535241583684e-68,True,3.008578155169407e-20,1.7710875177601038e-19,True,1.228760036794633e-63,2.0722871971887862e-62,True,area + density (both independent),area + density (both independent),True,area + density (both independent),True,1.272062487664394,1.031038841851024,1.5694296925010844,0.0247584493407168,False,1.289888693218971,0.017607991143122,True,2.3421065820213203,1.9851173668677364,2.7632941674390556,6.3402058261849656e-24,True,2.280602821171766,3.1713496359579877e-21,True,1.895953718461151,1.718656360239563,2.0915411513943427,2.385255567939269e-37,True,1.1204048423866355,0.1209056892505712,False,3.242370471524438,2.8436239507807533,3.697031132308173,4.247193513956923e-69,True,3.0809894233021566,4.880727741676799e-28,False,True,Tier 1,SFD↑ VFD↑ VFI↑,higher density
280.1,"Iron deficiency anemias, unspecified or not due to blood loss",hematopoietic,4,darkorange1,both,0.7477466789338142,2.2738613646632034e-07,True,0.6743579524012983,6.132185236624468e-17,True,1.7578018023051023,1.0007550911135169e-65,True,1.826049925307579,1.6161614257036385e-61,True,17026,1239,15787,1.3583265747702948e-67,1.0211997381405591e-66,True,0.101430553048201,0.1408068189145215,False,2.0435548635112017e-50,2.5003494800607643e-49,True,density independent of area,density independent of area,True,density independent of area,True,1.1160635487368116,0.9960234509097812,1.2505708009999763,0.0585796180734749,False,1.133001974251919,0.0312293410822518,True,1.0784196221560385,0.9697476375138762,1.1992696207362832,0.1635863446525818,False,0.9934346263569388,0.906427656634058,True,1.812749879210687,1.6865829605856628,1.9483548697997528,9.471475819571664e-59,True,1.4316412253099349,4.2765747096309826e-11,False,1.893597274452006,1.7344255535046167,2.0673765043225427,4.3283442286312835e-46,True,1.4024847121078787,3.9719113367907505e-07,False,True,Tier 1,SFD↑ VFD↑,higher density
155,Cancer of liver and intrahepatic bile duct,neoplasms,2,darkcyan,density-only,0.717769374135001,0.0003409926109118653,False,0.7459097086241121,5.860231261621787e-05,False,1.8265909710561063,1.7404893008631183e-41,True,2.2973958291625465,1.2919971440674981e-56,True,19458,451,19007,2.7519731467559276e-67,2.0443229090186892e-66,True,3.9718835899250166e-16,2.072900729747387e-15,True,4.238190536561085e-64,7.346196930039213e-63,True,area + density (both independent),area + density (both independent),True,area + density (both independent),True,1.3464294124334453,1.1183505389967014,1.621023193937245,0.0016828024369733,False,1.372550361952564,0.0007786792189345454,True,1.939384963618801,1.6498142817633743,2.279780262958199,9.892522098255273e-16,True,1.985386010134812,1.1833669871006858e-15,True,1.9930502242590908,1.7966719562273883,2.21089285812645,8.140082504440827e-39,True,0.9812994837705477,0.8117636344056611,False,3.209207973538539,2.8074347937338904,3.66847908290174,1.8719127415026957e-65,True,3.606021316818557,2.958798766731181e-34,False,True,Tier 1,SFD↑ VFD↑ VFI↑,higher density
401.1,Essential hypertension,circulatory system,8,red,both,1.0489269165836776,0.0995135026420794,False,1.291014924134281,7.019842148629132e-26,True,1.1938991657855,5.7528651259630115e-19,True,1.0318273989485722,0.1241901917036388,False,20223,7222,13001,5.4392247610375885e-67,3.993030883397006e-66,True,1.296226296510025e-38,1.2255230439731148e-37,True,8.697868522660629e-45,9.521877119544267e-44,True,area + density (both independent),area + density (both independent),True,area + density (both independent),True,1.2037568200792996,1.1311940270675345,1.2809743043320696,5.033793189200431e-09,True,1.190637788475577,5.9628835573036e-08,False,1.570151030318072,1.4761303962677526,1.670160213652096,1.6211675533525751e-46,True,1.4620586982354504,9.788199433924038e-32,False,1.259364875828451,1.206066667557922,1.3150184257075834,1.432911461131124e-25,True,1.362821249797023,1.3166057038165892e-20,False,1.303606381900856,1.2384544596335751,1.372185780198525,3.841402135462364e-24,True,1.0308648901982524,0.4349577487459736,False,True,Tier 1,SFD↑ VFD↑ SFI↑ VFI↑,higher density
288,Diseases of white blood cells,hematopoietic,4,darkorange1,both,0.7431924347458068,1.2659920939590664e-09,True,0.8883029446963829,0.0029497475070858,False,1.6331509232864332,4.539801953874757e-67,True,1.5770726563210633,8.706862619752584e-47,True,18059,1525,16534,2.5944515877322224e-66,1.882485803191752e-65,True,2.9819702944490317e-06,8.614580850630536e-06,True,2.152297948328991e-59,3.1976998089459304e-58,True,area + density (both independent),area + density (both independent),True,area + density (both independent),True,1.08437155573483,0.9799417079512344,1.199930221712015,0.1169313688227706,False,1.089923998686427,0.0962565399382575,True,1.380818468222036,1.2600620490378416,1.5131474228899582,4.823301930012613e-12,True,1.2614401554281311,1.3992512066740933e-06,True,1.6726419811676716,1.570236016796482,1.781726547625819,2.498624818983971e-57,True,1.4750239451823144,2.4509169470404906e-15,False,1.850002992595687,1.712452952989035,1.9986015187390147,6.601562409161456e-55,True,1.3020637543277165,1.270734093710762e-05,False,True,Tier 1,SFD↑ VFD↑ VFI↑,higher density
276.14,Hypopotassemia,endocrine/metabolic,3,brown,both,0.7713730066280192,4.1652729572908235e-06,True,0.9042091811710586,0.0230634058484399,False,1.717768109771056,4.8923809852944164e-64,True,1.6761924436229625,1.262922246511318e-45,True,17583,1269,16314,6.087490323335832e-66,4.366199956047768e-65,True,5.1431090760086055e-08,1.711626700495664e-07,True,7.881599504405891e-63,1.3114981575331403e-61,True,area + density (both independent),area + density (both independent),True,area + density (both independent),True,1.1580242404743049,1.032989805541814,1.2981930066799756,0.0118448929948012,False,1.168083290365937,0.0077108568967533,True,1.450085383749286,1.3124732244807005,1.602126108892848,2.7744384796580114e-13,True,1.319443494609154,1.552066144397157e-07,True,1.7875143128163316,1.6664130314235934,1.917416245715278,3.225326286450569e-59,True,1.511929364733796,1.7369314888745785e-14,False,2.0113087419285884,1.844142868816885,2.193627686749495,4.008955552257328e-56,True,1.407661519247795,3.817548869232354e-07,False,True,Tier 1,SFD↑ VFD↑ VFI↑,higher density
575,Other biliary tract disease,digestive,10,chartreuse4,both,0.7776516599674673,1.5606833187576653e-07,True,0.9008940263565692,0.0063877755441387,False,1.515395479898599,5.793528414465799e-57,True,1.5494828607918056,1.3457726653004188e-48,True,20151,1683,18468,1.2849528910561184e-64,9.111484136579748e-64,True,8.390922208135809e-11,3.262265082789249e-10,True,5.084052318295045e-60,7.737679625892945e-59,True,area + density (both independent),area + density (both independent),True,area + density (both independent),True,1.1264471698940597,1.0183295016896334,1.2460438634616584,0.0207352982150026,False,1.1375734806626954,0.0123733978973802,True,1.4278330268221546,1.306426130576802,1.5605223324674342,3.983216761865493e-15,True,1.3503165171030271,1.2887935673079462e-10,True,1.5686000658217332,1.4785632299502554,1.6641196782492196,2.217338140643376e-50,True,1.2826855919918372,3.3093555005997085e-08,False,1.8460189002792136,1.7154322983118264,1.9865463554240592,2.7916310297596813e-60,True,1.498777742084726,1.4012698887149313e-12,False,True,Tier 1,SFD↑ VFD↑ VFI↑,higher density
260.3,Adult failure to thrive,endocrine/metabolic,3,brown,both,0.2149810420527805,6.162005084952749e-28,True,0.5535534358751303,8.837911966059666e-09,True,2.4913798767742503,7.943773712177464e-70,True,2.4137319326730124,4.608949126508505e-39,True,17680,342,17338,1.3309598534574176e-64,9.331673579296953e-64,True,0.0759705044432647,0.1093554666034537,False,8.67606962866896e-37,7.961569776896221e-36,True,density independent of area,density independent of area,True,density independent of area,True,0.7955613611815026,0.5900281777353479,1.0726909379722118,0.1336650765128983,False,0.7732696514097248,0.0964660564909054,False,1.4909313372537172,1.1894710132649824,1.868793966070327,0.0005294053759162171,False,1.2106257792028403,0.0959790523894045,True,2.343926482548594,2.061960665262814,2.664450126594617,8.699755718915874e-39,True,2.3900782056501386,1.5812268235371982e-20,False,2.887199122819594,2.442080250871376,3.413449976443581,2.2663668846536312e-35,True,1.0353053670920238,0.7811721083095668,False,True,Tier 1,SFD↑ VFD↑,higher density
276.13,Hyperpotassemia,endocrine/metabolic,3,brown,both,0.4097361560580037,4.6577719205159835e-18,True,0.7149499099352118,1.7389028552541888e-05,True,2.441021684426402,1.659086732517251e-70,True,2.4566642493430173,3.0747953742718616e-50,True,16705,391,16314,2.201163230686224e-64,1.5261398399424486e-63,True,0.0005539372056507907,0.0012192480293689,False,3.987411310242974e-47,4.6946125614936144e-46,True,density independent of area,density independent of area,True,density independent of area,True,0.8897155578172824,0.7235151123187157,1.0940943186179268,0.2680374566081037,False,0.8930262023212814,0.286108368996497,False,1.6546076277545347,1.3979717449416886,1.9583560338250496,4.743466249806261e-09,True,1.4043873449441888,0.0001464936220476113,True,2.358882582438248,2.1018674442333136,2.6473253834331154,3.744978899003871e-48,True,1.8445171692204083,3.964934008016451e-11,False,3.16318693422979,2.7337324094046713,3.660106434141088,5.653385072100659e-54,True,1.622349016969309,3.966154954209229e-05,False,True,Tier 1,SFD↑ VFD↑ VFI↑,higher density
159,Malignant neoplasm of other and ill-defined sites within the digestive organs and peritoneum,neoplasms,2,darkcyan,both,0.5600241736931144,1.0067307683464614e-13,True,0.7250962284679227,7.02870496690226e-08,True,1.6405717399777244,6.977661053523006e-48,True,1.9333021448595549,1.2627984588229549e-57,True,19802,795,19007,3.2903235465221586e-63,2.2562218604723373e-62,True,1.5236979063250762e-08,5.2968662593139143e-08,True,5.189630642697669e-50,6.2880184874628065e-49,True,area + density (both independent),area + density (both independent),True,area + density (both independent),True,0.9801330658524408,0.8299956542446626,1.1574287429872805,0.8130068318294771,False,1.0264978320950766,0.7547858632658606,False,1.5873759860131194,1.3839367289685232,1.8207208958527707,4.016917991265986e-11,True,1.554824104086626,7.105900572999144e-10,True,1.6316984865072648,1.5056047582425418,1.7683525083820166,8.076441064095892e-33,True,1.0803055756142657,0.1654885135268096,False,2.410261943773294,2.1698912515136732,2.6772598090108524,1.5617261552172875e-60,True,2.2384292515215836,9.97804764058493e-25,False,True,Tier 1,SFD↑ VFD↑ VFI↑,higher density
288.2,Elevated white blood cell count,hematopoietic,4,darkorange1,both,0.749469632839953,1.8612960398505943e-08,True,0.8936609905968654,0.0071869812150241,False,1.6463446383145743,1.0633874027399093e-63,True,1.5743829279938018,1.7909415016618002e-42,True,17903,1369,16534,3.9567954394081876e-62,2.6837395154246835e-61,True,5.051056687493557e-06,1.4261807117628868e-05,True,1.6052417010165198e-56,2.2509456661445127e-55,True,area + density (both independent),area + density (both independent),True,area + density (both independent),True,1.1057696574888198,0.9946774417957112,1.2292693933176255,0.0627198213649922,False,1.1106425127381316,0.0524480748700039,True,1.3918633226655095,1.2647272097158864,1.5317797340793136,1.328235134846728e-11,True,1.2621886691006012,3.9797207914952635e-06,True,1.6960748620431556,1.5876905458153805,1.811858076019062,2.0558148306853278e-55,True,1.5216561735981065,5.476179380688204e-16,False,1.8544784775657677,1.710309783225488,2.0107997144639125,1.395403910023762e-50,True,1.2706753394643209,0.00017751373879803134,False,True,Tier 1,SFD↑ VFD↑ VFI↑,higher density
318,Tobacco use disorder,mental disorders,5,magenta,both,0.8468951565814808,8.15463661169932e-07,True,0.8571874181233137,3.7991038200297753e-08,True,1.4041797344776874,3.199970760717156e-54,True,1.4519299254878122,6.859223297325949e-56,True,19721,3253,16468,1.1810141941898705e-61,7.924224270693325e-61,True,0.00045695032477710595,0.0010219964253079,False,2.7740755075488843e-53,3.644259193074745e-52,True,density independent of area,density independent of area,True,density independent of area,True,1.0643795956828173,0.9908682142784788,1.143344702535306,0.0875020738963623,False,1.0721468848928328,0.0567361932164283,True,1.1687866227940895,1.0935577394736369,1.2491907105700164,4.332580703850603e-06,True,1.1289530530644485,0.0005384782241994816,True,1.4303224271095174,1.36342749470616,1.5004994790231712,1.4488790641666234e-48,True,1.175267487910581,8.673466632032237e-06,False,1.570935878715001,1.4832246515341874,1.663833952922397,1.4368589538139542e-53,True,1.377164085282255,4.4940094380743253e-13,False,True,Tier 1,SFD↑ VFD↑ VFI↑,higher density
579.2,Splenomegaly,digestive,10,chartreuse4,both,0.4791631470807344,1.4218060357288142e-19,True,0.728838492250539,6.584575735863308e-06,True,1.9426678590896351,1.0148986631218349e-49,True,2.24559582733779,2.364060221278593e-56,True,18129,491,17638,2.3476478433924524e-61,1.5584385683796706e-60,True,1.5533989008270163e-09,5.668543357403849e-09,True,1.127154819671264e-42,1.1722410124581143e-41,True,area + density (both independent),area + density (both independent),True,area + density (both independent),True,0.7597429345977254,0.6414535000452656,0.8998459383734465,0.0014621177052731,False,0.7737452379592598,0.0030055494223902,False,1.6250588864677065,1.3960945073798254,1.8915742240429816,3.694933886904802e-10,True,1.5887535224748033,6.03414710257275e-09,True,1.781723569650285,1.6082257810798646,1.973938557629494,2.1993057066592904e-28,True,1.0234216137472871,0.7716685634225392,False,2.8395025451574,2.505570798398383,3.2179392851757607,4.4136894861879504e-60,True,2.5559287604972796,2.7181508500721242e-21,False,True,Tier 1,SFD↑ VFD↑ VFI↑,higher density
428,Congestive heart failure; nonhypertensive,circulatory system,8,red,both,0.781779797551065,1.6378337249942146e-06,True,0.908899708025137,0.0141972115742112,False,1.6450281486790843,1.8194969414108625e-63,True,1.5164536670029276,1.450308836770666e-34,True,21587,1320,20267,3.900080651822084e-61,2.5617371860389273e-60,True,2.378473616662411e-05,6.209906011704371e-05,True,1.6231250159046272e-57,2.3018863861920167e-56,True,area + density (both independent),area + density (both independent),True,area + density (both independent),True,1.181403700594582,1.0609541770720234,1.3155277899281264,0.0023784363336069,False,1.183534760479274,0.0022305621905367,True,1.3331516857986874,1.2159164178327024,1.4616904511543647,9.201215367460051e-10,True,1.1862370746650948,0.0004252268179535735,True,1.7303030705281857,1.6184634020779076,1.849871125930563,3.3692335271416544e-58,True,1.7188699065160824,3.7161170700940424e-24,False,1.7712124425980056,1.6296470448298588,1.925075449169748,3.0563246657203103e-41,True,1.0826425761549745,0.2320345843475892,False,True,Tier 1,SFD↑ VFD↑ VFI↑,higher density
452.2,Deep vein thrombosis [DVT],circulatory system,8,red,both,0.7042315756495601,7.787843585564541e-08,True,0.7724057513518603,1.5452926850115526e-06,True,1.8231844798372507,5.69377931039847e-66,True,1.7499879692375395,2.2309126514243792e-42,True,16928,850,16078,1.971986598782755e-60,1.281791289208791e-59,True,0.0042006945645375,0.0080282799640779,False,1.0143709894620848e-52,1.3050876235553422e-51,True,density independent of area,density independent of area,True,density independent of area,True,1.1849211989238957,1.037188367032591,1.3536964858911915,0.0125110868475952,False,1.1903695467522166,0.0103185129281826,True,1.3120092784675577,1.1594855095794905,1.4845966875508854,1.6564266168544967e-05,True,1.1487421349959384,0.0318751692643998,True,1.915364409560004,1.7698093821348488,2.0728903679919672,1.949028510956279e-58,True,1.753835754047968,2.532954348321902e-20,False,1.9997257443924368,1.807516885292041,2.2123738291605397,3.486056711244413e-41,True,1.2002069704306035,0.018803760399755,False,True,Tier 1,SFD↑ VFD↑ VFI↑,higher density
197,Chemotherapy,neoplasms,2,darkcyan,both,0.7325517829263274,6.046562121087906e-14,True,0.8289418529988739,2.4524836163766535e-08,True,1.4384191176520158,9.825783124394741e-53,True,1.4935776239111973,2.9334701146635544e-55,True,19344,2415,16929,2.2130538354753776e-60,1.423655250862511e-59,True,0.00027241846431424663,0.0006226707755754208,False,5.4060713270290456e-46,6.023908050118078e-45,True,density independent of area,density independent of area,True,density independent of area,True,0.9624352648816072,0.8814350855168301,1.0508790202566118,0.3933304410595752,False,0.9767068231695248,0.5984899995620183,False,1.2283121656165603,1.1345205190217167,1.3298576366892174,3.891108892922842e-07,True,1.183726143646237,4.964131161169929e-05,True,1.4227299243100688,1.3493640895235557,1.5000847089698686,6.169850737844093e-39,True,1.150924940855497,0.0002970451442969198,False,1.6503312582316367,1.5487697126961082,1.7585527658306082,6.538028124316142e-54,True,1.4376035471218191,2.873938887115938e-14,False,True,Tier 1,SFD↑ VFD↑ VFI↑,higher density
512.7,Shortness of breath,respiratory,9,coral4,density-only,0.930295855737572,0.0343841039403837,False,0.9415928063643342,0.0317112172208094,False,1.415292643455821,1.7737816235928415e-57,True,1.2926275451272105,1.7420031885899057e-27,True,19139,3068,16071,2.2849191975430287e-60,1.4548873257824998e-59,True,1.399289740397442e-07,4.466275181626618e-07,True,8.533167987328607e-61,1.365306877972577e-59,True,area + density (both independent),area + density (both independent),True,area + density (both independent),True,1.209222924983793,1.1250343740311126,1.299711471985586,2.472815296398369e-07,True,1.2073425957746824,3.232471922356239e-07,True,1.1963731942061024,1.1190541050739449,1.2790345107758077,1.4422079058249417e-07,True,1.0898838873383454,0.0147307671502429,True,1.496105042480807,1.4264018350773355,1.569214398840942,1.6008789538005255e-61,True,1.5363052261675054,8.961009799036634e-31,False,1.4156474115591968,1.3365311622251677,1.4994469642725976,2.2562979480957295e-32,True,0.9942557699443356,0.8982531000874947,False,True,Tier 1,SFD↑ VFD↑ SFI↑ VFI↑,higher density
578.9,Hemorrhage of gastrointestinal tract,digestive,10,chartreuse4,both,0.6381037273169784,2.745900105955945e-11,True,0.7075696574491955,1.8233744151540903e-10,True,1.7510020327796822,1.4103277400142742e-59,True,1.8918653578899935,2.552578519369202e-55,True,18490,852,17638,3.8218310370900893e-60,2.4089116839840556e-59,True,0.0099762838496623,0.0177103872608515,False,2.658507259953503e-46,3.016197327656338e-45,True,density independent of area,density independent of area,True,density independent of area,True,1.062482679445474,0.9238394833783268,1.2219324508555824,0.3955690625932531,False,1.0799400829879673,0.2803771936428776,True,1.296626586821374,1.145242477121259,1.4680214358430883,4.114470173116809e-05,False,1.2052087613953844,0.0041808167784973,True,1.7819673588032203,1.6470364492627068,1.9279522740748036,6.885265965122254e-47,True,1.348350510018282,1.0460356633547513e-06,False,2.1517263036660963,1.94491067167718,2.380534053986128,5.823174996504275e-50,True,1.6205162498692134,1.2235055567949834e-09,False,True,Tier 1,SFD↑ VFD↑,higher density
560.1,Paralytic ileus,digestive,10,chartreuse4,both,0.4987417363141913,5.541409781939647e-16,True,0.5965661871440725,1.7962709015119118e-13,True,2.059216372831327,8.72979568882258e-64,True,2.126295463987067,4.106319482395934e-52,True,10614,590,10024,5.401112559434148e-60,3.3702942370869077e-59,True,0.607122890746413,0.6526178877274104,False,1.4002475127330488e-39,1.344237612223727e-38,True,density independent of area,density independent of area,True,density independent of area,True,0.9816315701501496,0.823472410409066,1.1701673636361083,0.8361467402372487,False,0.9962361472224136,0.9663758458552216,False,1.2390624944902209,1.0551581858616788,1.45501962248302,0.008924226075949,False,1.0883493975177945,0.3154978326059913,True,2.0480387605176364,1.855913588757495,2.2600528332737433,3.678348114457136e-46,True,1.637623307597619,2.1986635160339655e-10,False,2.3526129895783425,2.078958370880232,2.6622889405858157,6.931388863985134e-42,True,1.419794277136654,0.0003852848770291238,False,True,Tier 1,SFD↑ VFD↑,higher density
280.2,Iron deficiency anemia secondary to blood loss (chronic),hematopoietic,4,darkorange1,both,0.4970014036024626,4.72310026543322e-17,True,0.6805314025295682,5.942233722862208e-09,True,2.048652574276412,4.794006696171677e-65,True,2.1007946184275466,9.529705138272336e-51,True,16392,605,15787,1.7820571001289486e-59,1.1009936935450137e-58,True,0.122402745794035,0.1662285276673631,False,6.335015210496039e-41,6.225274789526816e-40,True,density independent of area,density independent of area,True,density independent of area,True,0.8860122689986163,0.7474785314139132,1.0502211205065044,0.1629831185404585,False,0.8983308868067325,0.2160862597334883,False,1.27891127507904,1.1080358449943115,1.476138210612394,0.0007739903067310763,False,1.1319100434578515,0.0995544202364753,True,1.9802010212633223,1.800464252237848,2.177880554828311,5.611799919518366e-45,True,1.5832318125506812,3.0944697692282804e-10,False,2.356984751257402,2.094274521699494,2.6526499081656945,6.9035713117817205e-46,True,1.45381703578738,4.5154486458188505e-05,False,True,Tier 1,SFD↑ VFD↑,higher density
041.2,Streptococcus infection,infectious diseases,1,blue,both,0.5399681394883474,1.2447054865789434e-09,True,0.7233766368257282,0.00011985148931334272,False,2.243962664604402,1.9165382492405499e-62,True,2.406335777890074,1.077082232655571e-46,True,18288,346,17942,1.8565261893722218e-59,1.1357571982041829e-58,True,8.202773379772545e-06,2.2598369046260785e-05,True,1.6399046191865108e-51,2.0466009647447658e-50,True,area + density (both independent),area + density (both independent),True,area + density (both independent),True,1.1891603735410194,0.9732838920021484,1.4529187276399471,0.0900710229521553,False,1.2157771133462374,0.0553508236429623,True,1.761055770853465,1.474127788767278,2.103832145142405,4.470326511478671e-10,True,1.5359792157074292,4.392480033107813e-06,True,2.361853750943672,2.1106789791308893,2.642918793431904,9.68965704243485e-51,True,1.8012429559853294,2.1349868369188247e-11,False,3.169151647971353,2.730083687203661,3.678833075672785,6.565888432810568e-52,True,1.8009928241833746,6.017177167352238e-07,False,True,Tier 1,SFD↑ VFD↑ VFI↑,higher density
285.22,Anemia in neoplastic disease,hematopoietic,4,darkorange1,both,0.4829771949613857,1.0437827837236459e-11,True,0.6165813366979243,1.0272324347647625e-08,True,2.244953311546944,2.877102691565781e-61,True,2.4940264024307552,8.079942569068401e-53,True,16205,418,15787,1.9098844430304113e-59,1.1570562062630842e-58,True,0.0101484913505304,0.0179649889439177,False,1.701254946680348e-46,1.947858874731261e-45,True,density independent of area,density independent of area,True,density independent of area,True,1.0912721879166984,0.8812637359767905,1.3513264412276482,0.4231758835158962,False,1.1226346387943311,0.2885050627489636,True,1.4645195281053065,1.2240645413814226,1.7522094429606203,3.054292118437819e-05,False,1.3105642663314472,0.0040069028061869,True,2.2998380599439816,2.0543045505257225,2.574718096502931,2.2300799115678336e-47,True,1.6148515691895604,2.7082967467094024e-08,False,2.96644372028927,2.5710236057909603,3.422678938389771,3.435170651277876e-50,True,1.88614751510446,1.328915111596337e-08,False,True,Tier 1,SFD↑ VFD↑,higher density
579,Other symptoms involving abdomen and pelvis,digestive,10,chartreuse4,both,0.632374259613283,5.690794556418541e-20,True,0.8050941828981184,1.155175370864158e-07,True,1.4720408132198295,3.9662851918540017e-42,True,1.6228892926066052,3.189962206655887e-54,True,19145,1507,17638,3.2524812755026286e-58,1.9514887653015772e-57,True,7.693154322514612e-08,2.546699361935871e-07,True,1.582436125517755e-38,1.4848723944707958e-37,True,area + density (both independent),area + density (both independent),True,area + density (both independent),True,0.8179493989918538,0.7349465990449271,0.9103263015034871,0.00023242760525503465,False,0.8350993036675423,0.0009049616805422146,False,1.2778943206996487,1.1628560713513445,1.4043129972041215,3.492215503407997e-07,True,1.2637529767427371,2.07413017301183e-06,True,1.3887722914728504,1.303236724313999,1.4799218296875265,4.242855033006091e-24,True,1.0053526595965616,0.908147604730006,False,1.8292462531956863,1.6938984678739726,1.975408749870487,1.6999640571940159e-53,True,1.7277990494064657,4.1330506354529495e-21,False,True,Tier 1,SFD↑ VFD↑ VFI↑,higher density
275,Disorders of mineral metabolism,endocrine/metabolic,3,brown,both,0.7220655348389747,1.75137970185601e-09,True,0.9788377979779024,0.6094392787429157,False,1.5643243680417132,4.0600206372698176e-55,True,1.500898981632093,2.4348247568593533e-34,True,21867,1281,20586,3.49786922696399e-57,2.078733712024314e-56,True,1.3993618570814155e-09,5.121418174890342e-09,True,4.174288809379613e-51,5.157933103075007e-50,True,area + density (both independent),area + density (both independent),True,area + density (both independent),True,1.0628613465321717,0.9493261437098032,1.1899748568364592,0.290181019020445,False,1.0591774902356466,0.3207701462382064,True,1.5124657180454375,1.3742178102035247,1.6646215259893262,2.680576183183833e-17,True,1.3808354140686117,1.5837893242978418e-10,True,1.591530871514561,1.4919325078574126,1.6977782182798176,4.156377729603828e-45,True,1.4451556398388643,3.788492522098603e-13,False,1.8371349208767953,1.694856479775529,1.9913572374883275,1.7457430285804033e-49,True,1.2920700633921367,6.0681450925883713e-05,False,True,Tier 1,SFD↑ VFD↑ VFI↑,higher density
568,Other disorders of peritoneum,digestive,10,chartreuse4,both,0.6795677136266477,3.8165395288207725e-09,True,0.6537784390889141,3.404953469750753e-14,True,1.6674156835775695,9.262856235425849e-49,True,1.897710742974618,2.687701034576135e-58,True,16837,895,15942,1.1002962325136369e-56,6.477215557438768e-56,True,0.0723252157732063,0.1049556619592576,False,2.6070215781672574e-41,2.60285034364219e-40,True,density independent of area,density independent of area,True,density independent of area,True,1.042169404270086,0.9095250185809268,1.194158538806623,0.5520710107614,False,1.073785155315592,0.3028762580403433,True,1.1866482596374592,1.0449351968135656,1.3475803058357942,0.0083553760167006,False,1.1465335927031874,0.0408560971687342,True,1.6871776068578916,1.5596554560463285,1.8251263547005905,6.855684593252896e-39,True,1.1527882239058784,0.0186625419907073,False,2.056033585416988,1.863415707265512,2.2685620218185187,9.030890410059335e-47,True,1.8244628031315424,3.4199598986521464e-15,False,True,Tier 1,SFD↑ VFD↑,higher density
575.8,Other disorders of biliary tract,digestive,10,chartreuse4,both,0.7421847905708088,1.846712573773484e-05,True,0.8191665982845686,0.0002911729144580412,False,1.64330191620785,1.1002285218806524e-48,True,1.742864209762872,2.2516238403862913e-42,True,19321,853,18468,1.5039219626140688e-53,8.770535557674568e-53,True,1.7739525787888964e-08,6.115726017482163e-08,True,6.7169012972472355e-50,8.060281556696682e-49,True,area + density (both independent),area + density (both independent),True,area + density (both independent),True,1.2542833459296931,1.0865810237695173,1.4478687529613024,0.0019756325117596,False,1.2732382854599755,0.0009465777776571024,True,1.4978804971225828,1.3215062793376795,1.6977944174315085,2.5937050505033537e-10,True,1.3963491673725097,4.206090644493668e-07,True,1.751762484716926,1.620134347725137,1.8940847758523245,6.081172392192448e-45,True,1.3640627512843897,1.869456808088889e-07,False,2.1220602747483146,1.9182076552271912,2.3475768107762782,2.7648790391984634e-48,True,1.656125791702776,1.4413948880823367e-10,False,True,Tier 1,SFD↑ VFD↑ VFI↑,higher density
426.3,Bundle branch block,circulatory system,8,red,density-only,0.8185461563473593,0.004257873804475,False,0.8332081354731171,0.0005092396605838672,False,1.8991265921935512,7.303968336371514e-52,True,1.7643103846017911,1.148894323392612e-34,True,12945,880,12065,1.5303224490164914e-53,8.841863038761951e-53,True,5.268840428591079e-07,1.6235834209584364e-06,True,1.2855287596799242e-51,1.6205453455359044e-50,True,area + density (both independent),area + density (both independent),True,area + density (both independent),True,1.3675786448533989,1.183214146171924,1.58067020742609,2.2650816763456573e-05,False,1.380448028028428,1.3461841890851052e-05,True,1.410231859270143,1.2424314150488232,1.6006951150880018,1.047277045182044e-07,True,1.2582594711478088,0.0005759918372329747,True,2.085598967753074,1.8980531418547584,2.2916761171619178,8.992830652043095e-53,True,1.8436550752262144,6.594620419561934e-17,False,2.1401759253815715,1.906242624285267,2.402817423779011,5.57661336502039e-38,True,1.3090832935254826,0.0024865850645795,False,True,Tier 1,SFD↑ VFD↑ VFI↑,higher density
707,Chronic ulcer of skin,dermatologic,13,firebrick,both,0.6795160215877184,1.099161762442253e-06,True,0.7743916951538867,4.827866302444799e-05,False,1.8676184310571715,3.95338374995833e-58,True,1.7485284608025276,1.0420462422867707e-31,True,22514,569,21945,1.5572625375899238e-52,8.914970857395528e-52,True,0.0025684619462857,0.0051287048143433,False,4.0756458113938967e-47,4.7536504417005456e-46,True,density independent of area,density independent of area,True,density independent of area,True,1.2901087871477366,1.098700989117985,1.514862277508219,0.0018789694740605,False,1.283550675832586,0.0023943695567759,True,1.321436006059981,1.1445521164042147,1.5256562746986886,0.00014389428606977254,False,1.1352014911456167,0.0895732635275254,True,2.0144529805946676,1.8400165416585923,2.2054262660969544,6.997329342515749e-52,True,2.0466256280592208,8.169754948530387e-24,False,2.00632996001503,1.7834813733995836,2.2570238010285304,4.571213982058183e-31,True,1.0266725807972037,0.7750899161471269,False,True,Tier 1,SFD↑ VFD↑,higher density
250.22,Type 2 diabetes with renal manifestations,endocrine/metabolic,3,brown,both,0.6626151951039837,1.2690439780509862e-06,True,1.4422989862352296,7.55474266734138e-10,True,1.752152208702439,1.1472557393494871e-32,True,1.4645449885980997,6.5501370851768565e-12,True,17470,470,17000,2.224863624412386e-52,1.262104456030299e-51,True,2.874218879732477e-25,2.0039246714559393e-24,True,1.7601312364055738e-39,1.676827315293249e-38,True,area + density (both independent),area + density (both independent),True,area + density (both independent),True,1.0276885645622114,0.8613104873349547,1.226205649718526,0.7618151674457116,False,1.0412719141075344,0.6629436772553037,True,2.5634840008385855,2.2218705081815915,2.9576207066781595,4.4540189759817273e-38,True,2.23952415113535,1.2554524899309564e-26,False,1.767011823576863,1.587169775081985,1.9672317566021864,2.609126769889006e-25,True,1.7550595568181706,2.8169153461884407e-10,False,2.537228452963561,2.2104758094852177,2.9122816883605966,5.388095018625349e-40,True,1.456633856725834,0.0006646178484314115,False,True,Tier 1,SFD↑ VFD↑ VFI↑,higher density
426.8,Other cardiac conduction disorders,circulatory system,8,red,both,0.6901601743147575,0.0001580803427768944,False,0.6732058599929513,3.815383643864217e-06,True,2.2680584889607704,2.1790556089505152e-52,True,2.3160683520011425,1.1197911347181342e-39,True,12432,367,12065,1.754847448730625e-51,9.86508836043162e-51,True,3.0495867591545683e-05,7.831037603754941e-05,True,1.1999892879758943e-46,1.3866542883277e-45,True,area + density (both independent),area + density (both independent),True,area + density (both independent),True,1.387699975639949,1.1429211763745728,1.684902915614538,0.0009357427770963834,False,1.4098075494556488,0.0004823118862855558,True,1.555781249513804,1.286470308635464,1.8814700036925585,5.177739862121177e-06,True,1.36633501567302,0.0017869756750633,True,2.5034061195400055,2.2175509592125313,2.8261096654012503,8.874400735658997e-50,True,1.9206620959028349,4.808209818774615e-12,False,2.8895304832715736,2.466833287224535,3.384657754132081,1.713413732816045e-39,True,1.6761816327100625,2.4106106766350324e-05,False,True,Tier 1,SFD↑ VFD↑ VFI↑,higher density
286.2,Encounter for long-term (current) use of anticoagulants,hematopoietic,4,darkorange1,both,0.8367126147805554,0.0010213725160147,False,0.8143520014195548,1.31171029320159e-06,True,1.6372142947002777,5.970660932043961e-53,True,1.6100688228076356,3.452019675591284e-39,True,19688,1206,18482,7.853035361950965e-51,4.375262558801252e-50,True,0.000394469512767721,0.0008886244619749383,False,3.6499121283605526e-46,4.1036849875621343e-45,True,density independent of area,density independent of area,True,density independent of area,True,1.2209229976540916,1.0917091636571634,1.36543047894464,0.0004699041254185413,False,1.2243452895563718,0.0003920607348287447,True,1.207542816822471,1.0932253530033762,1.3338143416209671,0.00020200493881066708,False,1.1053297798482375,0.0574078994079417,True,1.73602553845269,1.6164712122982687,1.8644221110965595,7.388908934364383e-52,True,1.5244112989796763,1.1108715746830971e-13,False,1.7817569757780929,1.629699535872266,1.9480019788032392,6.64894187084686e-37,True,1.2490774307419377,0.0016555578831162,False,True,Tier 1,SFD↑ VFD↑,higher density
427.6,Premature beats,circulatory system,8,red,both,0.7867836785770739,0.00047279796641264246,False,0.7483453265993638,2.7402319983830305e-08,True,1.8224395555635868,3.7264601921540066e-49,True,1.7762073885681553,8.971207384874982e-38,True,12999,934,12065,3.776873889915306e-48,2.0856365551390711e-47,True,0.0046857438203308,0.0088202236617992,False,1.795437642364374e-41,1.8217123395697062e-40,True,density independent of area,density independent of area,True,density independent of area,True,1.2580236847568622,1.0915720102180022,1.449857248623626,0.0015244727864257,False,1.2554537676156596,0.001687695020863,True,1.1997592802582393,1.0593550564741936,1.3587723226210262,0.0041310354893289,False,1.0779816836690252,0.2547390550688527,True,1.948771345646974,1.7803982572320969,2.1330675550754816,1.830655461254348e-47,True,1.6626844042147169,4.789818096989918e-13,False,1.960264764729028,1.7546954562964263,2.189917306760839,1.076069660463012e-32,True,1.2828058471885664,0.003638192965041,False,True,Tier 1,SFD↑ VFD↑,higher density
416,Cardiomegaly,circulatory system,8,red,both,0.7618710404278318,3.4409440467275105e-06,True,0.8413749332601206,0.00019973085909476165,False,1.6910637502573205,7.18591883709265e-54,True,1.579222755022311,1.3013304187126848e-31,True,20231,952,19279,4.9074433356397806e-48,2.686179510034407e-47,True,0.0163415462217816,0.0277095783760645,False,3.3688469166334098e-43,3.5934367110756364e-42,True,density independent of area,density independent of area,True,density independent of area,True,1.144893234979261,1.0147218083194045,1.291763425950419,0.0280001139754618,False,1.1459956562230864,0.0270559014541995,True,1.2554318352036966,1.1266536610527085,1.3989295444797625,3.7957808275859454e-05,False,1.1127305064666673,0.0607602465585783,True,1.7618385519121529,1.632581639780595,1.901329163190315,4.4644383409280266e-48,True,1.7121272515812558,1.0463170633945837e-18,False,1.782564855849975,1.6195116995247258,1.9620342762846024,3.4454290205491703e-32,True,1.0870317151104274,0.2719321514562816,False,True,Tier 1,SFD↑ VFD↑,higher density
415,Pulmonary heart disease,circulatory system,8,red,both,0.8622014130652205,0.0043924002105878,False,0.8280568137473189,8.881621377150633e-06,True,1.5838228318464826,7.337293730164043e-51,True,1.506625365384146,4.0357495432598686e-32,True,20495,1216,19279,8.366325274714908e-48,4.539640844714872e-47,True,0.00025988491775511105,0.0005985385752053737,False,2.0884744089029154e-44,2.2664487498355115e-43,True,density independent of area,density independent of area,True,density independent of area,True,1.242313344946395,1.115885440711197,1.383065313629568,7.422611710885689e-05,False,1.2441726994033162,6.632619165049844e-05,True,1.1698786169133646,1.0595686607108463,1.2916727618132324,0.0019024618320448,False,1.055769553595303,0.2989818522661774,True,1.6890761193870063,1.5776541379170057,1.8083672894556528,3.212603869124909e-51,True,1.6106039287325489,9.199361557963425e-19,False,1.6318149036805587,1.4991717860236378,1.776193965694073,1.0348576472135019e-29,True,1.0917946746097262,0.1888059898070626,False,True,Tier 1,SFD↑ VFD↑,higher density
575.1,Cholangitis,digestive,10,chartreuse4,both,0.4461263412591187,3.864558159516306e-13,True,0.7973603156745626,0.0061293306335969,False,1.9044350761464708,9.434505700503272e-43,True,2.146782258197931,5.498222963096586e-38,True,18842,374,18468,2.889879844613913e-47,1.554556054344036e-46,True,5.538211711503347e-09,1.9691419418678568e-08,True,5.0184568552649234e-37,4.639284559533795e-36,True,area + density (both independent),area + density (both independent),True,area + density (both independent),True,0.94826273387838,0.7489447523444644,1.2006255596927211,0.659031069683564,False,0.9647200913355108,0.7662081505048747,False,1.9845008683347625,1.6545522351164583,2.380247424551227,1.4977259276497305e-13,True,1.8468979841703224,1.2283430600898514e-10,True,1.87594465237344,1.6742334866514252,2.101957920939133,2.243455639055999e-27,True,1.2960204477360986,0.0028100170836704,False,3.0078278358449833,2.5932233598629923,3.4887192634890876,5.646436954959054e-48,True,2.245462732078464,6.135302978802158e-12,False,True,Tier 1,SFD↑ VFD↑ VFI↑,higher density
155.1,"Malignant neoplasm of liver, primary",neoplasms,2,darkcyan,density-only,0.7878803651175009,0.0276883372349663,False,0.7270103105434997,0.00022045450830899708,False,1.8313036947186343,4.433252181906089e-31,True,2.2595767398110045,5.739321560716151e-41,True,19326,319,19007,1.1271793811184515e-46,6.0116233659650745e-46,True,3.2741805642005385e-11,1.305487969368138e-10,True,3.657938849032432e-45,4.0399183040641373e-44,True,area + density (both independent),area + density (both independent),True,area + density (both independent),True,1.4823460655775431,1.198603442828044,1.8332584236106368,0.00028223189696651937,False,1.48057644413683,0.0002762675991669146,True,1.8352003566372408,1.5173036230834749,2.2197009865151864,3.9510607537091465e-10,True,1.853275060641933,1.060815129330636e-09,True,2.0559749342426556,1.82196998289082,2.3200343419090204,1.417164703289946e-31,True,1.0358491413379003,0.7142682620358141,False,3.0578197856258806,2.6197174283753313,3.569187172665356,1.4755490447644086e-45,True,3.3126751290731677,6.237021251476533e-22,False,True,Tier 1,SFD↑ VFD↑ VFI↑,higher density
459,Other disorders of circulatory system,circulatory system,8,red,both,0.702670668218655,1.8579144145558198e-07,True,0.7845576022703127,1.0873102871936171e-05,True,1.7284778406694994,2.458396726830261e-49,True,1.7902378661125091,1.7788097228040266e-41,True,20177,752,19425,1.3410003986256592e-46,7.091391938495011e-46,True,0.0085711120710143,0.0154354226040777,False,1.2862731023477838e-39,1.244394443201577e-38,True,density independent of area,density independent of area,True,density independent of area,True,1.0891628504942503,0.9478842910407668,1.251498443543402,0.2282422633608611,False,1.0962893006698704,0.1951771492603356,True,1.2995628729477209,1.1490399155935955,1.469804171138532,3.020768539265957e-05,False,1.2016067445112977,0.0045918197200269,True,1.7723989181809188,1.6305133017239408,1.9266312773084973,3.339433024963323e-41,True,1.4119663935898934,2.643639189103342e-07,False,2.0327774541639494,1.832635393019165,2.2547770243320056,4.961112565955337e-41,True,1.479439262340193,2.745637402727226e-06,False,True,Tier 1,SFD↑ VFD↑,higher density
537,Other disorders of stomach and duodenum,digestive,10,chartreuse4,both,0.7538999808185307,1.1084786672708124e-06,True,0.8152367951033421,1.4315947150473302e-05,True,1.4928901884717132,6.1089927485828645e-40,True,1.6096822924231298,4.5844288866201265e-43,True,19997,1140,18857,2.9531687501261412e-46,1.548552353007321e-45,True,2.9015882757227535e-05,7.466354985777314e-05,True,1.947536565489251e-40,1.8988481513520196e-39,True,area + density (both independent),area + density (both independent),True,area + density (both independent),True,1.0837460795996752,0.9595483492918324,1.2240191605920392,0.1953062450340209,False,1.1013856028376945,0.1191515628846574,True,1.3211908658144915,1.185827181470796,1.4720064872746672,4.4081936621955187e-07,True,1.2785790376148205,1.4291043928248054e-05,True,1.5272451390953743,1.4257931505538433,1.635915920892458,1.4381386246623865e-33,True,1.161691125597048,0.0042634019444219,False,1.8364115794873077,1.686332530337797,1.9998472594248808,2.281530456258666e-44,True,1.6288704979341977,1.65005526027201e-13,False,True,Tier 1,SFD↑ VFD↑ VFI↑,higher density
198.1,Secondary malignancy of lymph nodes,neoplasms,2,darkcyan,density-only,0.7565722919110571,2.5405725231598623e-05,False,0.8312179517073066,0.0004221109222379503,False,1.559331068927725,4.028650924346791e-40,True,1.6310062550716085,5.523394049055246e-38,True,17912,983,16929,2.83690274667133e-45,1.4751894282690918e-44,True,6.680704871045638e-07,2.028593595879551e-06,True,9.519372507399358e-42,9.737849909208523e-41,True,area + density (both independent),area + density (both independent),True,area + density (both independent),True,1.1639304927406977,1.0144195479158231,1.335477214250232,0.0304599600141991,False,1.178328116521757,0.019221482780359,True,1.4379398957495548,1.2735720873323289,1.6235210902896444,4.501725535294812e-09,True,1.362364427843762,1.2578546178485653e-06,True,1.6260508339210011,1.506988358400254,1.7545200663009564,5.073901978426099e-36,True,1.2629097905338889,5.1945205128875256e-05,False,1.9397189460279012,1.764217953365785,2.1326784382856183,1.1217100187458253e-42,True,1.6160382737953782,4.349127594179221e-11,False,True,Tier 1,SFD↑ VFD↑ VFI↑,higher density
272.1,Hyperlipidemia,endocrine/metabolic,3,brown,both,1.0980789944334812,0.0014535570462688,False,1.3899357364849172,2.5743258411988826e-43,True,0.9154169445087432,7.077205866553227e-06,True,0.8016006901133955,2.583557278919848e-26,True,21039,5726,15313,1.0780876517146005e-44,5.559724749338103e-44,True,3.986347557206513e-16,2.072900729747387e-15,True,0.00021733261093862896,0.000506974015797026,False,area independent of density,area independent of density,True,area independent of density,True,1.0495751346696676,0.9855074023692816,1.1178079034905768,0.1321499423834092,False,1.0357495294683368,0.284082267181752,False,1.3190515850907438,1.2443341158551202,1.3982555504674297,1.309522183810021e-20,True,1.2896526434763054,1.1837291829271331e-16,False,0.9270723183724484,0.8888964392190738,0.9668877560669884,0.00041644687450850007,False,1.1058340138832827,0.0023057893098737,False,0.9267451667947538,0.8806243272993717,0.975281487863626,0.0034895968931545,False,0.8544613919054457,4.5672945195053545e-05,False,True,Tier 1,VFI↑,
272,Disorders of lipoid metabolism,endocrine/metabolic,3,brown,both,1.0965666850921751,0.0017001045775562,False,1.3896708075758943,2.5796494765507404e-43,True,0.914448241749434,5.439457168350972e-06,True,0.8015598604046572,2.357048680032947e-26,True,21054,5741,15313,1.4093614545900665e-44,7.208537275936077e-44,True,3.8205750460045127e-16,2.0033939737032066e-15,True,0.0002721167014161153,0.0006226707755754208,False,area independent of density,area independent of density,True,area independent of density,True,1.047080306826878,0.9831901211882772,1.1151222386364044,0.1520849552084228,False,1.033241920807333,0.3184268747774257,False,1.3185934788555425,1.2439430877082696,1.3977237219779628,1.3908237671849783e-20,True,1.2900695290493884,1.0385858383894855e-16,False,0.92550583740439,0.8874215919683907,0.965224491743166,0.00030515566575341907,False,1.102227458009209,0.0031441533370288,False,0.9265365709491158,0.8804516162063357,0.9750337230398832,0.0033758804718876,False,0.8562681005564202,5.6548330690564695e-05,False,True,Tier 1,VFI↑,
401.22,Hypertensive chronic kidney disease,circulatory system,8,red,density-only,0.8301657999834603,0.0120378080049375,False,1.208465363471494,0.0005976427669756668,False,1.629819605013192,2.5856458576936252e-33,True,1.3651216507981838,4.0590076427487933e-11,True,13729,728,13001,1.4696885727222408e-44,7.455981051859173e-44,True,1.4048982318643245e-13,6.375683612242461e-13,True,5.200226847203101e-42,5.363539756454107e-41,True,area + density (both independent),area + density (both independent),True,area + density (both independent),True,1.2827733594354038,1.0987668395534418,1.4975947875765483,0.0016202698399045,False,1.291577877029534,0.0014059562248298,True,1.9141375395430464,1.6690074883861392,2.19527027037534,1.6013876918798026e-20,True,1.65462554571197,1.849553176631081e-12,False,1.7489404008338156,1.5961071386143055,1.9164080227874325,4.429562006172901e-33,True,1.932139825342412,1.3731024933231426e-19,False,1.921021094781697,1.70756462059499,2.1611609903878195,1.7237415683685933e-27,True,1.0645747703843718,0.4922616370053786,False,True,Tier 1,SFD↑ VFD↑ VFI↑,higher density
798,Malaise and fatigue,symptoms,17,purple,both,0.8928867926628384,0.0008617028641486285,False,0.8884010680459254,1.4457477399625647e-05,True,1.3165566109318254,2.3333639710303265e-41,True,1.3023767148030347,1.0009390481799712e-32,True,21591,3463,18128,1.3279955637598594e-41,6.682816385372196e-41,True,0.0025524167370397,0.0051048334740795,False,5.938326440325796e-38,5.530620445915368e-37,True,density independent of area,density independent of area,True,density independent of area,True,1.1098857485986144,1.0324141556908806,1.1931707524079502,0.0047421339003454,False,1.1139848569030173,0.0034661447546794,True,1.1191346263563893,1.048586181619797,1.1944295412849344,0.0007039463409852992,False,1.06559909303312,0.0636715993808423,True,1.3560870227926651,1.296277599377175,1.4186560149386591,5.467753050595689e-40,True,1.248169878634955,9.178007415710151e-11,False,1.3769253879718688,1.3043093122607383,1.4535842888028665,5.792151508866387e-31,True,1.1506261478343054,0.0007634554717569204,False,True,Tier 1,SFD↑ VFD↑,higher density
783,Fever of unknown origin,symptoms,17,purple,both,0.8161557826189008,1.975586864459355e-08,True,0.9756503316543946,0.4256478734217393,False,1.3200053112521153,1.5367135683862642e-36,True,1.300239305391969,6.224159800568526e-28,True,21596,2799,18797,1.62363648686539e-41,8.105193342432027e-41,True,9.848198382520245e-09,3.4621272060240186e-08,True,1.657934657226619e-36,1.5102937607436647e-35,True,area + density (both independent),area + density (both independent),True,area + density (both independent),True,0.99682247147632,0.9225292064905144,1.07709873318832,0.9358114846849884,False,0.9991470201201806,0.9827977074086344,False,1.3221353468187222,1.2284042036365406,1.4230184739946334,9.826002331302545e-14,True,1.2667920482748187,8.100223224790641e-10,True,1.3187661317563772,1.2559760030492284,1.3846953333864869,1.0398397886958323e-28,True,1.1864872152740422,2.9174102264329993e-06,False,1.488262058082218,1.402777083823646,1.578956470752822,1.2414431684498139e-39,True,1.266480510428425,1.4693124858032814e-07,False,True,Tier 1,SFD↑ VFD↑ VFI↑,higher density
512,Other symptoms of respiratory system,respiratory,9,coral4,density-only,0.9567813351208528,0.1159626730227193,False,0.9822140134090142,0.437701997570064,False,1.2675750988859458,7.261852579644281e-38,True,1.160778144370071,1.7693830382257546e-14,True,21132,5061,16071,2.1013055977579607e-41,1.0406465817467998e-40,True,2.107961434433998e-05,5.5618094506842065e-05,True,8.472301410513993e-43,8.885237109513833e-42,True,area + density (both independent),area + density (both independent),True,area + density (both independent),True,1.1407402455457596,1.0741811576523703,1.2114235094681547,1.7636455026946357e-05,True,1.1375265183642274,2.755974450786674e-05,True,1.1412288470058176,1.0792805519249289,1.2067328359761071,3.4963694704630578e-06,True,1.0613329495628188,0.0433204523958791,True,1.317178211629255,1.2651528749796848,1.3713429226635567,6.147388477140485e-41,True,1.3883774413232637,5.090253701625527e-26,False,1.240181719799513,1.1828069755219708,1.300339556626421,5.247851360224174e-19,True,0.9498715419201144,0.1620553642554542,False,True,Tier 1,SFD↑ VFD↑ SFI↑ VFI↑,higher density
707.1,Decubitus ulcer,dermatologic,13,firebrick,both,0.5513788404026768,1.461983328314116e-08,True,0.7137639295987436,2.956188118527045e-05,False,1.962877615489772,2.8752710277883785e-47,True,1.844670044877444,1.5453942187397263e-25,True,22317,372,21945,3.6114204993121237e-41,1.7744302295832795e-40,True,0.127515274225604,0.172228422330686,False,5.26508929809947e-34,4.594987023795901e-33,True,density independent of area,density independent of area,True,density independent of area,True,1.2136444777511115,0.9793205800467972,1.5040355001070065,0.0768857077120421,False,1.2018851637708186,0.0947746114176576,True,1.310411762831296,1.089200894061256,1.576549374435284,0.0041608986958145,False,1.1126658869778423,0.2610576600826295,True,2.0767033882425556,1.857550945691201,2.3217112686690498,9.395217859863582e-38,True,2.1486507779088666,3.4828513061063856e-19,False,2.103015775060948,1.8168681333549392,2.434230238816785,2.241500780796737e-23,True,0.9896916393957266,0.9260207594434948,False,True,Tier 1,SFD↑ VFD↑,higher density
501,Pneumonitis due to inhalation of food or vomitus,respiratory,9,coral4,both,0.5552419586193271,4.883793702523104e-07,True,0.7011660882568053,3.330992463911736e-05,False,2.1026427193754627,5.824901176058366e-44,True,1.7623895852847793,3.319844588782216e-18,True,17696,352,17344,2.5119598767865255e-39,1.224580439933431e-38,True,0.1879433004948014,0.2400749631704321,False,3.224233351159902e-33,2.7560570015394225e-32,True,density independent of area,density independent of area,True,density independent of area,True,1.2469197931459235,0.9866511164418844,1.5758447384584238,0.0646808972912313,False,1.239614357691474,0.0726179604474053,True,1.1744564334569387,0.9606008236535242,1.4359220605726912,0.1168787077189973,False,0.951212419249452,0.6247247404467919,True,2.238386043053905,1.9761021477249383,2.53548232995288,8.492279496098068e-37,True,2.634051648141939,6.816802361223209e-26,False,1.9126778489666325,1.6236680765624103,2.2531308010150464,8.562942540799705e-15,True,0.7664945489220106,0.0222984942670279,False,True,Tier 1,SFD↑ VFD↑,higher density
260.6,Anorexia,endocrine/metabolic,3,brown,both,0.4335198964562857,1.2243448402495566e-13,True,0.7028281544994532,2.406619374165367e-05,False,1.9027201150800432,2.1326187587976527e-43,True,1.896705695364907,4.737498903545439e-29,True,17774,436,17338,2.663577231971654e-38,1.2884280563955908e-37,True,0.0918206319942191,0.1287552232907702,False,2.955561796191849e-26,2.132104694593889e-25,True,density independent of area,density independent of area,True,density independent of area,True,0.9180841783500469,0.7245215526717126,1.163358847543624,0.4792806581641786,False,0.9174112891751166,0.4773409087835237,False,1.4140742518216494,1.1714074844383604,1.7070114509501215,0.0003098075828119677,False,1.2299101157019103,0.0337527645260497,True,1.860504951601866,1.666287541569049,2.0773597524924075,2.5303282689767302e-28,True,1.663653773314102,6.809051504049598e-10,False,2.2222918066139896,1.928445007193187,2.560913510793692,2.576627109623538e-28,True,1.2784931020186865,0.0218436638982134,False,True,Tier 1,SFD↑ VFD↑,higher density
291.8,Alteration of consciousness,mental disorders,5,magenta,both,0.5098616296025322,1.6176165300589301e-12,True,0.7298775662756581,2.7372761984689347e-05,False,1.9485021745901396,7.361016657764321e-46,True,1.8758015994655353,4.0338142091680933e-28,True,19689,411,19278,3.276520123979573e-38,1.572729659510195e-37,True,0.2354933136494082,0.292433487994489,False,8.429550430102155e-27,6.224898779152362e-26,True,density independent of area,density independent of area,True,density independent of area,True,0.9198111399487212,0.7559693956402617,1.119162413257761,0.4036387865815751,False,0.9209701446843064,0.4113497412198049,False,1.3361025222291458,1.1261038193644015,1.5852623170345652,0.0008961121586331847,False,1.1437613672991302,0.1326107799879192,True,1.9009903988846348,1.7054461906522536,2.1189554478229926,4.177820295558035e-31,True,1.798613401414,9.052560408121075e-12,False,2.1763115676863984,1.8871236666767035,2.5098153996375285,1.1359321770428593e-26,True,1.1454422357036262,0.2239834355593204,False,True,Tier 1,SFD↑ VFD↑,higher density
428.1,Congestive heart failure (CHF) NOS,circulatory system,8,red,both,0.750982104618888,1.0114998518664987e-05,True,0.8959261596749593,0.0277921294189187,False,1.632231882882638,1.1357949169263075e-41,True,1.5165856385278207,7.299777438004163e-23,True,21063,796,20267,1.344307304109149e-37,6.403417998199305e-37,True,0.0054110371318409,0.0100640452168964,False,1.0836528605999535e-34,9.591480638501716e-34,True,density independent of area,density independent of area,True,density independent of area,True,1.132686527404534,0.9895000387808504,1.2965929450032998,0.0707802937056729,False,1.134458048389613,0.068304188459286,True,1.3283416989033712,1.1816471515538145,1.4932475119372688,1.979792334977443e-06,True,1.1817805167535878,0.0066279820595018,True,1.6953425970025977,1.5614197503306917,1.8407519954853853,2.9670577422430912e-36,True,1.6816511190492545,3.0760806969305102e-15,False,1.7672229353102629,1.5920386361978174,1.961684114994409,1.1278688317194532e-26,True,1.0844454886294728,0.3293195866623331,False,True,Tier 1,SFD↑ VFD↑ VFI↑,higher density
427.22,Atrial flutter,circulatory system,8,red,both,0.6534933325166123,8.39898027283102e-05,False,0.6474503410841514,1.2192990666039896e-07,True,2.2505063570102464,1.432192903987656e-42,True,2.174403629717687,2.810738226831245e-30,True,12397,332,12065,1.506240483085596e-37,7.120409556404636e-37,True,0.1373157037395324,0.1835444812403002,False,1.4224029061717308e-30,1.1834392179348801e-29,True,density independent of area,density independent of area,True,density independent of area,True,1.2581876501501963,1.0130353881874472,1.5626662024343378,0.037793202533494,False,1.247230547918573,0.0458814591158603,True,1.2058977571268423,0.9967968809841244,1.4588623102510585,0.0539866048565991,False,1.034894155449509,0.7319770058929077,True,2.4089162117302148,2.107723807040138,2.753148821375031,4.447268948178418e-38,True,2.0750218877150672,7.152364038233974e-12,False,2.4032091865646303,2.031385692294924,2.843091007431461,1.5494686112132182e-24,True,1.245285302139184,0.092142361840399,False,True,Tier 1,SFD↑ VFD↑,higher density
411,Ischemic Heart Disease,circulatory system,8,red,density-only,0.99629650335907,0.9310038854455784,False,1.1247882901270978,0.00021847817127751344,False,1.2986107637441706,3.7703298276775213e-23,True,1.167767708426391,5.398581895209079e-08,True,21653,2214,19439,4.434289222600948e-37,2.0804484773706698e-36,True,6.346820409536408e-16,3.259601593045858e-15,True,5.3441562805289584e-36,4.832976114565318e-35,True,area + density (both independent),area + density (both independent),True,area + density (both independent),True,1.251100637129044,1.1416989485882802,1.3709855878908774,1.5998253377070534e-06,True,1.257833924550119,1.087706415554324e-06,True,1.428522609146506,1.3207905091380958,1.545042026516695,4.892293860192535e-19,True,1.329830017532016,6.283576988562922e-12,False,1.3871225778668677,1.3082362921271176,1.4707656847674917,6.372702888930555e-28,True,1.440351508297542,6.4869628195597386e-15,False,1.4236382803375862,1.3260603683523806,1.5283964452996777,1.842752562783787e-22,True,1.0691384062970213,0.2346871554134007,False,True,Tier 1,SFD↑ VFD↑ SFI↑ VFI↑,higher density
428.3,Heart failure with reduced EF [Systolic or combined heart failure],circulatory system,8,red,density-only,0.7938537601786443,0.0013851908596014,False,0.8775177718210557,0.0201628823954868,False,1.6737894787308756,7.73884989843287e-40,True,1.556823734079473,5.113683283379476e-22,True,20920,653,20267,7.733761964082204e-37,3.6013936310352954e-36,True,0.0004375140049532074,0.000982045824067631,False,8.733159282983347e-36,7.840994809469941e-35,True,density independent of area,density independent of area,True,density independent of area,True,1.2663752136547624,1.0913891500347832,1.4694173766598595,0.0018546386540414,False,1.2662652069135112,0.0019272086398114,True,1.340884803884213,1.1767212415227273,1.52795071070609,1.07165166395532e-05,True,1.1866483697834784,0.0125276486516718,True,1.7970625618749283,1.6438910728330998,1.9645059850144688,4.762402141662043e-38,True,1.7756337987058664,4.490757464926843e-16,False,1.8137083689557256,1.6199187471693546,2.030680892710314,5.327327824334764e-25,True,1.0897053794204743,0.3350165007754494,False,True,Tier 1,SFD↑ VFD↑ VFI↑,higher density
578,Gastrointestinal hemorrhage,digestive,10,chartreuse4,both,0.7767161324369909,1.1504871857958006e-08,True,0.8261227981188908,1.9546272137570117e-07,True,1.390435906601986,8.151717196065633e-38,True,1.405155226739806,2.9008017546264416e-33,True,19563,1925,17638,1.3946025759701083e-36,6.44616301781739e-36,True,0.400728457060841,0.4600819819796959,False,2.5734492448983152e-27,1.958332108312864e-26,True,density independent of area,density independent of area,True,density independent of area,True,0.9904655720184364,0.9018731490184448,1.087760568569433,0.841175564320226,False,0.998429308266607,0.9737392724239334,False,1.1203769098516911,1.0269600275104809,1.222291410087053,0.0105016836180155,False,1.0638758204891263,0.1747668883217543,True,1.386655058325419,1.30999964767207,1.4677960060496174,1.9193553791045638e-29,True,1.2234776075352671,2.6194559963903523e-06,False,1.485264944838648,1.3848908451372073,1.5929139571631674,1.5536953338498096e-28,True,1.2243099823272292,0.0001482173106206655,False,True,Tier 1,SFD↑ VFD↑,higher density
348,Other conditions of brain,neurological,6,darkblue,both,0.7035737517803478,2.4729029640455698e-06,True,0.6830967687027635,2.0850746435386415e-09,True,1.7291980082540044,3.2893483290061763e-42,True,1.6861675775348022,1.8157715215135934e-27,True,19987,582,19405,2.5180982863526455e-36,1.1553627431500371e-35,True,0.1909221526454303,0.2433818656807937,False,3.946520949189179e-27,2.985004936113997e-26,True,density independent of area,density independent of area,True,density independent of area,True,1.114375393716723,0.9559154155515494,1.2991029309897488,0.1664090332705468,False,1.119304327439096,0.1493339954189025,True,1.0324155900235226,0.8910197561935315,1.1962495142387235,0.6711973094422561,False,0.9170773446157462,0.2571869880686906,True,1.7854578048154357,1.6298867719591978,1.955877934357613,1.1945350115237488e-35,True,1.7169082033575205,2.1687002615766622e-14,False,1.7125532992366643,1.5211994027858478,1.9279778820287017,5.62563508525156e-19,True,1.0252634083080705,0.7837032268446713,False,True,Tier 1,SFD↑ VFD↑,higher density
797,Shock,symptoms,17,purple,both,0.5057860491477937,6.618259244301535e-10,True,0.713985411222899,0.00018399571604279572,False,2.065844583590118,2.8003588448309186e-42,True,2.157620307225799,4.34251702378226e-31,True,22448,274,22174,4.33106212069999e-36,1.9726881484064184e-35,True,0.0323008543025749,0.051286852633096,False,7.48305914189025e-28,5.7647270426413774e-27,True,density independent of area,density independent of area,True,density independent of area,True,0.9953258664838236,0.795493123330062,1.2453578182356315,0.9673165881052136,False,1.0047212544040691,0.9673436529535476,False,1.4824561685518851,1.218907275694321,1.8029889028479895,8.078844395678923e-05,False,1.3117177667823403,0.0076421649816304,True,2.0628780414147623,1.8205751072828176,2.337429418170189,6.745529025186356e-30,True,1.6906062229679912,1.616708949878415e-07,False,2.6173674772448203,2.2243406962229866,3.079839577889983,4.622893432316863e-31,True,1.502769057068079,0.0018314946795606,False,True,Tier 1,SFD↑ VFD↑,higher density
290,Delirium dementia and amnestic and other cognitive disorders,mental disorders,5,magenta,both,0.7007744136165124,1.341048989532039e-06,True,0.8086270798340788,3.619936213112016e-05,False,1.6037393882451456,1.2865658587938236e-39,True,1.4737380719731157,2.578744291099177e-20,True,20190,912,19278,1.3828508933350553e-35,6.252890995949813e-35,True,0.2432429614709548,0.3005615999165858,False,5.6928946128333314e-30,4.6436159979189517e-29,True,density independent of area,density independent of area,True,density independent of area,True,1.1457556544484964,0.9794964714227976,1.3402355781780595,0.0889468649868703,False,1.1448690777813375,0.091048571926054,True,1.1488508979569811,1.0133036873628078,1.302529934704554,0.0302894179036608,False,0.9911767351810948,0.8932190467981862,True,1.664468939910065,1.5325819861869048,1.8077054780072737,1.0987675378234829e-33,True,1.7910471818941944,9.614875173217981e-19,False,1.587502842771636,1.4271885177963963,1.7658250780346831,1.7559757183167708e-17,True,0.8977382030868978,0.2004798339319581,False,True,Tier 1,SFD↑ VFD↑,higher density
195.1,"Malignant neoplasm, other",neoplasms,2,darkcyan,both,0.7346467248361398,7.586043429009029e-07,True,0.7587195034855825,3.4675592218447866e-08,True,1.4383939155826408,9.93515522536024e-29,True,1.579496082515364,2.3729801562728383e-36,True,18014,1085,16929,3.9330665546714784e-35,1.7656356331762606e-34,True,0.0402032026509671,0.0625863703226449,False,6.862251707938806e-27,5.09767269732597e-26,True,density independent of area,density independent of area,True,density independent of area,True,1.005409008368316,0.8809124870905671,1.1475002215563266,0.9362518222463572,False,1.0342089939059569,0.6147784137347063,True,1.1906574806592125,1.0583068822353874,1.3395596873142392,0.0037011870517649,False,1.1669565799969808,0.0121283595040213,True,1.4405298315542836,1.338212901881897,1.550669697384932,2.7278297291500475e-22,True,1.0882526334310605,0.1047079133076077,False,1.7169689157585006,1.567644762907808,1.8805167646608527,2.450367267817613e-31,True,1.5974835991965908,3.7725580919147356e-12,False,True,Tier 1,SFD↑ VFD↑,higher density
564,Functional digestive disorders,digestive,10,chartreuse4,both,0.7899731317953607,2.073506991908366e-09,True,0.8653277417047481,6.811076896080087e-06,True,1.3271256127484006,5.527852153995018e-32,True,1.3491184962592064,1.1662782080421219e-32,True,13069,3045,10024,5.131908948292102e-35,2.2873651312387654e-34,True,0.050563528483297,0.0769552238379935,False,2.443116447867398e-26,1.783046390022522e-25,True,density independent of area,density independent of area,True,density independent of area,True,0.9574549259168912,0.8802256560514146,1.0414601402040633,0.3109523263862897,False,0.9676255835718388,0.4417915321862376,False,1.1357043568666338,1.0517867997602346,1.2263173358896335,0.0011576022572163,False,1.0982755501129733,0.0197589304762873,True,1.3109587203718915,1.243696793862717,1.3818583235077575,7.095626794512108e-24,True,1.1351754429712704,0.0008729722129314299,False,1.43349216254511,1.347943650493261,1.5244700914064877,1.8588004671634312e-30,True,1.2660540155615538,2.841593425923339e-07,False,True,Tier 1,SFD↑ VFD↑,higher density
348.8,"Encephalopathy, not elsewhere classified",neurological,6,darkblue,both,0.5673866863992725,4.492270498532921e-09,True,0.6557112966231377,5.630424503542647e-08,True,1.8961552458405395,3.3043004175932576e-41,True,1.908230274317679,1.7198349315698576e-28,True,19790,385,19405,5.842981553317679e-35,2.5858301342342073e-34,True,0.8867879299734127,0.9012307301358462,False,5.502660590694269e-25,3.8151780095480266e-24,True,density independent of area,density independent of area,True,density independent of area,True,1.040477891616285,0.8518261672112188,1.27090982246596,0.6974572794903429,False,1.0492002828488205,0.637852914424907,True,1.1455292411755154,0.9581694995265966,1.3695251654707123,0.1359536914447194,False,1.0121500210301415,0.8957569133347293,True,1.91866393537216,1.7174902724626666,2.14340154114486,9.266511824558466e-31,True,1.748997862521462,6.331224305885864e-11,False,2.040941673374125,1.765971634447051,2.3587258327733145,4.351864289136421e-22,True,1.155958244155092,0.1945621865625871,False,True,Tier 1,SFD↑ VFD↑,higher density
270,Disorders of protein plasma/amino-acid transport and metabolism,endocrine/metabolic,3,brown,both,0.5746848189879025,1.9788635214321986e-07,True,0.7758237718155687,0.0023185679687866,False,1.847596046997983,1.5750332603884008e-37,True,1.95927853093685,3.8667210952917134e-30,True,22100,347,21753,6.699862610180386e-35,2.9441649779947623e-34,True,0.00023351634704594343,0.0005426972087771647,False,7.110655110819541e-30,5.76240102487194e-29,True,density independent of area,density independent of area,True,density independent of area,True,1.1079604952590516,0.8916248017800255,1.3767859043444832,0.3549686545089695,False,1.1115620996849511,0.3412735682113289,True,1.622658224154547,1.349864550134557,1.9505806802274528,2.542594039135298e-07,True,1.479410871415113,5.077180262789528e-05,True,1.9033671096891136,1.6994014585219173,2.1318131369601665,9.040715136284559e-29,True,1.4583547625151247,3.753861461819283e-05,False,2.4659725723759025,2.1325390899668006,2.8515400989929307,4.105036843812631e-34,True,1.7131102356322156,5.215052592105992e-06,False,True,Tier 1,SFD↑ VFD↑ VFI↑,higher density
038.1,Gram negative septicemia,infectious diseases,1,blue,both,0.5701757793255766,3.6263495193748464e-08,True,0.8831218314065931,0.1059968496141679,False,1.9025521292419727,2.5235235176006657e-36,True,1.940236099774392,1.5825509108633587e-26,True,18304,362,17942,1.0264081335928807e-34,4.4788718556780255e-34,True,4.1156517716040465e-05,0.00010397436054578644,False,1.3354413584723894e-29,1.075245687337769e-28,True,density independent of area,density independent of area,True,density independent of area,True,1.0022937595245125,0.8128753877741035,1.2358509010005296,0.9828964501229936,False,1.0212317171987408,0.8453292748375071,True,1.6682120074994855,1.40900424468259,1.9751049810303316,2.8570753494378303e-09,True,1.5054901307630724,4.229743202687685e-06,True,1.9038236416443104,1.693065642981057,2.1408174417277195,5.5425713169500986e-27,True,1.5196168687456584,4.999968478050867e-06,False,2.519697052434775,2.1696525138836296,2.926216615528056,9.375520942784998e-34,True,1.6510299645715625,2.543396707918668e-05,False,True,Tier 1,SFD↑ VFD↑ VFI↑,higher density
506,Empyema and pneumothorax,respiratory,9,coral4,both,0.4754795342895848,3.7394446536718135e-12,True,0.5976128348304437,4.264764435037865e-09,True,1.890320572130722,1.8564057336127184e-40,True,1.8458937402733588,1.9726431724196075e-26,True,17765,421,17344,3.5776909452362897e-34,1.5503327429357258e-33,True,0.7552804890251095,0.7828821015808443,False,8.13950178839885e-21,4.9551698692301296e-20,True,density independent of area,density independent of area,True,density independent of area,True,0.9135347940596572,0.7319759321306982,1.1401274049111871,0.4237422893723845,False,0.9234534143995364,0.4813632819273591,False,1.109288148226279,0.9026788252102176,1.3631871729224634,0.323982998205741,False,0.9774075930465892,0.8279408084713431,True,1.8434247234123355,1.648173370368589,2.061806586601922,9.405734398658658e-27,True,1.7157073480860774,4.364758723756373e-11,False,1.9364403570447408,1.670233668845999,2.245075839587393,1.98234333062317e-18,True,1.1070562367207877,0.3359056802312319,False,True,Tier 1,SFD↑ VFD↑,higher density
070.3,Viral hepatitis C,infectious diseases,1,blue,both,0.9154004147398151,0.292451604210444,False,0.5599960585327162,1.6865973399690776e-13,True,1.5072068572613575,8.255594325501951e-17,True,1.9637851527651504,1.350111894815762e-34,True,20452,411,20041,5.473185617938674e-34,2.355357121099126e-33,True,0.0016957989130809,0.0034981108157438,False,3.75689346465393e-23,2.480742351263547e-22,True,density independent of area,density independent of area,True,density independent of area,True,1.2970301769931476,1.0914025670811005,1.541399416468358,0.0031461872951427,False,1.360632912109392,0.00031496813680417947,True,1.02030506844338,0.8480366297200541,1.2275677679570314,0.8312940914887194,False,1.0667168998858747,0.5038531748827251,True,1.6340548697741046,1.4627000952485123,1.8254837926832912,3.686362312368997e-18,True,0.91769752963823,0.2017021759300413,False,1.9834868005543889,1.7214761222377502,2.285375810417507,2.6800970742104253e-21,True,2.3995053399754376,1.1732875700124809e-18,False,True,Tier 1,SFD↑ VFD↑,higher density
561,Symptoms involving digestive system,digestive,10,chartreuse4,density-only,0.8833792787501972,9.377293070755562e-05,False,0.94117606034681,0.0245656517585407,False,1.2796245397246937,8.925132845055701e-32,True,1.2567787591506605,2.687062817638318e-26,True,14679,4655,10024,5.72311037502871e-34,2.4460416945328185e-33,True,0.0005966433516016925,0.0013109346880262,False,5.680161993724053e-32,4.822341610998379e-31,True,density independent of area,density independent of area,True,density independent of area,True,1.0405604136869966,0.9722412539907672,1.1136803443466472,0.2511781707792495,False,1.043966946905088,0.214752243396125,True,1.1770760962501476,1.1032575010903671,1.2558338692410127,8.067230206553587e-07,True,1.1320048636615103,0.0002698202740564371,True,1.294342465492653,1.236564282556987,1.3548203207950835,1.6894854170012875e-28,True,1.1785503765811742,1.0978306598583805e-06,False,1.3576374891188825,1.2883673973453935,1.4306319421453757,2.5610420184763736e-30,True,1.1861446088618663,1.5266053844959327e-05,False,True,Tier 1,SFD↑ VFD↑ VFI↑,higher density
288.1,Decreased white blood cell count,hematopoietic,4,darkorange1,both,0.7153981815208175,1.5155218920970638e-07,True,0.8558857361670996,0.0028422226502274,False,1.4871116069793715,3.6999937752324713e-32,True,1.5342664680874547,1.0144473418239113e-29,True,17536,1002,16534,8.709464924930262e-34,3.697078988541826e-33,True,0.0002624026453520566,0.0006030911627980969,False,1.0334483484570291e-28,8.060897117964827e-28,True,density independent of area,density independent of area,True,density independent of area,True,1.0039326658148402,0.8778582362722023,1.1481133921691344,0.9542861170404608,False,1.0167297721915076,0.8083148585767621,True,1.3632766772050953,1.209058994906903,1.537165106450799,4.2056377120071306e-07,True,1.2968973289441652,3.745445528071021e-05,True,1.4887660739079278,1.3797095378710045,1.606442777977266,1.1519956878035804e-24,True,1.2071195434169817,0.0011779190049485,False,1.7757429513148253,1.616920163558956,1.950166186439119,3.082871454671845e-33,True,1.4855021090972091,4.74276454306036e-08,False,True,Tier 1,SFD↑ VFD↑ VFI↑,higher density
250.24,Type 2 diabetes with neurological manifestations,endocrine/metabolic,3,brown,both,0.8565458701898857,0.0738312278884734,False,1.573677942298542,2.178995231641719e-12,True,1.5532935588708414,3.0709170780716732e-15,True,1.301560135572199,3.086703043977972e-05,False,17375,375,17000,9.180699623509212e-34,3.870781462884965e-33,True,1.6136825692633285e-22,1.0434589877930744e-21,True,3.3053135671436214e-24,2.2418648542365434e-23,True,area + density (both independent),area + density (both independent),True,area + density (both independent),True,1.1380499911876063,0.9528595251182682,1.359232655287102,0.153556791259747,False,1.1794374714557256,0.07246622819191,True,2.4185058881674717,2.0815316150208147,2.810032136380615,8.67926604891441e-31,True,2.228828411772055,1.0325399577131068e-23,False,1.6184672338631791,1.430794278585452,1.8307566826996424,1.908236041304631e-14,True,1.5203661516099252,4.485102062267187e-05,False,2.168513012143798,1.866190244190266,2.519812060145746,5.284449440806724e-24,True,1.5325635193648444,0.0004526057660512533,False,True,Tier 1,SFD↑ VFD↑ VFI↑,higher density
577,Diseases of pancreas,digestive,10,chartreuse4,density-only,0.8980678405843214,0.0175074014246374,False,1.0589728191564052,0.1160122969618681,False,1.2756149170086668,4.480242176915751e-21,True,1.2870712001648672,1.1977353978992514e-18,True,22235,1776,20459,1.2557139907965033e-33,5.2588290621276376e-33,True,1.7812311150596317e-15,8.999904581353928e-15,True,2.2425992836116593e-33,1.9301820041016208e-32,True,area + density (both independent),area + density (both independent),True,area + density (both independent),True,1.1076499310786982,1.0057661798071953,1.219854469608273,0.037824399943575,False,1.1127189272875069,0.0300827572524959,True,1.4721313708472292,1.3511824547944395,1.603906833857047,9.495533767650458e-19,True,1.4404136492668174,5.546194066871837e-16,False,1.3132570161506412,1.2395726958636548,1.3913213772970887,2.2514508733549303e-20,True,1.1175279359369683,0.0102549226578042,False,1.555141905520343,1.449521289818908,1.6684586582426728,8.510617645873138e-35,True,1.441112251397476,1.3214231380803104e-11,False,True,Tier 1,SFD↑ VFD↑ VFI↑,higher density
290.2,Delirium due to conditions classified elsewhere,mental disorders,5,magenta,both,0.6171362064947553,1.2095560866462962e-05,True,0.7739431664753088,0.0026442498651676,False,1.9360621797861328,1.2627504112944706e-37,True,1.8351798333982832,9.264877914154229e-22,True,19601,323,19278,1.7304602294790484e-32,7.19871455463284e-32,True,0.0089719573640534,0.0160415512755568,False,4.812485035687005e-29,3.8012540028717603e-28,True,density independent of area,density independent of area,True,density independent of area,True,1.2544380570789535,1.0042227156502803,1.5669978526915045,0.0458157115007619,False,1.2492938028464389,0.0500008414281912,True,1.5307218641793048,1.2554038884688452,1.8664188051339736,2.572793331368307e-05,False,1.2873441580794969,0.015956074311922,True,2.0698660551871852,1.834028685246898,2.336029703831704,4.56282641147964e-32,True,1.9960906468238704,2.061577200369421e-12,False,2.283100760099115,1.943850279373812,2.6815589328434877,8.4436524149922e-24,True,1.167834566085889,0.2310734008657653,False,True,Tier 1,SFD↑ VFD↑,higher density
270.3,Disorders of plasma protein metabolism,endocrine/metabolic,3,brown,both,0.5171732124880168,1.7417896673721987e-08,True,0.7892220110824123,0.0080440551080875,False,1.880754053633121,9.796217567976885e-36,True,1.967210464866194,7.494042615710033e-27,True,22056,303,21753,1.7497048546987774e-32,7.230568406172433e-32,True,0.0002979177775431315,0.0006797100299338723,False,9.725809039470508e-27,7.139888047799525e-26,True,density independent of area,density independent of area,True,density independent of area,True,1.0482661157131548,0.8234944776179595,1.3343888504643204,0.701854615799804,False,1.0457817777348963,0.7177656720752208,True,1.702399488440789,1.3971587105071717,2.074326986940102,1.3112793430349694e-07,True,1.5320831043322196,3.8097795668573384e-05,True,1.9063929950934984,1.688896483265927,2.151898762151257,1.639845988449809e-25,True,1.511826501116096,2.1368543686260288e-05,False,2.536326213349718,2.1701616824005256,2.964272529873953,1.27783661533167e-31,True,1.657874790733501,6.415706497067451e-05,False,True,Tier 1,SFD↑ VFD↑ VFI↑,higher density
291,Other specified nonpsychotic and/or transient mental disorders,mental disorders,5,magenta,both,0.5507516377498638,8.753201437104702e-12,True,0.7609210990770482,7.95852950943276e-05,False,1.7821063325883348,3.140991273868363e-39,True,1.681972934900183,7.724952000015295e-23,True,19763,485,19278,1.7879871216417607e-32,7.340157657266177e-32,True,0.3175661584383638,0.3785315814050412,False,4.36549995442159e-22,2.7655553010752002e-21,True,density independent of area,density independent of area,True,density independent of area,True,0.8960419560896837,0.7471169425293765,1.0746526298210095,0.2365632847237944,False,0.8953225977908709,0.233856426695642,False,1.245786331103015,1.061174879797092,1.462514437827502,0.0072411600143793,False,1.081575221627895,0.3478601657887599,True,1.7257265415418166,1.5593941210092257,1.9098007720168009,4.974152684076794e-26,True,1.7003321608676285,2.4757499433890247e-11,False,1.880939429963445,1.648377891344375,2.146311933549267,6.465810645186366e-21,True,1.0542200148383716,0.6046074162997868,False,True,Tier 1,SFD↑ VFD↑,higher density
573.9,Abnormal serum enzyme levels,digestive,10,chartreuse4,density-only,0.9341047955361966,0.3081126214314519,False,1.0312078529529822,0.5710147052771719,False,1.5790153036037349,6.701904717161586e-27,True,1.4907270474561607,2.8336310871685826e-18,True,14831,777,14054,5.425955832127197e-32,2.2129388491812886e-31,True,2.0693348354650267e-10,7.849634877387094e-10,True,1.4902269476000036e-33,1.2915300212533363e-32,True,area + density (both independent),area + density (both independent),True,area + density (both independent),True,1.2728265948649975,1.111230452078549,1.4579221956753092,0.0004968195762587058,False,1.2909698894914776,0.00022497364791334773,True,1.5639666328687003,1.3827441042505555,1.768940197399997,1.0998225790528493e-12,True,1.4664066959517716,5.5967513294912195e-09,False,1.692652985100167,1.5436053188067902,1.8560924175768023,4.525179921915751e-29,True,1.4266089361982737,6.430103032404805e-07,False,1.8772867079455693,1.6814417063840472,2.0959426487689203,3.886008436862457e-29,True,1.4598098999776794,8.71665647399923e-06,False,True,Tier 1,SFD↑ VFD↑ VFI↑,higher density
789,Nausea and vomiting,symptoms,17,purple,both,0.9891619712050186,0.6820030849383856,False,0.9003038605208873,5.409726129416749e-06,True,1.1906793861649825,2.343244017497252e-23,True,1.2234148904061168,5.5083792667784135e-28,True,20835,6327,14508,5.910933077988991e-32,2.3950793770552792e-31,True,5.324809545053965e-06,1.5000817860558348e-05,True,2.8591605857786855e-29,2.272759497485222e-28,True,area + density (both independent),area + density (both independent),True,area + density (both independent),True,1.1309464197116943,1.0678376152419726,1.1977849309689923,2.66450601541145e-05,False,1.142874837566167,5.11836990035196e-06,True,1.0721193719011768,1.0140431379364905,1.133521745381372,0.0142560805743794,False,1.0546717356142856,0.0689566854698976,True,1.2335929862341504,1.1871789016576864,1.2818216812657557,7.466873724258137e-27,True,1.0941774252406893,0.0011118730530946,False,1.265101254646852,1.2094340173031013,1.3233307163609704,1.2845700457710115e-24,True,1.2099681749130378,1.1934462044797412e-08,False,True,Tier 1,SFD↑ VFD↑,higher density
277.4,Disorders of bilirubin excretion,endocrine/metabolic,3,brown,both,0.5281127928232289,1.1419074589344257e-07,True,0.6504567296936692,3.6176365332522515e-05,False,1.9531366695888113,3.184564047479842e-32,True,2.2858076939992418,4.55254617152703e-32,True,21870,237,21633,6.966032287848421e-32,2.804389772656397e-31,True,0.0049058885500071,0.0091930163819953,False,2.0147100960747925e-25,1.4125607864614275e-24,True,density independent of area,density independent of area,True,density independent of area,True,1.024672564848241,0.8001759361255985,1.3121537623794135,0.8468254962094253,False,1.057627473311964,0.658118233378002,True,1.5601206925278217,1.2459495125457551,1.9535113989332744,0.0001059126251109723,False,1.4753650457679406,0.0009455660919899542,True,1.9674912006098375,1.7213567526663145,2.2488200766523723,3.245210013360058e-23,True,1.2692574370980163,0.028078874307498,False,2.8056486929110385,2.3592079680804225,3.336570872316197,1.8827840699410774e-31,True,2.2173924816829964,2.2131989083825328e-08,False,True,Tier 1,SFD↑ VFD↑,higher density
681,Superficial cellulitis and abscess,dermatologic,13,firebrick,density-only,0.8834019924433547,0.0049944713787758,False,0.9332471255699047,0.0690262890118037,False,1.4011625744766576,2.447186090424365e-33,True,1.3410993427884617,4.036527525241134e-21,True,22065,1502,20563,1.3478748183632054e-31,5.391499273452822e-31,True,0.000553522054673918,0.0012192480293689,False,2.5795425150638846e-31,2.1605832609394147e-30,True,density independent of area,density independent of area,True,density independent of area,True,1.123266851468513,1.0239711083080765,1.232191425491252,0.0138317416575602,False,1.1258294510964246,0.0122099702503487,True,1.2288679580794384,1.124899172278558,1.3424460570412613,4.891027000506168e-06,True,1.1498228773188204,0.0026646872668201,True,1.4518070410994184,1.3646839872425982,1.5444921346550229,3.58957675698114e-32,True,1.371432087905354,6.825098945010815e-11,False,1.486240976360052,1.378397243322557,1.6025222413295093,6.35266484432712e-25,True,1.1411067065314378,0.0251752996229774,False,True,Tier 1,SFD↑ VFD↑ VFI↑,higher density
977,Personal history of allergy to medicinal agents,injuries & poisonings,18,gray50,density-only,0.9105638944855464,0.0949660560509293,False,0.9108887952584276,0.0522750784636369,False,1.47774244659015,1.08222898333696e-30,True,1.4217594649680694,1.1470803010016787e-20,True,16642,1035,15607,3.19756536573668e-31,1.2708794829424768e-30,True,6.8694596477040715e-06,1.9179162506341568e-05,True,7.229161757372481e-32,6.095941806216795e-31,True,area + density (both independent),area + density (both independent),True,area + density (both independent),True,1.2457632204535534,1.1090920759072531,1.3992760701723626,0.00021029328720065368,False,1.2529669917025108,0.00014140287623690636,True,1.2984122962745144,1.160941938011371,1.4521609013493533,4.795091372036248e-06,True,1.206691972629125,0.0014618338933726,True,1.578596572543531,1.4641129989289725,1.7020319747649986,1.4133885865923356e-32,True,1.4363058491822167,4.788915095788129e-10,False,1.6165316376673102,1.4737882665035156,1.7731003801373546,2.3743271069648213e-24,True,1.226367345599776,0.0045240695935051,False,True,Tier 1,SFD↑ VFD↑ VFI↑,higher density
480,Pneumonia,respiratory,9,coral4,density-only,0.8717824905666302,0.0060801936475546,False,0.9109940013626738,0.0208809506127011,False,1.3924171287517797,1.711256796335413e-32,True,1.2781424028807755,1.8853936662449903e-14,True,21739,1417,20322,7.673202075566459e-31,3.0304291741477663e-30,True,0.0124753154908081,0.0217143566701932,False,2.546186464201606e-30,2.0905530969234238e-29,True,density independent of area,density independent of area,True,density independent of area,True,1.1708804225761196,1.0537146700555071,1.301074192978459,0.0033614187773963,False,1.1657644979575654,0.004456323569417,True,1.153334135106305,1.0474939217124428,1.2698685879024774,0.0036752554360121,False,1.046051165704022,0.3711080082112793,True,1.4569667821173031,1.3684102231561,1.5512542717616766,6.029056244473258e-32,True,1.5525173772336085,2.597312503127681e-19,False,1.3718567507835702,1.2676382207790606,1.4846435787600558,4.3991540279511284e-15,True,0.9281418106851006,0.2245480727213437,False,True,Tier 1,SFD↑ VFD↑,higher density
198.2,Secondary malignancy of respiratory organs,neoplasms,2,darkcyan,both,0.6653731446728199,1.4068496361629451e-05,True,0.7444683507272074,7.543369330645141e-05,False,1.634741143332214,9.044940283189836e-31,True,1.7428033285966047,2.8543056672046134e-28,True,17448,519,16929,1.0300581578671609e-30,4.0424923931390464e-30,True,0.0045241160465194,0.0085806942645232,False,2.6404933514388604e-26,1.9158928503463355e-25,True,density independent of area,density independent of area,True,density independent of area,True,1.1442184012141214,0.942562638348014,1.3890172349411567,0.1732100570568487,False,1.1639809185203054,0.1248365185684976,True,1.3891546428955492,1.171739636221261,1.6469107660311868,0.00015370175424915246,False,1.2964088955043054,0.0035781592572659,True,1.694938448056184,1.5357300477111009,1.8706519072025969,1.0209885743261134e-25,True,1.3235420613663955,0.0002193660701857993,False,2.0222251808772964,1.7831430567567952,2.2933632086771887,5.351517112275103e-28,True,1.586472248185962,2.340333435011819e-06,False,True,Tier 1,SFD↑ VFD↑,higher density
426.31,Right bundle branch block,circulatory system,8,red,density-only,0.8243031687534792,0.0494401464100935,False,0.8660883780129467,0.0491971651069155,False,1.9288419790903488,7.712178242826776e-30,True,1.8304735255499516,8.33941349699783e-21,True,12464,399,12065,4.331859098826196e-30,1.6894250485422165e-29,True,1.46511800700147e-05,3.932187683307172e-05,True,2.1487174421729397e-30,1.7758936210806817e-29,True,area + density (both independent),area + density (both independent),True,area + density (both independent),True,1.3842835093642256,1.1328392438610435,1.6915381813280352,0.0014753501447934,False,1.4027927910408953,0.0009471305485768396,True,1.537113231804244,1.2940840835777454,1.8257832836143844,9.785202274217771e-07,True,1.3883059925954413,0.00031162980053259676,True,2.124805196265666,1.8677469061150165,2.4172424579026734,2.200886598602297e-30,True,1.762903683852889,2.6652535138018786e-08,False,2.3404243397042586,1.9919313711570448,2.7498869535341335,4.7895348206444105e-25,True,1.4953968708179333,0.0013144253055572,False,True,Tier 1,SFD↑ VFD↑ VFI↑,higher density
289.4,Lymphadenitis,hematopoietic,4,darkorange1,both,0.8066729223770386,1.4712570637207784e-05,True,0.8556814246919858,0.00016023933147000683,False,1.3662253624609215,2.0355116181147323e-27,True,1.4188125882936076,6.032456591704985e-29,True,18048,1514,16534,7.394194061870477e-30,2.8658242823647066e-29,True,0.0073339417250706,0.0133422146835104,False,1.6014200371901296e-25,1.1291368397815151e-24,True,density independent of area,density independent of area,True,density independent of area,True,1.02232922975413,0.9205730556136942,1.135333092399631,0.6797248970252217,False,1.0330669213287398,0.542288347906988,True,1.2073527924546517,1.0952731569908658,1.330901571123049,0.00015021004389285288,False,1.1722587140385392,0.0019177200681137,True,1.374923345490297,1.2897552278576814,1.4657154823975862,1.6870264468327188e-22,True,1.1290099160762357,0.0131275054108232,False,1.5540350872283093,1.4381302128987683,1.6792812157592123,7.358831626438252e-29,True,1.3976555909927082,2.2209841900653826e-08,False,True,Tier 1,SFD↑ VFD↑,higher density
275.5,Disorders of calcium/phosphorus metabolism,endocrine/metabolic,3,brown,density-only,0.6859661679731478,2.458378668806741e-05,False,0.906061287182488,0.1675670815952842,False,1.7071562639127975,3.9131703250425586e-33,True,1.6463174065350732,4.3427792726064314e-20,True,21035,449,20586,8.469608876962602e-30,3.262367863718928e-29,True,0.0016784821863401,0.0034681221333651,False,1.4394526983795316e-27,1.1021085690660463e-26,True,density independent of area,density independent of area,True,density independent of area,True,1.1133440175110376,0.9281811439786528,1.3354450360996837,0.2473096282775052,False,1.109659844783102,0.2640445277595182,True,1.4978170973255345,1.2780910853866017,1.755317819435444,5.994086858448843e-07,True,1.333060985055311,0.0005702071910234823,True,1.759158698398931,1.5896114178284435,1.9467898201059624,8.896381506625213e-28,True,1.624767708205132,1.349550978948119e-09,False,1.9904037154351015,1.747025553452534,2.267686893639645,4.4472692061848745e-25,True,1.2474017466965497,0.0333508309786059,False,True,Tier 1,SFD↑ VFD↑ VFI↑,higher density
771.1,Swelling of limb,symptoms,17,purple,density-only,0.7665275268075175,6.534661586686476e-05,False,0.8851451517093596,0.0210833646854179,False,1.573887508722979,1.1066542476419092e-34,True,1.4496314741350171,6.578635390660035e-18,True,21269,739,20530,1.8997986369309993e-29,7.27284876960088e-29,True,0.122407064844797,0.1662285276673631,False,3.9761770028687805e-27,2.989318614204962e-26,True,density independent of area,density independent of area,True,density independent of area,True,1.1024149529219147,0.9603003046546678,1.2655611193030565,0.1661509896062948,False,1.100135332980399,0.1766747283773262,True,1.2367757048195922,1.0949348253371674,1.3969910433353685,0.0006279639054764567,False,1.1044102046995188,0.1193577374475367,True,1.619534910495519,1.4904930371260916,1.7597487951846362,5.2091229410657384e-30,True,1.6452869295828572,1.7830419304884483e-14,False,1.6143097706040164,1.454052424314694,1.7922297655091894,2.765929916581783e-19,True,1.0155712457561237,0.8490740716637013,False,True,Tier 1,SFD↑ VFD↑,higher density
287.32,Secondary thrombocytopenia,hematopoietic,4,darkorange1,both,0.5642543523999257,5.143577511221447e-06,True,0.6436133297921474,2.142289974210154e-05,False,1.9668877037514891,3.613755849699534e-28,True,2.3832348589009182,8.391114876444927e-31,True,18719,237,18482,2.1762173614053933e-29,8.280241667786374e-29,True,0.0206297906324072,0.0340555273931801,False,7.699932480899429e-24,5.1387784685360894e-23,True,density independent of area,density independent of area,True,density independent of area,True,1.0172924752197734,0.7880514747095643,1.3132187596250346,0.8952987256433096,False,1.0676101240269438,0.6111527649413672,True,1.4444719549024436,1.1574444595470312,1.802677624217272,0.0011395819795074,False,1.3877073479893618,0.0049439652427678,True,1.9766262475887717,1.7163512241362011,2.276370516543427,3.1134916393746353e-21,True,1.1879767554428224,0.1158472713577081,False,2.8457707666565346,2.371412044828685,3.4150164978781516,2.5616106494915076e-29,True,2.4284454217089446,1.1318653817841782e-09,False,True,Tier 1,SFD↑ VFD↑,higher density
338.1,Acute pain,neurological,6,darkblue,density-only,0.9687122265563468,0.4333150619127728,False,0.8981492072042988,0.0029252779644998,False,1.3164281529096378,4.026906756460381e-28,True,1.2718465179888947,1.2461431550897293e-18,True,18958,2124,16834,2.2168466038201025e-29,8.38371079262875e-29,True,8.187677548870165e-06,2.2598369046260785e-05,True,2.82232206076464e-29,2.2578576486117116e-28,True,area + density (both independent),area + density (both independent),True,area + density (both independent),True,1.2230125060969104,1.1219265275311778,1.333206367230566,4.791268052560012e-06,True,1.226049850661167,3.730700841464629e-06,True,1.1388050500889428,1.0446297542715823,1.2414704222285804,0.003163465178599,False,1.0724056169333849,0.1236823294101933,True,1.397737144366734,1.3223067050473178,1.4774704819125613,2.724753504023196e-32,True,1.3311566679950173,8.942387149853693e-12,False,1.3523880259144052,1.2642564741212805,1.4466632444242558,1.6361213708961973e-18,True,1.0989727131807996,0.0655204447678843,False,True,Tier 1,SFD↑ VFD↑ SFI↑,higher density
585.33,"Chronic Kidney Disease, Stage III",genitourinary,11,black,density-only,0.793804523766472,0.0025346435406712,False,0.9862622018127264,0.7954126399613733,False,1.6510334082652602,2.0534193978261457e-30,True,1.4548500043754855,4.7876681081114495e-14,True,16757,671,16086,4.714338580903892e-29,1.7721369123397763e-28,True,0.0006419544060873295,0.0014030807334448,False,6.933899312406476e-29,5.442456818794516e-28,True,density independent of area,density independent of area,True,density independent of area,True,1.1719859878212064,1.0000596319139157,1.3734692530489854,0.0499139471555975,False,1.1913485653113425,0.0318351037975783,True,1.4135950621578564,1.2450532991377583,1.6049521744498252,9.11080837414487e-08,True,1.2492146068797465,0.0009762612994700158,True,1.7273613043151026,1.5673043652029768,1.9037636478851716,3.150752213311128e-28,True,1.786842404177056,9.984504358117231e-14,False,1.773759844607253,1.5703959671906969,2.003459033309586,2.858321197040662e-20,True,1.052066615094356,0.597115989115472,False,True,Tier 1,SFD↑ VFD↑ VFI↑,higher density
288.11,Neutropenia,hematopoietic,4,darkorange1,both,0.740006106513497,1.3883280364620336e-05,True,0.9208265770775392,0.1445559624734001,False,1.480216264835565,6.086072441934841e-26,True,1.512898260120564,3.61048919324262e-23,True,17349,815,16534,1.364906292995309e-28,5.100009142689059e-28,True,5.752549796544488e-06,1.6132993586713533e-05,True,4.0015955532756745e-26,2.8701099140735867e-25,True,area + density (both independent),area + density (both independent),True,area + density (both independent),True,1.025765857403107,0.8873849719723849,1.1857261813609743,0.7307971863742885,False,1.0352891528707022,0.6384476957101373,True,1.4718873825720349,1.2939670898289826,1.6742716905273725,4.08754702041302e-09,True,1.403594345936174,5.715689130578072e-07,True,1.4909936203583227,1.3710067058553472,1.6214814752217337,1.0433348651869491e-20,True,1.2030783813814432,0.0040483521653289,False,1.8186181059439337,1.6409112282512144,2.015570226057811,4.1803576691867596e-30,True,1.5361308490292231,7.582480531397604e-08,False,True,Tier 1,SFD↑ VFD↑ VFI↑,higher density
420,Carditis,circulatory system,8,red,both,0.5900909428270905,3.581816406463504e-08,True,0.6747919778329854,9.162235943487508e-07,True,1.738204792824964,7.559865663205697e-35,True,1.7640726890036276,8.108338200733455e-25,True,21717,407,21310,1.5453607175089787e-28,5.739911236461921e-28,True,0.925572358786241,0.9322956446854148,False,2.157904799000366e-20,1.2824119948345034e-19,True,density independent of area,density independent of area,True,density independent of area,True,1.0157646563066358,0.8323363751388978,1.2396164192986978,0.8776633744280079,False,1.0253474425081,0.805605303784954,True,1.1484393435431914,0.9576128638747312,1.3772924065172627,0.13548718757342,False,1.02835193868963,0.7668947082464613,True,1.7459147950407885,1.572651766039398,1.938266650867675,1.4564445328207153e-25,True,1.5769511675937289,3.062159295342541e-08,False,1.8786066070047096,1.639463317370598,2.152632966220852,1.125172674685654e-19,True,1.1769047848936467,0.1279577907664817,False,True,Tier 1,SFD↑ VFD↑,higher density
415.2,Chronic pulmonary heart disease,circulatory system,8,red,density-only,0.7611638071126912,0.0009960442049675392,False,0.7678112707796655,6.198163975094432e-05,False,1.7424262073059886,6.0650560144513725e-34,True,1.617014403527488,6.415333427549498e-19,True,19751,472,19279,2.1337501816514563e-28,7.878462209174609e-28,True,0.1323850834117701,0.1780351121744495,False,5.831468233842056e-25,4.0208134562623684e-24,True,density independent of area,density independent of area,True,density independent of area,True,1.1854757851863735,1.001238395235214,1.4036146076210938,0.0483447740898993,False,1.1846265753633054,0.0493208741269173,True,1.1055551365776808,0.9509557110907916,1.285288206126143,0.1916702902749987,False,0.9612145863207422,0.6155505690950667,True,1.8310294703527268,1.6525627592867658,2.0287694990459397,6.534271355959163e-31,True,1.870527263688988,7.100118966562085e-15,False,1.7016664612929753,1.4931040287476811,1.939361685279261,1.6017041748418417e-15,True,0.954923414911708,0.6493665802133328,False,True,Tier 1,SFD↑ VFD↑,higher density
411.2,Myocardial infarction,circulatory system,8,red,density-only,0.9309739357635988,0.2843618536233885,False,1.1173444728401936,0.0252105114938756,False,1.4423038603052951,1.4445831470258738e-21,True,1.2679490585418376,5.8027150348748983e-08,True,20222,783,19439,1.425996462457935e-27,5.234245838669126e-27,True,3.3788837834030067e-09,1.2187418964413156e-08,True,6.778087938596438e-28,5.254070650539351e-27,True,area + density (both independent),area + density (both independent),True,area + density (both independent),True,1.289478679800512,1.1209701211033891,1.4833180959572716,0.00037346091794774456,False,1.2962901068109771,0.0003123427504285992,True,1.5422399641478028,1.368670190942444,1.7378212243935969,1.1450939070976072e-12,True,1.3904241378778737,1.7335672894631805e-07,False,1.5548928188942217,1.4262977294537278,1.6950820493662258,1.2205678097549908e-23,True,1.6489411756932533,5.174642133202122e-13,False,1.6112721959393308,1.4455178634487509,1.796033210695219,7.143906528711802e-18,True,1.0576502560290744,0.5159236721339769,False,True,Tier 1,SFD↑ VFD↑ VFI↑,higher density
512.9,Other dyspnea,respiratory,9,coral4,density-only,0.8359831840119708,0.0003092833583910359,False,1.0336669064317598,0.384581924372707,False,1.38026086524362,2.811159813721523e-27,True,1.2209817692874207,1.958684700131352e-09,True,17523,1452,16071,1.6871444138932478e-27,6.156597159470097e-27,True,0.0045503004042745,0.0085937953407418,False,4.505983171195022e-26,3.2134097129436503e-25,True,density independent of area,density independent of area,True,density independent of area,True,1.056008086684199,0.951041064139192,1.1725603879699689,0.3076282149991294,False,1.0576238118257433,0.2961518224596111,True,1.2776499016416782,1.168401189385606,1.3971136678004996,7.761200635577999e-08,True,1.1600215614150948,0.0016228512070683,False,1.4018508324567416,1.3128186180211114,1.4969209984406673,6.1284476736757976e-24,True,1.5128757422114636,3.612507942610546e-16,False,1.385889473176466,1.2792721278352233,1.5013925419539325,1.347709016803214e-15,True,0.9493895666310764,0.4008314172056112,False,True,Tier 1,SFD↑ VFD↑ VFI↑,higher density
426.9,Cardiac pacemaker/device in situ,circulatory system,8,red,density-only,0.9454781824105786,0.5293983547490071,False,0.7808352170575116,0.00021974238309948552,False,1.7573800644687128,2.0532358351462702e-27,True,1.6282546669010527,3.3048579024380416e-17,True,12588,523,12065,6.704714442329589e-27,2.4324080302405022e-26,True,9.141755583003447e-05,0.0002211029257284555,False,1.176332662670477e-25,8.341267971663382e-25,True,density independent of area,density independent of area,True,density independent of area,True,1.5069174337570013,1.2559601466386945,1.8080192737310112,1.024217527863149e-05,True,1.505928810010114,1.0771676344659124e-05,True,1.1577717018927491,0.986951819625354,1.3581567884564627,0.0720656552010807,False,1.0313763613101214,0.7140502155801185,True,1.9764512981602649,1.7612257533042175,2.2179778638091765,5.081297744307469e-31,True,1.8961460355897648,9.29685185532754e-13,False,1.765356301424301,1.5291155196719064,2.0380951150421738,8.910528754327654e-15,True,1.0728125181929111,0.5194444936060261,False,True,Tier 1,SFD↑ VFD↑ SFI↑,higher density
041.9,Infection with drug-resistant microorganisms,infectious diseases,1,blue,both,0.5757872448212223,1.84051634396113e-05,True,0.8199717896537269,0.0555980418902866,False,2.115069021372778,5.391542134656351e-33,True,1.9385646869859603,1.1563011507645144e-16,True,18154,212,17942,1.1510409828201372e-26,4.151731637455293e-26,True,0.0714325878993741,0.1037809891716169,False,5.839764135025507e-24,3.918293355113889e-23,True,density independent of area,density independent of area,True,density independent of area,True,1.152491026615747,0.8927739346228476,1.4877624837814427,0.2759885582832798,False,1.1488195896332762,0.2887358804032006,True,1.5425232214703828,1.2319746800643196,1.931352914372513,0.00015756389167900366,False,1.27628458460728,0.0374041798710498,True,2.207522763416715,1.9089702185582496,2.5527673002061944,1.247865192888381e-26,True,2.2145658037253595,9.145383090204045e-13,False,2.408382913289284,1.9855956053952464,2.921193137849026,4.484307435220063e-19,True,1.0957014355540349,0.534553038468946,False,True,Tier 1,SFD↑ VFD↑,higher density
411.4,Coronary atherosclerosis,circulatory system,8,red,both,1.0206069218605451,0.6693844715368689,False,1.1708378392536245,7.496925604110012e-06,True,1.2530623070556917,7.591407475678544e-14,True,1.105697319753687,0.0018822337622804,False,21172,1733,19439,1.2312063201900808e-26,4.415360596543738e-26,True,3.734340712178162e-13,1.635248143438016e-12,True,4.0630554159378604e-24,2.740915221129972e-23,True,area + density (both independent),area + density (both independent),True,area + density (both independent),True,1.2412358296622776,1.1207141449862597,1.374718425505633,3.37111627282817e-05,False,1.2548402529565443,1.58419217248818e-05,False,1.4334083780627482,1.314033515107642,1.563627985647053,4.827565239244429e-16,True,1.3367583935485834,2.921314294832848e-10,False,1.3368455814061628,1.2503628795609834,1.429309952925564,1.770449667348726e-17,True,1.4457031679676622,5.4313041228125266e-12,False,1.357497060172567,1.252327011658679,1.4714992579585249,1.096265169673045e-13,True,1.0196091156925158,0.7602819282864857,False,True,Tier 1,SFD↑ VFD↑ VFI↑,higher density
427.1,"Paroxysmal tachycardia, unspecified",circulatory system,8,red,density-only,0.8729541155027396,0.0855331908336712,False,0.8075235068507244,0.000398559870243231,False,1.6509743368610417,7.362160350046786e-28,True,1.616559033955656,5.1240504977807885e-21,True,12699,634,12065,2.9683906948168207e-26,1.058443310608969e-25,True,0.0065487241436623,0.0120011860958746,False,7.004324393903556e-25,4.8029652986767246e-24,True,density independent of area,density independent of area,True,density independent of area,True,1.278896959522417,1.0880610033129738,1.5032037984043254,0.0028490677405424,False,1.2818503303685242,0.0025808533584069,True,1.1935060427645912,1.03696039828523,1.37368473904225,0.013667202033927,False,1.0924389070639655,0.2351669830359456,True,1.766910151138657,1.5976922801846936,1.9540505521100289,1.5294978587261756e-28,True,1.5346971689919422,3.110400441729855e-08,False,1.77327925369328,1.5660610898110747,2.00791612283678,1.6429661826991882e-19,True,1.2632493691007631,0.013878268939875,False,True,Tier 1,SFD↑ VFD↑,higher density
338,Pain,neurological,6,darkblue,density-only,1.021028539215192,0.4814253810824303,False,0.9588084249804152,0.0971799689900506,False,1.2095707843987762,1.1266093108441372e-22,True,1.1495338602391407,1.3857017557301371e-11,True,21076,4242,16834,4.721109109070478e-26,1.6738477750340784e-25,True,4.4483350699887203e-07,1.380975663518886e-06,True,4.7965959690391415e-27,3.584522017581347e-26,True,area + density (both independent),area + density (both independent),True,area + density (both independent),True,1.187759778504209,1.1150054752599026,1.2652613128231711,9.5333222163178e-08,True,1.1865901628630895,1.1782098025017301e-07,False,1.092440320666041,1.0280312948395505,1.160884751473627,0.0043497337883529,False,1.0393279019519572,0.2289290281186914,True,1.2717196331081684,1.2188151148378048,1.3269205522184504,1.4429288507369176e-28,True,1.278151336864083,2.1963153111108123e-14,False,1.1998133581802115,1.1412145935916893,1.2614210355802098,1.0009010372669749e-12,True,1.0062380723142976,0.870921653560855,False,True,Tier 1,SFD↑ VFD↑ SFI↑,higher density
316,Substance addiction and disorders,mental disorders,5,magenta,both,0.8768796234548982,0.0263097356652365,False,0.7600243582753673,9.3232307170292e-07,True,1.4414074191715875,1.4603103409943786e-22,True,1.5609946567269184,3.792480175630722e-27,True,17332,864,16468,5.659021516942891e-26,1.9950448737696968e-25,True,0.0402197668259304,0.0625863703226449,False,6.295598551325832e-22,3.968134844472039e-21,True,density independent of area,density independent of area,True,density independent of area,True,1.1307559729703736,0.999824741848762,1.27883319634991,0.0503271955950104,False,1.151780585704636,0.0239859035022427,True,1.1136774280321078,0.9800056674944816,1.2655818786019364,0.0988659654953596,False,1.0841154493134204,0.2313186124012309,True,1.4954932727605983,1.3775396013926466,1.6235468850486603,7.908617870712643e-22,True,1.1492002850119116,0.0247011675883014,False,1.640866951063971,1.4841687581981082,1.8141093027472168,4.025729869076786e-22,True,1.5014808501327113,1.320106598205585e-07,False,True,Tier 1,SFD↑ VFD↑,higher density
573.3,Hepatomegaly,digestive,10,chartreuse4,both,0.6551179563687142,1.2841849671996483e-06,True,1.144000475357583,0.0521799324441271,False,1.7105415491118654,1.9274234731282805e-21,True,1.6140518901970944,6.316156865562222e-15,True,14473,419,14054,8.782901451888085e-26,3.0789497224596435e-25,True,1.2910392262221334e-09,4.752852372640774e-09,True,4.563524796471914e-21,2.8194450227707665e-20,True,area + density (both independent),area + density (both independent),True,area + density (both independent),True,0.8733006294980213,0.7297953572083138,1.0450244468518142,0.1391057416067277,False,0.8943133055102958,0.225459847434668,False,1.794253246505943,1.5439450752576405,2.085141993836731,2.4237886329265725e-14,True,1.665526738705082,1.6608838900157072e-10,False,1.6428056070229229,1.4528257998025738,1.8576282599281335,2.4367625976437112e-15,True,1.2927987186819927,0.0071111565825149,False,2.1769381009147195,1.8871818773599536,2.5111832367974127,1.3392762212417684e-26,True,1.6732598977513489,3.3116981452664985e-06,False,True,Tier 1,SFD↑ VFD↑ VFI↑,higher density
427.61,Supraventricular premature beats,circulatory system,8,red,density-only,0.7829902980176421,0.0305258618717853,False,0.721727392928229,8.402600589391552e-05,False,1.869195767779553,4.2194240023318785e-27,True,1.8475678142830896,7.278168148870412e-20,True,12432,367,12065,2.1781940500590117e-25,7.593257470596777e-25,True,0.0058893854862252,0.0109211784350804,False,3.9024138505144483e-23,2.563269729180016e-22,True,density independent of area,density independent of area,True,density independent of area,True,1.4414260818585714,1.1432461375401697,1.817376924563762,0.0019875033698846,False,1.4397378725013692,0.0020127264335543,True,1.2595739369309802,1.033642615102775,1.5348888285126094,0.0221358136376982,False,1.1235914640414786,0.2639154000989262,True,2.070419090914797,1.8145816566517887,2.362326983914311,2.944868760081183e-27,True,1.7820076615978655,2.1301526426763514e-08,False,2.092766875728444,1.7654930154219268,2.4807083108734447,1.71983054466678e-17,True,1.3009777972326089,0.0447758421726334,False,True,Tier 1,SFD↑ VFD↑,higher density
990,Effects radiation NOS,injuries & poisonings,18,gray50,both,0.7360327368185404,1.2023949444546297e-05,True,0.7864760619242089,1.733338988729373e-05,True,1.4531133006950263,7.13755069362675e-27,True,1.4781424892819544,7.631046887408798e-23,True,19202,898,18304,7.536096719849764e-25,2.598079753141576e-24,True,0.2564104289378667,0.3140335773449044,False,1.0165572076888792e-19,5.928333622409913e-19,True,density independent of area,density independent of area,True,density independent of area,True,1.0498039424339218,0.9052006862476654,1.2175071608908068,0.5203683483808315,False,1.0610850765073756,0.4318428888221542,True,1.1816418499257515,1.0337475058753332,1.3506948781594827,0.0144264379426716,False,1.107273010058278,0.1465063232612411,True,1.4723176482760305,1.3602376180597535,1.5936327805116142,1.0117386755966613e-21,True,1.2784700866387697,3.8022059978996585e-05,False,1.5999093234562691,1.446814315441321,1.7692041169094384,5.315382635017901e-20,True,1.2763234093361129,0.0014441707455869,False,True,Tier 1,SFD↑ VFD↑,higher density
249,Secondary diabetes mellitus,endocrine/metabolic,3,brown,both,0.7511911121664582,0.0050790584514249,False,1.5657997212335206,5.762646835285814e-09,True,1.4571364851123625,4.4163484524045195e-11,True,1.2215866071894377,0.0025767968804513,False,17314,314,17000,1.8992286856400098e-23,6.511641207908605e-23,True,4.841450411857462e-15,2.3694627898031815e-14,True,4.486010328179788e-15,2.212862011687105e-14,True,area + density (both independent),area + density (both independent),True,area + density (both independent),True,1.0051137729788089,0.8116592994259226,1.2446770428753016,0.9627002768095358,False,0.9870462596027764,0.905287963597505,True,2.421000555910713,2.02814162138042,2.8899577967985413,1.2756166067987391e-22,True,2.187889840887221,4.587936556701448e-17,False,1.45935801660598,1.2828569241184156,1.6601429049429623,9.071214223237516e-09,True,1.5083071686652214,6.076260513805274e-05,False,1.9409569928612904,1.6557947030408682,2.2752301606101706,2.837165638946894e-16,True,1.2992395585866237,0.0369615532185037,False,True,Tier 1,SFD↑ VFD↑ VFI↑,higher density
275.3,Disorders of magnesium metabolism,endocrine/metabolic,3,brown,density-only,0.817342121422444,0.0169954798923814,False,1.0634803106653052,0.3513778498788383,False,1.4877128685612766,7.853055340224551e-19,True,1.4818023622371406,5.5865861358396403e-14,True,21075,489,20586,1.7863298294028888e-22,6.091091877308212e-22,True,3.1799265154032333e-08,1.0754873417949145e-07,True,1.4739860297811969e-22,9.58090919357778e-22,True,area + density (both independent),area + density (both independent),True,area + density (both independent),True,1.1580931627625803,0.972971728452993,1.378436530493941,0.0986093130017536,False,1.162033340149339,0.0910583363316451,True,1.6592769205225826,1.4317666437853578,1.9229389865515325,1.6967701026873064e-11,True,1.5707882313304582,6.881138509815849e-09,False,1.5499801137627212,1.4016263505501785,1.7140362352041056,1.3726794145635896e-17,True,1.2903960308084252,0.001400523116579,False,1.8907501877938568,1.668836453395944,2.142172928550192,1.5270302902106922e-23,True,1.5317666151806932,2.128870375785434e-05,False,True,Tier 1,SFD↑ VFD↑ VFI↑,higher density
573.6,Nonspecific elevation of levels of transaminase or lactic acid dehydrogenase [LDH],digestive,10,chartreuse4,density-only,0.8327055780019588,0.0124178682460238,False,0.9714961648521389,0.6359731427054688,False,1.5312861403953313,7.379806493442793e-21,True,1.4857257404840014,6.877005680582125e-16,True,14733,679,14054,1.9077316894469761e-22,6.469698772907135e-22,True,1.3921802768686196e-05,3.752572322963363e-05,True,8.463660533358982e-23,5.530182379912047e-22,True,area + density (both independent),area + density (both independent),True,area + density (both independent),True,1.1119995501898972,0.9567582453301394,1.2924299379263269,0.1664294591287521,False,1.1262677703634394,0.120547874887259,True,1.4912897929175677,1.2970470713421511,1.7146218480404412,1.989975265874498e-08,True,1.4041063149458195,4.2359813232755575e-06,True,1.579245731465702,1.4299119819712829,1.7441752442093517,1.950665766692408e-19,True,1.3233231366972418,0.00017568824907641923,False,1.8192556639829005,1.614090710386136,2.050498865793046,1.1009220917985737e-22,True,1.4591739365968512,2.7684596172002415e-05,False,True,Tier 1,SFD↑ VFD↑ VFI↑,higher density
509.8,Dependence on respirator [Ventilator] or supplemental oxygen,respiratory,9,coral4,density-only,0.8459891682439326,0.1579813335224457,False,1.0514128939127307,0.5837348874153285,False,1.9064107017381824,4.605622548929993e-23,True,1.5557210410645437,1.7882502865242953e-08,True,17583,239,17344,3.6235194550417183e-22,1.2222033188897473e-21,True,0.00013385279819850963,0.00031815727350667977,False,2.3986659324020554e-23,1.5923058955520026e-22,True,density independent of area,density independent of area,True,density independent of area,True,1.4052476953231543,1.1163437827852172,1.768918424290603,0.0037649857518199,False,1.4031726262316375,0.0036873921763326,True,1.6758512129683767,1.3664852992302772,2.0552561301534356,7.096072659527286e-07,True,1.4149181310006245,0.0010928172154669,False,2.1076942262750284,1.8222784947485295,2.437813410121008,9.854270403893293e-24,True,2.3108491240252893,3.5180801868971506e-14,False,2.048663432632419,1.6971334560961782,2.4730063773885074,8.197186446776967e-14,True,1.00501132400079,0.9711733539735714,False,True,Tier 1,SFD↑ VFD↑ VFI↑,higher density
250.1,Type 1 diabetes,endocrine/metabolic,3,brown,density-only,0.8249251309016075,0.0979647143620698,False,1.3686170454504356,0.0011770646920185,False,1.6176321520369212,1.5293220697435342e-14,True,1.5313249376760192,1.0505203961294012e-08,True,17235,235,17000,4.298118797666419e-22,1.441949532120347e-21,True,1.2162161692451474e-12,5.2339233766136e-12,True,1.7415154845187124e-20,1.0449092907112276e-19,True,area + density (both independent),area + density (both independent),True,area + density (both independent),True,1.248307742363595,0.987530175893372,1.5779489656963654,0.0635944702992298,False,1.222222733812715,0.0920490509429168,True,2.5259352672241637,2.0458581704294194,3.118666321266831,6.955400083552618e-18,True,2.3262322861698816,3.742512256655839e-14,False,1.7274788912792125,1.5001435788705244,1.9892651355826103,3.117176752743474e-14,True,1.4247687089613632,0.0019599284717963,False,2.378528680466648,1.9927321813664225,2.839016068844293,8.302824891678325e-22,True,1.7768312438358798,5.935772036013256e-05,False,True,Tier 1,SFD↑ VFD↑ VFI↑,higher density
580,Nephritis; nephrosis; renal sclerosis,genitourinary,11,black,density-only,0.7181718186243381,0.0054937597617429,False,1.2109123376592843,0.0354926106857238,False,1.771108262794532,4.0598542234252264e-19,True,1.6303878409379124,9.991638579180249e-11,True,16327,241,16086,4.584776269023306e-22,1.5298932576847825e-21,True,1.1543046673690326e-08,4.023944762225007e-08,True,1.0343009239600407e-20,6.235785280686624e-20,True,area + density (both independent),area + density (both independent),True,area + density (both independent),True,1.1186514557457514,0.8819331593239621,1.418906938935513,0.3553420702895121,False,1.1241456116752635,0.3311061715241575,True,2.1149427916514063,1.7392522966433486,2.571785025433533,6.072252004666729e-14,True,1.9073312973683283,4.317863944757533e-10,False,1.8282785269620971,1.5855312236944006,2.108190820968,1.0280450100123687e-16,True,1.5821576279456957,5.33014723073395e-05,False,2.3843322786293126,1.9949401017313224,2.8497298790975476,1.2804596415698269e-21,True,1.5766754728784411,0.0012022937971861,False,True,Tier 1,SFD↑ VFD↑ VFI↑,higher density
428.4,Heart failure with preserved EF [Diastolic heart failure],circulatory system,8,red,density-only,0.7013098388165072,0.0005811467290693486,False,0.9437230019207687,0.4074803025520902,False,1.7776191397055852,2.222502837757892e-25,True,1.5744971480910983,7.212839207584813e-12,True,20606,339,20267,5.570121902756717e-22,1.8488064187873353e-21,True,0.0707848068114196,0.1030798586938759,False,4.857315389529299e-21,2.9861722197697364e-20,True,density independent of area,density independent of area,True,density independent of area,True,1.142955249397537,0.9227819587149932,1.4156612944021147,0.2209980483082363,False,1.14474606772068,0.2192390201004875,True,1.3761639977362905,1.1716250967518342,1.6164107050249257,0.00010054348557606893,False,1.1822259537171436,0.0488378910602483,True,1.8489453015279975,1.630544749011395,2.096599145846912,9.405359920566877e-22,True,2.0040647321987968,9.044892397876442e-12,False,1.8901963243080329,1.6115859218107125,2.216972794359793,5.056010990064642e-15,True,0.9578302084277536,0.7386425002970504,False,True,Tier 1,SFD↑ VFD↑,higher density
296,Mood disorders,mental disorders,5,magenta,density-only,1.002112619345639,0.9517771729196746,False,0.9314472949972956,0.0170751286641995,False,1.2444230121334368,6.21980792751667e-21,True,1.2025113260161422,9.344510837963337e-14,True,18296,2803,15493,5.727698063105164e-22,1.891049519247419e-21,True,5.4661272174417394e-05,0.0001358909714614998,False,2.0452953050858952e-22,1.3089889952549732e-21,True,density independent of area,density independent of area,True,density independent of area,True,1.1750816961977526,1.0915366997889782,1.2650211330557504,1.806075454974813e-05,True,1.1767494862768657,1.547155602328149e-05,False,1.0906737932583637,1.016216076194811,1.1705869953906776,0.0161351815654546,False,1.0415150045409798,0.2754288476148612,True,1.3042668734610374,1.2399161564600512,1.371957344329224,7.817035077365895e-25,True,1.2609553232172506,1.6025423451039271e-09,False,1.2553345143105257,1.1823374259360144,1.3328384167249778,1.0095393817546325e-13,True,1.0636104646597186,0.1784938312027894,False,True,Tier 1,SFD↑ VFD↑ SFI↑,higher density
454,Varicose veins,circulatory system,8,red,both,0.6528926113915624,7.645114230760124e-06,True,0.6822679021312601,1.666409971993397e-06,True,1.641961607885709,2.649770004751985e-19,True,1.8870438309109372,8.353687116109146e-25,True,16429,351,16078,1.6230331384819177e-21,5.3303825179616655e-21,True,0.3910816378450299,0.45191655928759,False,9.65386424272659e-15,4.633854836508763e-14,True,density independent of area,density independent of area,True,density independent of area,True,0.900304692212326,0.7387506300851144,1.0971882876447014,0.2979744221673171,False,0.9169769874362228,0.385045021906811,False,1.127927764008956,0.9417510372071196,1.3509101562501846,0.1908995272641935,False,1.103323191577148,0.2978028469753982,True,1.5924675547482094,1.4088165024677202,1.800059062683962,9.894103368702608e-14,True,1.0595078355013023,0.5315731499485288,False,2.0027316622373004,1.7232361970235823,2.3275591110815617,1.3508310885857134e-19,True,1.843243252748877,1.4387067568773577e-07,False,True,Tier 1,SFD↑ VFD↑,higher density
275.53,Disorders of phosphorus metabolism,endocrine/metabolic,3,brown,density-only,0.6811867773900795,0.0035085842054112,False,0.9442054845513258,0.5847887096705638,False,1.8085056739180712,8.161550264574566e-23,True,1.8070536286615784,5.042705228988008e-15,True,20805,219,20586,2.714329919145266e-21,8.867758479301811e-21,True,0.00018558593201156793,0.00043535947960608414,False,4.4543768874351626e-21,2.7657026644373545e-20,True,density independent of area,density independent of area,True,density independent of area,True,1.242414189905991,0.9597913179689328,1.608258993784443,0.0992883976786922,False,1.230409541376534,0.1152493066382058,True,1.7886644689826527,1.4297255282024448,2.237716624269425,3.617385515211402e-07,True,1.590829495293499,8.418293311745829e-05,True,1.917679602656848,1.6709780275608723,2.2008039589929065,1.9100349890023723e-20,True,1.647658668207542,6.519589928543834e-06,False,2.3423539623637706,1.956641808396001,2.8041014259523727,1.8311618107261215e-20,True,1.47432305576714,0.0077335150380126,False,True,Tier 1,SFD↑ VFD↑ VFI↑,higher density
420.2,Pericarditis,circulatory system,8,red,both,0.5393156806499197,6.771494884090799e-08,True,0.6445889979338646,4.662737347756772e-06,True,1.7428489524883697,8.995569582278302e-27,True,1.7586317052496574,2.2887766438326772e-18,True,21604,294,21310,3.924650744761695e-21,1.2755114920475508e-20,True,0.842685611598593,0.8634414148399377,False,1.0915870152036133e-13,4.990112069502232e-13,True,density independent of area,density independent of area,True,density independent of area,True,0.9340150053792908,0.734499905692173,1.1877251766990566,0.5776866255774369,False,0.9452829747399324,0.6464241181324564,False,1.0792024226222274,0.8679224493409293,1.3419146720747932,0.4929141979266879,False,0.9630851424027408,0.7377922131445049,True,1.710187135674142,1.514661655962192,1.9309527164120224,4.614677513230888e-18,True,1.5949153594731504,7.424856247311096e-07,False,1.8191584935099552,1.5512935643928096,2.1332761899290897,1.8001775992194578e-13,True,1.0980952621621571,0.4479113522339703,False,True,Tier 1,SFD↑ VFD↑,higher density
578.1,Hematemesis,digestive,10,chartreuse4,both,0.7378728129628437,0.0105044887274563,False,0.5649593836235477,2.883733925304845e-07,True,1.84072143931274,9.958486150003942e-22,True,2.0954584587096035,1.3619239643553352e-22,True,17864,226,17638,5.280342266845614e-21,1.7072194686588932e-20,True,0.1638478021552389,0.2154710822863415,False,4.538511527406877e-16,2.3502333552712795e-15,True,density independent of area,density independent of area,True,density independent of area,True,1.2106139328829224,0.9568940555438296,1.5316074815171925,0.1112124415131992,False,1.259365984141207,0.0542621716349569,True,1.101682873972733,0.8596762531979996,1.4118165417386273,0.4441480512074554,False,1.0239625551925176,0.8563792902166687,True,1.948558520491568,1.687904935951447,2.2494633595226983,8.638976634772556e-20,True,1.3678551789783142,0.0056471485421575,False,2.192365010730735,1.8161851031422391,2.6464617135998743,3.0045780930984044e-16,True,1.7206778077197666,0.00023223369801712995,False,True,Tier 1,SFD↑ VFD↑,higher density
250.23,Type 2 diabetes with ophthalmic manifestations,endocrine/metabolic,3,brown,both,0.8116123872449116,0.0692178296218875,False,1.4721159625551823,3.445409248342842e-06,True,1.6476811933846975,2.70259541658421e-13,True,1.2730066092253176,0.0026197828654326,False,17225,225,17000,5.574606459059907e-21,1.7930692940481352e-20,True,4.267929124143867e-10,1.6043299840155256e-09,True,4.4430267804871175e-17,2.4108249661077923e-16,True,area + density (both independent),area + density (both independent),True,area + density (both independent),True,1.1711856958091384,0.9265781938739276,1.4803671650560872,0.1861718606896401,False,1.1971010033870717,0.1337532129858013,True,2.27759282724458,1.873818138216928,2.7683738250352135,1.3705724505785322e-16,True,1.9660764415421892,5.2632839066535016e-11,False,1.7339578998015055,1.4864145975299683,2.022726366708351,2.5010753919154088e-12,True,2.018993270540523,2.5603325495477242e-08,False,2.0797876863861204,1.7147203534135045,2.522578571970933,1.0398716062644189e-13,True,1.11397690140884,0.4808216946634309,False,True,Tier 1,SFD↑ VFD↑ VFI↑,higher density
415.1,Acute pulmonary heart disease,circulatory system,8,red,density-only,0.8660533381311137,0.0511997744463455,False,0.820205200921859,0.0011991922722741,False,1.5276696246867931,3.865193753955277e-23,True,1.513780691239047,1.3072542361802863e-17,True,19867,588,19279,9.235624599042636e-21,2.955399871693644e-20,True,0.0198152659238453,0.0328849094055305,False,1.1757601790801648e-19,6.8248776906606785e-19,True,density independent of area,density independent of area,True,density independent of area,True,1.2132930779313953,1.0427641582993916,1.4117095234237853,0.0123551386775189,False,1.2188736539516585,0.0103143704138511,True,1.1816385667384648,1.0251433621066257,1.3620238437036352,0.0213043029976532,False,1.0970860062080938,0.2165909818678006,True,1.6181163362827515,1.4709057865256523,1.780059947911186,4.645485350183722e-23,True,1.4318174820066758,2.0576276930323863e-06,False,1.646893481476157,1.4619403906466693,1.85524536888192,2.2458574365336833e-16,True,1.231824426648754,0.0265076020984395,False,True,Tier 1,SFD↑ VFD↑,higher density
568.1,Peritoneal adhesions (postoperative) (postinfection),digestive,10,chartreuse4,both,0.8345424887152002,0.0394825225518361,False,0.680857718337594,6.096734385402399e-07,True,1.513983488732975,4.735437227025767e-17,True,1.726767577648492,4.091055368604123e-23,True,16389,447,15942,1.494111534082281e-20,4.756763251363997e-20,True,0.1156919835963481,0.1584891279124505,False,2.804579659254783e-16,1.483099752012699e-15,True,density independent of area,density independent of area,True,density independent of area,True,1.1592143219742264,0.9673377787559924,1.389150588120604,0.1095374139231312,False,1.189244470927014,0.0585235043830085,True,1.102013774970236,0.9239506028951348,1.3143931682265306,0.2800042304397263,False,1.0862468238560534,0.3745182443640016,True,1.5788959317637028,1.4148820014544756,1.7619224506194142,3.305052232165383e-16,True,1.0933577544553932,0.2969610234975393,False,1.807931871718654,1.5772235713793703,2.0723870173443624,1.8650944231767355e-17,True,1.7436201144300638,1.8021564692708793e-07,False,True,Tier 1,SFD↑ VFD↑,higher density
560.3,Peritoneal or intestinal adhesions,digestive,10,chartreuse4,both,0.7243256045820791,0.0099758108818727,False,0.4573024500167265,1.3613544032462757e-12,True,1.5113544471285558,4.2432360375022826e-12,True,1.9738179481872875,3.1260961468636194e-22,True,10303,279,10024,1.7750966056025804e-20,5.622641024852843e-20,True,0.1181562298866711,0.1611573496159186,False,5.565591258756813e-10,2.0733904152025384e-09,True,density independent of area,density independent of area,True,density independent of area,True,1.0948804876075002,0.8425716474271913,1.4227434376697627,0.4976148087919775,False,1.2096246821893022,0.1415453763121605,True,0.8015887826035869,0.6184574374305309,1.0389471247454685,0.0946745664901461,False,0.8191507119784676,0.1424318154725226,False,1.54806202208702,1.3511802178881915,1.773631668448879,3.040389971587587e-10,True,0.9463993632453152,0.5615969349166723,False,1.7915933202254015,1.499331033504542,2.1408258438923022,1.3854800232069203e-10,True,2.0057539935703814,1.723665831804461e-07,False,True,Tier 1,SFD↑ VFD↑,higher density
415.11,"Pulmonary embolism and infarction, acute",circulatory system,8,red,density-only,0.8746717678462196,0.071056215573061,False,0.8194707508093438,0.0012355855723558,False,1.5167076860214006,4.59192027613562e-22,True,1.5157878462177534,1.5930638374862875e-17,True,19860,581,19279,3.774950524803656e-20,1.1896813775138794e-19,True,0.0154395785731073,0.0263592257992312,False,3.887876812525263e-19,2.2155571972746707e-18,True,density independent of area,density independent of area,True,density independent of area,True,1.219446258180464,1.0470912408000472,1.4201715367747043,0.010715711248946,False,1.225770758137974,0.0087038787658002,True,1.1831710758449605,1.025389144014449,1.3652317297172354,0.0212618566855879,False,1.1049683497576508,0.1865565263953764,True,1.60898197510299,1.4614699415963286,1.7713829908664485,3.198360641919618e-22,True,1.4008127022255474,9.77758552825338e-06,False,1.650144947811211,1.4636911179216727,1.8603503945923243,2.6710869390235744e-16,True,1.2636021665469297,0.0134476736437262,False,True,Tier 1,SFD↑ VFD↑,higher density
289.5,Diseases of spleen,hematopoietic,4,darkorange1,density-only,0.6923679920697765,0.0012638195109032,False,0.8848760445549498,0.1966447535732687,False,1.695664236320543,8.712068761032237e-19,True,1.7862817019421522,1.2940725314078917e-17,True,16807,273,16534,6.027894208390203e-20,1.8901537618268772e-19,True,7.509584254037137e-05,0.0001841249734585137,False,3.4952111798785373e-19,2.0009282350864285e-18,True,density independent of area,density independent of area,True,density independent of area,True,1.086939333611598,0.8616888636237142,1.3710715837543184,0.4816841397971442,False,1.1044806266395586,0.3992585810952059,True,1.706695458831378,1.3868736058904143,2.1002702602632177,4.439772113220681e-07,True,1.627073628269983,9.167531508841616e-06,True,1.738213810839953,1.5173221423534449,1.9912628754685044,1.5520628787451378e-15,True,1.232885692946476,0.055432920000359,False,2.3014795922595432,1.9504291037724455,2.7157143540066477,5.542672553072029e-23,True,1.929182969186536,1.0401717051240083e-06,False,True,Tier 1,SFD↑ VFD↑ VFI↑,higher density
530,Diseases of esophagus,digestive,10,chartreuse4,density-only,1.0310866505055658,0.294906840876643,False,1.035566278649837,0.1453704337068429,False,1.1597792454107274,2.125591585355445e-14,True,1.0849813467182283,5.5315716753110966e-05,False,20106,4655,15451,1.1173899709247273e-19,3.486256709285149e-19,True,2.2770764445453677e-07,7.158164742550676e-07,True,9.415400248588044e-21,5.704087140892174e-20,True,area + density (both independent),area + density (both independent),True,area + density (both independent),True,1.1594590322254592,1.089261025342921,1.2341809870466742,3.4313284209355177e-06,True,1.1566487833501105,5.283388592072755e-06,False,1.1514336229724078,1.0864400511365349,1.22031527346993,1.967996356750787e-06,True,1.1014661065737898,0.0016105587198346,False,1.209870762089024,1.1598610616966425,1.2620367294826251,9.108561754986889e-19,True,1.247726593517487,5.446226923835547e-12,False,1.1644250097241613,1.108378128937538,1.2233059890588325,1.4638281833801895e-09,True,0.9918871060110412,0.8288006318999082,False,True,Tier 1,SFD↑ VFD↑ SFI↑ VFI↑,higher density
960,Poisoning by antibiotics,injuries & poisonings,18,gray50,density-only,0.9132835939036532,0.0652510317807903,False,0.95995239186481,0.3136570322232865,False,1.3198281121196418,4.080039268732271e-20,True,1.2730944505801545,3.064914448566805e-13,True,17061,1454,15607,1.3989539990409252e-19,4.343021370156901e-19,True,0.0018946319348284,0.0038698865051815,False,2.108006414716566e-20,1.258752155773337e-19,True,density independent of area,density independent of area,True,density independent of area,True,1.1217654284188687,1.01156922365428,1.243965956032122,0.0294060546388052,False,1.1260160764727056,0.0245182121880486,True,1.214063415969249,1.1040795439653122,1.3350034298264566,6.240147224340676e-05,False,1.14986401637068,0.0053245525258983,True,1.3633934048364127,1.2760544972015404,1.4567101800338238,4.438574856646763e-20,True,1.2806450813164827,7.354607910132127e-07,False,1.3996069570121692,1.2920744333942236,1.5160888440234206,1.6869150721749127e-16,True,1.1491284297706248,0.0231938638453883,False,True,Tier 1,SFD↑ VFD↑,higher density
327.3,Sleep apnea,neurological,6,darkblue,area-only,1.0949780102851563,0.0143071600358039,False,1.2093821871834587,1.0351020705641103e-09,True,1.1216322296569765,0.00016063874869541033,False,1.0328232817191847,0.2936675270913293,False,20168,1940,18228,2.427717333116944e-19,7.499483246856303e-19,True,1.9976456899349344e-16,1.065411034631965e-15,True,4.375536025643665e-12,1.8386090774421862e-11,True,area + density (both independent),area + density (both independent),True,area + density (both independent),True,1.182752043082686,1.0939547827398963,1.2787570542107836,2.4963403802504083e-05,False,1.199057036127422,5.917780355993441e-06,False,1.3663954941349368,1.268403397504188,1.471958093194948,2.0024656775109596e-16,True,1.3407609645042706,1.5748453302158996e-13,False,1.185192181095764,1.110440430912551,1.2649760104431529,3.195473427660822e-07,True,1.187100448718785,0.0008523426360906746,False,1.2355153059774542,1.1474067673454331,1.3303896357838034,2.1102976889813613e-08,True,1.1216102783646953,0.0478080886867898,False,True,Tier 1,SFD↑ VFD↑ VFI↑,higher density
586,Other disorders of the kidney and ureters,genitourinary,11,black,density-only,0.8792698098266771,0.0057252828008234,False,0.9943632150602718,0.8766809670595415,False,1.2896216226691632,1.1341859440421459e-17,True,1.2482195669205485,1.236251614201066e-12,True,17795,1709,16086,1.7264400922804366e-18,5.30688974178814e-18,True,0.00017781134133344629,0.0004186953848757376,False,1.8291075061686704e-18,1.0329077681893669e-17,True,density independent of area,density independent of area,True,density independent of area,True,1.0428767059585775,0.9451240272672956,1.1507397891212707,0.4031307066327008,False,1.0484400683477988,0.3469459154286994,True,1.2562766587116214,1.1515199156522302,1.3705633934517862,2.8097413255251706e-07,True,1.2071978790982445,4.136767717773968e-05,True,1.3053416010965508,1.2233709982908103,1.3928045522853445,8.09194062611876e-16,True,1.1970528067578206,0.0002571475921661611,False,1.4062006736722028,1.302859524629527,1.517738710317552,2.073122249356584e-18,True,1.209975275797883,0.0010405355193328,False,True,Tier 1,SFD↑ VFD↑ VFI↑,higher density
426.91,Cardiac pacemaker in situ,circulatory system,8,red,density-only,0.956664054972366,0.6730291127846995,False,0.7498919638025123,0.0001775346274229447,False,1.6964596286408498,3.5574020870310764e-19,True,1.5996808294298204,8.747507146992327e-13,True,12464,399,12065,1.9168484416223165e-18,5.863301115550616e-18,True,0.001023530989762,0.002183532778159,False,5.994815748672964e-17,3.2387575992830563e-16,True,density independent of area,density independent of area,True,density independent of area,True,1.5212273048939062,1.2259609778813276,1.8876069914998423,0.0001387848393011981,False,1.5151756812566173,0.00016406165975259916,True,1.0814872912315987,0.8981056065205016,1.3023131718627807,0.4086107709812186,False,0.9734317001393558,0.7831837712606111,True,1.9063393360878336,1.6718020946729095,2.1737798247147335,5.847292738432489e-22,True,1.82275632204298,3.613602889675174e-09,False,1.6711839937266464,1.4163003535294427,1.9719376147356755,1.185601580382501e-09,True,1.0515401175028432,0.6866094582558087,False,True,Tier 1,SFD↑ VFD↑,higher density
426.32,Left bundle branch block,circulatory system,8,red,density-only,0.8145706780176698,0.0414956716060324,False,0.8001612222549476,0.0032008174755829,False,1.7101486838884117,6.549288890042802e-21,True,1.632733886712755,3.075191782804486e-14,True,12468,403,12065,3.589354586028986e-18,1.0925645178937009e-17,True,0.0477744263886043,0.0732462950036588,False,3.191302092740267e-17,1.739189961458451e-16,True,density independent of area,density independent of area,True,density independent of area,True,1.264033071662101,1.026804011755356,1.5560706697318694,0.0271480712795278,False,1.271377989794496,0.023582074645432,True,1.224151386013381,1.0222088327042589,1.465988717700735,0.0278943773570765,False,1.118733241287089,0.2356728979266746,True,1.831003363669138,1.6112319977781406,2.080751451306103,1.8339141538948572e-20,True,1.6562103938736987,2.5586978229313754e-07,False,1.827140716431762,1.5544822526760236,2.14762387405561,2.670755304205381e-13,True,1.2125813888003565,0.1119184924274471,False,True,Tier 1,SFD↑ VFD↑,higher density
457,"Encounter for long-term (current) use of anticoagulants, antithrombotics, aspirin",circulatory system,8,red,density-only,0.8934887587641139,0.0270296212522541,False,1.0059497168362026,0.8777560385290719,False,1.3153549029813705,4.238823258440042e-18,True,1.2234476566798749,3.868157675844599e-09,True,17593,1515,16078,8.415347395130849e-18,2.549114939107597e-17,True,0.0018270226308161,0.0037502043474646,False,2.462441550438849e-18,1.3842914661926505e-17,True,density independent of area,density independent of area,True,density independent of area,True,1.0867822681855823,0.9758603507177388,1.2103122107317006,0.1297482765517572,False,1.092165735176091,0.1095805004184896,True,1.2488364915496226,1.1374498930882189,1.3711308006646508,3.1334975712899342e-06,True,1.1722294166661675,0.0012523600813978,False,1.3465974657808613,1.2566660297158625,1.4429647113620463,3.218738176920581e-17,True,1.3350148599728644,5.4148002877937676e-08,False,1.380681353872122,1.2690456166133484,1.5021374929116984,6.439964721257906e-14,True,1.0789160320221778,0.2382444320455391,False,True,Tier 1,SFD↑ VFD↑ VFI↑,higher density
112,Candidiasis,infectious diseases,1,blue,density-only,0.7862105367526606,0.00028558056265430944,False,0.8627588659064435,0.0089177860347233,False,1.4222099166594293,3.0725003798631338e-21,True,1.3842993160005626,4.1286622920632265e-14,True,21508,743,20765,1.745302192025317e-17,5.261200810742985e-17,True,0.4401820721461788,0.4949074108454335,False,2.284011296797067e-15,1.1493734267752982e-14,True,density independent of area,density independent of area,True,density independent of area,True,1.034459943776947,0.9002225343603535,1.1887142727874076,0.6328343385922304,False,1.0378443702179485,0.6013509564160312,True,1.168287618135448,1.0246623189649302,1.3320446486871478,0.0201262947033177,False,1.08336084529591,0.2433204502870215,True,1.4361578923559208,1.3214181290098037,1.5608605985463204,1.5913485496241516e-17,True,1.3583565562422029,1.4369572402307897e-06,False,1.4912417595878942,1.342345528755284,1.6566539224821362,9.642299237424937e-14,True,1.117578101865444,0.1673811820580827,False,True,Tier 1,SFD↑ VFD↑,higher density
327.32,Obstructive sleep apnea,neurological,6,darkblue,area-only,1.0811803826962412,0.0454668779854649,False,1.1924824881165264,8.26539202561041e-08,True,1.143465032198651,2.794846941227021e-05,False,1.0530749643789608,0.1114622241970532,False,19938,1710,18228,1.858915530831418e-17,5.576746592494252e-17,True,3.4383041225890354e-14,1.613159227440269e-13,True,2.6542525258568175e-12,1.1305485161328698e-11,True,area + density (both independent),area + density (both independent),True,area + density (both independent),True,1.1778959966640845,1.0850128123813594,1.2787305026492362,9.348991768588252e-05,False,1.1950208385230865,2.396805658946785e-05,False,1.3602397639521393,1.2577633568308726,1.4710654475564986,1.375063320323642e-14,True,1.3310016976749226,8.016436635074516e-12,False,1.2071952277952782,1.1271854230793807,1.2928842834308578,7.375265477271405e-08,True,1.20421054755967,0.0006291846903845825,False,1.257269374112984,1.1627890059771857,1.3594265777857462,9.251637041409212e-09,True,1.12590415875813,0.0534687277914027,False,True,Tier 1,SFD↑ VFD↑ VFI↑,higher density
070,Viral hepatitis,infectious diseases,1,blue,both,0.9123972280472956,0.1784782326543115,False,0.7683145967256604,1.0186762468344737e-05,True,1.3310234883821843,3.880784954863121e-13,True,1.468279505914614,8.580675103961313e-19,True,20743,702,20041,2.71717853330312e-17,8.112533037230367e-17,True,0.0299993778255168,0.0479375461283546,False,1.6664844343966933e-14,7.907880509988871e-14,True,density independent of area,density independent of area,True,density independent of area,True,1.1702611034585495,1.0135316886457646,1.3512266716573025,0.0320987048630953,False,1.1889377710848814,0.0171335362501038,True,1.0992629280964432,0.9532867985455435,1.2675922785575378,0.1929580426492884,False,1.0958834072110748,0.2205469992453398,True,1.3941702803029712,1.2763590000615217,1.5228558504201224,1.6196955569357168e-13,True,1.0579425262498785,0.387216444741624,False,1.5367430897389804,1.3775102806295134,1.7143823585703342,1.3759133238659102e-14,True,1.5324547649726104,2.764720504658268e-07,False,True,Tier 1,SFD↑ VFD↑,higher density
965.1,Opiates and related narcotics causing adverse effects in therapeutic use,injuries & poisonings,18,gray50,density-only,0.8912034509625703,0.144235610577312,False,0.8769978228178223,0.0466354241691595,False,1.501886736128272,4.419516189448177e-19,True,1.4530512162427802,7.13437854393598e-13,True,16146,539,15607,4.5379638532531775e-17,1.3484235449666588e-16,True,0.0105557488197419,0.0186136627383101,False,1.5695083968322286e-17,8.59099333002904e-17,True,density independent of area,density independent of area,True,density independent of area,True,1.230325442326561,1.0475472065610565,1.4449952083833095,0.0115350880866893,False,1.2360877499869036,0.0097242053348981,True,1.2365290990388746,1.0635235988844065,1.4376777481700973,0.005765209327754,False,1.138633915622213,0.1029982923597683,True,1.593745920386892,1.441099053788626,1.7625617420760733,1.1542268183217701e-19,True,1.460882540438315,1.0761139925313445e-06,False,1.6119929550809806,1.4212269859615712,1.8283647249159216,1.0851430987992769e-13,True,1.1895279874778544,0.0747950339656995,False,True,Tier 1,SFD↑ VFD↑,higher density
577.1,Acute pancreatitis,digestive,10,chartreuse4,density-only,0.9032291227553224,0.0855090097894867,False,1.1835888403907249,0.0006924434368929213,False,1.2127353149105735,3.230942047080463e-07,True,1.2151301310377165,1.6375989000728377e-06,True,21332,873,20459,6.471129381580421e-17,1.9137368408086174e-16,True,1.2592455878685817e-12,5.400475923230205e-12,True,6.308822732301949e-15,3.0517096007414085e-14,True,area + density (both independent),area + density (both independent),True,area + density (both independent),True,1.0331090620404528,0.910682149986238,1.1719943496051095,0.6127587932424419,False,1.0421712777978998,0.5200080733184238,True,1.5912517792894372,1.4187469580090928,1.7847313862403165,2.115694352538714e-15,True,1.5833092091193897,2.9112797371287164e-14,False,1.2246824654829571,1.126886463536027,1.330965620578212,1.812341256677198e-06,True,1.0328217175135654,0.5958936970917379,False,1.5317118284619862,1.3883305777543329,1.6899009234856128,1.848714714407056e-17,True,1.505030530866777,4.43525695427338e-08,False,True,Tier 1,SFD↑ VFD↑ VFI↑,higher density
531,Peptic ulcer (excl. esophageal),digestive,10,chartreuse4,density-only,0.8274599562872436,0.0056444941552031,False,0.8607903186770101,0.0068385633900198,False,1.390464163994177,5.567311330099051e-19,True,1.40186797967514,3.969606502541375e-15,True,22217,731,21486,8.551250440412339e-17,2.516971827744009e-16,True,0.1169884350101909,0.1597391322677442,False,1.2353170128269429e-15,6.318342754131251e-15,True,density independent of area,density independent of area,True,density independent of area,True,1.0976503803766156,0.9509685059081152,1.266957160048519,0.2030019697220062,False,1.1051578680637009,0.1718929293117786,True,1.1751445900306852,1.0329929751418607,1.336857888398263,0.0141506497085839,False,1.1108809831226576,0.119589433893371,True,1.4272329498439411,1.313416372847304,1.5509125173339495,4.87425168135817e-17,True,1.2800371694741444,0.0001124496738414318,False,1.5165440313610148,1.3651166412302602,1.684768707371419,8.564041968091315e-15,True,1.2216517790970267,0.0141079481715211,False,True,Tier 1,SFD↑ VFD↑,higher density
296.2,Depression,mental disorders,5,magenta,density-only,1.006726861089352,0.856599087035157,False,0.9461312415751122,0.0772244892130401,False,1.221385624438304,4.2954068410692214e-16,True,1.1823762699258706,1.5223106242876755e-10,True,17957,2464,15493,1.1032522032738632e-16,3.2320627926896276e-16,True,0.00027048667669649437,0.0006205282583037223,False,1.4159093092447262e-17,7.853576968610749e-17,True,density independent of area,density independent of area,True,density independent of area,True,1.1662260262532849,1.0782997181150096,1.2613219881834965,0.00012061750092428092,False,1.167778832047444,0.00010664525703396308,False,1.096099067537631,1.017516329289154,1.180750746964617,0.0156294187238318,False,1.0514829754695074,0.2007917047514805,True,1.2768035006641465,1.2104110517858768,1.3468376523024412,2.9949832175913266e-19,True,1.2358996573643373,1.687647695627131e-07,False,1.2375414879067568,1.1616370199366777,1.3184057567087124,4.1274711119854066e-11,True,1.0655022243984604,0.1895876028576314,False,True,Tier 1,SFD↑ VFD↑,higher density
532,Dysphagia,digestive,10,chartreuse4,density-only,0.9722844054652118,0.6392930161382938,False,0.9244301575515378,0.0998380130852357,False,1.2948725499832203,1.2759572583740963e-14,True,1.1405906981308962,0.0005521753302109508,False,16514,1063,15451,1.3796202919587107e-16,4.022818047580539e-16,True,0.0036096028159031,0.0069841617275148,False,1.3304529926509018e-17,7.412523816197881e-17,True,density independent of area,density independent of area,True,density independent of area,True,1.2415593694995075,1.0936626569908352,1.4094562506443262,0.0008273311410566853,False,1.233427031544443,0.0012270079264249,True,1.0309212635440743,0.9185768570328304,1.1570056914566116,0.6049523728390165,False,0.936267351703092,0.274204914429324,True,1.3744999736415608,1.2753793333066858,1.4813241270284483,8.107264599861231e-17,True,1.592252089862974,2.7568085218251644e-16,False,1.1576679841359891,1.054266073747408,1.271211504255028,0.002162445698696,False,0.7878648640590769,0.0006810552061515024,False,True,Tier 1,SFD↑,higher density
041.1,Staphylococcus infections,infectious diseases,1,blue,density-only,0.7557928052646924,0.0011850825331678,False,0.7421521566888093,0.00010542499376892884,False,1.5866606530956175,3.617702544168405e-19,True,1.6280914012473384,6.574293226617068e-17,True,18356,414,17942,1.555216345130823e-16,4.513744183077365e-16,True,0.6619446270388373,0.704268452297075,False,3.359776075676993e-13,1.4816256333727518e-12,True,density independent of area,density independent of area,True,density independent of area,True,1.0442221215650689,0.8741709142298796,1.2473531450385371,0.6332639945406471,False,1.0550527984607383,0.5534456524893716,True,1.140817672143723,0.9547383305304163,1.3631640413477255,0.1470205078574107,False,1.067393850065708,0.4850271292902059,True,1.6075541948353438,1.4336164647275067,1.8025954311454604,4.474015574792721e-16,True,1.3332761443972785,0.0011869380158887,False,1.739782254590642,1.5043088006532463,2.0121149939919856,8.443289208658841e-14,True,1.3422916477516622,0.0081240345545976,False,True,Tier 1,SFD↑ VFD↑,higher density
401.3,Other hypertensive complications,circulatory system,8,red,both,0.8695051618417607,0.1549055791806039,False,1.4282496381848828,2.6533280476334784e-06,True,1.3622891702178077,7.216561912262195e-08,True,1.1975496811588038,0.0052754658286938,False,13343,342,13001,4.0150099935318773e-16,1.159891775909209e-15,True,3.163095493498591e-11,1.2693064874232287e-10,True,3.837969133651551e-12,1.618170769863897e-11,True,area + density (both independent),area + density (both independent),True,area + density (both independent),True,1.1058543302681765,0.8997210586288676,1.3592143787726156,0.339081937598994,False,1.1122309914294122,0.3140243229071511,True,2.0777799301238304,1.737902809525423,2.484125932913532,1.0204078856554731e-15,True,1.9407585505734983,1.673986704351671e-12,False,1.402928458353473,1.234554189589695,1.5942663966108994,2.1013798842092845e-07,True,1.3747621358671616,0.0015541444779186,False,1.74265050283585,1.4910859260154514,2.0366571248842775,2.901254253829375e-12,True,1.329765278697065,0.0191116377217451,False,True,Tier 1,SFD↑ VFD↑ VFI↑,higher density
729,Other disorders of soft tissues,musculoskeletal,14,darkolivegreen,density-only,0.8887564678270398,0.0215212592934944,False,0.9001061572640372,0.013332307826853,False,1.316193663815514,9.920071489496853e-19,True,1.218628062252375,1.1352765411871654e-08,True,20267,1238,19029,4.827991039187322e-16,1.3819570680976552e-15,True,0.2816779724682646,0.3412952520780527,False,1.729361234181811e-15,8.773344797800407e-15,True,density independent of area,density independent of area,True,density independent of area,True,1.0921287850115575,0.9801758119782888,1.2168687173003208,0.1102444081427154,False,1.08903577140224,0.122805241656027,True,1.0598362965345411,0.9575634925859312,1.1730323724212486,0.2616770482330149,False,0.977374991384309,0.6669402698444283,True,1.350357478193151,1.260749288983508,1.446334600261686,1.0000994302843909e-17,True,1.4213780671986485,1.9400570360223717e-11,False,1.2546275494361847,1.1525544542117747,1.3657404923924026,1.6119495590389345e-07,True,0.9214686554001168,0.2041791812408673,False,True,Tier 1,SFD↑ VFD↑,higher density
859,Complication due to other implant and internal device,injuries & poisonings,18,gray50,both,0.6484693357889068,1.3879912609745315e-05,True,0.7708702172195767,0.0016051310994079,False,1.536922807154979,4.419909980036363e-19,True,1.5686286256861652,9.510501184865969e-15,True,21073,383,20690,8.953310996571452e-16,2.5510803935436464e-15,True,0.521389194831752,0.5732984274449572,False,4.760602379180909e-12,1.993701935979119e-11,True,density independent of area,density independent of area,True,density independent of area,True,0.969644483363943,0.7851876428164947,1.1974340563302313,0.7746258769531479,False,0.9810008922162295,0.8588045491258747,False,1.207178362564297,0.9977151174298388,1.4606169372249644,0.0528140723297977,False,1.1195150315259903,0.2535591065113144,True,1.5238207220598143,1.3636717413143795,1.7027775252868391,1.0459893024530095e-13,True,1.3542387793240152,0.000336963971045888,False,1.7106769432059372,1.4814776608299591,1.975335626982699,2.5702387144414266e-13,True,1.248575776217138,0.045032995849117,False,True,Tier 1,SFD↑ VFD↑,higher density
573.7,Abnormal results of function study of liver,digestive,10,chartreuse4,density-only,0.8054615485244141,0.0672783169507997,False,1.0722367120037777,0.4542821002266747,False,1.69269325085987,6.727893877003405e-15,True,1.5812152513261226,1.2988272992649763e-09,True,14320,266,14054,9.627982277491449e-16,2.730845882343029e-15,True,1.2279275707609338e-05,3.331420887629664e-05,True,2.241694796950913e-16,1.1904830240828678e-15,True,area + density (both independent),area + density (both independent),True,area + density (both independent),True,1.1889680942071108,0.9378854905829832,1.5072683640342674,0.1526843213522307,False,1.2058927507983284,0.1199801821520657,True,1.8108243222103264,1.474004303505697,2.2246100083355778,1.5586502450672485e-08,True,1.670630677761791,2.659765313870963e-06,False,1.7797266515207784,1.532885842076455,2.0663162690854717,3.813638660915116e-14,True,1.486252322464467,0.0006099730044323828,False,2.140688892367565,1.786268175305472,2.5654316620863526,1.6944498379772866e-16,True,1.5673782677174846,0.001260979202314,False,True,Tier 1,SFD↑ VFD↑ VFI↑,higher density
426.21,First degree AV block,circulatory system,8,red,density-only,0.9110324611354808,0.4328469216857934,False,0.7098949443459315,0.00036066144712687385,False,1.8319650707181805,1.1557790639531262e-16,True,1.8211231612400076,1.2510370909610156e-13,True,12315,250,12065,1.7550480272745494e-15,4.955429724069316e-15,True,0.0087172122359008,0.0156759090351645,False,3.711055901427674e-14,1.734605904487542e-13,True,density independent of area,density independent of area,True,density independent of area,True,1.460797785655877,1.1469562569444434,1.860515741255926,0.0021332369396697,False,1.4603974632381205,0.0021219385426136,True,1.189972165783559,0.9452216736141504,1.4980970018654622,0.1387537893125096,False,1.1096352483096272,0.3904808250095528,True,2.0647211107320302,1.7547633098499982,2.4294292234016037,2.4208425041569668e-18,True,1.6821388382041529,4.401277793701512e-05,False,2.016277560557323,1.6371987740062703,2.483128662049327,4.1285151719702314e-11,True,1.3945283562392103,0.0339287953405963,False,True,Tier 1,SFD↑ VFD↑,higher density
153,Colorectal cancer,neoplasms,2,darkcyan,density-only,0.7961225590440774,8.999568252689941e-05,False,0.8497467489637004,0.0004028526248075744,False,1.1969999944614482,4.5754938831558385e-08,True,1.3361111696196613,2.0680876456287936e-16,True,19113,1183,17930,2.491357491187815e-15,7.002734569825209e-15,True,0.0331999481307991,0.0525806285117224,False,9.537318655784755e-12,3.9024831745637285e-11,True,density independent of area,density independent of area,True,density independent of area,True,0.8977737773661336,0.7911317431266147,1.0187908174950606,0.0946389738250159,False,0.922740579715076,0.2079839411590058,False,1.1189516384281706,1.001252086932663,1.2504870506455097,0.0474758092953198,False,1.1429334143907413,0.021570297928214,True,1.161865660531896,1.080018474789044,1.2499154825910697,5.688986647944346e-05,False,0.9058724480990488,0.0540283072303709,False,1.412841592260677,1.2931560037162322,1.5436044522743522,1.9726167056627453e-14,True,1.5175864955528129,1.87591099497301e-10,False,True,Tier 1,VFD↑,higher density
279,Disorders involving the immune mechanism,endocrine/metabolic,3,brown,both,0.9122595126859302,0.1849168806381284,False,1.2873508215010523,1.1278778342642663e-05,True,1.216059990308511,1.509756325285238e-06,True,1.1569301302056898,0.0012514981299378,False,22270,677,21593,2.5947208323462793e-15,7.260564122798558e-15,True,5.566074082154085e-12,2.3154868181760995e-11,True,8.550476246922921e-12,3.5217803155642925e-11,True,area + density (both independent),area + density (both independent),True,area + density (both independent),True,1.0708788579892323,0.9237394938679936,1.2414555576555253,0.3638393064700917,False,1.0587104229766686,0.448986656077554,True,1.7284088870329604,1.5139250119819958,1.973279559509678,5.746869845855502e-16,True,1.6757769323935,1.310722429741915e-13,False,1.2403574729185642,1.132933104686738,1.3579677866773312,3.157421696081658e-06,True,1.14462938857857,0.0505408309598046,False,1.5018667009439886,1.3464328974484647,1.6752439662450498,2.955116435277385e-13,True,1.3425536750348184,0.0005070336917325257,False,True,Tier 1,SFD↑ VFD↑ VFI↑,higher density
459.7,Blood vessel replaced,circulatory system,8,red,density-only,0.8725270606304064,0.2672840119389741,False,0.6658416182999922,0.00012641811832921103,False,1.8025208371642405,1.148022751459229e-17,True,1.8508928519080927,2.2387019592432224e-14,True,19630,205,19425,2.7511342640307308e-15,7.663874021228464e-15,True,0.0292467922746862,0.0469151629290597,False,1.8267350177922086e-13,8.17120180001676e-13,True,density independent of area,density independent of area,True,density independent of area,True,1.3947951703391466,1.0935607597431691,1.779008207699692,0.0073525841451932,False,1.399389014545268,0.0066634318311516,True,1.071164101826657,0.8443288657130295,1.3589403129942077,0.5712373101881847,False,0.9748105637719728,0.8390262322974643,True,1.9931358170167448,1.707879386182401,2.326036848512401,2.096039463806722e-18,True,1.6635677966056794,5.364317995386023e-05,False,1.9134634511851245,1.573759308511432,2.326494502189431,7.647955809608577e-11,True,1.2790648195441134,0.1180045091519524,False,True,Tier 1,SFD↑ VFD↑,higher density
394,Rheumatic disease of the heart valves,circulatory system,8,red,both,0.5189551004522487,4.844476895339246e-09,True,0.7190209979014873,4.345004878584317e-05,False,1.5769172456072995,4.2642199859662395e-18,True,1.5471979305750998,2.964549109537464e-12,True,20567,338,20229,3.2259172373529266e-15,8.946543804925448e-15,True,0.0585895651824475,0.0880961172863789,False,3.050364604053436e-07,9.51713756464672e-07,True,density independent of area,density independent of area,True,density independent of area,True,0.7612574967772462,0.5974111618118193,0.9700404234866,0.0273879033185357,False,0.768743126368303,0.0330025219354429,False,1.0020344236798306,0.8282461104675897,1.2122881997870378,0.9833154960372712,False,0.9173771976744122,0.3770757723867371,True,1.4662552429320153,1.2991168754298834,1.6548968596179696,5.725763608885401e-10,True,1.4288026769307642,0.000125536791396401,False,1.5487605689217916,1.3266067880404735,1.8081162568073417,3.0657493090535106e-08,True,1.0060145870954982,0.95950326818008,False,True,Tier 1,SFD↑ VFD↑,higher density
250.7,Diabetic retinopathy,endocrine/metabolic,3,brown,density-only,0.8546373771749725,0.1674206348800423,False,1.313404785638705,0.001146139075234,False,1.586608872937061,9.98322580705174e-12,True,1.3183204498407586,0.0004716110165198491,False,21289,214,21075,3.2601718655099587e-15,9.001536478222186e-15,True,6.452891103350266e-07,1.9641970968246664e-06,True,6.372572486116611e-14,2.945544615805011e-13,True,area + density (both independent),area + density (both independent),True,area + density (both independent),True,1.2163820216769394,0.9643924345371878,1.5342148794115458,0.0981595000399978,False,1.2238345056082645,0.0899461600511149,True,1.908247860080115,1.5811948071184376,2.302948301567235,1.622082703902432e-11,True,1.6862588766116586,1.668868797744141e-07,False,1.6917961860487545,1.45110028841375,1.9724166261849871,1.881616396832363e-11,True,1.8266949799766456,2.674370711269979e-06,False,1.9089282501669216,1.5832302063293693,2.3016280574470422,1.254805603638148e-11,True,1.1304202388380715,0.4256479264277062,False,True,Tier 1,SFD↑ VFD↑ VFI↑,higher density
345,"Epilepsy, recurrent seizures, convulsions",neurological,6,darkblue,density-only,0.9898932248789416,0.8871265208396818,False,0.893220099028802,0.0758758648950101,False,1.385326064140779,6.252890421574675e-15,True,1.2291896683629162,2.163982385307877e-05,False,20023,618,19405,4.1254645102413675e-15,1.1340483940046754e-14,True,0.0029459715873363,0.0057626528855733,False,5.499671525080505e-16,2.836194241033252e-15,True,density independent of area,density independent of area,True,density independent of area,True,1.3071108865906038,1.1283716847196636,1.514163190179794,0.0003572571129526145,False,1.2972706097106737,0.0005458690954534849,True,1.071620555054411,0.921653043422116,1.2459901502101058,0.3685013264449713,False,0.9594738654046776,0.5980254560186248,True,1.496004316171392,1.363865926437014,1.640944956994489,1.375678200976648e-17,True,1.6685038591266268,1.2677704099126814e-13,False,1.269770214283846,1.1275554008578312,1.429922109242537,8.119383580063368e-05,False,0.8367024610989274,0.0414871694220609,False,True,Tier 1,SFD↑,higher density
151,Cancer of stomach,neoplasms,2,darkcyan,both,0.6025284167043146,0.0002901633871208198,False,0.612911572265571,1.2914612961518686e-05,True,1.56672462305439,1.2556364422088196e-14,True,1.8201943744114768,2.9178061148915436e-17,True,19255,248,19007,4.1972416840527856e-15,1.1487187766881311e-14,True,0.402648835160166,0.461861899154308,False,5.2564125934417904e-11,2.0694015509827614e-10,True,density independent of area,density independent of area,True,density independent of area,True,1.05621140975259,0.78404936813403,1.422847319865258,0.7190543758444683,False,1.1119189736269304,0.4805728359042422,True,1.2106872419243986,0.9292015236563416,1.5774442469603716,0.1567499370737544,False,1.1673064044174966,0.2630057316642794,True,1.589693462843013,1.3832657347268411,1.826926845914282,6.501606744290831e-11,True,1.1383406398732885,0.2049225335446209,False,1.9841826879149564,1.6514283404032015,2.383985331183183,2.5538237837330683e-13,True,1.7795024307392848,4.056387379795213e-05,False,True,Tier 1,SFD↑ VFD↑,higher density
562,Diverticulosis and diverticulitis,digestive,10,chartreuse4,both,1.097601135559355,0.0235903971310522,False,1.1909706915779896,6.615218548438252e-08,True,0.8000525641216693,4.1305250514422804e-12,True,0.8674705652921451,2.342928536164572e-06,True,12385,2361,10024,5.0180398848789404e-15,1.3673610865346981e-14,True,9.51969194587415e-06,2.605389374660294e-05,True,1.3027377830124855e-09,4.781813979998771e-09,True,area + density (both independent),area + density (both independent),True,area + density (both independent),True,0.9929532403456678,0.9104934518876612,1.0828810854914432,0.8729829383116157,False,0.9945968681238406,0.9030969776108392,True,1.1377849228352843,1.052280463889416,1.2302371611522558,0.0012018565894668,False,1.2210573923601575,1.543597516965598e-06,False,0.7986616209215242,0.7472263092121545,0.8536374815355884,3.6115463946472056e-11,True,0.7430301566202857,9.622835965699622e-10,False,0.9297654343276216,0.8645447146445623,0.9999063648498914,0.0497057599674551,False,1.17822768909724,0.0019887989562939,False,True,Tier 1,SFD↓,lower density
300,Anxiety disorders,mental disorders,5,magenta,density-only,0.9615633960318146,0.2742208309730196,False,0.9333795378162404,0.0253857744170775,False,1.2113524905619888,3.5788867362392773e-16,True,1.180693549563663,2.326227853702315e-11,True,18280,2787,15493,5.707566031105842e-15,1.548487479743498e-14,True,0.0286088658500304,0.0460101347691211,False,2.5039761432663847e-15,1.2550049103600194e-14,True,density independent of area,density independent of area,True,density independent of area,True,1.1002608148847866,1.0197071680724965,1.187177945467643,0.0137764978901143,False,1.1022442726201047,0.0121747794515154,True,1.0775439111336809,1.001740360553948,1.159083656945995,0.0447832231574787,False,1.0359072949380028,0.3587584689388313,True,1.2449621202371148,1.1829491339480498,1.3102259736667248,4.28669061994142e-17,True,1.1995647192978605,2.3345551469321727e-06,False,1.2236105982827294,1.1523665728090224,1.299259221464721,4.2958769187973065e-11,True,1.0661087539103131,0.1611498031541126,False,True,Tier 1,SFD↑ VFD↑,higher density
441,Vascular insufficiency of intestine,circulatory system,8,red,density-only,0.7809734926321238,0.0160982181840125,False,0.8705145901303039,0.0912126223719085,False,1.4134705655846391,5.983448635309046e-12,True,1.5714668440873598,1.6442711863011563e-14,True,20347,367,19980,5.967992020598314e-15,1.6121329094603234e-14,True,0.0008985403838954803,0.0019367502575156,False,6.206205523786589e-15,3.025525192845962e-14,True,density independent of area,density independent of area,True,density independent of area,True,1.1053827034870205,0.88973092678486,1.373303865679525,0.3655586668351154,False,1.1384345679784025,0.2358151279634028,True,1.4444830564575817,1.1984354349115511,1.7410460669055816,0.0001134264786746916,False,1.427361775640459,0.00027754358181309444,True,1.452692755432982,1.2946381910879297,1.6300432477695546,2.0996051478450266e-10,True,1.0679282918898003,0.4206762322947455,False,1.8650227624204256,1.613835807543191,2.1553059413407674,3.050491260906579e-17,True,1.811768276430511,6.098587805375379e-08,False,True,Tier 1,SFD↑ VFD↑,higher density
198.6,Secondary malignancy of bone,neoplasms,2,darkcyan,density-only,0.7945415183007944,0.0082944752609099,False,0.9622819660362056,0.5589773758411192,False,1.4043713424171291,4.6174302022538866e-15,True,1.3804824166736536,5.92509040978004e-11,True,17494,565,16929,6.772474008226222e-15,1.821561974626363e-14,True,0.0011305432780844,0.0023995204269547,False,6.4296122798785655e-15,3.0981297781036495e-14,True,density independent of area,density independent of area,True,density independent of area,True,1.105101737067646,0.919578214767558,1.3280543510685765,0.2865052917563516,False,1.1062178628687214,0.2830978911355249,True,1.418308832951618,1.2159413781994357,1.6543560254585257,8.619104591460218e-06,True,1.3351886546457887,0.0003482472161705601,True,1.4419474555437526,1.3073482233473506,1.5904044748119677,2.4755963698167976e-13,True,1.2848912379566146,0.0007875768177406948,False,1.6299566513361423,1.443740895740413,1.84019078012778,2.9498315767620413e-15,True,1.310827753350297,0.0038600863348034,False,True,Tier 1,SFD↑ VFD↑ VFI↑,higher density
562.2,Diverticulitis,digestive,10,chartreuse4,both,1.09715182833575,0.0845812443566687,False,1.231284275839737,1.2242396989807308e-06,True,0.7352616517113081,2.9545993339880754e-12,True,0.837090694959083,1.2762246981658164e-05,True,11185,1161,10024,7.224780806753251e-15,1.9348769199201838e-14,True,2.2979691679292975e-05,6.024927566335638e-05,True,5.6391642042454945e-11,2.213105951854836e-10,True,area + density (both independent),area + density (both independent),True,area + density (both independent),True,0.9724971478455634,0.8692914151879635,1.0879558753761067,0.6261077984130583,False,0.9747302461632212,0.6569783904091908,True,1.1604532798523737,1.047815305011354,1.285199603670171,0.0042826916527698,False,1.2852293956005718,4.00964119302226e-06,False,0.7309397661281204,0.6683995382882251,0.7993317037227573,6.514770389724979e-12,True,0.6553192332778395,4.9274158613024345e-11,False,0.9049965104574236,0.8211766392531272,0.9973721179952508,0.0441118022156269,False,1.248704329641125,0.0013897965666656,False,True,Tier 1,SFD↓,lower density
296.22,Major depressive disorder,mental disorders,5,magenta,density-only,1.044019072934694,0.3078724928271387,False,0.9370175561679212,0.0687566297827292,False,1.2240429834687827,7.899048841876425e-13,True,1.2095436716706651,2.2891902835323795e-10,True,17291,1798,15493,9.302870655576047e-15,2.4807655081536133e-14,True,4.6081601021752706e-05,0.00011571395990975328,False,3.0143986642827378e-15,1.5047878132099422e-14,True,density independent of area,density independent of area,True,density independent of area,True,1.209940945950425,1.107475922270059,1.3218861586504282,2.431571400637317e-05,False,1.2141937065461874,1.717280078562087e-05,False,1.0973895317783269,1.009393102637959,1.193057275019434,0.0293173593056573,False,1.063318981973951,0.1650239637185649,True,1.2924178973447518,1.215940304525092,1.3737056129818912,1.688555069149749e-16,True,1.2026384253772322,7.14647179685039e-05,False,1.2660989238052691,1.1783505160620946,1.3603817056217835,1.2076625214041504e-10,True,1.1300441824143406,0.026849500811058,False,True,Tier 1,SFD↑ VFD↑,higher density
250.4,Abnormal glucose,endocrine/metabolic,3,brown,area-only,1.0055797964322917,0.905026533581094,False,1.3276482718820677,1.1210003544121445e-14,True,1.0269351080173172,0.4059728346277306,False,0.9091419078553492,0.0038125094359605,False,18565,1565,17000,1.0356425452171224e-14,2.7499614817680184e-14,True,6.231975943272557e-10,2.314733921786949e-09,True,0.0026372197538112,0.0052492029549544,False,area independent of density,area independent of density,True,area independent of density,True,1.0257599072658103,0.9283480075008766,1.133393273699648,0.6173715053920481,False,1.0260080660981916,0.6193467869012246,False,1.4086088823911236,1.2876203871753098,1.540965802742469,7.601481410783712e-14,True,1.3616190373512205,7.04276092416255e-11,False,1.0343261902727297,0.9655559482241938,1.1079944873745355,0.3363257271005292,False,1.162184594943826,0.0046655295641111,False,1.0931188414931268,1.0078539031487894,1.1855972357641116,0.0316526626261649,False,0.9630924320906122,0.5405382185320379,True,True,Tier 1,VFI↑,
304,Adjustment reaction,mental disorders,5,magenta,density-only,0.7562746558624712,0.0005955592611175134,False,0.8774736482867735,0.0500235037238593,False,1.4210707367882884,1.5859224609607124e-17,True,1.392347934639901,4.430499994836285e-12,True,16089,596,15493,1.3381784833956214e-14,3.538234634062999e-14,True,0.1575490793336022,0.2082852235257792,False,3.5868012473442314e-13,1.5761718157343664e-12,True,density independent of area,density independent of area,True,density independent of area,True,1.0482410806825766,0.8823137434139433,1.2453726029234733,0.5920515585232204,False,1.0515536289301806,0.5675898528819951,True,1.2496549562394157,1.0708900189084127,1.4582613359731889,0.0046619452406759,False,1.161394865980532,0.064244983343535,True,1.4398390026964138,1.310594032691209,1.5818295383420673,3.039662153456026e-14,True,1.3372542029564365,5.354189143384109e-05,False,1.5420224566591996,1.370982349913323,1.7344010716050473,5.1941113475452e-13,True,1.1744785829235342,0.0762996564691897,False,True,Tier 1,SFD↑ VFD↑,higher density
457.3,Encounter for long-term (current) use of aspirin,circulatory system,8,red,density-only,0.8846126683088485,0.0249196915204744,False,0.9900603929345534,0.8101009367039752,False,1.3140841143274982,7.432113790708097e-16,True,1.221748625740292,4.86415578870011e-08,True,17359,1281,16078,1.3446076614739568e-14,3.5402328302099115e-14,True,0.0213655362245673,0.0351306840688537,False,4.681938898852683e-15,2.3004172227433657e-14,True,density independent of area,density independent of area,True,density independent of area,True,1.0732793971355048,0.9562057471964144,1.2046870327782444,0.2301220298410243,False,1.0780372675588652,0.2034117763819285,True,1.218985418346602,1.102291716953954,1.3480328549032468,0.000114835526656286,False,1.1424019973554838,0.0119894871997393,True,1.3406688045448178,1.2448886349370485,1.4438181802266363,9.043613512843581e-15,True,1.3396207816816974,2.912221907944679e-07,False,1.360666199974654,1.2429288273913828,1.4895563341620672,2.566152343417908e-11,True,1.0566236657902368,0.4248126607045309,False,True,Tier 1,SFD↑ VFD↑,higher density
960.2,Allergy/adverse effect of penicillin,injuries & poisonings,18,gray50,density-only,0.8954569037382696,0.0765788694612724,False,0.9284450409477016,0.1432560886456496,False,1.3653301271573417,1.2063324687343155e-16,True,1.303930376569844,2.0262464345736183e-10,True,16492,885,15607,1.411171008016207e-14,3.699876928580307e-14,True,0.0575437651812844,0.0866280083790626,False,4.012020234243242e-15,1.98690525886332e-14,True,density independent of area,density independent of area,True,density independent of area,True,1.1275020302422991,0.9899455342325748,1.2841724966071124,0.0706473039067613,False,1.1307899708982363,0.0641257988121701,True,1.1788303597902448,1.0477053487235075,1.3263662525501991,0.0062466309081198,False,1.102050063276658,0.1186352716195203,True,1.412353008628059,1.300508382986055,1.5338163498805517,2.361525416110249e-16,True,1.3506961477396209,1.6563215275369403e-06,False,1.41434654714958,1.279064544529791,1.5639368349228349,1.3975635325955338e-11,True,1.1038817274788717,0.2007572793267888,False,True,Tier 1,SFD↑ VFD↑,higher density
427.11,Paroxysmal supraventricular tachycardia,circulatory system,8,red,density-only,0.8700453172683946,0.1521463385722325,False,0.8385658650841996,0.0150222899242344,False,1.5757317088247376,1.0000862861647034e-16,True,1.528744300052107,4.561372443186834e-12,True,12494,429,12065,1.6253607168016882e-14,4.243619612068005e-14,True,0.0643772174333088,0.0951928523184471,False,1.8261231922809987e-14,8.632582363510176e-14,True,density independent of area,density independent of area,True,density independent of area,True,1.2443165405363037,1.018951431506942,1.5195264515820897,0.0320233134618584,False,1.2479922199479003,0.0296328895238771,True,1.1880559626957994,1.0043447656387758,1.4053709630271487,0.0443732935593722,False,1.0922894682997633,0.3201219773295844,True,1.6723057460767352,1.482263727680286,1.8867131780509137,6.574487123793972e-17,True,1.4946607224074628,1.255114081912398e-05,False,1.6729302228594658,1.441417013036718,1.9416279294917191,1.278296496418614e-11,True,1.2149495692924004,0.0842076881885691,False,True,Tier 1,SFD↑ VFD↑,higher density
153.2,Colon cancer,neoplasms,2,darkcyan,density-only,0.8329786492976896,0.0055343579238591,False,0.8866049457587434,0.0198172780149559,False,1.233418993250289,1.2528457875944294e-08,True,1.363437118650357,7.867463287042787e-15,True,18828,898,17930,1.9377382062031872e-14,5.038119336128286e-14,True,0.0040358332798912,0.0077487998973911,False,1.4732991024176877e-13,6.637824114863806e-13,True,density independent of area,density independent of area,True,density independent of area,True,0.9812682441325964,0.8514329112692919,1.1309022169552077,0.793987576220116,False,1.0055133363217512,0.9388740068218726,False,1.2230818903407168,1.0812250201350058,1.3835504012778337,0.0013668611487419,False,1.243291453796902,0.0007582416506895179,True,1.2269333413460848,1.1299750077288089,1.3322112558333252,1.1202516895929388e-06,True,0.9405298425412916,0.2955943084771136,False,1.5080873026106725,1.3649811755404655,1.6661968333702566,6.667141582576779e-16,True,1.6015949525594186,2.5888751832341857e-10,False,True,Tier 1,SFD↑ VFD↑,higher density
287.31,Primary thrombocytopenia,hematopoietic,4,darkorange1,density-only,0.7588482148021354,0.0219661373120805,False,0.8665129511373612,0.1347090208134008,False,1.5992068222613125,4.736247592360938e-12,True,1.795800465056244,1.8512406972040788e-14,True,18713,231,18482,3.0962915463042754e-14,8.016954045202771e-14,True,0.0027561224615786,0.005416757215827,False,2.6390265590826423e-14,1.2428321304660898e-13,True,density independent of area,density independent of area,True,density independent of area,True,1.067408141449504,0.8338684032387235,1.366354854084216,0.6045878143238785,False,1.089862480071738,0.4892143239599202,True,1.4819965034242362,1.2013608509125633,1.8281881205745336,0.00023999441694506167,False,1.4683021013810442,0.0005033335391532257,True,1.6291942891646851,1.4013500557755412,1.894083509618076,2.1526017501809072e-10,True,1.071206142409029,0.5308438601408252,False,2.188066812980511,1.8219443785643992,2.6277620954812613,5.2459896507446186e-17,True,2.1005820583212236,1.0258730749662896e-07,False,True,Tier 1,SFD↑ VFD↑,higher density
080,Postoperative infection,infectious diseases,1,blue,density-only,0.7517257969494061,0.0044129102498489,False,0.7890320068401185,0.0076608146534561,False,1.579701121126523,3.1853156844622995e-17,True,1.5939111982068364,5.157222526723124e-13,True,21923,315,21608,3.152150229834048e-14,8.127858443869611e-14,True,0.167634203053453,0.2192950580825045,False,5.785329991609869e-13,2.515711438860319e-12,True,density independent of area,density independent of area,True,density independent of area,True,1.117501239903321,0.9089283155195924,1.3739356557195308,0.291876814241436,False,1.1285004398884269,0.2511236809059074,True,1.2754872377099342,1.0382716825446832,1.5668998017683144,0.0204657081759055,False,1.1776748011328244,0.1288111396187187,True,1.6340746276335516,1.4440815717360005,1.8490644440990645,6.864115998187932e-15,True,1.4311528359305137,0.00021731935244216996,False,1.7966861628506918,1.5271022434579635,2.1138605365869214,1.616287551329216e-12,True,1.2983701317088918,0.0391850752469247,False,True,Tier 1,SFD↑ VFD↑,higher density
681.5,"Cellulitis and abscess of leg, except foot",dermatologic,13,firebrick,density-only,0.8014928742696987,0.0205076133193131,False,0.8432227260401643,0.0333006415373644,False,1.6174657897047358,2.506842694544918e-17,True,1.6120005490635338,3.071260121960772e-13,True,20866,303,20563,3.382212319683238e-14,8.685187191285353e-14,True,0.1351811617289925,0.1814043976750351,False,8.568523016089367e-14,3.931439972088062e-13,True,density independent of area,density independent of area,True,density independent of area,True,1.1306540273938726,0.9294623057276052,1.3753957764443594,0.2193407953335417,False,1.1394852198295589,0.1921259623989072,True,1.2471572640746438,1.042772495426391,1.4916017138504838,0.0155801631976633,False,1.1591416093398557,0.1164661742574677,True,1.6794827377111037,1.4797183153034248,1.9062156878765069,1.0169021949248133e-15,True,1.4510667156598305,0.00027981390898730937,False,1.8011743230549402,1.5405244923559414,2.105924935390664,1.6052964239817591e-13,True,1.3030595793850503,0.0356418221599912,False,True,Tier 1,SFD↑ VFD↑,higher density
425,Cardiomyopathy,circulatory system,8,red,density-only,0.8464847686394261,0.0260245751186723,False,0.8928543099042197,0.0635805390594241,False,1.4341604213432804,4.619247642995865e-17,True,1.36930914616312,1.7729770753215083e-10,True,21865,555,21310,3.496860107144299e-14,8.942789782205094e-14,True,0.1237621033771557,0.1678859837116199,False,3.8893843640364146e-14,1.8111760023572554e-13,True,density independent of area,density independent of area,True,density independent of area,True,1.1338685217845748,0.9699885103053152,1.3254361376809105,0.1147057456658612,False,1.1348098288463166,0.112803242963241,True,1.192903475571684,1.0342274666922762,1.3759242989186709,0.0154314412254954,False,1.1036184845270531,0.1865621598099312,True,1.4884986299036749,1.3519635897180753,1.6388223677585445,5.3520340869219935e-16,True,1.4462915316393314,9.948484824553616e-07,False,1.496897925026315,1.3269998978453814,1.6885482821711324,5.2832607276873545e-11,True,1.0827845308786308,0.3974576551694844,False,True,Tier 1,SFD↑ VFD↑,higher density
558,Noninfectious gastroenteritis,digestive,10,chartreuse4,density-only,0.8552428628484898,0.00185435833971,False,0.9221558200451766,0.0595277095032434,False,1.2609080972580116,2.107638112197856e-13,True,1.2831514304621268,4.251621533674586e-14,True,11578,1554,10024,3.676106137526381e-14,9.362817264556986e-14,True,0.037482830818746,0.0587670513339134,False,3.749403537936838e-13,1.636103362008802e-12,True,density independent of area,density independent of area,True,density independent of area,True,0.9923438970824344,0.8922730113420534,1.103638009397608,0.8873091098865691,False,0.998795637380676,0.982247580917872,False,1.170752339560741,1.058749143375991,1.2946041554436374,0.0021216153508274,False,1.1458191056796163,0.0098789028712365,True,1.2581957656473053,1.1746951523599187,1.3476318358107693,5.5481168017808934e-11,True,1.0898275701411306,0.0929994031234096,False,1.3793964188297725,1.273793090075122,1.493754751148938,2.4701666720476055e-15,True,1.2771932940201227,4.5998501847824015e-05,False,True,Tier 1,SFD↑ VFD↑,higher density
433,Cerebrovascular disease,circulatory system,8,red,density-only,0.9911628408410322,0.8679735992603013,False,0.9418591862039104,0.1285906217395452,False,1.2503195539953196,2.0116191693912998e-13,True,1.149937186651707,3.73309818046329e-05,False,21986,1360,20626,4.0959495419071014e-14,1.038972566727655e-13,True,0.0027278895174879,0.0053867185408622,False,3.716434810110372e-15,1.8478528458238023e-14,True,density independent of area,density independent of area,True,density independent of area,True,1.224946828004022,1.0932378452559597,1.3725235893986123,0.0004724609733078815,False,1.2230802468715414,0.000527476158739567,True,1.0639836097232336,0.966128222544996,1.1717503902096789,0.2076926498730824,False,0.9858819915922034,0.7788785658411619,True,1.3230923235541114,1.2363394026556322,1.4159326256913116,5.89688542308436e-16,True,1.4435723329355783,3.128448135060674e-12,False,1.1887811669462909,1.092780914929517,1.2932149926660597,5.692520371207527e-05,False,0.8796881819805352,0.0479648873201155,False,True,Tier 1,SFD↑,higher density
961.1,Poisoning/allergy of sulfonamides,injuries & poisonings,18,gray50,density-only,0.8421510130045171,0.0437065045782833,False,0.9167401476086318,0.1980775944297405,False,1.4574098507235198,3.922605910088242e-16,True,1.3394426068909702,4.925892869506382e-08,True,16117,510,15607,1.804674712617649e-13,4.559178221349849e-13,True,0.1663888025933898,0.2184492037777196,False,6.808099957054128e-14,3.135243079853709e-13,True,density independent of area,density independent of area,True,density independent of area,True,1.159571104944141,0.9719097990999194,1.383467013777007,0.1002496719379909,False,1.1557074682874928,0.1087676283497935,True,1.2129247484034262,1.0369698273310108,1.4187360196160248,0.0157811200416406,False,1.0905187549883673,0.2933863924388716,True,1.5176704136127623,1.369182909325758,1.6822613462870235,2.001397207619932e-15,True,1.5505431851782212,2.057167494335388e-08,False,1.4717488895499138,1.2922113359330436,1.6762310727814564,5.812261390815384e-09,True,0.9985618000256432,0.9884403459120352,False,True,Tier 1,SFD↑ VFD↑,higher density
595,Hydronephrosis,genitourinary,11,black,density-only,0.828602770454315,0.0015234087640888,False,0.8714531145265672,0.0053051404178254,False,1.2197498028197282,5.561166700236575e-09,True,1.3387925547962525,7.895776814302856e-15,True,20376,979,19397,2.2434129264634618e-13,5.644716395617742e-13,True,0.0482092249014829,0.0738222241436204,False,1.3060092443655788e-11,5.3264690750596146e-11,True,density independent of area,density independent of area,True,density independent of area,True,0.9580650538432623,0.842874433326227,1.0889980892805569,0.5121658120458283,False,0.982300339115245,0.7820443634298491,False,1.151422061322924,1.024847394273693,1.2936294424992936,0.01764217517895,False,1.1623957514641696,0.0133660320223518,True,1.2049726583709208,1.1167963221596815,1.3001109321471065,1.5168932296453785e-06,True,0.9605349432171548,0.4378076206041522,False,1.432921833612573,1.306087441820777,1.5720731365284577,2.8016234628531082e-14,True,1.482391110042289,8.994403878144645e-09,False,True,Tier 1,SFD↑ VFD↑,higher density
199,Neoplasm of uncertain behavior,neoplasms,2,darkcyan,density-only,0.8478209613194604,0.013395326676665,False,0.9494592415175124,0.321327901887278,False,1.3392034702166762,3.540497115037303e-14,True,1.2986863221306044,2.5347120372310656e-10,True,17774,845,16929,3.360269472518899e-13,8.420916268481096e-13,True,0.0108332945236064,0.0190421853034659,False,2.71723359893735e-13,1.2067998332647018e-12,True,density independent of area,density independent of area,True,density independent of area,True,1.0654666761734486,0.9256926099552516,1.2263457932228428,0.3767973584347471,False,1.0686890228129071,0.3544547070255349,True,1.272819791908208,1.1233387308987002,1.442192081614738,0.00015393974197519848,False,1.210282291050484,0.0036923561409119,True,1.3634302537296004,1.2517765297517218,1.485043066875416,1.1488938601588165e-12,True,1.2429397776399431,0.0008242584787189618,False,1.4680038899018075,1.3243328716367206,1.6272611417577114,2.7605583209704426e-13,True,1.22249350289865,0.0102446811623712,False,True,Tier 1,SFD↑ VFD↑,higher density
300.1,Anxiety disorder,mental disorders,5,magenta,density-only,0.9722802278390266,0.4584530972177568,False,0.937181370780096,0.0459135586254222,False,1.2041197339229048,4.6622754035142684e-14,True,1.1712950392407542,1.354807140651533e-09,True,17978,2485,15493,5.86382012659692e-13,1.4636095035985913e-12,True,0.0246898077806903,0.0401732465584113,False,1.4666826450524032e-13,6.63195630806304e-13,True,density independent of area,density independent of area,True,density independent of area,True,1.1111645868289028,1.025365438121998,1.2041431211920206,0.0101431957317771,False,1.1129241559469296,0.0091427780467855,True,1.074740633228613,0.995341737928021,1.1604732170853356,0.065661759888777,False,1.0330408800189992,0.4216708876325985,True,1.2406912905444694,1.1760273053033423,1.3089108318244809,2.8556914423409568e-15,True,1.2024056499774587,4.778626699952222e-06,False,1.2120823485727648,1.138212033880068,1.2907468696438604,2.033579193690247e-09,True,1.0565613320368248,0.2500815357934178,False,True,Tier 1,SFD↑ VFD↑,higher density
681.7,Cellulitis and abscess of trunk,dermatologic,13,firebrick,density-only,0.9866061651694408,0.8439954930723498,False,0.8859916263134909,0.0531263994428859,False,1.4221271592895592,2.3596452173161204e-14,True,1.3527250945886695,4.932756034335655e-09,True,21089,526,20563,5.938114161033089e-13,1.476248301388306e-12,True,0.0061542201159232,0.0113448548074921,False,1.2162103013414805e-13,5.539527211949516e-13,True,density independent of area,density independent of area,True,density independent of area,True,1.25424163621084,1.089081687734,1.4444481986268307,0.0016636616266271,False,1.257062734649053,0.0015043942027229,True,1.1328699572867098,0.9811986337559284,1.3079862690086397,0.088915224497685,False,1.0541703579246955,0.4869294642376177,True,1.5278024903108045,1.3810633294717594,1.6901328125862936,1.926418308485967e-16,True,1.472613355452235,1.053565125438527e-06,False,1.4397242080667183,1.2717182920725598,1.6299252815772758,8.575103437100085e-09,True,1.0742846406977904,0.4607375924570553,False,True,Tier 1,SFD↑ VFD↑,higher density
395,Heart valve disorders,circulatory system,8,red,both,0.716314692315217,2.683295235534208e-06,True,0.8613932993039042,0.0032507293350656,False,1.3418436723322829,1.2700109407648205e-15,True,1.3186194847661137,2.1654037085120215e-11,True,21069,840,20229,6.525347023032065e-13,1.6158002152269877e-12,True,0.4148817098467982,0.4718715534972901,False,1.5677520657841027e-08,5.434873828051556e-08,True,density independent of area,density independent of area,True,density independent of area,True,0.907562181267454,0.7782829872045836,1.0583157108770582,0.2160604008241194,False,0.9086707404202776,0.2218756264425242,False,1.0976957444079116,0.9708094233589522,1.2411663075150434,0.136941792716452,False,1.0336390904315909,0.6066873211273696,True,1.307207595018397,1.2031301405550514,1.420288328647014,2.4742587652827597e-10,True,1.2397671882246104,0.0008324485182976386,False,1.384523663418951,1.2484554910315546,1.5354217978433184,7.081364917892751e-10,True,1.091988677858153,0.2710996910181087,False,True,Tier 1,SFD↑ VFD↑,higher density
575.7,Other disorders of gallbladder,digestive,10,chartreuse4,density-only,0.76526095816778,0.0040419357484399,False,0.9617358748718008,0.5943965601438448,False,1.4966392950753502,1.2681389016398572e-14,True,1.4444409602340864,1.143423699212243e-09,True,18858,390,18468,8.159578296540674e-13,2.004557817732827e-12,True,0.0198650422810907,0.0329001261673696,False,1.7583682268143705e-12,7.515217626932652e-12,True,density independent of area,density independent of area,True,density independent of area,True,1.0409881805015928,0.857554747895039,1.2636585531174171,0.6846164320842238,False,1.0478782966214644,0.6375102457296407,True,1.3793309583607325,1.1680629252589276,1.6288111295635828,0.00014982044351159786,False,1.2783518825036395,0.0049451844763458,True,1.5140934684073806,1.3471093790596442,1.7017764605530152,3.4632225228233547e-12,True,1.3753741864557651,0.0003924657916295678,False,1.700247518906948,1.470363163620914,1.9660732103967096,7.98532613516923e-13,True,1.263585074674035,0.0376692770110497,False,True,Tier 1,SFD↑ VFD↑,higher density
250.42,Other abnormal glucose,endocrine/metabolic,3,brown,area-only,0.964328136258097,0.5010366234997736,False,1.2850301666611357,3.909242020004451e-09,True,1.1176975316483608,0.0018336280819774,False,0.981563785789405,0.6216134738335759,False,18117,1117,17000,8.217481342487306e-13,2.010866022632188e-12,True,3.1697760683855875e-08,1.074967536235112e-07,True,1.9323003836691077e-06,5.660823659199639e-06,True,area + density (both independent),area + density (both independent),True,area + density (both independent),True,1.041384186698065,0.9278237068738738,1.16884383991302,0.4912422001913734,False,1.0419032382241085,0.4911294247214927,True,1.4520117658593257,1.3088837252893752,1.610791033197234,1.8712227658232124e-12,True,1.3798181351189154,3.8324039600154695e-09,False,1.1309997441665425,1.0463671495786206,1.2224776187019164,0.001921418558069,False,1.2527121766712594,0.00017663276348826184,False,1.1988634982987303,1.0924469927261675,1.3156461568596554,0.0001311271477719806,False,0.9880548725928128,0.865173774581599,True,True,Tier 1,VFI↑,
979,Adverse drug events and drug allergies,injuries & poisonings,18,gray50,density-only,0.7270653393927697,0.0008176332693469242,False,0.8477437457054131,0.0386433163365794,False,1.514129104041306,1.0137969322914622e-15,True,1.4995972905382136,9.906338426930282e-12,True,15998,391,15607,8.484289530353032e-13,2.068045573023551e-12,True,0.3123632285018556,0.3730424011199194,False,2.639959789030595e-11,1.0662361866375995e-10,True,density independent of area,density independent of area,True,density independent of area,True,1.0071056700211118,0.8261840831115794,1.2276462973829676,0.9441279985141304,False,1.0141183945232255,0.8895769858390861,True,1.2486807821969408,1.0410149657428127,1.4977726037928758,0.0167068627585171,False,1.157461824564165,0.1249362093622788,True,1.5171806261420522,1.351121968474486,1.7036486017170822,1.8122333795192376e-12,True,1.3549050548554369,0.000740970263401567,False,1.6632992711583727,1.4396787069873993,1.921654082962129,4.954630620573677e-12,True,1.241053466430132,0.0547423562641663,False,True,Tier 1,SFD↑ VFD↑,higher density
281,Other deficiency anemia,hematopoietic,4,darkorange1,density-only,0.6236419491249386,0.00030289510847970224,False,0.9474577971195188,0.5680309242683611,False,1.6112658012703354,6.792470457056873e-13,True,1.6513815639847529,4.153038567538598e-11,True,16039,252,15787,9.649520085524538e-13,2.342918495473662e-12,True,0.003585713384193,0.0069487116513555,False,2.616918619654008e-11,1.0603618303013642e-10,True,density independent of area,density independent of area,True,density independent of area,True,0.902516602662731,0.6869345105254089,1.1857552730301344,0.4614182897319504,False,0.916904594339566,0.5349301275220075,False,1.5338803745696656,1.246238758230463,1.887911917320488,5.401989243800184e-05,False,1.4478904183452346,0.0007278168829930994,True,1.5690994809611112,1.3534132541653312,1.819158467360232,2.355798249926747e-09,True,1.2244864968031686,0.0716401584843648,False,2.0276016663064436,1.6957268598398751,2.4244284941012713,9.126373216179721e-15,True,1.6334251872540844,0.0004052944977342147,False,True,Tier 1,SFD↑ VFD↑,higher density
196,Radiotherapy,neoplasms,2,darkcyan,density-only,0.7476512152445027,2.6784580275224315e-05,False,0.8709410790140247,0.0113754559853397,False,1.2964918635508584,2.9075881366877707e-10,True,1.3759765829916415,1.3468181100104374e-13,True,17711,782,16929,1.4971644635479268e-12,3.6210489350926597e-12,True,0.0303781272110764,0.0484806940657587,False,2.5086503811051353e-09,9.074770074258576e-09,True,density independent of area,density independent of area,True,density independent of area,True,0.8732417257500376,0.7540021384277203,1.011338128537686,0.070380323702034,False,0.8865692113176536,0.1062980773334027,False,1.159912650984547,1.0213767194203,1.3172391071118237,0.0222604771627904,False,1.1501961880730032,0.0358660751376934,True,1.248564532268682,1.140779754807039,1.3665331845786484,1.4404008573830294e-06,True,1.0027518567029887,0.9665928563037112,False,1.4800692126734425,1.3323685735354296,1.6441433082521832,2.676106395912695e-13,True,1.429585472511356,5.608582928542807e-06,False,True,Tier 1,SFD↑ VFD↑,higher density
008.52,Intestinal infection due to C. difficile,infectious diseases,1,blue,density-only,0.6807268003819588,2.2348540300028913e-05,False,0.8516573835236314,0.0318095155342044,False,1.4359064196515408,3.98826954725972e-15,True,1.4338304841042848,3.8175748452734165e-11,True,21832,444,21388,1.6561072874804933e-12,3.990003657868061e-12,True,0.2143059048845361,0.2698827137193755,False,1.225958899529015e-09,4.526617475184056e-09,True,density independent of area,density independent of area,True,density independent of area,True,0.9284615495812856,0.7648305032488146,1.1271005083991044,0.4530222087075773,False,0.9337458742354208,0.4894961840133401,False,1.242472837190025,1.0433517194991175,1.4795957320088895,0.0148434815279851,False,1.1616229972171466,0.0994612510876885,True,1.406015581260284,1.2651537728403563,1.5625608974855798,2.5059182775698117e-10,True,1.2881474514140885,0.0015659561805006,False,1.5895983910084757,1.3883199080853468,1.820058208472653,1.95023571297004e-11,True,1.206189503252455,0.0712923411459867,False,True,Tier 1,SFD↑ VFD↑,higher density
041.4,E. coli,infectious diseases,1,blue,density-only,0.7153159388488738,0.0060570552547163,False,0.9916966814805888,0.9286990670661966,False,1.6338987016509203,2.2945757742752755e-14,True,1.5462590745921825,2.1355339356384428e-08,True,18180,238,17942,2.2418499961153415e-12,5.3804399906768195e-12,True,0.0127989757911875,0.0222466877261867,False,3.654067151741128e-12,1.545856205211162e-11,True,density independent of area,density independent of area,True,density independent of area,True,1.0620914421035437,0.826706498562385,1.3644966301235155,0.6374659904858222,False,1.0698508761857264,0.5985720233019491,True,1.5258810305008657,1.2413717250100602,1.875596867830637,5.9800227732699774e-05,False,1.3827486730432326,0.0028487596737095,True,1.6615093074144702,1.4384618238499782,1.919142470695716,5.080653112830257e-12,True,1.531309237921148,0.00011904997476119828,False,1.920935499085363,1.5954191315801616,2.3128675835744987,5.540890241536919e-12,True,1.2837376190545695,0.0809196338651927,False,True,Tier 1,SFD↑ VFD↑,higher density
443,Peripheral vascular disease,circulatory system,8,red,density-only,0.9149493316798208,0.2934527477926238,False,1.060299367914942,0.339179431464972,False,1.3555626321765084,8.217867173968395e-11,True,1.2966154083573798,1.0177930578523054e-06,True,20479,499,19980,6.0302819681539e-12,1.4362198275297838e-11,True,6.877726020923012e-05,0.00016896460775810864,False,6.43257009482192e-13,2.787447041089499e-12,True,density independent of area,density independent of area,True,density independent of area,True,1.1983061873346317,1.0030990264961213,1.431501457657943,0.0461443848093163,False,1.203349185509611,0.0418424115652864,True,1.427571154587663,1.237230994912753,1.6471939434029994,1.084581572373822e-06,True,1.3516958456640047,7.163751462798162e-05,False,1.4256772984417856,1.2841127628777014,1.582848343269561,2.999265157633526e-11,True,1.3180232388845732,0.0009531258121096412,False,1.56585353108047,1.3768693167140484,1.7807770505400786,8.290123715238043e-12,True,1.25587684024842,0.027514328122812,False,True,Tier 1,SFD↑ VFD↑ VFI↑,higher density
963.1,Antineoplastic and immunosuppressive drugs causing adverse effects,injuries & poisonings,18,gray50,both,0.6662401571575463,6.185052402906484e-06,True,0.9035080503237608,0.1800523615690888,False,1.396160966915525,4.716957537211871e-12,True,1.4127825045141609,1.81988321753995e-10,True,16091,484,15607,6.8062181716495984e-12,1.6148593684826418e-11,True,0.0058394571926481,0.010844706214918,False,1.0758435680508124e-08,3.760932137051579e-08,True,density independent of area,density independent of area,True,density independent of area,True,0.8581993323420977,0.7069561617351762,1.0417988185076676,0.1221095693816229,False,0.8685077664151057,0.1531108312032689,False,1.3728996042994983,1.1488938866207334,1.640580862545695,0.00048807716974716664,False,1.3132704978188878,0.0032920051441446,True,1.334418357564921,1.1949055510042088,1.490220169711129,3.0483830097577025e-07,True,1.1514298521801478,0.0860179748250831,False,1.6428785405410506,1.4332176927442168,1.8832100054544791,1.0263527172492037e-12,True,1.372107151671111,0.0022383016963719,False,True,Tier 1,SFD↑ VFD↑,higher density
578.2,Blood in stool,digestive,10,chartreuse4,density-only,0.7668653793907657,3.700712197213524e-05,False,0.8162617128572299,0.00016027264520639885,False,1.3034584134935043,5.223980704058406e-13,True,1.3356720888188482,1.0180288244067392e-12,True,18521,883,17638,8.413784988070848e-12,1.9887128153622004e-11,True,0.5840294527308819,0.6299643535074682,False,2.1262729797298898e-07,6.700981511876016e-07,True,density independent of area,density independent of area,True,density independent of area,True,0.9211811691142732,0.8030073067612475,1.0567459837361604,0.2411885374185722,False,0.9305117657200896,0.3022987425907082,False,1.0413268571619292,0.9159621977810029,1.1838497550157638,0.5360839278521095,False,1.003102146274979,0.9630813601808784,True,1.2738481194013946,1.174267160104886,1.3818738072837964,5.606966910589595e-09,True,1.1379542441643389,0.0327006416276716,False,1.3619359577369017,1.2314201784380103,1.5062848452991342,1.8546457687565227e-09,True,1.1795670068941415,0.0294491930779026,False,True,Tier 1,SFD↑ VFD↑,higher density
555,Inflammatory bowel disease and other gastroenteritis and colitis,digestive,10,chartreuse4,density-only,0.7544819068645764,9.757352791970976e-05,False,0.77213334792081,0.00010338949682899449,False,1.2034527841679057,1.3004355862682112e-05,True,1.3736170330523576,6.648168324457295e-13,True,10846,822,10024,9.284557129888182e-12,2.1862504336038583e-11,True,0.1258670327137591,0.170370994389123,False,1.0371472762562098e-07,3.3532637325589373e-07,True,density independent of area,density independent of area,True,density independent of area,True,0.8342157642824439,0.7136992436442063,0.9750829184348562,0.0227908003159451,False,0.8686335738516584,0.0735058004828813,False,1.0475573918151726,0.8938493400702855,1.227697375779589,0.5660516476423668,False,1.0865183338952196,0.3145846278521408,True,1.1446126112164108,1.0427341704416104,1.2564448992793549,0.0045143500779459,False,0.8705761174971341,0.0321219597468183,False,1.401098418053648,1.2552179113340498,1.5639330504661706,1.8317301778334883e-09,True,1.5309614118430908,9.764606058333472e-08,False,True,Tier 1,VFD↑,higher density
513,Respiratory abnormalities,respiratory,9,coral4,density-only,0.7773876965145922,0.0062637019708611,False,1.0585929645932268,0.4562518646979547,False,1.5128703520024238,5.348565320387974e-13,True,1.3476798341335932,6.910925954867224e-06,True,22251,302,21949,1.114800331513464e-11,2.6151707024977505e-11,True,0.0148814580546681,0.0255813493832311,False,3.222327062369874e-11,1.2889308249479495e-10,True,density independent of area,density independent of area,True,density independent of area,True,1.0320532590735472,0.8505154057403698,1.2523393725445058,0.7492456469111819,False,1.034876880409064,0.730895840021373,True,1.446561941797111,1.2166449853885968,1.7199277328936429,2.909811481503655e-05,False,1.3047649311138796,0.0033361425808323,False,1.528240894169398,1.3440548405680992,1.737667363055301,9.631724665694623e-11,True,1.603645939853182,4.425843342296859e-06,False,1.636219084151672,1.3963267702558964,1.917325477367665,1.1499508020544375e-09,True,1.0424943585111817,0.7413180347086812,False,True,Tier 1,SFD↑ VFD↑,higher density
530.11,GERD,digestive,10,chartreuse4,not significant,1.0975569901492013,0.0038682122407983,False,1.0771375944084216,0.0049225062253293,False,1.065355035512679,0.0041244965347379,False,0.9654914687678176,0.1260804342297377,False,19021,3570,15451,1.3344265080814912e-11,3.118659704280339e-11,True,7.834426649902831e-05,0.00019148331128313257,False,5.522464066109627e-10,2.0634835791930587e-09,True,density independent of area,density independent of area,True,density independent of area,True,1.1670877574925762,1.0897558710857718,1.2499073139490735,9.99651963051546e-06,True,1.1616699718748733,1.9688820238709136e-05,False,1.0799355817939291,1.0131310354714178,1.151145133247174,0.0182562583556203,False,1.0314221246380493,0.3590170445603084,False,1.1126287234544825,1.0608516115669644,1.1669329270541515,1.1357623724833034e-05,True,1.2614022202852455,1.2789599390101514e-10,False,1.0038647274733037,0.9496162118945376,1.0612122860187314,0.891754460217571,False,0.8495356054578043,0.00010552040165907486,True,True,Tier 1,SFD↑ SFI↑,higher density
963,Poisoning by primarily systemic agents,injuries & poisonings,18,gray50,density-only,0.6850974793918756,2.0248299902739697e-05,False,0.8948175524322655,0.1395046486319817,False,1.394952566595104,3.925821860566183e-12,True,1.4097375971087869,1.829326171832751e-10,True,16098,491,15607,1.5091139973756098e-11,3.513757964038734e-11,True,0.0149724530729946,0.0256318538204353,False,7.869004284797511e-09,2.7820162457301113e-08,True,density independent of area,density independent of area,True,density independent of area,True,0.8859558985707805,0.7320660621672463,1.0721953861495062,0.2135428025345005,False,0.8961890355539678,0.2591375356038747,False,1.3466797337365817,1.12801677075023,1.6077299134929202,0.0009930272384883745,False,1.2866708137903349,0.0063080222284632,True,1.3458279349081692,1.2062130878546913,1.5016027007305888,1.0660554507938278e-07,True,1.165966616300679,0.0602786920396613,False,1.624161150604953,1.4181304918031217,1.8601246206760376,2.4281484791858447e-12,True,1.3532676677981883,0.0032822316350433,False,True,Tier 1,SFD↑ VFD↑,higher density
574,Cholelithiasis and cholecystitis,digestive,10,chartreuse4,density-only,1.0039697092022986,0.9269535894434826,False,1.0993402536123484,0.0064375188931002,False,1.1646219289808786,2.161426716346715e-07,True,1.1062962306013333,0.0011886121419917,False,20167,1699,18468,2.0889789812716677e-11,4.8458099788606707e-11,True,5.391262166694961e-07,1.6572155625702735e-06,True,2.9350792184692343e-11,1.18160608537084e-10,True,area + density (both independent),area + density (both independent),True,area + density (both independent),True,1.116769001647868,1.0193669658360756,1.2234779474324595,0.0176951721189887,False,1.1212554654231075,0.0142337986610086,False,1.2727558864630844,1.1720137496603402,1.382157459326646,9.8928038714223e-09,True,1.237765394203668,1.038331213824415e-06,False,1.2026348320282725,1.1284412879930752,1.2817065048904406,1.352655162306382e-08,True,1.1669142367765164,0.0013492959183879,False,1.2568893994887609,1.1659105803466074,1.354967515671378,2.460215917001171e-09,True,1.1287425372577131,0.0346593841874596,False,True,Tier 1,SFD↑ VFD↑ VFI↑,higher density
785,Abdominal pain,symptoms,17,purple,density-only,1.086862925382242,0.0027967999502066,False,1.0078344299934894,0.7323887918608198,False,0.8794597718895906,1.106852785324072e-12,True,0.9224288757785074,1.6856987742814067e-05,True,20804,14789,6015,2.807191756144951e-11,6.463792087949999e-11,True,0.4073665025444477,0.4664159588765787,False,8.842555503603572e-11,3.4271767914587764e-10,True,density independent of area,density independent of area,True,density independent of area,True,1.0005299279759747,0.942354801520396,1.062296425041288,0.9861701309892518,False,1.0027140596256312,0.9294985303087382,False,0.926019130018056,0.8761760631317665,0.9786976216793056,0.0064742022852699,False,0.961777369507082,0.1804689901620955,True,0.8795896309638405,0.84584784746687,0.914677410619536,1.2874034973930888e-10,True,0.8579928070526307,3.026460944626868e-07,False,0.8885201709001405,0.8488565376547553,0.930037125328126,3.918538300592791e-07,True,1.021269114397369,0.547045379013118,False,True,Tier 1,SFD↓ VFD↓,lower density
427.12,Paroxysmal ventricular tachycardia,circulatory system,8,red,density-only,0.7719347896205722,0.0422338245418424,False,0.7722988120362934,0.0109850741267357,False,1.768176490246888,4.5347940110357345e-14,True,1.7641887606836923,2.091793432321225e-11,True,12273,208,12065,3.309080628227093e-11,7.563612864519069e-11,True,0.4199144418230784,0.4768455171930864,False,1.7587659489309554e-10,6.712354447296124e-10,True,density independent of area,density independent of area,True,density independent of area,True,1.1382175760991289,0.87873011220183,1.474331233846931,0.3267473024769126,False,1.1404162582701816,0.3187310744481019,True,1.2154700866782802,0.9641218822290232,1.5323451929065994,0.0987695047257533,False,1.1192251287379062,0.3574058777848706,True,1.8367228685885353,1.5549330477116008,2.1695795204564994,8.383341978527119e-13,True,1.497114918715538,0.0021366038057019,False,1.9563017761076251,1.5914135395582127,2.4048536373922533,1.874478676193975e-10,True,1.3918493864480377,0.0378698834096831,False,True,Tier 1,SFD↑ VFD↑,higher density
425.1,Primary/intrinsic cardiomyopathies,circulatory system,8,red,density-only,0.8661274288636813,0.0718541026457867,False,0.8970202268927677,0.0945914067748579,False,1.409956710481952,1.5628303732938302e-13,True,1.3605025455308126,6.061795361210014e-09,True,21790,480,21310,4.6172246101752694e-11,1.0515139258209371e-10,True,0.1452211522395353,0.1931679607321849,False,2.330475757921564e-11,9.473725556632286e-11,True,density independent of area,density independent of area,True,density independent of area,True,1.1355937955234527,0.9616895301162268,1.340945521446519,0.1337833950117874,False,1.1377331370032286,0.1284645327609367,True,1.1851928570874228,1.0184962564936315,1.3791725787259497,0.0280245401325277,False,1.106824086838211,0.2010913040245629,True,1.463776907637134,1.319540485062303,1.6237795350633482,6.071263500993124e-13,True,1.3935962509525102,4.5192556574057625e-05,False,1.482986405041394,1.3033899417173134,1.6873297906840703,2.1909045804382172e-09,True,1.115661971681913,0.2775423183150566,False,True,Tier 1,SFD↑ VFD↑,higher density
710.1,Osteomyelitis,musculoskeletal,14,darkolivegreen,density-only,0.7783086520639261,0.0284354412761462,False,0.7922674393122467,0.0157849497616421,False,1.6166522464988358,2.8071890584058548e-14,True,1.5566620014291943,1.604385975914425e-09,True,21615,231,21384,6.809167529896674e-11,1.543228219302469e-10,True,0.3280978111506183,0.3893584484894926,False,2.5589494278664897e-10,9.677481472658723e-10,True,density independent of area,density independent of area,True,density independent of area,True,1.1754899033522557,0.9304898270443456,1.48499905396305,0.1751535325691211,False,1.1749846463245752,0.1763603499762524,True,1.1960663585411615,0.9550399619142794,1.4979213342722064,0.1189221667807743,False,1.0805498410980434,0.5099522255484596,True,1.7014442370196143,1.4725718671395571,1.9658887666451008,5.575433467860465e-13,True,1.6172679869078594,4.719819216241355e-05,False,1.7032739483478658,1.4186725430736342,2.0449695437363156,1.1363065504589152e-08,True,1.106462939168822,0.4901916727044622,False,True,Tier 1,SFD↑ VFD↑,higher density
591,Urinary tract infection,genitourinary,11,black,density-only,1.001044300029636,0.9790577729911536,False,1.0200872793305995,0.5241396838834036,False,1.168098832700083,3.69565122650427e-10,True,1.1072582507749549,0.00014169986590804683,False,19841,2354,17487,6.825817123837845e-11,1.543228219302469e-10,True,0.0012969489378156,0.0027157588496541,False,3.021855686554858e-12,1.2827469036804292e-11,True,density independent of area,density independent of area,True,density independent of area,True,1.1317002121900857,1.04015966178927,1.2312969030811691,0.0040415474680774,False,1.128649732441127,0.0050281013193883,False,1.1438215150503783,1.0616572021937023,1.232344730096255,0.0004107322425667503,False,1.096684162145482,0.0190201736836511,False,1.2082859435603772,1.1447366934828354,1.275363085430337,6.711904501410285e-12,True,1.2199825992289277,1.1656239444623889e-06,False,1.185231329422043,1.1108749564209146,1.2645647434248843,2.735759692999213e-07,True,1.0186654609274324,0.708666677837236,False,True,Tier 1,SFD↑ VFD↑,higher density
459.9,Circulatory disease NEC,circulatory system,8,red,density-only,0.7698221630410419,0.0074042226383566,False,0.9694549009446914,0.6865308976740438,False,1.47973562126461,2.18493907369181e-11,True,1.4971165414780971,8.600286014487017e-10,True,19758,333,19425,7.193026101099701e-11,1.6203784429914127e-10,True,0.0089399792797086,0.0160073086672544,False,1.0280228618230608e-10,3.9476077894005526e-10,True,density independent of area,density independent of area,True,density independent of area,True,1.0047510463372118,0.819373698553915,1.2320686725695469,0.9636701435963984,False,1.0144098151186491,0.8913267820722116,True,1.3892075754534483,1.1699678317783255,1.649530555693866,0.00017594917264477313,False,1.328811735274113,0.0017837596979639,True,1.4818059396216885,1.30172133925094,1.6868040620442095,2.7052008186853863e-09,True,1.2059339952207713,0.0700469772606587,False,1.7684920756687528,1.5139049452527706,2.0658920703776267,6.524443982170964e-13,True,1.4817893344280282,0.001664241942725,False,True,Tier 1,SFD↑ VFD↑,higher density
586.4,Stricture/obstruction of ureter,genitourinary,11,black,density-only,0.9100234773097942,0.353136752786061,False,0.9023259129279,0.1981115311025814,False,1.3283555598050674,9.236345858090934e-07,True,1.501442770070621,1.2226132698507456e-10,True,16448,362,16086,8.40083137739585e-11,1.8856542372284207e-10,True,0.0018989299254636,0.0038723276911415,False,9.431214853091859e-12,3.871761887058764e-11,True,density independent of area,density independent of area,True,density independent of area,True,1.1503939731396302,0.9293841938963108,1.423960405317194,0.1980382522423872,False,1.184904979229163,0.1122387776947263,True,1.3461416184879191,1.1211456142015197,1.6162907244799345,0.0014454807883438,False,1.373508157387998,0.0009294929751307192,True,1.380214122906534,1.2146987545840682,1.5682826856301106,7.648337776147529e-07,True,0.9821281693842816,0.830056610438976,False,1.7367248581927714,1.4907870359401365,2.0232354859207535,1.3874990834700974e-12,True,1.8523949713577827,2.104750251013754e-08,False,True,Tier 1,SFD↑ VFD↑,higher density
710,"Osteomyelitis, periostitis, and other infections involving bone",musculoskeletal,14,darkolivegreen,density-only,0.7733675950289338,0.0241051022760323,False,0.7900193698252089,0.0140119201937589,False,1.608342725439074,4.0432369388900974e-14,True,1.5645582345872078,7.829785243012263e-10,True,21618,234,21384,8.52333819318442e-11,1.9062949937444718e-10,True,0.346718420780573,0.4085973457357461,False,3.9997427014433336e-10,1.5080600880366403e-09,True,density independent of area,density independent of area,True,density independent of area,True,1.1621232148275238,0.920284426924216,1.4675140933926432,0.2069014704218268,False,1.161762854311331,0.2078576574256391,True,1.200474211884729,0.9597643534237956,1.5015543432710805,0.1095357167026891,False,1.091262288742485,0.4554788147201182,True,1.6865204862619514,1.460539272453416,1.947466531182899,1.0731061292460357e-12,True,1.5669948972412897,0.00013812741975204466,False,1.7151173942533395,1.4302764698927826,2.056684660617312,5.8130290861565285e-09,True,1.146096915462536,0.3506005964224654,False,True,Tier 1,SFD↑ VFD↑,higher density
559,Ileostomy status,digestive,10,chartreuse4,both,0.8815006225145613,0.2376464462348642,False,0.5798042921628894,1.0288337996495325e-07,True,1.3601962977192827,1.220562247159708e-07,True,1.5489171324266475,5.3616685461597996e-12,True,10374,350,10024,1.8090061267029824e-10,4.0171523952407856e-10,True,0.0875894848050056,0.123971581550704,False,2.425938640862576e-05,6.320608400410218e-05,True,density independent of area,density independent of area,True,density independent of area,True,1.1563573178573576,0.9263178980000328,1.4435241394442049,0.1992586943414818,False,1.2081013456330032,0.0909803235162198,True,0.8343192978708511,0.6497552200344403,1.0713091166282802,0.1556111297978569,False,0.8214208728366841,0.1346367927156894,False,1.4153113876453198,1.2437469344254628,1.6105417175752372,1.375912886453453e-07,True,1.0622075593972098,0.5290802926229043,False,1.4342844282310567,1.2182982723920197,1.6885617157012107,1.4832845992517494e-05,True,1.4230386761305167,0.0037928003172927,False,True,Tier 1,SFD↑ VFD↑,higher density
338.2,Chronic pain,neurological,6,darkblue,density-only,1.0709729836952124,0.0564856116068317,False,1.0039577696394852,0.8956747849434602,False,1.132733733675913,2.5839319954475784e-07,True,1.0585063072414866,0.0259914053674748,False,19423,2589,16834,3.1318452278870825e-10,6.930040504260779e-10,True,9.442505251442822e-05,0.00022662012603462772,False,7.37083896359689e-11,2.8746271958027866e-10,True,density independent of area,density independent of area,True,density independent of area,True,1.1859601948808527,1.0988374702319506,1.2799905554230286,1.1808549221451803e-05,True,1.183039710545026,1.6384458546916493e-05,False,1.0645548481457998,0.9910604363286204,1.1434994104990683,0.0865405582608525,False,1.0186812507617564,0.6246036738081846,False,1.189331256678269,1.128517790316633,1.2534218337090066,9.489594101993927e-11,True,1.2603366469016348,5.975940961721579e-09,False,1.0913536447266114,1.026637601539403,1.160149186112141,0.0050653139991933,False,0.9280624174374305,0.1097818402823174,False,True,Tier 1,SFD↑ SFI↑,higher density
594.1,Calculus of kidney,genitourinary,11,black,both,1.0749739826449705,0.134640710947483,False,1.278745135458106,1.052395451459242e-09,True,0.844198043379493,1.4441152849102274e-06,True,0.8504478488030593,9.000986796012162e-06,True,20618,1221,19397,3.3669433175165665e-10,7.423931555230875e-10,True,4.063734645521094e-06,1.1552484823713725e-05,True,0.0014140326376603,0.0029411878863334,False,area independent of density,area independent of density,True,area independent of density,True,0.9883559125604892,0.892617120532996,1.094363291295585,0.8217368743959487,False,0.9852416722496268,0.7778441688137955,True,1.234083350275036,1.121462255787275,1.358014242179668,1.648778736574067e-05,True,1.2877091608801965,5.076567661727837e-07,False,0.8419481491764779,0.7830099110687693,0.9053227499178338,3.381731928081988e-06,True,0.8339244231477316,0.00033509629356918687,False,0.943808886927496,0.8651746615162296,1.029590040792716,0.1925870462464379,False,1.0949144932113055,0.1371222187540902,False,True,Tier 1,SFD↓ VFI↑,lower density
433.3,Cerebral ischemia,circulatory system,8,red,density-only,0.9782771648938592,0.7502364716465849,False,0.930372026366673,0.1532931524594586,False,1.2865010709821367,5.329982944088863e-11,True,1.2143630074237717,8.252603246319994e-06,True,21411,785,20626,3.6531981964355925e-10,8.026745333013414e-10,True,0.0140255300596115,0.0242435755047024,False,3.946582549172197e-11,1.5586503232173738e-10,True,density independent of area,density independent of area,True,density independent of area,True,1.243828283107773,1.074775192875728,1.439472001320853,0.0034172943812433,False,1.242685450397579,0.0035924440238688,True,1.10746011366677,0.9797932181418784,1.2517619847264725,0.1024049103593756,False,1.034471047145215,0.5987703351174547,True,1.3668508194398206,1.2544087110072246,1.489371961633762,9.676770503757422e-13,True,1.405235730146615,3.8036099590445385e-07,False,1.2832913216554107,1.1517793400183425,1.4298195487773415,6.138955258775864e-06,True,0.9745196154207892,0.7585935511164228,False,True,Tier 1,SFD↑ VFD↑,higher density
550,Abdominal hernia,digestive,10,chartreuse4,density-only,1.0425572887127137,0.2761078669678165,False,0.9087017340779496,0.0023990459177046,False,1.1679321306423327,5.395993538544094e-09,True,1.148211795077669,6.119069015175943e-07,True,21789,2087,19702,5.905470194879635e-10,1.2929871584578566e-09,True,0.0005234891704437736,0.0011604164914988,False,7.346046831813946e-09,2.604507513097672e-08,True,density independent of area,density independent of area,True,density independent of area,True,1.1694970025420937,1.078629035130119,1.2680200461968354,0.00014817250862401263,False,1.1694570006428255,0.0001471866299699315,False,0.994457361022478,0.92173357670726,1.0729189734246571,0.8859363208584541,False,0.9630185194966078,0.3493146598615799,False,1.2243192447943572,1.155605251808866,1.2971190731675115,6.537326756842759e-12,True,1.200137122905732,4.859622107315409e-05,False,1.1448387706510113,1.0700432215524651,1.2248624956328045,8.715481539983337e-05,False,1.012744141689085,0.8097882225653275,False,True,Tier 1,SFD↑,higher density
433.31,Transient cerebral ischemia,circulatory system,8,red,density-only,1.0090678046635455,0.8974256870949031,False,0.9348323365727474,0.1907647583756016,False,1.2824911147270903,2.838039785906979e-10,True,1.2222895573557515,6.581610713610763e-06,True,21374,748,20626,6.356137941093103e-10,1.3867937326021315e-09,True,0.0041712536367271,0.0079965046676428,False,6.277452779704522e-11,2.4558812128749983e-10,True,density independent of area,density independent of area,True,density independent of area,True,1.279203559826018,1.1034930175121953,1.4828927066169426,0.0010896765477307,False,1.2790791000041086,0.0011072541796928,False,1.121259851008735,0.9901625154404966,1.269714449778808,0.0712113350569274,False,1.0541867940255445,0.4207485577145211,True,1.3732835212788164,1.257675347868727,1.4995186420818607,1.5522608071147664e-12,True,1.3801034576079214,2.9397763137774536e-06,False,1.3003228137558522,1.1646005498271432,1.4518621172082573,3.023123451776241e-06,True,1.0142859878939658,0.8691371099583309,False,True,Tier 1,SFD↑ VFD↑,higher density
269,Proteinuria,endocrine/metabolic,3,brown,density-only,0.9220946650707814,0.4828829406458503,False,1.372098700691047,0.00032755009633153153,False,1.3862595268813722,3.598874356323183e-06,True,1.1859806212847088,0.0322187327303139,False,21980,227,21753,1.0672002724021442e-09,2.3203239372088435e-09,True,4.0598927305373e-06,1.1552484823713725e-05,True,3.7549526025317586e-08,1.266535364313415e-07,True,area + density (both independent),area + density (both independent),True,area + density (both independent),True,1.1638362932962898,0.9181930302633924,1.4751962528021938,0.2097130671261434,False,1.1722701623850045,0.1890701888407018,True,1.821740851808745,1.4973377473644855,2.2164269464189204,2.039382084707863e-09,True,1.6777679183416288,6.203000688414796e-07,False,1.4482333200541415,1.2412226582254506,1.689769144493077,2.5284177368051177e-06,True,1.4925483602453251,0.0010379937889377,False,1.6187413058951454,1.3460770140704617,1.9466370705546847,3.0899959329451773e-07,True,1.1625013300676748,0.298045380228279,False,True,Tier 1,SFD↑ VFD↑ VFI↑,higher density
275.6,Hypercalcemia,endocrine/metabolic,3,brown,density-only,0.5746224859564719,0.0001658523021674908,False,0.8762119357686424,0.2099784437871276,False,1.6211698924371478,6.493533040340511e-13,True,1.5154886253074775,3.725337869246141e-07,True,20786,200,20586,1.3829888888314922e-09,2.996475925801567e-09,True,0.4139453588742169,0.4717842994292445,False,1.0323951762534376e-07,3.346569298608546e-07,True,density independent of area,density independent of area,True,density independent of area,True,0.8960427184790289,0.6570223479091518,1.222017113868867,0.4880616297952637,False,0.8881537310536154,0.4558662555778808,False,1.3064222780517514,1.0280951410130712,1.6600984680349031,0.0287694140400504,False,1.1527533069507545,0.2574246028000694,True,1.5752746476120294,1.3496786996546868,1.8385784824522229,8.288970845673634e-09,True,1.574980744346695,0.00016837491937260428,False,1.7232096658321765,1.4157927319720105,2.097377310506031,5.6999753559737184e-08,True,1.0510494661785246,0.7474196138067246,False,True,Tier 1,SFD↑ VFD↑,higher density
555.2,Ulcerative colitis,digestive,10,chartreuse4,both,0.7384807485875136,0.0025996770122415,False,0.6107200884410594,2.1419153552157605e-07,True,1.2515334214299043,6.809508842640918e-05,False,1.47808413557236,4.8645932093141453e-11,True,10444,420,10024,1.5495441066917703e-09,3.345728451818909e-09,True,0.2832321683841588,0.3428455345717073,False,0.0004791558867748225,0.001065929673253,False,"shared (joint signal, not attributable)","shared (joint signal, not attributable)",True,"shared (joint signal, not attributable)",True,0.8509063372173231,0.6852080668272217,1.0566740670015653,0.1439903376617302,False,0.9107809933904384,0.3877046157456119,False,0.8304789366715786,0.6594967083917207,1.0457903056666935,0.1142676900892846,False,0.8584618295401469,0.2019245345640047,False,1.197442199933088,1.0567981160914757,1.35680391585452,0.004705140478203,False,0.8919907399947112,0.1752871875828493,False,1.36771274188064,1.1762485937374116,1.5903425128517212,4.708317381005841e-05,False,1.4833168060311137,0.0002592163504524396,False,True,Tier 1,,
536,Disorders of function of stomach,digestive,10,chartreuse4,density-only,0.9780753433304644,0.7400199831035642,False,0.9670265844439432,0.5611873748019803,False,1.2485746744581834,3.8765078062312384e-09,True,1.112652847192113,0.013269109024944,False,19637,780,18857,1.8665891838037643e-09,4.016385002391547e-09,True,0.070656351046533,0.1030129977874687,False,9.320668818560239e-11,3.590183544926907e-10,True,density independent of area,density independent of area,True,density independent of area,True,1.2007923050989768,1.0430984822175753,1.3823260071469974,0.0108530992015028,False,1.1835430944427598,0.0197668395588617,True,1.082234494390365,0.942307726478099,1.2429395068486584,0.2632485130148542,False,0.9906942872358292,0.8967485519266661,True,1.31275468051968,1.2073779663608255,1.4273283919704316,1.8408482023347335e-10,True,1.4709109590838871,3.3841446033260797e-10,False,1.1532573440692258,1.0378360815858183,1.2815149957181622,0.0080440284455366,False,0.838612116406235,0.0225193725285423,False,True,Tier 1,SFD↑,higher density
292.1,Aphasia/speech disturbance,mental disorders,5,magenta,density-only,0.8885543590895443,0.2614838413186219,False,0.7399401296165835,0.00031805600893973203,False,1.4371144888096712,1.2157850178005734e-09,True,1.3034289775223025,0.0001323470831736046,False,19580,302,19278,2.2473308761682563e-09,4.8190187860102825e-09,True,0.0041942298770326,0.0080282191511299,False,9.522158082049005e-08,3.102781536918318e-07,True,density independent of area,density independent of area,True,density independent of area,True,1.1880938145214246,0.9566509453901382,1.475529730991285,0.1189783635166053,False,1.1894384631818948,0.1158568474488638,True,0.8374912774769484,0.6839959237070319,1.0254324851070165,0.0860091553434857,False,0.7395894516058228,0.0040076210103764,False,1.5074266793698896,1.3214532292446088,1.7195729242533102,1.0029003333496672e-09,True,1.759904207530743,3.881818309260693e-08,False,1.188634767052367,1.0010246654078712,1.4114063901412086,0.0486496810865856,False,0.7143718572684585,0.0088384397351532,False,True,Tier 1,SFD↑,higher density
153.3,"Malignant neoplasm of rectum, rectosigmoid junction, and anus",neoplasms,2,darkcyan,density-only,0.8072936140336504,0.0081661233868783,False,0.778501049093297,0.00019046092776148156,False,1.1369453660581632,0.0053086573220579,False,1.3516783002232482,6.281449088785822e-10,True,18512,582,17930,2.448866174146883e-09,5.233193468039916e-09,True,0.4746197783635167,0.5283902617285182,False,8.425211405904703e-07,2.5397738730843164e-06,True,density independent of area,density independent of area,True,density independent of area,True,0.8671583663762332,0.726792360055992,1.0346333749550785,0.1136366182737436,False,0.916591819082295,0.3229334555648495,False,1.0116194364254727,0.8586047976644143,1.1919032911737546,0.8901896996983526,False,1.061809490937436,0.4821477685345802,True,1.0937129927789109,0.9882167305516306,1.210471421492397,0.0834653978515187,False,0.8217886535157093,0.0025585835823403,False,1.3592562780323478,1.200499451794136,1.5390074744383782,1.2744737898298866e-06,True,1.599459756944387,1.078721605870651e-07,False,True,Tier 1,VFD↑,higher density
772.3,Muscle weakness,symptoms,17,purple,density-only,0.9284255897409264,0.3573072867149395,False,0.8891562571664533,0.0672091498056458,False,1.2919453387699975,7.104942312296853e-09,True,1.136165803904627,0.0129843433311385,False,21792,531,21261,3.1102139141725443e-09,6.623800281377705e-09,True,0.0529356392107012,0.0802717833960573,False,8.528439878787326e-10,3.158306518909965e-09,True,density independent of area,density independent of area,True,density independent of area,True,1.1795493519643734,0.9945146400443862,1.399010751272074,0.0578565430399231,False,1.1707911141808036,0.0705083821894682,True,0.9670836906225272,0.8263323625508607,1.13180955636422,0.6766254748583989,False,0.875115014113146,0.0995878820094939,False,1.35322541798939,1.2252635813604285,1.4945510988413853,2.395822097965665e-09,True,1.6067081124697091,1.2348322558563435e-10,False,1.1172986445379407,0.9833139065504284,1.2695399228774138,0.0887958236039376,False,0.7376172307894117,0.0010441561130831,False,True,Tier 1,SFD↑,higher density
279.1,Immunity deficiency,endocrine/metabolic,3,brown,not significant,0.8988723351589181,0.2296958118584508,False,1.1920267856169255,0.0200793324803605,False,1.2345147119871709,6.06421779405549e-05,False,1.240967019337448,0.00019580600371863415,False,21997,404,21593,3.4901801701336118e-09,7.407729340691748e-09,True,5.872509984042536e-07,1.7962971715894814e-06,True,8.346339484177778e-09,2.9424383266253864e-08,True,area + density (both independent),area + density (both independent),True,area + density (both independent),True,1.0617635142472746,0.8791618317141615,1.2822915184894543,0.5336605827690817,False,1.0630862331404027,0.5230735579428804,True,1.6626658861062338,1.4003893000015473,1.9740638184099049,6.451525882620391e-09,True,1.6446702044192083,3.4755314276347374e-08,False,1.2562300499250676,1.1176764542751392,1.4119595454466398,0.00013033867576291147,False,1.0594532918102575,0.5027709656737775,False,1.5750768032054312,1.3698686787073564,1.8110253738605449,1.78412111769769e-10,True,1.5179662615024594,9.377022285743488e-05,False,True,Tier 1,VFD↑ VFI↑,higher density
008.5,Bacterial enteritis,infectious diseases,1,blue,density-only,0.7663651640969243,0.0006316585895773323,False,0.8904119065342363,0.0729409574751647,False,1.327249286472911,1.437488703189912e-11,True,1.3068040600560056,2.7850797179033917e-08,True,21969,581,21388,3.7372969574202735e-09,7.905333225187291e-09,True,0.4281593256648417,0.4848846083754287,False,1.156760669914468e-07,3.7207147320960203e-07,True,density independent of area,density independent of area,True,density independent of area,True,0.962171838108774,0.8145700332500283,1.1365194007394266,0.6499380269755833,False,0.9647585038776408,0.6735385612644965,False,1.1688567868117037,1.002969406735027,1.3621813176966844,0.0457241192357795,False,1.1049099798671849,0.2111510412554848,True,1.3128803339173092,1.1943904282638589,1.4431250706624417,1.6927226885121136e-08,True,1.2412974991696433,0.00247877051391,False,1.407147119342292,1.2490568441096994,1.5852465200530217,1.9388225113517152e-08,True,1.1265058083208348,0.1897184492171232,False,True,Tier 1,SFD↑ VFD↑,higher density
117,Mycoses,infectious diseases,1,blue,density-only,0.8155004251336455,0.076620356198155,False,1.1045184575440326,0.310723101567082,False,1.4359339121527692,3.304628000431498e-09,True,1.3247691178721874,0.00011427943234281572,False,21018,253,20765,4.088808842622239e-09,8.619651073636071e-09,True,0.0023021811056295,0.0046415541515762,False,2.3796364331333534e-09,8.633099617879142e-09,True,density independent of area,density independent of area,True,density independent of area,True,1.130500596200004,0.8895840889551896,1.436661934353619,0.3158015270859071,False,1.1135276216943142,0.3824003108201564,True,1.6392704150455264,1.3120419591792891,2.048110942522326,1.3581732753265238e-05,True,1.4963236192532707,0.0005289760288015467,False,1.4870575671482475,1.295216137863376,1.7073136624600374,1.7955436083964084e-08,True,1.472050940167974,0.00028708455230547084,False,1.666673143121956,1.3967194785679284,1.9888026254578537,1.4613665127206568e-08,True,1.1703090436655204,0.2498022037007415,False,True,Tier 1,SFD↑ VFD↑ VFI↑,higher density
702,Degenerative skin conditions and other dermatoses,dermatologic,13,firebrick,density-only,0.9796161079504164,0.744049452161837,False,1.0944997227305568,0.0500005600202908,False,0.7991951027805128,3.774928036328071e-09,True,0.8836128376053036,0.0020236420815813,False,21973,954,21019,6.002387749136251e-09,1.2611077291114546e-08,True,0.0156073005923598,0.0266091682230397,False,2.15350900418029e-09,7.835507980224497e-09,True,density independent of area,density independent of area,True,density independent of area,True,0.8291435678599581,0.7244347046381017,0.9489869158973792,0.0065255462311367,False,0.8354341857917973,0.0097740092360983,False,1.005046290786889,0.8962921280788159,1.1269964501302172,0.9313501998292116,False,1.0762082063094718,0.214066310988082,False,0.7719587077551341,0.715208050605855,0.833212442133685,3.0619644760086715e-11,True,0.7381011471604088,1.952819629072546e-09,False,0.8859107997010569,0.8029429781839638,0.9774516576532668,0.0157550133436637,False,1.1077725264807787,0.1186717925365962,False,True,Tier 1,SFD↓,lower density
272.11,Hypercholesterolemia,endocrine/metabolic,3,brown,area-only,0.953595296547406,0.469728231911478,False,1.365670969889478,2.0833410789801172e-10,True,0.9103947024903476,0.0247611065817586,False,0.8468422920316228,0.00018089573001847024,False,16159,846,15313,7.387039504698759e-09,1.5468163258161162e-08,True,5.423066264597525e-07,1.6628959946480864e-06,True,0.535648260496848,0.5867190222160972,False,area independent of density,area independent of density,True,area independent of density,True,0.8775847971443499,0.7614899789792926,1.0113791349049817,0.0712821438987057,False,0.8649994885007553,0.0516245163633729,False,1.3658652931799034,1.2113317451358327,1.5401131907958256,3.5887322865594045e-07,True,1.374037070271214,4.765185191575504e-07,False,0.8820727705710035,0.8089574157131976,0.9617964524088766,0.0044791989955057,False,0.9370913104637776,0.3224501346168198,False,1.0002156513692844,0.8968740421557824,1.1154647165831475,0.996907960855027,False,1.021520573892404,0.7883275721948322,True,True,Tier 1,VFI↑,
272.13,Mixed hyperlipidemia,endocrine/metabolic,3,brown,both,1.0100316498459712,0.8873775619665651,False,1.3803800147336325,5.849005837904737e-10,True,0.8756447252448617,0.0071536917055624,False,0.7699633512228552,2.516995618634995e-07,True,16116,803,15313,7.763485226779584e-09,1.6202056125453044e-08,True,0.0011379109056049,0.0024110574027079,False,0.0697461051843131,0.1019240506674739,False,"shared (joint signal, not attributable)","shared (joint signal, not attributable)",True,"shared (joint signal, not attributable)",True,0.9321401732167524,0.8028994190466678,1.0821844952338346,0.3561136337732121,False,0.9358715882887552,0.3953889355917941,True,1.2814016484905928,1.1322944322134854,1.4501441833857085,8.549691042679137e-05,False,1.265037923219806,0.0003420451718818763,False,0.8610479912459733,0.7776373464633465,0.95340539725952,0.0040043960196851,False,1.0352589134880057,0.6739314507653862,False,0.8794518356498033,0.7791055281597997,0.9927224275440798,0.0376974998238274,False,0.8414643232434657,0.0609762661248968,False,True,Tier 1,,
081,Infection/inflammation of internal prosthetic device; implant; and graft,infectious diseases,1,blue,density-only,0.9453032751330444,0.5100388726493785,False,1.0022001146508583,0.9756520039448818,False,1.3372501212761654,3.273332438136291e-09,True,1.265977978933319,3.016102274915502e-05,False,22026,418,21608,9.858296501531325e-09,2.0505256723185156e-08,True,0.0060704939706821,0.0112236688524612,False,5.503642640053283e-10,2.0626264308668158e-09,True,density independent of area,density independent of area,True,density independent of area,True,1.2253230338767611,1.0249715557631125,1.4648372717339604,0.0256991040411234,False,1.222556568790221,0.0276442522222576,True,1.3188824080982176,1.114819696439179,1.5602978777168133,0.0012495225826531,False,1.2330477435085851,0.0174962203701348,False,1.419598764764873,1.2718556891179715,1.5845041777652702,4.1374047827657775e-10,True,1.3906470458288298,0.00012064602104480802,False,1.4488957921066228,1.2623164287797308,1.6630529148809778,1.3496856912383221e-07,True,1.1133729478505616,0.3183479376485165,False,True,Tier 1,SFD↑ VFD↑,higher density
200,Myeloproliferative disease,neoplasms,2,darkcyan,density-only,0.6725382438308772,0.00012647586281349315,False,1.1193998068304776,0.1401222363045429,False,1.2821994887839732,2.8475892319833896e-06,True,1.2467447641878908,0.00022857778866571064,False,21708,371,21337,1.158064046774792e-08,2.400770648463356e-08,True,1.5205898794505487e-05,4.0635892281676334e-05,True,1.6978234277228137e-05,4.517875560337039e-05,True,area + density (both independent),area + density (both independent),True,area + density (both independent),True,0.8016849282408373,0.638233402886077,1.0069963766582055,0.0574287537115855,False,0.7956324764774584,0.0499769965932908,False,1.5734208316420206,1.3145166714320362,1.8833181558268777,7.76128530428705e-07,True,1.516755484460139,9.59013843152315e-06,False,1.2051957963882625,1.0674191267180004,1.3607559310820472,0.0025840879841351,False,1.0968042908342084,0.3093744832510422,False,1.5642640943280215,1.3490523380126418,1.8138081732311089,3.1306160834261747e-09,True,1.341176147105123,0.0099133157458613,False,True,Tier 1,VFD↑ VFI↑,higher density
594,Urinary calculus,genitourinary,11,black,both,1.0721537434981785,0.1001888347380004,False,1.2258340682029272,1.1254757424400247e-08,True,0.8693586200038584,6.923141565881276e-06,True,0.8646629727661783,5.584728082656617e-06,True,21021,1624,19397,1.3308090896510788e-08,2.7497512315969305e-08,True,9.254437352532323e-05,0.0002233953155891749,False,0.0088305979263651,0.015834175592103,False,"shared (joint signal, not attributable)","shared (joint signal, not attributable)",True,"shared (joint signal, not attributable)",True,1.0006282928185803,0.9149469733666488,1.0943333433901534,0.9890278088346788,False,0.9964554356488264,0.9386868626936424,False,1.1771924258993092,1.081435753096233,1.2814279568870377,0.0001642038992661256,False,1.2141641993849182,1.4220487544653943e-05,False,0.8694911296697722,0.8149461316861444,0.9276868681003524,2.328893473329623e-05,False,0.8782962709384976,0.0052444833310873,False,0.937270328929366,0.8684976660198024,1.0114888086197025,0.0956800026771525,False,1.0450459398273988,0.4210008740361341,False,True,Tier 1,,
430,Intracranial hemorrhage,circulatory system,8,red,density-only,0.8800277656443675,0.2391083691083104,False,0.8636103810063949,0.1090164918850867,False,1.437508157348408,1.244382420501525e-09,True,1.2503641317722147,0.0014595622958354,False,20895,269,20626,1.7660498163775846e-08,3.6250496230908325e-08,True,0.1851001515348865,0.2376594538225703,False,4.3611607155262555e-09,1.5640024634990707e-08,True,density independent of area,density independent of area,True,density independent of area,True,1.234788135540425,0.9853536581274562,1.547364976113153,0.0669798199243357,False,1.2248016238531252,0.0792184003357687,True,1.0527351545786152,0.8423175806948718,1.315716697698992,0.65148078829169,False,0.9273988865617372,0.5096399393575488,True,1.53251525800666,1.337620782737171,1.755806313966861,7.669970060416225e-10,True,1.824356971225557,3.988383764932939e-09,False,1.2828095313356809,1.0747130982119453,1.53119962567083,0.0058185095159209,False,0.754758543364362,0.0284012431705452,False,True,Tier 1,SFD↑,higher density
870,Open wounds of head; neck; and trunk,injuries & poisonings,18,gray50,density-only,0.8346794536960974,0.0154655420809535,False,0.7598634235883234,2.751556010264213e-05,False,1.3121576017517815,8.340785133396709e-10,True,1.338990101053272,2.737892857433834e-09,True,22018,559,21459,2.111416491681022e-08,4.3197504616687136e-08,True,0.3797762812220178,0.4404840139080653,False,3.37970143663171e-05,8.607892638604844e-05,True,density independent of area,density independent of area,True,density independent of area,True,1.0214076946430677,0.8718872532062395,1.1965694817071555,0.7930927667789045,False,1.0307046347548414,0.7070855251516925,True,0.9363032632784036,0.7992977003675132,1.0967925973297576,0.4148594052437482,False,0.8956935632043085,0.1820257533029657,False,1.3204518264189318,1.196306713363296,1.4574799308708686,3.4288339066577506e-08,True,1.2057603218856427,0.0135428659337076,False,1.2969255918241438,1.1468224681220884,1.4666751284378756,3.4292957414954117e-05,False,1.092866346084619,0.3457153842010049,False,True,Tier 1,SFD↑,higher density
202.2,Non-Hodgkins lymphoma,neoplasms,2,darkcyan,density-only,0.6888365804929528,4.5337997525211185e-05,False,0.7976019510275878,0.0020412227977447,False,1.357445789813761,5.185783361311433e-10,True,1.3879540499014205,2.304775492677087e-09,True,21765,428,21337,2.204426882226987e-08,4.4953018774824836e-08,True,0.3639221386173007,0.424462457004104,False,7.981804061029429e-05,0.0001945564739875923,False,"shared (joint signal, not attributable)","shared (joint signal, not attributable)",True,"shared (joint signal, not attributable)",True,0.8644274457368908,0.7090672529047201,1.0538278363330562,0.1495042007407713,False,0.8700884667688846,0.1671528200085904,False,1.071494421158251,0.8973383657176124,1.2794508052211788,0.4454443855410151,False,1.028166224160765,0.7636376540279224,True,1.3006708109666176,1.1625234738514696,1.4552347514289463,4.463223850610713e-06,True,1.1446906582577223,0.1197512030168598,False,1.436502719595582,1.2498394387264244,1.651044125722447,3.393977050253601e-07,True,1.2083568225168568,0.0791855315013015,False,True,Tier 1,SFD↑ VFD↑,higher density
401.21,Hypertensive heart disease,circulatory system,8,red,density-only,0.7343671477273649,0.0164302812922343,False,0.989786032186098,0.9114011553436264,False,1.5871972964451582,1.7137485875419635e-10,True,1.4414132611863577,1.7005741123162322e-05,True,13232,231,13001,2.2572111493497847e-08,4.5879470918379996e-08,True,0.1756078705811737,0.2278156158890903,False,2.0165231641715363e-08,6.894851805167335e-08,True,density independent of area,density independent of area,True,density independent of area,True,1.03173931642132,0.786813212992541,1.3529081610118103,0.821222242089579,False,1.039982702532973,0.7794864317375636,True,1.3648828446085948,1.0993805882269816,1.6945043413139,0.0048262091630542,False,1.2345855811319408,0.0623785876756512,True,1.6012297793849448,1.362858919495192,1.8812928981224637,1.0381720684092045e-08,True,1.6265392284257725,9.453363346724558e-05,False,1.7011633816868688,1.3887276464374234,2.0838908612616187,2.870919504539572e-07,True,1.067854797890478,0.6703560266697773,False,True,Tier 1,SFD↑ VFD↑,higher density
450,Noninfectious disorders of lymphatic channels,circulatory system,8,red,both,0.5811594990311594,1.030803603398242e-06,True,0.7329299282339579,0.0004754080415217838,False,1.4495641935500898,1.6573935765864125e-08,True,1.4949786477659424,7.205399044431854e-08,True,22560,240,22320,2.5432929211823952e-08,5.1526453987591384e-08,True,0.0095850695873661,0.0170644320185919,False,0.0137677174940049,0.0238309451213844,False,"shared (joint signal, not attributable)","shared (joint signal, not attributable)",True,"shared (joint signal, not attributable)",True,0.7054620761049741,0.5556343678570409,0.8956910688260151,0.0041790110109643,False,0.7146619652720334,0.0054156578151323,False,0.938404660612859,0.7639215057980274,1.152740563495482,0.5447124832797765,False,0.8860519402170032,0.2575564205690925,False,1.3061611403158284,1.1280749891622,1.512361271069578,0.0003551106521414911,False,1.172780663140877,0.1631027755306635,False,1.4461601627492802,1.2060413757117778,1.7340857937719931,6.826126140588975e-05,False,1.1140883390047116,0.4460812209694961,False,True,Tier 1,,
442,Other aneurysm,circulatory system,8,red,density-only,0.6824796611319851,4.105496991202735e-05,False,0.8853393949654564,0.0780221372043017,False,1.3703805715589357,9.823625830668029e-11,True,1.3101427709846405,9.082352355456615e-07,True,20436,456,19980,2.5776301173251932e-08,5.20531130488971e-08,True,0.3199764667422662,0.3806774361242595,False,1.163240817940199e-05,3.176640133018312e-05,True,density independent of area,density independent of area,True,density independent of area,True,0.877633555715709,0.7166976212393021,1.0747079874303345,0.206635048152509,False,0.8764655623892631,0.2028376897021872,False,1.1530628587961906,0.974836156064631,1.3638742757578797,0.0964184227265938,False,1.0734552192741371,0.4164965435474728,True,1.3196358595061688,1.1800808210406464,1.475694520786219,1.1532845175167724e-06,True,1.3030656701517835,0.0025443537181693,False,1.410824475702051,1.2280719357082,1.620772890711924,1.1591201685908717e-06,True,1.0475413502368802,0.6666341671651252,False,True,Tier 1,SFD↑ VFD↑,higher density
965,"Poisoning by analgesics, antipyretics, and antirheumatics",injuries & poisonings,18,gray50,density-only,0.9450375922681398,0.5274588799779345,False,0.8385183749233259,0.0230159478272055,False,1.367503060671453,4.884170529867252e-09,True,1.400603889208583,1.5000262342150842e-08,True,16004,397,15607,2.6653195239376295e-08,5.36503026753897e-08,True,0.0795219156658393,0.1139744847046922,False,1.802175814106217e-08,6.195910236927159e-08,True,density independent of area,density independent of area,True,density independent of area,True,1.2082870981692224,1.0040249415725089,1.454105023840949,0.0452334225733878,False,1.2234734208936549,0.0323628517591207,True,1.1237780393480965,0.9393888613637232,1.3443602896118183,0.2018901131362278,False,1.0780173678061953,0.4277852566621289,True,1.4435806729483305,1.283259678073347,1.6239309898980894,9.82274764929768e-10,True,1.2387667241583884,0.0175082887994875,False,1.4811325323940705,1.281261865604738,1.7121820584901668,1.0903944295887697e-07,True,1.2825132978440668,0.026171240875755,False,True,Tier 1,SFD↑ VFD↑,higher density
433.21,"Cerebral artery occlusion, with cerebral infarction",circulatory system,8,red,density-only,0.9527591599248848,0.5818472461019499,False,0.929053596337852,0.2649767874906598,False,1.3273148688378165,3.1910408513551303e-09,True,1.2247817278729076,0.00024537788899676083,False,21085,459,20626,3.716616199757797e-08,7.457133468324325e-08,True,0.0534997943231526,0.0809305979579327,False,3.505224829804247e-09,1.2606687572321904e-08,True,density independent of area,density independent of area,True,density independent of area,True,1.2626137210124893,1.048441252924877,1.520536705362958,0.0139419280084685,False,1.2588739008765002,0.0153965073717421,True,1.125838119838282,0.9592228754349856,1.3213941249120127,0.1469214767960137,False,1.0349890824654293,0.6811564102268559,True,1.4186736684858872,1.273298504737406,1.580646619914372,2.2954936590742234e-10,True,1.5157591101716517,6.352661107105596e-07,False,1.3044757396390512,1.136355818270532,1.4974684231358744,0.00015951430087133802,False,0.9216733768448464,0.4401892654603497,False,True,Tier 1,SFD↑,higher density
427.5,Arrhythmia (cardiac) NOS,circulatory system,8,red,density-only,1.1324500847211298,0.315011158879291,False,0.7190778815922971,0.0017807057328197,False,1.4470433945032952,2.705284957842802e-07,True,1.4817112867822697,6.51574333694401e-07,True,12303,238,12065,4.7554394945027694e-08,9.499772631535181e-08,True,0.0022734708715231,0.0045910868085128,False,1.099268474318288e-06,3.289897016664804e-06,True,density independent of area,density independent of area,True,density independent of area,True,1.5719375824868798,1.2233360678034948,2.019876490416378,0.0004066193252855322,False,1.5776927365995868,0.0003620491269281704,False,0.9870554783346434,0.7646573698996091,1.2741373530975626,0.9203238199129096,False,0.939550856894674,0.6431208508541684,False,1.6403610939611162,1.4022013953178538,1.918971502643069,6.271016436151387e-10,True,1.4064282174870797,0.0043542693072376,False,1.4720502224783645,1.2039622462106006,1.7998337276097238,0.00016351362473040454,False,1.2178337960051078,0.1844709574616051,False,True,Tier 1,SFD↑,higher density
433.2,Occlusion of cerebral arteries,circulatory system,8,red,density-only,0.940491668473298,0.4776232224415448,False,0.9237059862809256,0.2223573530478513,False,1.3232344089874244,2.7419540875992438e-09,True,1.2210518396257777,0.00023955870734261432,False,21101,475,20626,4.76511031036941e-08,9.499772631535181e-08,True,0.0832175198086946,0.1188277628389599,False,5.480754321594782e-09,1.9542803981000825e-08,True,density independent of area,density independent of area,True,density independent of area,True,1.2376996827010678,1.0306366090762065,1.4863633710153346,0.0224289357637737,False,1.2339056364627607,0.0246930503731825,True,1.1112389870624546,0.9490270973268384,1.301176847158365,0.1901554157523394,False,1.0216732901328427,0.7946753883629568,True,1.4062587742405654,1.2642555183379418,1.5642120690352133,3.444771962295873e-10,True,1.5069677521192153,5.941840341828729e-07,False,1.291215395292603,1.12752377030503,1.4786714399729186,0.0002196260041166592,False,0.9129386197280578,0.379616961567723,False,True,Tier 1,SFD↑,higher density
202,"Cancer of other lymphoid, histiocytic tissue",neoplasms,2,darkcyan,density-only,0.7044544317061316,4.167945808522174e-05,False,0.8359756274601366,0.008901543564003,False,1.308576187461797,5.26769743388492e-09,True,1.3438549555069894,7.365842312202891e-09,True,21832,495,21337,5.631906736720649e-08,1.1192069438578613e-07,True,0.2049766143111638,0.2591801566973986,False,8.076395112565614e-05,0.000196478384024988,False,"shared (joint signal, not attributable)","shared (joint signal, not attributable)",True,"shared (joint signal, not attributable)",True,0.8557279049325083,0.710276468809813,1.030965095193455,0.1011850725567562,False,0.8620071710523353,0.1167499411779743,False,1.1090429304221228,0.9398201520148336,1.30873573936716,0.220495337982092,False,1.0751451313531952,0.4004749906017704,True,1.2510107729677853,1.1266099605989788,1.3891479827227742,2.7799161443417475e-05,False,1.096446656127173,0.2443771901512639,False,1.4139486487049646,1.2426907153683646,1.6088080134902814,1.4527255275637956e-07,True,1.238707207933614,0.0304119260714392,False,True,Tier 1,VFD↑,higher density
041.12,Methicillin resistant Staphylococcus aureus,infectious diseases,1,blue,density-only,0.841738794826529,0.1546142124684109,False,0.8054090278617156,0.04068002155786,False,1.5384666918332657,6.553886976150785e-10,True,1.5153934268490568,1.9485035505185395e-07,True,18160,218,17942,1.2043934507594494e-07,2.3858460738853856e-07,True,0.27273498764088,0.331102397447294,False,9.470683355333182e-08,3.094087127606233e-07,True,density independent of area,density independent of area,True,density independent of area,True,1.1845256547111087,0.9262705244862498,1.5147853565209817,0.1771494591928566,False,1.1902394929940343,0.1641183351414249,True,1.2071526403725572,0.9428521020619792,1.5455419720352328,0.1353780412529044,False,1.1170427894636912,0.3934441861534051,True,1.6182647651354738,1.3857137904871757,1.8898425259651093,1.19259058717895e-09,True,1.441520499861075,0.0023651984411207,False,1.6665653148792332,1.3639759820373227,2.0362821525713035,5.841401923680012e-07,True,1.234863517758847,0.1657132795754734,False,True,Tier 1,SFD↑ VFD↑,higher density
531.2,Gastric ulcer,digestive,10,chartreuse4,density-only,0.7898245239396435,0.0596982872434246,False,0.8391515906832712,0.0925103163526809,False,1.4880564334006463,7.784880234203388e-10,True,1.5091303586073543,1.3328303705951938e-07,True,21700,214,21486,1.278589544477823e-07,2.524809733399245e-07,True,0.3069451213303666,0.3678386096655723,False,9.735199272687793e-08,3.1639397636235324e-07,True,density independent of area,density independent of area,True,density independent of area,True,1.1307673101687763,0.8731536921821803,1.464386763973675,0.351510068432216,False,1.1403450298895192,0.31965879933901,True,1.2411242881032492,0.979522705956136,1.5725919257953145,0.0736712507818409,False,1.156280323411201,0.2407929818900074,True,1.5401396459940535,1.330849166577882,1.7823433253988343,6.814894627496565e-09,True,1.3664206909197951,0.0058709189308741,False,1.6709010914228164,1.3829128241925763,2.018862222170827,1.0442300545756992e-07,True,1.2651499193831406,0.1107149095397792,False,True,Tier 1,SFD↑ VFD↑,higher density
339,Other headache syndromes,neurological,6,darkblue,not significant,1.1749346726956922,0.0013327838565121,False,1.052158409692996,0.2358563356822864,False,0.97137122608736,0.4144026473672946,False,0.8677947524027086,0.0001103065104801884,False,21220,1185,20035,1.6640971193052493e-07,3.2717168771483717e-07,True,0.0014693022132533,0.003045995285947,False,1.7663805976442937e-06,5.199157985519053e-06,True,density independent of area,density independent of area,True,density independent of area,True,1.185204527615268,1.0656829964962176,1.3181309797549317,0.0017307494036062,False,1.180184981281431,0.0022895376818615,False,0.9406346404964492,0.8491112170815053,1.0420231285402437,0.2412778441639909,False,0.8927338391833869,0.0368251054805426,True,1.0167253874179782,0.9415669866533034,1.097883133195355,0.6720580281403516,False,1.2614512302584746,4.6549384312590294e-05,True,0.8437804311822863,0.7746670851746575,0.9190598512206624,9.790172999097547e-05,False,0.717335802101061,2.469942872793154e-07,False,True,Tier 1,,
008,Intestinal infection,infectious diseases,1,blue,density-only,0.7967145273727769,0.0001747547649143825,False,0.9065722474004028,0.0515628229681717,False,1.2192904006918166,6.865568186431758e-09,True,1.2229969012765105,1.1917583805350105e-07,True,22356,968,21388,1.6673172547006125e-07,3.2717168771483717e-07,True,0.2635343634588177,0.3208691566796142,False,2.3484818995008907e-05,6.144455787373399e-05,True,density independent of area,density independent of area,True,density independent of area,True,0.9132223046794882,0.8013049329634068,1.0407710516393405,0.1735536680208823,False,0.9186472165754628,0.2036820896606446,False,1.1010254993013304,0.9760363474952346,1.242020497722973,0.1174810793612409,False,1.0677974378978172,0.2959685975431265,True,1.1889141280856914,1.101858134915621,1.282848271633449,8.194093009821114e-06,True,1.112670515535016,0.0560444400766568,False,1.2799764612011415,1.1652454042732636,1.4060040359058887,2.580654330237021e-07,True,1.129090769431389,0.0841391213459723,False,True,Tier 1,SFD↑ VFD↑,higher density
261,Vitamin deficiency,endocrine/metabolic,3,brown,density-only,1.0256472631308335,0.596085201841412,False,0.998077449632983,0.9591499798158633,False,1.197425760982278,8.300930564286393e-08,True,1.1131621412793715,0.0014315997878131,False,18912,1574,17338,1.7322481537202265e-07,3.3884728774966185e-07,True,0.0162548059764526,0.0275999970865481,False,1.0251610128503351e-08,3.5938228765090405e-08,True,density independent of area,density independent of area,True,density independent of area,True,1.147902057423955,1.039330329061546,1.267815531398891,0.0065099312095748,False,1.148179498663703,0.0064505136217588,False,1.099542720216009,1.0069072245669368,1.2007006843157768,0.0345788607887525,False,1.047137186722196,0.3251861679947082,True,1.2442490062906484,1.158323607269831,1.3365484221669872,2.1567719511684067e-09,True,1.2762934437352442,6.823621075870442e-06,False,1.1684293106193966,1.0787161008402848,1.2656036679632865,0.00013403960798634814,False,0.9817097260083754,0.760880103977459,False,True,Tier 1,SFD↑,higher density
514.2,Solitary pulmonary nodule,respiratory,9,coral4,both,0.7039364806372572,1.1428483585673459e-07,True,0.8862877859166565,0.0170800607659065,False,1.2042574122016465,5.577932642688035e-06,True,1.194388602876315,2.356474316240141e-05,False,16277,914,15363,1.98897300552964e-07,3.878497360782798e-07,True,0.0005445203612493304,0.0012048961185091,False,0.0870352276122205,0.1235722002958489,False,"shared (joint signal, not attributable)","shared (joint signal, not attributable)",True,"shared (joint signal, not attributable)",True,0.7580788730575243,0.6579006449296754,0.8735111938332198,0.00012811512932961423,False,0.759996357940858,0.00013959838756960862,False,1.0117406630797872,0.8949474390075862,1.1437757400191302,0.8520483799092223,False,0.9764568009169716,0.7092991742946322,True,1.1166167044266535,1.022415624668075,1.2194970758681651,0.0141693529045153,False,1.0619810569595185,0.3499217107346073,False,1.2015971009017747,1.083089651355754,1.3330711738296397,0.0005270838059074071,False,1.0631334421035086,0.4196296950991317,False,True,Tier 1,,
395.2,Nonrheumatic aortic valve disorders,circulatory system,8,red,density-only,0.716733889897219,0.001107490428811,False,0.9524919526792986,0.4841922823999819,False,1.357183091243905,1.0452882773216461e-08,True,1.3301480975296365,2.0014029203105287e-06,True,20620,391,20229,2.914622652736018e-07,5.665808521206465e-07,True,0.0796360181590477,0.1139744847046922,False,3.6488170255026314e-06,1.0468330224890308e-05,True,density independent of area,density independent of area,True,density independent of area,True,0.9130755694173964,0.7324350274956497,1.138267510658964,0.4187935654582248,False,0.9135704502478432,0.4237993827148149,False,1.2701988812042395,1.0758418449944382,1.4996676373197235,0.0047616124628393,False,1.2037080797835809,0.0339997656848098,True,1.3239562473234872,1.1737259827667246,1.4934151331429353,4.955551316167803e-06,True,1.2077496134624173,0.0477266516652487,False,1.5159837602002062,1.3065734280765728,1.7589572172564252,4.1205095290823294e-08,True,1.2270525340492997,0.0818128040799695,False,True,Tier 1,SFD↑ VFD↑,higher density
702.2,Seborrheic keratosis,dermatologic,13,firebrick,density-only,1.0340552104550518,0.6405567253111968,False,1.0971533748297082,0.0762052491079809,False,0.7834792011085434,1.2879191973302356e-08,True,0.8711044148208157,0.002598365675483,False,22392,719,21673,3.0463250125955404e-07,5.903437291489495e-07,True,0.1691764353284353,0.2208495724789615,False,7.772633527682143e-08,2.566202815488707e-07,True,density independent of area,density independent of area,True,density independent of area,True,0.8729729149647105,0.7490403326101869,1.0174107816148583,0.0820332353202049,False,0.8815062950576413,0.110079993932404,True,0.9956121555837169,0.8747431943992348,1.1331823679140849,0.9469058451636106,False,1.0669548320836828,0.3333466639817974,True,0.7650369475098262,0.7020730304553388,0.8336476487005354,9.839091098503983e-10,True,0.7358812500879396,1.787948167262358e-08,False,0.8691453389663049,0.7773806865197794,0.9717422021747544,0.0137597513466712,False,1.0985847901076446,0.1966732228284427,False,True,Tier 1,SFD↓,lower density
250.41,Impaired fasting glucose,endocrine/metabolic,3,brown,both,1.124083804947849,0.1420408780090928,False,1.408942142613203,1.2539730012990188e-08,True,0.8320438103691333,0.0019387176761294,False,0.7573355232159384,1.4799455464456938e-06,True,17507,507,17000,3.558653813395661e-07,6.874922537334032e-07,True,0.0028409324802247,0.0055746599611956,False,0.2217116377631501,0.2783663218595688,False,"shared (joint signal, not attributable)","shared (joint signal, not attributable)",True,"shared (joint signal, not attributable)",True,1.0321663276396635,0.8722475424865658,1.2214047916673358,0.7124200817173553,False,1.0360552179370903,0.6871043941978721,False,1.2957009498387837,1.1190310632392997,1.500263045918783,0.0005328923539999448,False,1.304329371990024,0.0006514002997211178,False,0.8383185615488578,0.7408770512953394,0.9485757581620572,0.0051519474625221,False,0.9824226470584626,0.8547037781082174,False,0.8712377739819006,0.7560953199587958,1.0039147694424335,0.0566580492698587,False,0.890768702503625,0.2752749117035341,False,True,Tier 1,,
574.3,Cholecystitis without cholelithiasis,digestive,10,chartreuse4,not significant,0.957382462701176,0.5660967791227163,False,1.112939074281785,0.0726710994065335,False,1.230247315219707,4.016332486339076e-05,False,1.19495201773665,0.0009243151941554132,False,18997,529,18468,3.739938176958351e-07,7.20284389636423e-07,True,6.753413618823187e-05,0.00016623787369410924,False,1.317094584612171e-07,4.2255373819948313e-07,True,density independent of area,density independent of area,True,density independent of area,True,1.1050898450254851,0.9421292777565824,1.2962377822356328,0.2195923886105493,False,1.1181771624391323,0.1696138271627955,True,1.3990926813224986,1.2175065846332087,1.6077615970511503,2.194589309055367e-06,True,1.3724984916328382,1.7695864503178573e-05,False,1.2679650318640414,1.135686378543436,1.415650792688,2.406067930619957e-05,False,1.133973441386228,0.1338200945611278,False,1.4343696694910355,1.2603109234618932,1.6324672828387423,4.6254192479957766e-08,True,1.320915797458471,0.0052997546757692,False,True,Tier 1,VFD↑ VFI↑,higher density
495,Asthma,respiratory,9,coral4,not significant,1.1010628112641223,0.0139545583651722,False,1.090133248212844,0.0089661205971964,False,1.083998044880295,0.0060734883196835,False,0.998602479568106,0.9630163123957954,False,20524,1862,18662,4.580122818516503e-07,8.793835811551685e-07,True,0.00012795274755169096,0.00030474242164982887,False,7.564271430258674e-06,2.1024968251587585e-05,True,density independent of area,density independent of area,True,density independent of area,True,1.1721536853009549,1.079555432759436,1.2726945002283865,0.0001548744495842407,False,1.1686057176445532,0.0002140255043214963,False,1.1327776172544743,1.0477635708247537,1.224689582538795,0.0017353004189953,False,1.0909253072402745,0.0358251419970633,False,1.1359137987122911,1.066713313729036,1.2096035003016248,7.074038372556107e-05,False,1.225030900427575,2.2809561205628933e-05,False,1.06469788589876,0.9910449858680156,1.1438245532763895,0.0865243279391657,False,0.9294468689929803,0.1828249811460625,True,True,Tier 1,,
447,Other disorders of arteries and arterioles,circulatory system,8,red,density-only,0.8517185460128007,0.1931567364997522,False,1.0289993502393713,0.7538668019088297,False,1.3965998203267025,7.158442770719731e-08,True,1.3262574057486436,9.637415407236792e-05,False,20236,256,19980,5.033886511868359e-07,9.6354146730241e-07,True,0.0168584595610217,0.0285472965158143,False,7.537491431995583e-08,2.5018056667900233e-07,True,density independent of area,density independent of area,True,density independent of area,True,1.1871093229231855,0.9157369854721562,1.538900980224734,0.1952383120001833,False,1.182817583302567,0.2070021331184879,True,1.436894976596823,1.164045324328388,1.7736999845434904,0.0007414985881371825,False,1.334610024427953,0.0091930850192241,False,1.4628059147909698,1.2711077153167292,1.6834144884521134,1.1134507174757789e-07,True,1.3978846495579431,0.0025500599428886,False,1.5844316111997,1.3301231513425722,1.887361728900785,2.525736100737685e-07,True,1.187294952678608,0.2165777644694851,False,True,Tier 1,SFD↑ VFD↑,higher density
274.1,Gout,endocrine/metabolic,3,brown,not significant,0.9699409120351344,0.7050762038755147,False,1.2797965692277389,7.302275776908455e-05,False,1.1775746205502655,0.0055058243819032,False,1.004156303718939,0.946979512055818,False,22462,401,22061,5.110306007566011e-07,9.751776601593856e-07,True,0.00019139692046211452,0.0004481488869356828,False,7.840382377057752e-05,0.00019148331128313257,False,"shared (joint signal, not attributable)","shared (joint signal, not attributable)",True,"shared (joint signal, not attributable)",True,1.0804045731377565,0.9093986064077768,1.2835670006883304,0.3790338905619603,False,1.1112900619152732,0.2360241381044699,True,1.4694921326818202,1.265900635601361,1.7058267191626355,4.220655325172198e-07,True,1.3795319547038656,4.927256803661942e-05,False,1.2084801183191838,1.0619746280800089,1.375196881128049,0.0040801135077954,False,1.4005305362697145,0.0012747355055363,False,1.2670171167723032,1.0884756181448358,1.4748445876353933,0.0022585100816434,False,0.9598245033366932,0.7341675266758305,False,True,Tier 1,VFI↑,
850,Hemorrhage or hematoma complicating a procedure,injuries & poisonings,18,gray50,density-only,0.7185974247149707,0.0066043439115849,False,0.8477464277379502,0.0993750948482491,False,1.477116553561511,1.4103260024919432e-09,True,1.449262511457939,7.601462050990583e-07,True,20926,236,20690,5.399475635850694e-07,1.0240950750063323e-06,True,0.5444062088600037,0.5938976823927312,False,2.535149229873767e-06,7.357828462517352e-06,True,density independent of area,density independent of area,True,density independent of area,True,0.9912503029711698,0.7679121006882962,1.2795437944782102,0.9462074873127688,False,0.9951562640505538,0.9702657418146412,False,1.238031698576189,0.9789489736746148,1.5656816932206044,0.0746895480205839,False,1.1463337868992305,0.2653265029907115,True,1.4733390609815782,1.2724962563313995,1.7058816305458349,2.185468857097897e-07,True,1.3569747121460256,0.0071253534686737,False,1.6108172089826445,1.3353821071910046,1.9430633874619547,6.266890857746556e-07,True,1.1884148306747095,0.2325232181737426,False,True,Tier 1,SFD↑ VFD↑,higher density
443.9,"Peripheral vascular disease, unspecified",circulatory system,8,red,density-only,0.9397821689458618,0.5108130148872407,False,1.0046166400824548,0.9466447493495695,False,1.332744248428051,9.680884498532297e-08,True,1.2618896685810137,0.00012600203094122233,False,20367,387,19980,5.717814062012815e-07,1.0784237776758195e-06,True,0.01927259615137,0.0322415549556431,False,3.9333129117481045e-08,1.323119815057044e-07,True,density independent of area,density independent of area,True,density independent of area,True,1.2070118640520675,0.9891996876198688,1.4727841690567716,0.0638800548376166,False,1.2126051507630182,0.0584131733689705,True,1.2782345342333057,1.086528773374989,1.5037646167725922,0.003066829929611,False,1.2035194629675128,0.031406245817681,False,1.405609809798596,1.2467396548916436,1.5847245490669506,2.6405458983451797e-08,True,1.3685474330683065,0.0010961410746805,False,1.4412391989713444,1.2432772778111314,1.6707217816355115,1.244172067913255e-06,True,1.118580607444808,0.3438742994261317,False,True,Tier 1,SFD↑ VFD↑,higher density
562.1,Diverticulosis,digestive,10,chartreuse4,density-only,1.0584974635444424,0.2645016048360402,False,1.1697156686138748,5.012091408072851e-05,False,0.8368457422055553,2.4520052561837752e-06,True,0.8810274002975896,0.0003921796041376876,False,11535,1511,10024,5.720485102735517e-07,1.0784237776758195e-06,True,0.0026616904303156,0.0052894739761685,False,0.00014358889122490884,0.00033986186642036954,False,"shared (joint signal, not attributable)","shared (joint signal, not attributable)",True,"shared (joint signal, not attributable)",True,0.9666222104091076,0.8679107809656671,1.076560538419156,0.5367850602960681,False,0.967222174555977,0.5463346008538561,True,1.1226256423354433,1.022113219003598,1.233022241956378,0.0156491118569501,False,1.183657006878969,0.0006870753803865637,False,0.8299912495385257,0.7674561509979367,0.8976219337284003,3.126135863072361e-06,True,0.7944906427845632,4.98179201871111e-05,False,0.9374991404977449,0.8597076082024571,1.0223297200680728,0.1442118384332373,False,1.1231169898365407,0.0650703333017598,False,True,Tier 1,SFD↓,lower density
761,Cervicalgia,symptoms,17,purple,density-only,1.1288203788955702,0.0277740136773452,False,0.982935223387362,0.7128302571975651,False,0.8761552592952999,0.0003681129404937189,False,0.8380410790170889,6.302015662967437e-06,True,22323,1010,21313,5.942578803197458e-07,1.116918425661209e-06,True,0.0010276320143997,0.0021885405357864,False,4.657969009227291e-07,1.4424678222123225e-06,True,density independent of area,density independent of area,True,density independent of area,True,1.057839821066512,0.9412040508944464,1.1889293144994395,0.3454996452196421,False,1.058304927628995,0.3440730661105114,False,0.8147230738370078,0.7273938742431539,0.9125368119618446,0.000396868645079984,False,0.8063179099684008,0.00032497292228607594,False,0.8874411411127848,0.8204857487947743,0.9598603998867866,0.002849398033507,False,1.0405855547619045,0.5087737897701059,False,0.7639948441495787,0.6977013060058458,0.836587400457365,6.150361975948681e-09,True,0.7465329256403279,1.650523472086482e-05,False,True,Tier 1,VFD↓,lower density
496,Chronic airway obstruction,respiratory,9,coral4,density-only,0.8221315301157475,0.0008085350252639042,False,0.9872425459633328,0.7668993621118796,False,1.1955966592171163,3.999398007614531e-08,True,1.163833929889449,3.4844988263724524e-05,False,19776,1114,18662,6.789879251318555e-07,1.272337733580414e-06,True,0.0892956226335983,0.1260644084239036,False,1.1768562603696122e-05,3.206804831749511e-05,True,density independent of area,density independent of area,True,density independent of area,True,0.9343842368075344,0.8232779445266974,1.0604849890595924,0.2933755607908087,False,0.9333289070439138,0.2871917930758791,False,1.1533695789124645,1.0396319098438174,1.2795503610124463,0.0070663422977665,False,1.110867259002962,0.05275438949149,True,1.1740851044940523,1.0925182754764171,1.2617416692582963,1.2506843644517118e-05,True,1.1488404557266922,0.0113643634872686,False,1.2518177231530676,1.1447731737594615,1.3688717100645442,8.45784592272451e-07,True,1.0735861924311765,0.3002344850296393,False,True,Tier 1,SFD↑ VFD↑,higher density
702.1,Actinic keratosis,dermatologic,13,firebrick,density-only,0.9951060093795896,0.9529566975497296,False,1.121883148087515,0.0517759991339637,False,0.7862008976518464,3.890824342532896e-07,True,0.9028478891649302,0.0495770136804816,False,22230,557,21673,7.093599647768541e-07,1.3252713114393925e-06,True,0.0353028325603214,0.0556309604498615,False,2.731825512953498e-07,8.544657243523723e-07,True,density independent of area,density independent of area,True,density independent of area,True,0.8327618028889964,0.6978279171433427,0.993786868243736,0.0424515767779237,False,0.852904018805336,0.0832349042494007,False,1.0712889213140702,0.9238143967664992,1.242305767205253,0.3621426534790041,False,1.1536470605363842,0.0608204724524553,False,0.763308662369063,0.6951676416561989,0.8381289334174704,1.5035193414729206e-08,True,0.7133588889516767,7.115108591032899e-09,False,0.9367237914655632,0.8229924216508274,1.0661719821642512,0.3222890736145201,False,1.2084307867239057,0.0219168176131921,False,True,Tier 1,SFD↓,lower density
440,Atherosclerosis,circulatory system,8,red,not significant,0.9300723711525146,0.4551056951089316,False,1.1586257187280091,0.0274203046837493,False,1.247145575943616,3.628769682563259e-05,False,1.057721163684758,0.3532169337675546,False,20393,413,19980,7.176615442486945e-07,1.3367785182423442e-06,True,0.0413883296138761,0.064244571340942,False,7.5988301106753e-07,2.301781548088052e-06,True,density independent of area,density independent of area,True,density independent of area,True,1.1355820526247105,0.9232547391467748,1.3967397550919525,0.228631056665526,False,1.1405215679310987,0.2159263991156476,True,1.3331496525692126,1.1353511398502234,1.5654082105205565,0.0004495536311938592,False,1.2077896312346148,0.0255556093977653,False,1.290898876212883,1.145953543357533,1.4541775434676307,2.6467051658508972e-05,False,1.549801381173246,2.6033854637787572e-06,False,1.2386112785327206,1.0686887770828886,1.4355516144710765,0.0044780598798721,False,0.8374429998127636,0.1213074474351224,False,True,Tier 1,,
184.11,Malignant neoplasm of ovary,neoplasms,2,darkcyan,both,0.7879218419063095,0.0224467567022307,False,0.6646760066516515,1.7327976626639336e-06,True,1.1733836813058158,0.0028161271717669,False,1.3732853874381432,1.462149366768734e-07,True,11343,381,10962,9.920266755843745e-07,1.842335254656695e-06,True,0.1340395925134885,0.1800661049050954,False,0.0224461794696371,0.0367622466904294,False,"shared (joint signal, not attributable)","shared (joint signal, not attributable)",True,"shared (joint signal, not attributable)",True,0.8811832878378006,0.7023177695732511,1.1056020798625823,0.2745184029507716,False,0.9443329948089636,0.6193816503731306,False,0.7948093252261875,0.6474828831233407,0.9756580134121772,0.0281233909595935,False,0.8163423225572857,0.0585519263027071,False,1.137409042327615,1.0102708695175402,1.2805469984366022,0.0332603534794281,False,0.9120582080476548,0.2809560489199441,False,1.2378887971974513,1.0656333415747543,1.4379886725038775,0.0052466702138416,False,1.3354438267618307,0.0098753674390325,False,True,Tier 1,,
790,Nonspecific findings on examination of blood,symptoms,17,purple,density-only,0.80829123570487,0.0739408723983115,False,1.0083862685062328,0.924001713152592,False,1.3843921991877557,1.0522155328041205e-07,True,1.3466521748765905,2.517508043546484e-05,False,19878,268,19610,1.1675907319870742e-06,2.160400291486626e-06,True,0.029726328363029,0.0475621253808465,False,3.666927882552374e-07,1.1412284282856265e-06,True,density independent of area,density independent of area,True,density independent of area,True,1.079755017077561,0.8403164156723821,1.3874189235864065,0.5485868981968756,False,1.0776747621224965,0.5592305927852737,True,1.4029004559493905,1.147024730874991,1.7158563685036228,0.0009839698288323525,False,1.320827437262222,0.0085962126746541,False,1.4133098533289148,1.2314749141133396,1.6219938535692835,8.51816436126757e-07,True,1.2872853896664382,0.0191636454341591,False,1.595486263813417,1.3449149407376093,1.8927415711667184,8.346765384632242e-08,True,1.2687568233197606,0.0758472781574542,False,True,Tier 1,SFD↑ VFD↑,higher density
261.2,Vitamin B-complex deficiencies,endocrine/metabolic,3,brown,density-only,1.0010242386439394,0.9914663278281804,False,0.9033768586455218,0.176702096897499,False,1.3735057755348885,9.894446552584219e-08,True,1.3291576602303177,6.412097916397948e-06,True,17719,381,17338,1.1702168245552556e-06,2.160400291486626e-06,True,0.0496933253611207,0.0757231624550411,False,1.708464035043038e-07,5.425351439525982e-07,True,density independent of area,density independent of area,True,density independent of area,True,1.256995125154636,1.0336493735123151,1.528600302144617,0.0219320444728649,False,1.2595617084464084,0.0207160215269665,False,1.1505929152998535,0.9664613120555308,1.3698055371947984,0.1148966365916378,False,1.0905604381581615,0.3488895594111595,True,1.4634243109128091,1.2865754340849225,1.6645823144399243,6.849331760992803e-09,True,1.3357290323272837,0.0037625955681554,False,1.427605098598105,1.2260819500129227,1.6622513018169984,4.536545845512359e-06,True,1.168291309300486,0.1837646845334129,False,True,Tier 1,SFD↑ VFD↑,higher density
480.1,Bacterial pneumonia,respiratory,9,coral4,density-only,0.8099381289597207,0.0999785158382423,False,0.7975170050645115,0.0390734089171868,False,1.4719364753929354,4.978909914575964e-09,True,1.4533468178402955,2.4805875125760735e-06,True,20525,203,20322,1.202647103397687e-06,2.2137221018293707e-06,True,0.5310824688467822,0.5824743971859249,False,1.3609589511721082e-06,4.0343866296028295e-06,True,density independent of area,density independent of area,True,density independent of area,True,1.1580118554441932,0.8887081756873584,1.5089221569410367,0.277343014084887,False,1.16080880772823,0.2696605889027971,True,1.125256760760122,0.8722064016628622,1.4517237837538752,0.3638917511995099,False,1.0342824235949948,0.7993175619233581,True,1.5330781603264088,1.3206308942556282,1.7797013956685948,1.9755312708087473e-08,True,1.4632211874799652,0.001161074928266,False,1.53461595507738,1.2628960751856189,1.8647980430471431,1.6511027853272174e-05,True,1.0853237326244043,0.5896657375644457,False,True,Tier 1,SFD↑ VFD↑,higher density
565,Anal and rectal conditions,digestive,10,chartreuse4,density-only,0.9082420361267992,0.1114919000604203,False,0.8900916885112943,0.0257873200924643,False,1.2404422772808934,1.0800504585808464e-08,True,1.205657482391413,2.8329236246588067e-06,True,16917,975,15942,1.5192595349899731e-06,2.788288087746304e-06,True,0.6723865198180103,0.7135530414395213,False,2.3441195911486756e-06,6.835189835872773e-06,True,density independent of area,density independent of area,True,density independent of area,True,1.0575182896274475,0.9305915331797026,1.2017570470207617,0.3912935145303282,False,1.0595340867053389,0.3753688552908676,True,1.0412786431489616,0.9195638983155706,1.1791037193437663,0.5236165773028059,False,0.9912112241603503,0.8925680787615488,True,1.2603917343269206,1.160643908325394,1.3687120679861888,3.7672183874473026e-08,True,1.2244533391015282,0.0011846009769443,False,1.228649642377963,1.1145062402417258,1.3544831686075465,3.4855286786614975e-05,False,1.0380779758132042,0.6130045087605036,False,True,Tier 1,SFD↑,higher density
345.3,Convulsions,neurological,6,darkblue,density-only,0.9173882335949683,0.3603393937799484,False,0.9053833032298532,0.2268899160068318,False,1.3461114302454251,4.1421349437699127e-08,True,1.217826335884299,0.0016973966311994,False,19768,363,19405,1.547777442276994e-06,2.832296551263473e-06,True,0.3041296705649229,0.3651307010036113,False,2.40842797941036e-07,7.552055573628465e-07,True,density independent of area,density independent of area,True,density independent of area,True,1.178256278727117,0.968087610079184,1.4340518811580696,0.1017525306796583,False,1.1698940021542383,0.1186632986601919,True,1.0854237081250022,0.8924304358525569,1.3201528980063582,0.4118614500787052,False,0.9872661661132276,0.8994990502733171,True,1.411141796745125,1.25086134128434,1.59195995974777,2.1604003953960266e-08,True,1.536031935758934,1.6508354892819055e-06,False,1.26598073444027,1.0850500807292125,1.47708133333055,0.0027235156893284,False,0.876613975572673,0.2447951121813172,False,True,Tier 1,SFD↑,higher density
457.2,Encounter for long-term (current) use of antiplatelets/antithrombotics,circulatory system,8,red,density-only,1.0424983364372873,0.7275627399200546,False,0.998203412126502,0.9838473655270862,False,1.4015649166666109,1.58032601169892e-06,True,1.3491546904567508,0.00017742811501676373,False,16323,245,16078,1.7909683740458174e-06,3.258204855406968e-06,True,0.0045330702494629,0.0085846307607431,False,1.1158122775960693e-07,3.598278352557867e-07,True,density independent of area,density independent of area,True,density independent of area,True,1.3707390118818423,1.07327108397535,1.7506531823585052,0.0115212919954986,False,1.391192337541229,0.0082354826256754,False,1.3262106909038498,1.0797367147758157,1.6289478468210197,0.0071180310226818,False,1.2682612282709582,0.0287457650555458,True,1.5273781612959751,1.3102399788418753,1.7805013472920563,6.173887058951075e-08,True,1.405188341092153,0.0047558583499352,False,1.57164159988886,1.297873100874968,1.903157802435395,3.6578741505089103e-06,True,1.242522910793498,0.1446927580783967,False,True,Tier 1,SFD↑ VFD↑,higher density
277,Other disorders of metabolism,endocrine/metabolic,3,brown,density-only,0.7654362845542008,0.013917784010265,False,0.9385793641541974,0.4769211677477753,False,1.408235446387186,6.759585395755124e-09,True,1.2936721209812396,0.00019573197038867535,False,21909,276,21633,1.832121750996611e-06,3.3233836413426897e-06,True,0.6323212358200575,0.676789796143595,False,2.4774694040484765e-06,7.207183720868296e-06,True,density independent of area,density independent of area,True,density independent of area,True,0.9982793498426435,0.7949796346254376,1.2535687921009335,0.9881738346671128,False,0.9910368103750988,0.9385091640180828,False,1.2144703713189475,0.9882239578244854,1.492514192894664,0.0646976746552646,False,1.1084837896776434,0.3355979037964026,True,1.4075603686841156,1.2335339962272185,1.6061382965931803,3.835404319977297e-07,True,1.467253158540729,0.00013350201497147997,False,1.419090576488608,1.200602043723137,1.6773401934531131,4.075537668215467e-05,False,0.9757470351844526,0.845444868076955,False,True,Tier 1,SFD↑,higher density
764,Sciatica,symptoms,17,purple,density-only,1.1535927851020884,0.0293959347880726,False,1.0338097832069064,0.529798804235414,False,0.8424669966536226,0.00024040690253574276,False,0.7861290472715896,1.1385984012053852e-06,True,21633,651,20982,2.2344011853756325e-06,4.029671501949118e-06,True,0.0211860970484538,0.034927673865879,False,1.474359682833149e-06,4.360191668662961e-06,True,density independent of area,density independent of area,True,density independent of area,True,1.0687216587850792,0.9307683637651526,1.2271216216847245,0.3459203187657746,False,1.0656123656931922,0.3697625081481855,False,0.846639448988645,0.7454418809012272,0.9615751072601376,0.0103698440956162,False,0.8370197958468577,0.0082868171194935,True,0.854955694498239,0.7749449530989329,0.9432273048969068,0.0017729982387562,False,1.0572845619642737,0.4765466138151703,False,0.7246900821473329,0.6473549217748742,0.8112639565986718,2.2359281030448693e-08,True,0.6998117688723333,3.0622303438085936e-05,False,True,Tier 1,VFD↓,lower density
771,Musculoskeletal symptoms referable to limbs,symptoms,17,purple,density-only,0.9531167059452388,0.596214135995514,False,0.8407869928033613,0.0207478741711553,False,1.270735254555,9.889472838937332e-06,True,1.1196825931581105,0.0632328639687379,False,20918,388,20530,2.3285996186281475e-06,4.187452916495574e-06,True,0.0146523982154705,0.025228662563502,False,2.1583177974739723e-06,6.308151314396997e-06,True,density independent of area,density independent of area,True,density independent of area,True,1.1548673827822644,0.955177366616821,1.3963047266690438,0.1371417718135993,False,1.152500614825516,0.1426846923916209,True,0.8674978181255087,0.7221262365598212,1.0421342230101571,0.1287770971750723,False,0.7902926463057129,0.0125344425877494,False,1.323961443163742,1.174946859767558,1.4918750481455754,4.098264900079033e-06,True,1.5876798336192248,1.4231697123525137e-07,False,1.0432306805155565,0.8980581507515598,1.2118705808283772,0.5798651244562821,False,0.7060154281474517,0.0011330575812964,False,True,Tier 1,SFD↑,higher density
271.3,Intestinal disaccharidase deficiencies and disaccharide malabsorption,endocrine/metabolic,3,brown,density-only,1.3142569521897007,0.00010829164070639812,False,1.1309007621955984,0.0247942007039528,False,0.7748195265936453,8.555687135091512e-07,True,0.7761248905261716,3.5153730470688617e-06,True,22458,559,21899,2.352473863324379e-06,4.218228996305783e-06,True,0.064831252675615,0.0956375925994888,False,0.001337010835443,0.0027949573243432,False,"shared (joint signal, not attributable)","shared (joint signal, not attributable)",True,"shared (joint signal, not attributable)",True,1.1986433404319594,1.034599240754723,1.3886979624243716,0.0158246604344932,False,1.1947680277180155,0.0189411500099974,False,0.9731031042781886,0.854505145741968,1.1081614385523997,0.6809471029280875,False,1.0115913584158636,0.8697923240733195,True,0.8028388792133626,0.7178145257192009,0.8979342753349455,0.00012059492874811852,False,0.8775870082468561,0.1332870118475694,False,0.765333805367105,0.6749285149245615,0.867848699062838,3.047282221613507e-05,False,0.8809330230997174,0.1851620866378171,False,True,Tier 1,,
465,Acute upper respiratory infections of multiple or unspecified sites,respiratory,9,coral4,density-only,1.125104945662592,0.014546476080338,False,1.0950080273057543,0.0324643660637586,False,0.8650551882418828,3.834070516527901e-05,False,0.8226012101288734,6.743996032948928e-08,True,22042,1235,20807,2.5283836812782374e-06,4.520663086296906e-06,True,0.3998490661701735,0.4594950594662767,False,1.472806288906418e-05,3.9443395891742696e-05,True,density independent of area,density independent of area,True,density independent of area,True,1.0561321743898011,0.954226833030586,1.1689203564301542,0.2914601221807735,False,1.0491883386476537,0.3580184049668635,False,0.9485165691983872,0.8572025123809482,1.0495579154859638,0.3061086403243495,False,0.9458338198974532,0.2996319406806765,True,0.8761345153001886,0.8137931754925757,0.9432515681096412,0.00044600820842727096,False,1.0129225037829928,0.8225017821886148,False,0.8034161179854229,0.7387868542777737,0.8736991662768221,3.1293176433768946e-07,True,0.802493642860697,0.000490044526233055,False,True,Tier 1,VFD↓,lower density
550.4,Umbilical hernia,digestive,10,chartreuse4,density-only,0.761937310625113,0.0016859731142217,False,1.092541359564484,0.2133455483739577,False,1.3450182998827995,4.091669038136135e-06,True,1.260377687697517,0.0006100636456546335,False,20027,325,19702,2.77796264404439e-06,4.952710542524855e-06,True,0.0025177702265292,0.0050517319014606,False,8.520807194380011e-05,0.00020648480346769423,False,"shared (joint signal, not attributable)","shared (joint signal, not attributable)",True,"shared (joint signal, not attributable)",True,0.8689734319792337,0.7240318915433912,1.042930338159716,0.1314322617031653,False,0.8728431531033624,0.1472183465805372,False,1.3760372514492043,1.1716697264512563,1.61605141332006,9.970721613913236e-05,False,1.3102971513234534,0.0015913221791537,False,1.2821843362547938,1.1141317131707786,1.4755855638094986,0.000524900301173088,False,1.1665123775712736,0.1738547156379406,False,1.5060661348418056,1.2841184237586367,1.766375406310403,4.796634618990211e-07,True,1.2563358389946098,0.0742624735700567,False,True,Tier 1,VFD↑,higher density
611,Abnormal findings on mammogram or breast exam,genitourinary,11,black,not significant,0.7426339796754428,0.0001615781415916152,False,0.962530233846108,0.5187324061070289,False,0.9090329953823352,0.0471611102782266,False,0.930482960755333,0.1347782553173024,False,22116,673,21443,2.9776525414026435e-06,5.293604518049143e-06,True,1.3478483740201998e-06,4.0050351685171656e-06,True,0.0002521012826942234,0.0005826340755599829,False,area independent of density,area independent of density,True,area independent of density,True,0.6489588674976167,0.5472233968212851,0.769608196853706,6.692218142721169e-07,True,0.6518313769004938,9.658528711740032e-07,False,0.8766766486377601,0.760145020909903,1.0110727889090907,0.0705067402855661,False,0.9154900469887932,0.22608516919435,False,0.8255389523206053,0.7492284307151369,0.9096218641197296,0.00010700478843877558,False,0.8617310487432722,0.0336242507964042,False,0.8763036009130369,0.7821932400239562,0.9817369438652224,0.0227299825845869,False,0.9185001858643076,0.288188172679334,False,True,Tier 1,SFI↓,
158,Neoplasm of unspecified nature of digestive system,neoplasms,2,darkcyan,density-only,0.9049364355449668,0.3506861269380937,False,0.8721095695072257,0.0958153135072275,False,1.3152282333116094,1.3618559616934956e-06,True,1.366336316067849,6.531784117183664e-07,True,19345,338,19007,3.307423179966839e-06,5.846549757221834e-06,True,0.0906642931588639,0.1274200876827276,False,9.97165181339979e-07,2.998703967017576e-06,True,density independent of area,density independent of area,True,density independent of area,True,1.1765804399561055,0.9399842620944536,1.47272841419998,0.1557141243886752,False,1.183738291135152,0.1391868882451631,True,1.2172423617861028,0.998123635239336,1.4844643639475823,0.0522077880597446,False,1.1861305244808582,0.1028028448801764,True,1.3757507245866247,1.2108823960514934,1.563066786974856,9.682902322231123e-07,True,1.141328472527268,0.1798044989253044,False,1.5108463949390527,1.2880159726416056,1.7722271133166203,4.002629451288118e-07,True,1.390346656347169,0.0075886792977533,False,True,Tier 1,SFD↑ VFD↑,higher density
555.1,Regional enteritis,digestive,10,chartreuse4,not significant,0.750754101236739,0.0024996725543723,False,0.9840409969011108,0.8515197158884976,False,1.1292490147211314,0.0325892809059884,False,1.2556526198327442,9.488607583902449e-05,False,10477,453,10024,4.546701701882987e-06,7.991948906971785e-06,True,0.0010232540497807,0.002183532778159,False,3.616729518297184e-05,9.192827777667793e-05,True,density independent of area,density independent of area,True,density independent of area,True,0.7807993829660307,0.6358295468097411,0.9588225012490004,0.0182144261663276,False,0.7995591560585629,0.0318933568741153,False,1.321388522106512,1.0813851115574569,1.6146584668990596,0.0064292902787306,False,1.3850637163781203,0.0017376723235642,True,1.055678177934218,0.9335929137868664,1.193728442995588,0.3875277316501618,False,0.824385189397972,0.0198930396578434,False,1.412218563851742,1.224563642146534,1.6286301531797616,2.0868403324003144e-06,True,1.5814117826055751,7.553549336606208e-06,False,True,Tier 1,VFD↑,higher density
454.1,Varicose veins of lower extremity,circulatory system,8,red,density-only,0.718638240639233,0.0060910535811178,False,0.7001054049220068,0.0002263497577860929,False,1.40307386568401,7.002556117370117e-06,True,1.551445172500698,9.23984768727806e-08,True,16290,212,16078,4.584778532179982e-06,8.036241022697496e-06,True,0.2793833321634645,0.3388439247230357,False,0.0064199507598326,0.0117824978651046,False,"shared (joint signal, not attributable)","shared (joint signal, not attributable)",True,"shared (joint signal, not attributable)",True,0.8635295142127172,0.6711676057646508,1.1110238568008748,0.2538079209657824,False,0.8634491075887348,0.2478247577013061,False,0.8999807615088965,0.7197484683281593,1.1253450430641845,0.3553536064950758,False,0.8759045053659551,0.2571475951093586,False,1.3463584519603666,1.1429236333963724,1.586003673559935,0.0003732538750698588,False,1.0566773503351512,0.6599634258875138,False,1.4690980072950504,1.2045314949213533,1.7917746145601656,0.00014653812386012532,False,1.3352625622304868,0.0593921425493678,False,True,Tier 1,,
274,Gout and other crystal arthropathies,endocrine/metabolic,3,brown,not significant,0.9576186489754864,0.5803477526454401,False,1.231928042185142,0.00046471330837185166,False,1.1676205891831577,0.0051855892616767,False,1.035926177878456,0.5468560530361507,False,22508,447,22061,4.904125634381955e-06,8.571917075222241e-06,True,0.0002243775273112708,0.0005224312576202724,False,0.00018449840766926947,0.0004336233762170401,False,"shared (joint signal, not attributable)","shared (joint signal, not attributable)",True,"shared (joint signal, not attributable)",True,1.0619761854206284,0.8979979178787517,1.2558975872289546,0.4822449192977828,False,1.083853228883343,0.352495480985999,True,1.430834310759051,1.2398795399903495,1.651198167897233,9.48905447751852e-07,True,1.3636301089594116,4.6086900130689656e-05,False,1.1906960358851235,1.0541927005054406,1.3448746601952315,0.004962390590538,False,1.285247251178983,0.0105312607288087,False,1.2835638305808366,1.1122126451311147,1.481313950518094,0.0006385689829289187,False,1.0427627824745276,0.7129262871675314,False,True,Tier 1,VFI↑,
613,Other nonmalignant breast conditions,genitourinary,11,black,density-only,0.922479584936939,0.3921657629812388,False,1.0920970095709173,0.2196556625374802,False,0.8139627369493537,0.0019707095386444,False,0.7403987693164612,2.3909833263566567e-06,True,22579,386,22193,4.9608634372466726e-06,8.646868114083586e-06,True,0.0217931686185007,0.0357866768893274,False,1.1455732334893943e-06,3.420276065537714e-06,True,density independent of area,density independent of area,True,density independent of area,True,0.8036991053178733,0.6577767818863639,0.981993085916401,0.0325396963983243,False,0.8023658429786547,0.0326098102482226,False,0.8720927683879847,0.7346191858366711,1.0352925860606534,0.1178921643436145,False,0.8726357445286675,0.1297127536255091,True,0.7764977625316746,0.6805346110136863,0.8859928142649175,0.00017097315459584526,False,1.0266010732216155,0.7926007984556164,False,0.6973609294469968,0.6037312174073655,0.8055112140922172,9.576699187101275e-07,True,0.6618691743512111,0.00010042624435856392,False,True,Tier 1,VFD↓,lower density
271,Disorders of carbohydrate transport and metabolism,endocrine/metabolic,3,brown,density-only,1.3073712652773204,0.0001322427661364203,False,1.1330366641609753,0.021935701032695,False,0.7834976007904721,2.1715248812247537e-06,True,0.7850794655797718,7.762961593517677e-06,True,22467,568,21899,5.40925398692104e-06,9.376040243996467e-06,True,0.0632948934605222,0.093703472169314,False,0.0029627196363199,0.0057863444540333,False,"shared (joint signal, not attributable)","shared (joint signal, not attributable)",True,"shared (joint signal, not attributable)",True,1.1967545851898589,1.03375800478179,1.3854514601560644,0.0161986943253735,False,1.1932222879202978,0.0191801372362945,False,0.9836461372059156,0.8642680652147862,1.1195134497994703,0.8027537462264335,False,1.0220818909316245,0.7546199036494469,True,0.8124265497495959,0.7268483738381393,0.9080805880498748,0.0002543728409616526,False,0.8812754575579526,0.1409962495231121,False,0.7784411130254093,0.6869867057944191,0.8820702953014273,8.570882273551756e-05,False,0.8940146745771429,0.2373240167960693,False,True,Tier 1,,
418,Nonspecific chest pain,circulatory system,8,red,not significant,1.071349344074399,0.0345778634065873,False,1.0179611511767783,0.5161754657238681,False,1.032379540648803,0.1533353709332572,False,0.9588696472123072,0.0750248930532769,False,21078,3128,17950,5.624660523530102e-06,9.705222569098496e-06,True,0.007080840481987,0.0129383439553731,False,3.4703023389928936e-06,9.979118246689242e-06,True,density independent of area,density independent of area,True,density independent of area,True,1.1103965145404615,1.035657229694497,1.1905294378790907,0.0032248295481657,False,1.104323947022759,0.0054447654123153,False,0.9842962722417546,0.9213200600718296,1.051577180978215,0.6389296607426866,False,0.9484266952199112,0.1289818196255436,True,1.0633083060147783,1.0131265468756012,1.1159756469976738,0.0128218728900543,False,1.1940143950885906,1.3322446041933098e-06,False,0.9513877887515164,0.899008498983046,1.0068188739143051,0.0845706037428875,False,0.8341090616203959,2.320557058952281e-05,False,True,Tier 1,,
613.5,Mastodynia,genitourinary,11,black,density-only,0.9298094438955266,0.5400057010329595,False,1.1409127443869196,0.1368723224121181,False,0.7467549429142636,0.00035414544095813626,False,0.6769225643801975,7.354445292422009e-07,True,22439,246,22193,5.630273349380857e-06,9.705222569098496e-06,True,0.0570318491889262,0.0860649912790567,False,1.506289451052898e-06,4.444088025801457e-06,True,density independent of area,density independent of area,True,density independent of area,True,0.7807437450834651,0.6083295664308601,1.002023950707046,0.0518854798010988,False,0.7766504036572882,0.0509907139132555,False,0.8679164741430101,0.7032494249629972,1.0711405930100395,0.1869280083553047,False,0.8839563183956893,0.2648576802970276,True,0.7158069599070342,0.6131475836765564,0.8356546082739481,2.304970016292989e-05,False,0.9744471482105604,0.8368918392008229,False,0.6385887097987986,0.5360411842521215,0.7607541216286314,5.123623561633881e-07,True,0.6335524831543248,0.0004593879229017563,False,True,Tier 1,VFD↓,lower density
184.1,Malignant neoplasm of ovary and other uterine adnexa,neoplasms,2,darkcyan,density-only,0.7678064528476226,0.0082107148370823,False,0.713045729032878,2.253972342608431e-05,False,1.15698035196533,0.0049521454633997,False,1.3297715754706656,8.976353264445265e-07,True,11379,417,10962,8.039675022279969e-06,1.3820267806894492e-05,True,0.186457715007254,0.2386658752092852,False,0.0295506022831509,0.0473416580864857,False,"shared (joint signal, not attributable)","shared (joint signal, not attributable)",True,"shared (joint signal, not attributable)",True,0.838631861920274,0.6744888112628347,1.0427206324017173,0.1132987470721072,False,0.8880294294400985,0.283893137335464,False,0.8437234810665966,0.6966711819423431,1.0218153570216864,0.0820168640077003,False,0.8666376532555553,0.1525182819494121,False,1.107824866836702,0.9879433416009612,1.2422533599881926,0.0797084195955217,False,0.9063065656603136,0.2327809142765892,False,1.22973090569143,1.0652484551401058,1.4196106956228998,0.0047613262416938,False,1.3128042969351417,0.0111338090169218,False,True,Tier 1,,
585.4,"Chronic kidney disease, Stage I or II",genitourinary,11,black,density-only,0.8906783742684597,0.2223209390636797,False,0.9104002563438756,0.178438937793426,False,1.395946642952273,4.8949342321730536e-08,True,1.3013637650126642,8.273323637726476e-05,False,16477,391,16086,8.638501715841496e-06,1.4808860084299706e-05,True,0.6774005727873644,0.7176535779614862,False,2.734411883135861e-06,7.91774020917298e-06,True,density independent of area,density independent of area,True,density independent of area,True,1.0900418419973077,0.8960082361933125,1.3260940796179612,0.3886603922990204,False,1.0915185889581396,0.3824899788581885,True,1.0929436337285705,0.928598337534204,1.286375107756223,0.2850872094973983,False,1.0170922808971146,0.8440626268301352,True,1.4286168568451951,1.2532164619292216,1.6285663216715012,9.441362905116217e-08,True,1.4304473222087766,0.0003880933731713911,False,1.367685755648979,1.1658643311907964,1.604444253213024,0.000121103095534084,False,1.0051455968260672,0.96623691441803,False,True,Tier 1,SFD↑,higher density
577.2,Chronic pancreatitis,digestive,10,chartreuse4,not significant,0.9014970125525824,0.3348467777904824,False,1.044481964237908,0.6459519109035727,False,1.2519062713102722,0.0002579046732362668,False,1.315820619472087,7.181763947651302e-05,False,20742,283,20459,9.183979665732145e-06,1.5700830990183175e-05,True,0.0020735913546537,0.0042216019748905,False,1.2032386339211003e-06,3.583870680509626e-06,True,density independent of area,density independent of area,True,density independent of area,True,1.0892720701970455,0.86697288311523,1.3685706508465925,0.4628018290962995,False,1.106456412768864,0.3812402891570841,True,1.495620626057805,1.2052387677523215,1.8559650725981496,0.00025725141646886006,False,1.4887055351824112,0.00043928523798527,False,1.282753304003263,1.1183626329964536,1.471308134216342,0.00037272511322841224,False,1.0402785525205112,0.6849482660473829,False,1.5805487879797435,1.3363400489688986,1.869385320833393,9.004553933020933e-08,True,1.5677704621964026,0.0003639042577873085,False,True,Tier 1,VFD↑,higher density
531.4,"Peptic ulcer, site unspecified",digestive,10,chartreuse4,density-only,0.8663233771825573,0.173739343513906,False,0.8844059840827994,0.1469847720996364,False,1.3416653795686002,3.2503870689162004e-07,True,1.3654310892056545,2.7924816558119416e-06,True,21783,297,21486,1.030617371095364e-05,1.7523303530340796e-05,True,0.2959572390187699,0.3568643809617632,False,3.7031662866393247e-06,1.0599888820472197e-05,True,density independent of area,density independent of area,True,density independent of area,True,1.1114805869914073,0.8914619221664053,1.3858013051825655,0.3476734289933206,False,1.1198034467829945,0.3140608649338275,True,1.182258094252791,0.971205312365992,1.4391747899536969,0.0951665851280158,False,1.1316754337331971,0.2308509268563664,True,1.381512465861563,1.2149984379920562,1.5708470345732035,8.148234348728199e-07,True,1.2200180310754876,0.0443762035971787,False,1.482929951439308,1.2606965296939558,1.744338299566536,1.968525176825154e-06,True,1.2583498887971976,0.0681796232871572,False,True,Tier 1,SFD↑ VFD↑,higher density
327,Sleep disorders,neurological,6,darkblue,density-only,0.8946511333209347,0.0082841398356804,False,1.0187019537646098,0.5887052596290879,False,1.1322674949207607,2.1989704357133996e-06,True,1.095049976792882,0.001175155128368,False,20218,1990,18228,1.1938528415304683e-05,2.024359166073403e-05,True,0.0521542612127426,0.0792795590663859,False,4.415268540284109e-05,0.0001113123759994056,False,"shared (joint signal, not attributable)","shared (joint signal, not attributable)",True,"shared (joint signal, not attributable)",True,0.9679508318318252,0.8839275245270501,1.059961124465754,0.4820072400070718,False,0.9661584950958106,0.4592357794790436,False,1.1383460602865656,1.0482360429974464,1.2362022481735082,0.002072969142775,False,1.1060296095087705,0.0198310120306862,False,1.1219503601293277,1.0594406903822258,1.188148257870091,8.35190954421788e-05,False,1.1131697894124943,0.0135403224393281,False,1.166979738142828,1.0899316612482337,1.249474400694322,9.379282747983207e-06,True,1.0473765416494862,0.3732075179112896,False,True,Tier 1,VFD↑,higher density
686,Other local infections of skin and subcutaneous tissue,dermatologic,13,firebrick,density-only,0.7208420132976907,0.0023172973619487,False,0.8668219991639267,0.1205573051922642,False,1.4161587139798688,1.0690041231807152e-07,True,1.2835625157365829,0.0008748193760703064,False,20806,243,20563,1.3524380157589535e-05,2.2870496526655477e-05,True,0.5143485876800873,0.5670556867709796,False,0.00019699100364953812,0.0004603834692034149,False,"shared (joint signal, not attributable)","shared (joint signal, not attributable)",True,"shared (joint signal, not attributable)",True,0.8913023176284304,0.7099214776340144,1.1190249153433252,0.3215682725312624,False,0.8876887247272819,0.3051827784672449,False,1.042867293493169,0.8425759131509121,1.2907705701800372,0.6996809631656449,False,0.9454304755060048,0.609543273747227,True,1.3682622930326165,1.183468381258615,1.581911043997522,2.280960432754749e-05,False,1.4945984897003588,0.0002729446762273729,False,1.31008500656489,1.09419672394254,1.5685686923298243,0.0032844537021693,False,0.8631432841125345,0.2759451554036433,False,True,Tier 1,,
550.5,Ventral hernia,digestive,10,chartreuse4,density-only,1.0688250303789464,0.2898306648452951,False,0.9390401145742268,0.2275237747097393,False,1.2266470049498406,1.23838042330594e-05,True,1.1931375834897169,0.00030341444937583093,False,20337,635,19702,1.4073223065939384e-05,2.36703266661622e-05,True,0.0087819764741814,0.0157696498414078,False,3.9848642738435085e-06,1.1380115820953544e-05,True,density independent of area,density independent of area,True,density independent of area,True,1.227273289370715,1.07658173395925,1.3990574791415014,0.0021842905824436,False,1.2281878501376584,0.0021039098412923,False,1.0725601522860424,0.9478281989608968,1.213706536198253,0.2667808066104764,False,1.0373763634507054,0.5765371205533536,True,1.3110104539484513,1.184995893839731,1.4504256253520682,1.505090578030794e-07,True,1.2564578517315006,0.0041116857201201,False,1.241508542835772,1.1025260012396276,1.3980109858644505,0.0003552476650613232,False,1.0742195480864392,0.4417154595585191,False,True,Tier 1,SFD↑,higher density
564.9,Personal history of diseases of digestive system,digestive,10,chartreuse4,density-only,0.9225940859003484,0.2729259747721262,False,0.9378780140883252,0.2842389187438883,False,1.2338603765653842,9.339914977675904e-06,True,1.2669926039713726,1.7720020756579057e-06,True,10661,637,10024,1.652417093536645e-05,2.7569739742429587e-05,True,0.1629772537956806,0.2145523341107693,False,3.2709767721830774e-06,9.42766515400573e-06,True,density independent of area,density independent of area,True,density independent of area,True,1.0545876250895891,0.9043856234473387,1.2297354470903517,0.4977818850247504,False,1.0592590436804876,0.4617011102685424,True,1.1529066941596526,1.0034031670291084,1.3246857186764085,0.0446531698817427,False,1.1402413156006657,0.0737613519709056,True,1.2520319194701068,1.130423060772793,1.3867232382010592,1.621098286832669e-05,True,1.0680870304730017,0.4000247625187674,False,1.3577525670351187,1.2063483699816682,1.5281589291810196,3.982290980963042e-07,True,1.2989192877319684,0.0042233559531589,False,True,Tier 1,SFD↑ VFD↑,higher density
290.1,Dementias,mental disorders,5,magenta,not significant,0.8755969845158084,0.210668394075222,False,0.8499091355274178,0.019357268362111,False,1.2500889959007433,2.6048364516409013e-05,False,1.1338291487725516,0.0368819256538348,False,19777,499,19278,1.7373878367172326e-05,2.891013360297475e-05,True,0.035996533025061,0.0566502814820633,False,2.7267586104767304e-05,7.060155074429377e-05,True,density independent of area,density independent of area,True,density independent of area,True,1.1081406075073037,0.8781397150576228,1.3983829508566037,0.3869719338079072,False,1.1132231612877106,0.3644247626914029,True,0.887026733041123,0.7432074777006266,1.0586766801161644,0.184107594610967,False,0.8005942999415173,0.0163301265835775,False,1.2837520972211456,1.1380522979760166,1.4481051969673364,4.8258663039581475e-05,False,1.5451616740310965,5.111927403334986e-06,False,1.0596229675144275,0.9084570164381972,1.235942717120801,0.4608536424473299,False,0.7015600557112286,0.0031102800166284,False,True,Tier 1,,
184,Cancer of other female genital organs,neoplasms,2,darkcyan,density-only,0.7652680872331751,0.0037756274244142,False,0.7370680679104187,3.22465337508441e-05,False,1.1298419284524024,0.0141033728548509,False,1.278704859728436,6.952365569852669e-06,True,11439,477,10962,1.8047946336098113e-05,2.995191094075857e-05,True,0.0669592217757862,0.0981963675395784,False,0.0851704448526296,0.1212003593797967,False,"shared (joint signal, not attributable)","shared (joint signal, not attributable)",True,"shared (joint signal, not attributable)",True,0.8104992013121215,0.66286455333906,0.9910153620653376,0.0405663844413275,False,0.8500620260790863,0.1121764519983821,False,0.8393509405616408,0.7035909668395235,1.0013062057722484,0.0517192868422973,False,0.861573818484411,0.1053648273160906,False,1.07242343614235,0.9618221465217596,1.1957429245588138,0.2080150589660707,False,0.9039373004950862,0.1981115042088574,False,1.178494983567939,1.0299291495017555,1.3484912306508416,0.0168985536668582,False,1.2457981643801492,0.0282753408796956,False,True,Tier 1,,
218,Benign neoplasm of uterus,neoplasms,2,darkcyan,not significant,0.9157572582069056,0.2349068505040416,False,0.9698605458776718,0.6160300317626297,False,0.8113554674832798,8.803584034453264e-05,False,0.9162648494424256,0.0783366636984401,False,11563,644,10919,3.12269461756668e-05,5.14132306427865e-05,True,0.0219797663539564,0.0360456615108247,False,4.731033563113222e-06,1.338850314459252e-05,True,density independent of area,density independent of area,True,density independent of area,True,0.798493799602082,0.6820941865877345,0.9347570475458956,0.0051222839790659,False,0.8086731107294215,0.0085256642286607,False,0.8770903400255639,0.7584608054508056,1.0142745136433498,0.0769272510500147,False,0.9578615506452312,0.5694789562429736,False,0.7712965620077705,0.6923503029582435,0.8592447840683411,2.434971765572287e-06,True,0.7320032656792029,3.155654867278999e-05,False,0.8648686727047032,0.7708947557575428,0.9702982351864003,0.0133710442194312,False,1.0682754180716885,0.4179011675509811,False,True,Tier 1,SFD↓,lower density
512.8,Cough,respiratory,9,coral4,not significant,1.0428639257725068,0.3074385212163197,False,1.0745784728078605,0.0295109052377866,False,1.0551655782598544,0.0476747427120905,False,0.959895205204186,0.149165536537634,False,18221,2150,16071,3.2260602929476615e-05,5.297530586314055e-05,True,0.1506787944890153,0.1996254092593324,False,3.2265412911136594e-05,8.268426142320014e-05,True,density independent of area,density independent of area,True,density independent of area,True,1.0923719705609554,1.0008136279162254,1.1923064282724871,0.0479091298768135,False,1.087424595615948,0.0618362231790879,False,1.0687951366789974,0.9871475787461886,1.1571958122407413,0.1008136809851749,False,1.0246267765024375,0.5612767455585395,False,1.080652021598872,1.019199715717361,1.1458095737043743,0.0094146707136713,False,1.2205492290356177,6.246246302027303e-06,False,0.9920222405333172,0.9265647461323712,1.0621040027915662,0.8181070544978846,False,0.8506392902303623,0.0015693812991798,False,True,Tier 1,,
796,Elevated prostate specific antigen [PSA],genitourinary,11,black,area-only,1.1502212005987695,0.2224424400206612,False,1.455375353632527,8.595817947539286e-06,True,0.7647477771773368,0.00012925248242414783,False,0.709485927646132,4.417028830236807e-05,False,7229,269,6960,3.5303705172621777e-05,5.7820241542561646e-05,True,0.0265938634473115,0.0431027812756425,False,0.0694599319824926,0.1016248477305401,False,"shared (joint signal, not attributable)","shared (joint signal, not attributable)",True,"shared (joint signal, not attributable)",True,0.9948551848144296,0.7819533496635304,1.265723638344961,0.9665119639040008,False,0.9927337916787764,0.9544616774888106,True,1.289080503846766,1.0441601649979744,1.5914498571213502,0.0181812550817417,False,1.349881975512789,0.0068751474480951,False,0.764133887240389,0.662906130285594,0.8808194266925105,0.00020710005694123972,False,0.8253028736975985,0.0720838151438675,False,0.8239471224617647,0.6699614748211369,1.0133252226096563,0.066571005168687,False,0.961763871189287,0.7728631669310926,False,True,Tier 1,,
218.1,Uterine leiomyoma,neoplasms,2,darkcyan,not significant,0.9002455366011293,0.1591663500365785,False,0.949475530321631,0.4004155306153905,False,0.8212060667635044,0.0002460417373573791,False,0.927844440909247,0.1344394701441173,False,11554,635,10919,3.806793297422243e-05,6.218426747621674e-05,True,0.0121674667273675,0.0212080984298249,False,8.959932485541038e-06,2.4629946568183296e-05,True,density independent of area,density independent of area,True,density independent of area,True,0.7873285741879587,0.6716455931380776,0.9229365755778988,0.0031876287047098,False,0.7992589455185236,0.0058886245734917,False,0.8604062809490521,0.7427995208921085,0.9966336103818076,0.0449704618578025,False,0.9381856230721832,0.4042067834807349,False,0.7774961191913323,0.6972790812062845,0.8669415613498749,5.900368161078248e-06,True,0.7371847635652896,5.7658043377981216e-05,False,0.8682611815571001,0.7732413099845723,0.9749575839578112,0.0169016890405669,False,1.064541998163165,0.4474583145074002,False,True,Tier 1,SFD↓,lower density
216,Benign neoplasm of skin,neoplasms,2,darkcyan,density-only,0.9921643809721612,0.909460083645722,False,1.1286830556533964,0.0282823676703824,False,0.8225240981426779,5.680702004173505e-06,True,0.8760449616361139,0.0035471754701408,False,22177,718,21459,3.842672952476425e-05,6.26064731682843e-05,True,0.0614545637531438,0.0917140206674197,False,3.36673442510977e-05,8.592401968378309e-05,True,density independent of area,density independent of area,True,density independent of area,True,0.869235008419081,0.7508681396866703,1.0062612327333682,0.0606014489723192,False,0.8664609658143148,0.0586663106420787,False,1.0413483364786664,0.9108181801926212,1.1905848845238831,0.5532256978326677,False,1.105721271379705,0.1452766521890823,False,0.8015756206522635,0.7358366098616202,0.8731876982104667,4.064334286308585e-07,True,0.7854877849662677,1.82259023490083e-05,False,0.8926321831371978,0.8006221087564217,0.995216351956492,0.0407212923890338,False,1.0629056292304315,0.398843734101882,False,True,Tier 1,SFD↓,lower density
536.3,Gastroparesis,digestive,10,chartreuse4,not significant,1.0117068850477997,0.9011160078389674,False,1.1679708738950318,0.054965282401735,False,1.2265982779571156,0.00029790530603430174,False,1.0954517658027652,0.1563854669254709,False,19218,361,18857,5.3066521368573114e-05,8.556462360204036e-05,True,0.0105596740534644,0.0186136627383101,False,2.4443529393612213e-05,6.355317642339176e-05,True,density independent of area,density independent of area,True,density independent of area,True,1.198774792925763,0.9857273273042156,1.4578686867536748,0.0693744847736296,False,1.17600940083441,0.1065042805383503,False,1.380377368064828,1.1457259529992,1.6630867733053023,0.0006963530957624369,False,1.2874315293922252,0.0097419034882306,False,1.28959327868755,1.1395687461977446,1.459368581303231,5.567470694913371e-05,False,1.3608859023264188,0.0007125963160462739,False,1.2698759437850795,1.0898379707698491,1.4796556514404935,0.0021927170243209,False,0.9971673892369524,0.9800943923352968,False,True,Tier 1,,
594.3,Calculus of ureter,genitourinary,11,black,density-only,1.0766910166471846,0.3625367033345765,False,1.275122449516995,0.0003828636386470652,False,0.7806655891172636,1.176394333380218e-05,True,0.8000122453812926,0.0004486838226527122,False,19785,388,19397,5.4479802525361234e-05,8.761700199955003e-05,True,0.038994010907798,0.0609831148031728,False,0.0021603652728422,0.004383960748792,False,"shared (joint signal, not attributable)","shared (joint signal, not attributable)",True,"shared (joint signal, not attributable)",True,0.9663809854927622,0.8171688785831915,1.1428386880581476,0.6894192040034431,False,0.958737438279738,0.6296544751546225,True,1.1699038017053305,0.9947289599121036,1.375927474118702,0.0579461858144623,False,1.2360455761095694,0.0118736435893063,False,0.7764993518325389,0.6936427620611515,0.8692532761456206,1.113834239297799e-05,True,0.7799672918073751,0.0006677705200510147,False,0.8633773434745049,0.7422302367175256,1.004298127925475,0.0568626488371594,False,1.044656057685829,0.6519463043208575,False,True,Tier 1,SFD↓,lower density
592,Cystitis and urethritis,genitourinary,11,black,not significant,1.012863002852488,0.8104978273278203,False,1.0600926505834216,0.1580777144505151,False,1.135926033579928,0.00015227834936378952,False,1.0540356006468437,0.1443321723308278,False,18724,1237,17487,6.111018153413099e-05,9.77762904546096e-05,True,0.0368204286126447,0.0578739230586657,False,1.2379711165849869e-05,3.351383847067383e-05,True,density independent of area,density independent of area,True,density independent of area,True,1.11823898701144,0.9991227557842574,1.251556352643404,0.0518120548350676,False,1.1120801378482026,0.0651146675940737,False,1.14853911266353,1.0413457467792475,1.2667666789804166,0.0055984544607168,False,1.0973759188843402,0.0727954300759064,False,1.170813832494928,1.0885541178230764,1.2592897384861663,2.207242825676475e-05,False,1.2300683346874923,0.0001697630957028531,False,1.130434745424395,1.0368402082309347,1.2324779686573413,0.0054289083067058,False,0.9619279407722582,0.5549931553677112,False,True,Tier 1,,
260,Protein-calorie malnutrition,endocrine/metabolic,3,brown,both,0.2892060688046352,2.894550946157287e-98,True,0.5219731837104712,1.0120631594676528e-44,True,2.3509514372914846,2.7744918567343855e-246,True,2.439868005503109,1.4383377186604808e-191,True,19416,2078,17338,9.36571663390854e-272,1.4610517948897325e-269,True,2.8096319644610097e-05,7.244670850511032e-05,True,8.204369722035654e-155,7.876194933154229e-153,True,area + density (both independent),area + density (both independent),True,density independent of area,True,0.8242277909458445,0.7262572582769936,0.9354143364834544,0.0027528362235194,False,0.8328191566478843,0.0048612159064483,False,1.4315780649195442,1.2896849993208983,1.589082417053726,1.6183000946460654e-11,True,1.2316358855168033,0.00012473432391220269,True,2.229910356179897,2.099100824799019,2.368871536732617,4.835480291437961e-149,True,1.845179658052045,5.359125289835395e-44,False,2.8548942979482472,2.6469570108878737,3.079166536869258,9.000358376318051e-163,True,1.435317737552115,2.96233415212695e-10,False,False,Tier 2,SFD↑ VFD↑ VFI↑,higher density
509,"Respiratory failure, insufficiency, arrest",respiratory,9,coral4,both,0.5778993753324666,1.2941597401160824e-22,True,0.7540520920890462,1.6718821931897866e-10,True,2.4091585056634885,3.5313372144641315e-160,True,2.1468789454876247,3.177111015854004e-96,True,18542,1198,17344,2.6807420216342462e-158,8.363915107498847e-157,True,3.355364316788347e-05,8.58093169539315e-05,True,2.6400346694413218e-133,1.7340859302435632e-131,True,area + density (both independent),area + density (both independent),True,density independent of area,True,1.1544467345628062,1.0316608517046753,1.291846308542723,0.0123062112882434,False,1.158073970624061,0.0107010779355656,True,1.4844590610640067,1.3422500488839733,1.641734865874844,1.485363234930386e-14,True,1.224881718658074,0.00012834340032389052,True,2.518056949115757,2.34097400933335,2.7085353249162294,5.241664812827088e-136,True,2.3659519322170444,5.183417701431489e-53,False,2.6396413339921927,2.4127153246535444,2.88791068756552,2.056350795988429e-99,True,1.185276231692857,0.0140482925253348,False,False,Tier 2,SFD↑ VFD↑ VFI↑,higher density
503,Pulmonary congestion and hypostasis,respiratory,9,coral4,both,0.4568489176412312,5.078478154498728e-26,True,0.6343686995276167,5.4049067678220595e-15,True,2.7673288218416108,3.00814077650911e-147,True,2.687316974655414,2.8158093305282855e-104,True,18065,721,17344,1.009972286369816e-147,2.520890826779061e-146,True,9.467567698378411e-06,2.5968185686980785e-05,True,3.1693002956245147e-116,1.6480361537247475e-114,True,area + density (both independent),area + density (both independent),True,density independent of area,True,1.1572705247052486,1.0008260161516314,1.33816971755124,0.0487117184725099,False,1.1607032776261206,0.0449662398066834,True,1.6729564505902033,1.468725893558688,1.9055858535931345,9.43990474555026e-15,True,1.3548719884055271,9.525438019810868e-06,True,2.8975160276576397,2.6478896840999244,3.170675568905642,1.6483341444683845e-118,True,2.3571842636199656,3.688751480528035e-34,False,3.5324835294621937,3.1501772195616744,3.9611866305280334,2.027167847939438e-103,True,1.5238487025804954,2.4344456665622132e-06,False,False,Tier 2,SFD↑ VFD↑ VFI↑,higher density
276.12,Hyposmolality and/or hyponatremia,endocrine/metabolic,3,brown,both,0.4908793655218857,3.789687986149359e-32,True,0.6882653970947133,1.2510940176719667e-16,True,2.1198114902039005,5.33195223226936e-137,True,2.1788837956734555,1.9000905070967463e-112,True,17709,1395,16314,4.1513896002904896e-142,9.251668252075948e-141,True,1.8108170403777335e-05,4.7980884636760335e-05,True,3.0182060429298066e-104,1.2988693591642753e-102,True,area + density (both independent),area + density (both independent),True,density independent of area,True,0.995707890805982,0.8793290403175746,1.1274894360991825,0.9459237132452598,False,1.0058506359089945,0.9269127093882756,False,1.4616127250817048,1.3179550725190474,1.6209291216866517,6.472365201580988e-13,True,1.2939363040592065,2.314812208684181e-06,True,2.117247371882642,1.9767280725665155,2.267755740385537,1.1141048750263647e-101,True,1.6123341899120975,1.156851241506115e-19,False,2.6235048956168514,2.4093905851323467,2.8566468134295957,3.1273220741076145e-109,True,1.6286226287654626,2.0873225806799854e-13,False,False,Tier 2,SFD↑ VFD↑ VFI↑,higher density
195,"Cancer, suspected or other",neoplasms,2,darkcyan,both,0.6633217160632293,1.910972413580554e-16,True,0.7677696545186382,2.8428642751171435e-11,True,1.5797404309151293,1.2102264022284157e-71,True,1.6883280602563242,4.8966310632053233e-73,True,18748,1819,16929,3.876216044042951e-82,3.7793106429418766e-81,True,1.7681121794851276e-05,4.694902127654126e-05,True,1.0864216297518036e-63,1.8573345122332204e-62,True,area + density (both independent),area + density (both independent),True,density independent of area,True,1.0113018824916165,0.9099396615273828,1.1239552915128208,0.8347926444605779,False,1.034071782956145,0.5330886576873974,True,1.319934384765233,1.2031501275554255,1.4480543534707937,4.284503434469765e-09,True,1.2550117173770394,2.733933939148408e-06,True,1.5846877794006684,1.4952810056447283,1.679440418691762,1.9184964232791844e-54,True,1.2215277786283667,2.353720866856325e-06,False,1.9262438550576348,1.791951567296256,2.0706002644623207,1.0106335503796188e-70,True,1.5971484254589516,8.90665494821968e-18,False,False,Tier 2,SFD↑ VFD↑ VFI↑,higher density
038.3,Bacteremia,infectious diseases,1,blue,both,0.5391553497774411,2.725176674744519e-20,True,0.783149934943657,5.0430280282892646e-06,True,1.868233627222188,4.632801469231219e-73,True,1.9530641519082113,2.388581103065128e-60,True,18807,865,17942,1.758837413733232e-74,1.44409808706518e-73,True,1.8831373187378456e-06,5.529777350081956e-06,True,2.3803706327231807e-55,3.2645082963060755e-54,True,area + density (both independent),area + density (both independent),True,density independent of area,True,0.9185501589720212,0.7991923267211049,1.0557338532129883,0.2315871349904155,False,0.935102946209748,0.3456139188778491,False,1.512616333179959,1.3421139437928256,1.7047793758381304,1.183820665223312e-11,True,1.3797033123966571,2.676362214530991e-07,True,1.821856164142169,1.6832122554340267,1.971919983417037,6.585285115284995e-50,True,1.417512984277989,6.757758069775691e-09,False,2.3954213489394935,2.1675201505286164,2.647284934147304,9.552904886737264e-66,True,1.647084606982199,1.2741173352421058e-10,False,False,Tier 2,SFD↑ VFD↑ VFI↑,higher density
426.2,Atrioventricular [AV] block,circulatory system,8,red,density-only,0.920428899208833,0.3872620166499459,False,0.7852196984205154,0.0012687679999802,False,1.7992037531231413,5.781978149484429e-24,True,1.8136542646752505,1.058743396247357e-20,True,12477,412,12065,3.104671990001547e-25,1.0762862898672027e-24,True,5.449084918965334e-05,0.00013573768420895683,False,1.2067820268515663e-24,8.229857756889371e-24,True,density independent of area,density independent of area,True,area + density (both independent),True,1.4667877931190163,1.2053441491140606,1.7849395391551055,0.00013096623828693155,False,1.4714615468208754,0.00011131768360639343,True,1.3410371397613698,1.1238476302743992,1.6001996727797183,0.0011332856457498,False,1.264450822679291,0.0120180843948251,True,2.0226553141167876,1.7770155657251083,2.302250243967615,1.5138064393000446e-26,True,1.5599523287686967,1.3088402622809549e-05,False,2.1364574775952647,1.821467393789126,2.5059194411805947,1.0771568683360888e-20,True,1.579257564154916,0.00021011335115427764,False,False,Tier 2,SFD↑ VFD↑,higher density
790.6,Other abnormal blood chemistry,symptoms,17,purple,density-only,1.0028452035046138,0.94666928078638,False,0.9761497048153076,0.4887467058830042,False,1.2318319589039206,6.557374501518142e-15,True,1.1926882779703172,1.1712692584845795e-09,True,21440,1830,19610,4.648600795799956e-16,1.3367405053360242e-15,True,6.418845929769673e-05,0.00015862811327430797,False,1.5000407738888872e-17,8.246920201820841e-17,True,density independent of area,density independent of area,True,area + density (both independent),True,1.1827002811128589,1.081312882500784,1.2935940906478758,0.00024296052972392972,False,1.1835427627402697,0.0002320835343093526,False,1.1606533401454138,1.0688225563917413,1.260374014315773,0.00039618350186398297,False,1.1129790720198742,0.0139224318485172,True,1.292654776827093,1.2190313797881356,1.370724658740376,9.52240939910506e-18,True,1.238921793785765,1.965341149934002e-06,False,1.2844700295310114,1.1974722187688285,1.3777883368849182,2.6292922819577838e-12,True,1.102562764741296,0.0716578903240854,False,False,Tier 2,SFD↑ VFD↑,higher density
530.1,"Esophagitis, GERD and related diseases",digestive,10,chartreuse4,not significant,1.0722745976546564,0.021554171746059,False,1.0683887504886629,0.0077860265574192,False,1.090171757184899,2.540296878835271e-05,False,0.9953880442593656,0.8288630299610958,False,19660,4209,15451,7.584784322722985e-13,1.870713603707171e-12,True,4.0195624453988854e-05,0.00010195963276133758,False,5.193523019977567e-12,2.1677313474688974e-11,True,density independent of area,density independent of area,True,area + density (both independent),True,1.155779160866358,1.0833538287525069,1.2330463355920929,1.1609834928449932e-05,True,1.1505360061945418,2.3263441572860065e-05,False,1.100898376272791,1.0366288816952298,1.1691524867588925,0.0017355352533095,False,1.0509341672753538,0.1179695315347377,False,1.1354085339056728,1.0861383361003514,1.1869137622877544,2.0182346860988552e-08,True,1.255855381152866,1.3667755975663711e-11,False,1.044986616781181,0.992110203889012,1.100681179339973,0.0967184284439693,False,0.884624403132849,0.0018749087084812,True,False,Tier 2,SFD↑ SFI↑,higher density
540.11,Acute appendicitis,digestive,10,chartreuse4,density-only,0.8918366485237372,0.0648603285415595,False,1.0386697975290606,0.5264861631093183,False,0.7830305907900588,6.011933980260343e-09,True,0.9465074672985738,0.2172759472264156,False,22378,805,21573,2.463654216331548e-12,5.890115827551287e-12,True,0.0004328858407534668,0.0009734081608294172,False,7.526811160591452e-13,3.2503322935702884e-12,True,density independent of area,density independent of area,True,area + density (both independent),True,0.7672130000687644,0.6728839956891822,0.8747656226711721,7.529977227704727e-05,False,0.7822438379996809,0.00030918339766829986,False,0.9934615119585458,0.8604724164975802,1.1470045486876284,0.928712760851322,False,1.1339157514829938,0.0884089648833483,True,0.7455046179028163,0.6852738835340807,0.8110292084212833,8.316438159246788e-12,True,0.6557547840654034,7.552900603263261e-13,False,0.9439107635157712,0.8489743782325497,1.0494633905628583,0.285837797340661,False,1.27532709334969,0.0007352221509154425,False,False,Tier 2,SFD↓,lower density
540,Appendiceal conditions,digestive,10,chartreuse4,density-only,0.8932876398942982,0.0544273566874746,False,0.9954115761251868,0.9349666784145056,False,0.8166231877649376,3.5574613004210657e-07,True,0.9833377360624732,0.6866553022621563,False,22490,917,21573,2.649338583607799e-11,6.122915837671357e-11,True,0.001294388874692,0.0027149534716229,False,6.319190086587776e-12,2.6200495774290845e-11,True,density independent of area,density independent of area,True,area + density (both independent),True,0.7801615167038011,0.6889257446708057,0.8834798189119958,9.140109727922644e-05,False,0.8013082145407984,0.0005865338504250883,False,0.9737475911517436,0.8502752583680193,1.115149902272502,0.7005745284924985,False,1.095044456825122,0.19268182805647,False,0.7770889009905857,0.7177677937598365,0.8413126993056601,4.821330551917393e-10,True,0.6780967847299567,2.3454179074157924e-12,False,0.9722989602101662,0.880048218850852,1.074219852703307,0.5807271351523937,False,1.2852070526084811,0.0002344325665997961,False,False,Tier 2,SFD↓,lower density
540.1,Appendicitis,digestive,10,chartreuse4,density-only,0.899767431478717,0.0800994552309935,False,1.028159026355262,0.6329719603478114,False,0.8004754317089368,4.8442636246636495e-08,True,0.9568286954385632,0.3059448003660828,False,22432,859,21573,3.110479957793208e-11,7.135806961996183e-11,True,0.0010122065958337,0.0021667818723851,False,7.377891222969712e-12,3.0488769027371526e-11,True,density independent of area,density independent of area,True,area + density (both independent),True,0.7807071950479241,0.6870716988148734,0.8871035227486845,0.00014604868680455116,False,0.7970138036390684,0.0006183748373334868,False,0.9904838853641694,0.8614280994052904,1.138874304011444,0.8932106463067695,False,1.118262159964739,0.1191886850498799,True,0.7633313367793351,0.703513549080567,0.828235263515299,8.797674241175564e-11,True,0.6744262236891124,4.412186218558064e-12,False,0.952996265648636,0.8599491335460159,1.056111166244518,0.3583751721259246,False,1.263690900442902,0.0008297566805518186,False,False,Tier 2,SFD↓,lower density
296.1,Bipolar,mental disorders,5,magenta,density-only,1.141939286905303,0.0839127104431856,False,0.8994960662064484,0.1384052509252985,False,1.3670997439317047,3.365997894371104e-09,True,1.3204583050914118,1.5470553206437964e-06,True,15929,436,15493,1.296772645859783e-10,2.889950467916088e-10,True,5.431169111555946e-05,0.0001355619810244364,False,9.312755062142802e-11,3.590183544926907e-10,True,density independent of area,density independent of area,True,area + density (both independent),True,1.421749453118502,1.216290824570653,1.6619146232203943,9.927394839162e-06,True,1.4262805515467476,8.02977036826477e-06,False,1.144748196522163,0.9709247148540248,1.3496910866438976,0.1076571785285834,False,1.081074731883858,0.3747055435715352,True,1.5221109104782204,1.35788333127732,1.7062007982802712,5.52217426841474e-13,True,1.4098432029759067,0.00010985895090085407,False,1.4122247144433342,1.227928766493097,1.6241810587925247,1.312471448028414e-06,True,1.145351836266735,0.2088782201458836,False,False,Tier 2,SFD↑ VFD↑ SFI↑,higher density
760,Back pain,symptoms,17,purple,density-only,1.1330254762087235,0.00012910679098834915,False,1.01709654471881,0.5384871160291563,False,0.9532426894149132,0.0366765812153218,False,0.8988709120977828,7.258524348642086e-06,True,21586,3092,18494,1.6333251630569722e-08,3.3636795437212893e-08,True,9.646899918498251e-05,0.00023108121109953583,False,1.0633517455472716e-06,3.1900552366418142e-06,True,density independent of area,density independent of area,True,area + density (both independent),True,1.1227865244200064,1.0474126693948234,1.2035844288073572,0.00108888665318,False,1.1173485339511031,0.0018277882577364,False,0.9198412834404788,0.8602120144556452,0.983604009828736,0.0145490336104536,False,0.8989233680864455,0.0026068166703181,True,0.9836323680337812,0.9363757074325652,1.0332739601891288,0.5112105356824046,False,1.1251476667901412,0.0016818997436219,False,0.8626857070148886,0.8149326378330972,0.9132369898285996,3.6998240868307673e-07,True,0.8000218608517726,2.2390543325509906e-07,False,False,Tier 2,VFD↓,lower density
395.6,Heart valve replaced,circulatory system,8,red,density-only,0.613032995674226,0.00020939656135272617,False,0.8551748277076971,0.0987269215861567,False,1.512531749225488,1.3703959817795387e-09,True,1.4348633639645607,5.3748349344023174e-06,True,20443,214,20229,5.27127848196169e-07,1.0028285892512484e-06,True,0.4451548037079675,0.4995981969672153,False,6.556182040547383e-05,0.00016170188115816468,False,"shared (joint signal, not attributable)","shared (joint signal, not attributable)",True,density independent of area,True,0.849051774951789,0.6402622740536994,1.1259275233953918,0.2558206097577719,False,0.8491233862238836,0.2570722712179113,False,1.1747979363309566,0.939479247750113,1.4690587306879743,0.1577861925645311,False,1.0658809873608972,0.5836404285714354,True,1.4429489409321656,1.2340482635647885,1.6872124920971103,4.315535908506599e-06,True,1.427851500336094,0.003704536485381,False,1.5650598807843032,1.2858464022973275,1.9049028142586792,7.910048475964e-06,True,1.0430898079538795,0.7835195149631056,False,False,Tier 2,SFD↑ VFD↑,higher density
289,Other diseases of blood and blood-forming organs,hematopoietic,4,darkorange1,density-only,0.6854824682501788,0.00010584452689436096,False,0.8898928567640644,0.1224175706167824,False,1.3126082926823694,1.2998462701096689e-07,True,1.3156889259494142,1.5760584614839142e-06,True,16965,431,16534,1.745461039097658e-06,3.1847008432659022e-06,True,0.1148110442960142,0.1574552457270309,False,0.0003400336521126893,0.0007729726736550751,False,"shared (joint signal, not attributable)","shared (joint signal, not attributable)",True,no joint signal,False,0.8250059616490895,0.6690895141936775,1.017255273499204,0.0718780881430901,False,0.8297223902947978,0.0810727463455941,False,1.1574727910705334,0.970374977034548,1.38064489890583,0.1040216632081887,False,1.108886597936554,0.2605861263148736,True,1.2474798828832698,1.112143641869322,1.3992851279379184,0.00016061389557173224,False,1.132066740754082,0.1527656407661659,False,1.4093684398469275,1.2259995352541777,1.6201632562811314,1.3994474660157708e-06,True,1.192190798179483,0.0983268273415673,False,False,Tier 2,VFD↑,higher density
208,Benign neoplasm of colon,neoplasms,2,darkcyan,density-only,1.0158904320318722,0.7316043308176657,False,1.1331556471840138,0.0004698609906495366,False,0.8653117178626764,2.999092875183559e-06,True,0.9010063193207746,0.0010548671831023,False,21206,1589,19617,1.9122143773277137e-06,3.458613830297082e-06,True,0.0063105481360233,0.0115987688862403,False,4.80453346295607e-05,0.00012040276630058586,False,"shared (joint signal, not attributable)","shared (joint signal, not attributable)",True,density independent of area,True,0.9261701169768172,0.839707431724454,1.0215356601277898,0.1250665504364003,False,0.9268704455240208,0.13178931551256,True,1.0887388158793063,0.9981941493854072,1.187496650758875,0.0549636443474299,False,1.1358386195553034,0.0050835389968733,False,0.8502247877480332,0.7975001205635401,0.9064352105556744,6.782331268563661e-07,True,0.8255731055749215,1.798752421306105e-05,False,0.9412720885946544,0.8715220250736014,1.0166044222376585,0.1233810783478846,False,1.091082919336937,0.1091978400115864,False,False,Tier 2,SFD↓,lower density
605,Erectile dysfunction [ED],genitourinary,11,black,area-only,0.9092086712190778,0.3135089685493273,False,1.4192951225538533,7.354918798482521e-06,True,0.8110922614239907,0.0008323248042054241,False,0.8220902276940493,0.0059473619210749,False,7450,340,7110,3.2878980376203465e-06,5.828546521236069e-06,True,4.423953405104582e-05,0.0001113123759994056,False,0.0118464352304244,0.0207063741842713,False,"shared (joint signal, not attributable)","shared (joint signal, not attributable)",True,area independent of density,True,0.8008417360033966,0.6573479950145772,0.9756589979569524,0.0274841755965978,False,0.8072910542753471,0.039536070369883,False,1.4133542860652712,1.165539228478934,1.7138593786722784,0.0004358883252142623,False,1.469786006984136,0.00011866303534656291,False,0.7810424554003288,0.6929450955200637,0.8803400458155226,5.1845394751982495e-05,False,0.7767614947303939,0.0007375143454970054,False,0.9937308073294986,0.8337084466359821,1.18446792931067,0.944033697409806,False,1.157875068354211,0.1776890240394187,False,False,Tier 2,,
599.2,Retention of urine,genitourinary,11,black,density-only,0.8106308797691872,0.0021975249882436,False,0.9133883220823438,0.0882188727199484,False,1.2319246587319543,4.818075251776604e-08,True,1.2167237736080856,3.332728356827582e-06,True,18430,816,17614,3.919656833836284e-06,6.9092256054063305e-06,True,0.563695733977103,0.6101407424140716,False,5.8617660023530335e-05,0.000145148491486837,False,"shared (joint signal, not attributable)","shared (joint signal, not attributable)",True,density independent of area,True,0.948274656819552,0.8175619585738843,1.0998858439240542,0.4827760612748722,False,0.9489332622515796,0.4884508509721067,False,1.098945590273886,0.965961827062808,1.250237200422926,0.1516507868552726,False,1.0566887223011114,0.412615503127736,True,1.2138903690185023,1.1145750187893697,1.32205531539402,8.55848596672629e-06,True,1.156488743075781,0.0256104196849995,False,1.2755402720166504,1.1484401992834905,1.4167067528212565,5.511079444506068e-06,True,1.0937004412092035,0.2631862311842415,False,False,Tier 2,SFD↑ VFD↑,higher density
949,"Allergies, other",injuries & poisonings,18,gray50,density-only,0.9163556971981128,0.1814399998631232,False,0.9901536177500628,0.8556489293683522,False,1.2300617437260817,1.4657912697875648e-07,True,1.176227427892883,0.00020420369170868393,False,20051,759,19292,5.170264071189983e-06,8.986754263015457e-06,True,0.176598093263668,0.2283880004073136,False,7.990211811904478e-07,2.414475627422951e-06,True,density independent of area,density independent of area,True,no joint signal,False,1.067510799276674,0.9301168140931402,1.2252001999161877,0.3526974539323411,False,1.0655565904466628,0.3676084789703297,True,1.1729670968986008,1.0325333647097694,1.3325010672109991,0.0142052435635876,False,1.116117355024579,0.1015576474255952,True,1.2525135885817982,1.1490810816033512,1.3652563902566988,3.055615547416588e-07,True,1.234923739342744,0.0012991184836306,False,1.2694223220557,1.1427344817202851,1.4101552526072516,8.698280926635167e-06,True,1.059233396941189,0.4758372117177595,False,False,Tier 2,SFD↑ VFD↑,higher density
765,Cervical radiculitis,symptoms,17,purple,density-only,0.8501202105186224,0.1725456129089733,False,1.1581576909062157,0.1054930907381623,False,0.7733271613480476,0.0005031443812595678,False,0.6858861079014715,9.060288500807502e-06,True,21207,225,20982,9.508624649683986e-06,1.6211425632248106e-05,True,0.0145880532762269,0.0251810380203752,False,7.967849599010175e-06,2.2048506207460528e-05,True,density independent of area,density independent of area,True,no joint signal,False,0.7301078636452059,0.5712117310523475,0.933204735789496,0.0120040600151973,False,0.708006086769775,0.0071811467556458,False,0.8944485038296857,0.7202300895659661,1.1108090839210731,0.3128780600961887,False,0.9151197454650684,0.4274340873350671,True,0.7438570969340086,0.6516687743488185,0.8490868404919364,1.168938496189156e-05,True,0.9455861819902828,0.6547617673771542,False,0.6518595037877949,0.5387789270388168,0.7886737794551054,1.0716787035241427e-05,True,0.6542106676825363,0.0021368337112135,False,False,Tier 2,SFD↓ VFD↓,lower density
550.1,Inguinal hernia,digestive,10,chartreuse4,area-only,0.8431843853786275,0.0856631991435569,False,0.6826842288672594,1.787348206195032e-06,True,1.2579373402205611,9.590352230871086e-05,False,1.3001034371702715,2.112276174468299e-05,False,20056,354,19702,1.3621507751501787e-05,2.297248874847869e-05,True,0.0083120902864299,0.0150122846273004,False,0.1733833861985771,0.2257197006389882,False,"shared (joint signal, not attributable)","shared (joint signal, not attributable)",True,no joint signal,False,1.0033160335244826,0.8100944202043188,1.242624363309908,0.975801963682645,False,1.0085610828542253,0.9368905921959804,True,0.7494200815615336,0.6115514420066459,0.9183699359858468,0.0054205211542504,False,0.7243953407114804,0.0023063216108651,False,1.2591969669938097,1.1032578905799646,1.4371771235217703,0.0006336644627028306,False,1.1614306786852056,0.1514665917873553,False,1.1195541094806218,0.9541941940671866,1.313570562311233,0.1660697131918256,False,0.975189263197596,0.8384610712300757,False,False,Tier 2,,
871,Open wounds of extremities,injuries & poisonings,18,gray50,density-only,0.7769735478721143,0.0036356585553053,False,0.8543691015754786,0.0296874880354991,False,1.318770299333532,8.38846986235158e-08,True,1.2722402537178044,3.1040250036743874e-05,False,21878,419,21459,1.565238388053105e-05,2.6255611670568215e-05,True,0.6831687754221989,0.7231506630423276,False,0.00036729544032251105,0.0008304070824682858,False,"shared (joint signal, not attributable)","shared (joint signal, not attributable)",True,density independent of area,True,0.9324357495273632,0.7757254722636562,1.1208042768784423,0.4561791504446233,False,0.9336213185973368,0.4642248059168201,False,1.0218989189816992,0.8626089857658789,1.210603434288121,0.8021593543223917,False,0.960204265401027,0.6445325746325758,True,1.2921385794450106,1.152390781215316,1.4488332740126395,1.1400355829560894e-05,True,1.284340772013132,0.004462138790787,False,1.285633500759506,1.1179044960991356,1.4785283573352477,0.000427336592656508,False,0.994122287800843,0.9560560439172788,False,False,Tier 2,SFD↑,higher density
519,"Other diseases of respiratory system, not elsewhere classified",respiratory,9,coral4,density-only,0.8017034217331205,0.0095866278387459,False,0.8111010117637735,0.0036385968034197,False,1.2799708252494109,1.709731244747438e-07,True,1.2786051558692233,3.86463291337861e-06,True,22287,464,21823,1.6224637332088952e-05,2.7142556823655512e-05,True,0.7546950491173486,0.7828821015808443,False,0.0006870204804977593,0.0014963378004558,False,"shared (joint signal, not attributable)","shared (joint signal, not attributable)",True,density independent of area,True,0.9720989680486254,0.8095437607332926,1.167295024082742,0.7618174000451751,False,0.978882280368114,0.8189645027450785,False,0.983500402992104,0.8269652657990942,1.16966586468533,0.8507972105776029,False,0.938463540496848,0.480893547550908,False,1.2697252269055224,1.1419444792851114,1.4118043224391812,1.0211594317970049e-05,True,1.209690552700294,0.0186695576357934,False,1.2686124609658698,1.1111802924807157,1.4483496395755333,0.00043254802496522704,False,1.0487137871334382,0.6374898679054818,False,False,Tier 2,SFD↑,higher density
295,Schizophrenia and other psychotic disorders,mental disorders,5,magenta,density-only,0.9653227659244008,0.7358089825908829,False,0.8096295110932931,0.0232281096621777,False,1.358643919299202,9.873321807290797e-07,True,1.2869279437199783,0.00041695215530826614,False,15765,272,15493,2.186059731988544e-05,3.618305763291383e-05,True,0.0989588863003808,0.1379292910852779,False,2.1495867071758742e-05,5.6596713302858455e-05,True,density independent of area,density independent of area,True,no joint signal,False,1.2489243864564292,1.0055151094740788,1.5512567721646735,0.0444640207333515,False,1.2468007111168378,0.0465653625176473,True,0.9780783971101208,0.7817218737232422,1.2237566621196885,0.846281164375694,False,0.9039001104970532,0.3881617762402648,False,1.4524661591973107,1.2637278334901278,1.6693926395424827,1.4743718034710382e-07,True,1.495409448983971,0.00017958597762590914,False,1.2729447073483025,1.0649838789615045,1.5215143252179006,0.0080072391818861,False,0.9224002839941846,0.5501599488845845,False,False,Tier 2,SFD↑,higher density
458.1,Orthostatic hypotension,circulatory system,8,red,density-only,0.7854024492302306,0.0864975145031635,False,0.8809475217421736,0.2511198790253681,False,1.420254676553044,4.246281111228323e-07,True,1.4143537172548253,1.893617290891881e-05,True,19631,206,19425,2.735597505765475e-05,4.5159069936445936e-05,True,0.3520887275612177,0.4133647525836308,False,1.2175654444730407e-05,3.3105047379136275e-05,True,density independent of area,density independent of area,True,no joint signal,False,1.0996505647415602,0.8188798696340938,1.4766895723993827,0.5276935426665976,False,1.1012546980292657,0.5209593003924557,True,1.2729096724080442,0.984709854077096,1.6454583321180989,0.0654276697246634,False,1.190865327079873,0.1945340411336903,True,1.4567760354596466,1.244639643979989,1.7050689553028942,2.7939706879970403e-06,True,1.3112444651279775,0.0247429962183555,False,1.5845442762088855,1.2973450524653654,1.9353221091760169,6.441740334645386e-06,True,1.2428675731456509,0.1581799693972245,False,False,Tier 2,SFD↑ VFD↑,higher density
510,Other diseases of lung,respiratory,9,coral4,density-only,0.8236011825618764,0.0276891996589801,False,1.018485065723689,0.8007834056985585,False,1.2380865938897252,4.431112186720004e-06,True,1.1344669101087623,0.0198517684695172,False,22104,468,21636,4.191805334254425e-05,6.811683668163441e-05,True,0.3636423837722815,0.424462457004104,False,4.981976959134192e-05,0.00012459934358716374,False,"shared (joint signal, not attributable)","shared (joint signal, not attributable)",True,density independent of area,True,0.9915469201055724,0.8194894364311521,1.1997290642970302,0.9304326211155898,False,0.9764236428642036,0.8076262377155038,False,1.217517380724358,1.0209986483617763,1.451861444424413,0.0284269084485791,False,1.1377054584563997,0.1556766298507511,False,1.2351861066563794,1.1117689669815138,1.3723037460014955,8.401535709628311e-05,False,1.3328031513369658,0.00027597318505135,False,1.2446813874787348,1.0874646557600258,1.4246272263931508,0.0014879228235735,False,0.9344373666111324,0.4985938532271462,False,False,Tier 2,,
079,Viral infection,infectious diseases,1,blue,not significant,0.9776607206067376,0.7440009317733509,False,1.195079168873259,0.003501422975081,False,1.123641515631954,0.0126881621065416,False,0.9649375923952104,0.4780812661350698,False,20653,612,20041,5.212404063091812e-05,8.448156195764392e-05,True,0.1022606040648956,0.1411739312754312,False,0.000345212728009555,0.0007818974311359793,False,"shared (joint signal, not attributable)","shared (joint signal, not attributable)",True,no joint signal,False,1.0589736433992756,0.9141420979242044,1.226751486405474,0.4450891567631994,False,1.0396981507077077,0.6065342660441236,True,1.2528957946966277,1.0848354545399177,1.4469916758336676,0.0021546132607013,False,1.169622428089803,0.0374634094873627,False,1.1427794747211013,1.0322906192368024,1.2650942510834335,0.0100956925007631,False,1.3444461178367966,8.627862284368971e-05,False,1.0720191501019367,0.9503008669940662,1.2093275909769896,0.2580731550161853,False,0.8334576252775651,0.0404541734951937,True,False,Tier 2,,
348.9,"Other conditions of brain, NOS",neurological,6,darkblue,density-only,0.8257831875160212,0.0716667102192214,False,0.7394380816964565,0.0007306403889270346,False,1.3153955877935013,4.053696620779406e-06,True,1.2738290369434575,0.0003598248247619875,False,19704,299,19405,5.230027943671783e-05,8.454760199096354e-05,True,0.0848292595752722,0.1209907610856454,False,0.0029725419632823,0.0057964568284006,False,"shared (joint signal, not attributable)","shared (joint signal, not attributable)",True,no joint signal,False,1.0245934847743507,0.8183178353908194,1.282865609962759,0.8322407514911031,False,1.0273129667484022,0.8137736401672774,True,0.8383906570750034,0.6728016824757744,1.0447341500159897,0.1163809260479127,False,0.7806900509431822,0.0292180429253541,False,1.324445169734288,1.1597532580674568,1.5125243196604643,3.3605939483949194e-05,False,1.3607217548402584,0.0019892603804705,False,1.1683858649555845,0.9851567438206292,1.385693736545707,0.0737543479712232,False,0.8745682738952332,0.2848150835046027,False,False,Tier 2,,
204,Leukemia,neoplasms,2,darkcyan,density-only,0.8314132041590785,0.0262908349989863,False,0.98546987329971,0.8290666943064693,False,1.2352854682034464,1.1991447894229335e-05,True,1.227321978460475,0.000119953045702667,False,21821,484,21337,6.053153487177813e-05,9.709942868891916e-05,True,0.061773871340289,0.0918877132689877,False,5.79481661283928e-05,0.00014377596685533642,False,"shared (joint signal, not attributable)",density independent of area,True,no joint signal,False,0.9720573196016348,0.8127951121848105,1.162525977858326,0.7562367136491437,False,0.9760633237951394,0.7905252276371966,False,1.2626904042400044,1.0728148194744729,1.4861717306821038,0.0050267079645272,False,1.2248063234832476,0.0174785790876254,True,1.2250578167085886,1.0995374239790463,1.3649072978778518,0.00023283770498613973,False,1.1203252799543166,0.1606777511781821,False,1.3803235516491954,1.2085935791451914,1.576454765368699,1.985981169229157e-06,True,1.228833539582059,0.0418681467109371,False,False,Tier 2,VFD↑,higher density
395.1,Nonrheumatic mitral valve disorders,circulatory system,8,red,density-only,0.7051594519738643,0.0019338938728405,False,0.795674532188794,0.0052924797226215,False,1.292528681233566,1.1124956516189894e-06,True,1.2952192274717222,1.6939203396650052e-05,True,20594,365,20229,6.724093922408676e-05,0.00010731034802002593,True,0.5555249816130019,0.6039156594538557,False,0.0071239813741199,0.0129981414545347,False,"shared (joint signal, not attributable)","shared (joint signal, not attributable)",True,no joint signal,False,0.8900308804510754,0.6949280873826201,1.1399092690872403,0.3561340686137598,False,0.8977529130399993,0.3921225058856457,False,0.9845708664265308,0.8043481699669086,1.205174360073164,0.8801784386483765,False,0.936920529426359,0.5349131134881384,False,1.2545587989555465,1.1117262106301031,1.4157422618872315,0.00023561550727399313,False,1.194764885330358,0.0532265023395411,False,1.2854844015332858,1.1027678545612252,1.4984750777332758,0.0013248196510045,False,1.0483335843089476,0.6849442672739889,False,False,Tier 2,,
306,Other mental disorder,mental disorders,5,magenta,not significant,0.9051029099524044,0.1228592567165023,False,0.9996742079660332,0.995087542577794,False,1.1709859999908825,0.00014325204899699612,False,1.1910151658734225,5.5184945096320694e-05,False,16289,796,15493,7.887768867238446e-05,0.0001255604023764487,True,0.0334653046138315,0.0528667090608377,False,2.0568879540583137e-05,5.438551200560965e-05,True,density independent of area,no joint signal,False,density independent of area,True,0.9985599689975454,0.8708574527767059,1.1449887791682571,0.98353195779667,False,1.0062576830527046,0.9286546720084476,False,1.1938834947753056,1.056259622448667,1.3494388773401855,0.0045703410806074,False,1.1856077873166375,0.0083332304203563,True,1.1705105658979835,1.069730606819481,1.2807850650851051,0.0006094642034245996,False,1.030692495616942,0.6516874511647943,False,1.2973986434761264,1.1697028242887044,1.4390349455788245,8.431044900939978e-07,True,1.2649113045314375,0.0028379081763516,False,False,Tier 2,VFD↑,higher density
261.4,Vitamin D deficiency,endocrine/metabolic,3,brown,not significant,1.058295243961098,0.2775449591868118,False,1.021587817180305,0.6015259644738159,False,1.1483882530292238,0.00022731397095662016,False,1.0543993990842797,0.1542211418216206,False,18637,1299,17338,9.88925005401686e-05,0.00015702015352942798,False,0.0305406466711724,0.0486157232724786,False,1.5261648676169086e-05,4.069772980311756e-05,True,no joint signal,no joint signal,False,no joint signal,False,1.154906679616996,1.0362887507390004,1.2871021109442573,0.0091974335370154,False,1.1550429476432829,0.0091737158148216,False,1.080398918852031,0.9818009395220342,1.188898662517975,0.1132399302381595,False,1.0287200456655192,0.5789336601022286,False,1.1946004545053712,1.103329156414193,1.293422037846259,1.1607732515131328e-05,True,1.2769036524470996,4.4460575253539896e-05,False,1.0967112005997084,1.004516125405273,1.1973679935059212,0.0393470073322068,False,0.9237188230812076,0.2325407135935073,False,True,Tier 3,SFD↑,higher density
592.1,Cystitis,genitourinary,11,black,not significant,1.0097622328433704,0.8567515702005362,False,1.050313304880746,0.2395215171801681,False,1.134815181787043,0.0001970711072050811,False,1.0552348067546544,0.1399994368757237,False,18700,1213,17487,0.0001553635925042409,0.00024605807543818864,False,0.0661687893182724,0.0973804823929293,False,2.517630341028212e-05,6.532230074019145e-05,True,no joint signal,no joint signal,False,density independent of area,True,1.113102937130383,0.9934470802275492,1.2471707585717535,0.0647966100704539,False,1.1073291308167243,0.0795574500013487,False,1.1339145728371944,1.0271020473543804,1.2518349679123282,0.0127840941179466,False,1.0838726217540424,0.1234254287450081,False,1.1681359121079753,1.0853444712437352,1.257242788174573,3.420391398047792e-05,False,1.227513850233664,0.0002219964048664257,False,1.1244632292259151,1.0304341742148302,1.2270726122264273,0.0084671583020516,False,0.9575286121257474,0.5132015626511014,False,False,Tier 3,,
185,Cancer of prostate,neoplasms,2,darkcyan,density-only,1.1997527563341197,0.0261875686333007,False,1.1453247931610857,0.0270039042091914,False,0.7919957932828342,3.991054924036984e-06,True,0.7942408634037859,4.663358239495425e-05,False,7608,648,6960,0.00016173232985558698,0.0002554961362781931,False,0.9196894637188624,0.9286184876384632,False,0.0010366716707311,0.0022040310818951,False,no joint signal,no joint signal,False,"shared (joint signal, not attributable)",True,1.047602746776367,0.8794169959236388,1.247953496623898,0.6024791472952382,False,1.0344032017016078,0.7096547343279711,False,0.9468802404710808,0.8061924693044856,1.1121192816004184,0.5059919856898977,False,0.987935461460297,0.8853058694335344,True,0.7994768824442222,0.7191290726562521,0.8888018992221394,3.453104159814088e-05,False,0.8494162421507919,0.0270515579853934,False,0.7690774551248218,0.6646038427165517,0.889973987456365,0.0004238853417013036,False,0.8916557234476763,0.2346016694329183,False,False,Tier 3,,
805,Fracture of vertebral column without mention of spinal cord injury,injuries & poisonings,18,gray50,not significant,0.7520527556192453,0.0033978841496473,False,0.7988389210874826,0.0029450330434049,False,1.1516235329948803,0.0057169823638477,False,1.0856443426698648,0.1519448184852478,False,20842,423,20419,0.00016558792024968844,0.0002609264197873878,False,0.0009227622497659546,0.0019855298063929,False,0.0188798505351837,0.0317120504278726,False,no joint signal,no joint signal,False,no joint signal,False,0.813781369956351,0.6557799020915468,1.0098511954634235,0.0613509620434226,False,0.8258367678958078,0.0794758370589158,False,0.7703094845782928,0.6368079434357464,0.9317985244182913,0.0072010072813501,False,0.73859542670376,0.0015978902377235,False,1.0899571629903473,0.9722514754801443,1.221912897141423,0.1395869980328621,False,1.2288926139611185,0.0150692842401386,False,0.9570380082710264,0.8292259151381836,1.1045503192248185,0.5482459540745785,False,0.7546178404473934,0.0059675491691695,True,True,Tier 3,,
512.1,Wheezing,respiratory,9,coral4,not significant,1.5522697552208418,6.180928747803853e-05,False,1.129398726733367,0.1868153590983358,False,1.0185644588891622,0.8291961594026345,False,0.9006078814158899,0.239863704322741,False,16286,215,16071,0.00016636366956095753,0.00026148848817641687,False,9.283142276805756e-05,0.00022365562859949,False,0.0467460553002846,0.0717577823059719,False,no joint signal,no joint signal,False,"shared (joint signal, not attributable)",True,1.6720661672963568,1.3323202991047016,2.0984483008296624,9.17306768885497e-06,True,1.6755660399735877,8.40545849974907e-06,False,1.0918387708840072,0.8751306722150168,1.362210169811762,0.4363560982788591,False,1.0678152495571878,0.5772504750456002,False,1.1827237446446612,0.9856776751645,1.419161143030695,0.0711027216123894,False,1.3898549884740523,0.0132194662828553,False,0.9445690723646142,0.7639690383334251,1.1678624233438542,0.5983912756745334,False,0.8179617670757601,0.1965652655082542,False,False,Tier 3,SFI↑,
136,Other infectious and parasitic diseases,infectious diseases,1,blue,density-only,0.9436450917422872,0.4960094571249524,False,0.9677117222339704,0.6476312523422003,False,1.238376575945065,1.1724852067644214e-05,True,1.2044901901229892,0.0007594016329991056,False,22137,447,21690,0.00020543474511933497,0.0003220886456142337,False,0.1664624942248488,0.2184492037777196,False,2.2944888253673925e-05,6.024927566335638e-05,True,no joint signal,no joint signal,False,no joint signal,False,1.1337001622006726,0.9468602649243584,1.3574083794471066,0.1720332847522367,False,1.1337146430872382,0.1727349755185492,True,1.1767684827828104,0.9947118512628544,1.3921459368488274,0.0576784731778491,False,1.1236510947393468,0.1857604126534776,True,1.2822704349405567,1.150839345209932,1.4287115531514192,6.5980176672112255e-06,True,1.2361597643333464,0.0099247605090637,False,1.299405245764381,1.136738831480668,1.4853490933539084,0.0001239599410623245,False,1.0982754492236124,0.3606952223830108,False,True,Tier 3,SFD↑,higher density
574.1,Cholelithiasis,digestive,10,chartreuse4,not significant,1.005348545504726,0.9120774884299788,False,1.1117436640082132,0.0065807778611352,False,1.09441991480708,0.0089428764667993,False,1.0333719863898725,0.363843029183841,False,19742,1274,18468,0.0002392900654636471,0.0003742280723040496,False,0.0017379339346889,0.0035791114694583,False,0.000793737398792727,0.0017138136223067,False,no joint signal,no joint signal,False,no joint signal,False,1.0654684362473297,0.962140917506628,1.1798926414866977,0.2230623871879216,False,1.0683301043654303,0.2060171662653286,False,1.2076429730305578,1.100917490011634,1.3247146707558186,6.427157805735817e-05,False,1.1810411632663087,0.0006897622553408979,False,1.1146788806408503,1.0350871571328464,1.2003907095016464,0.004074249113436,False,1.1246506571930497,0.0345754563307267,False,1.14382305667526,1.048766721820153,1.2474949459793152,0.0024005788334828,False,1.0499375236940045,0.4562649280889967,False,True,Tier 3,,
590,Pyelonephritis,genitourinary,11,black,not significant,1.0567266188467266,0.3816627952875189,False,1.1991656415419465,0.0004672956918836201,False,1.020472058973187,0.6493683173342062,False,1.0149120778940477,0.7485325140922942,False,18254,767,17487,0.00028958161318954137,0.00045174731657568457,False,2.767951209800736e-05,7.151973312280163e-05,True,0.0110292676256754,0.0193321994337682,False,no joint signal,no joint signal,False,no joint signal,False,1.0802033641577358,0.9454757736093956,1.2341292505922488,0.2563459043254621,False,1.0839387143067902,0.2354388298768949,False,1.3125345518202045,1.1643603520657024,1.4795651077138827,8.595517568556664e-06,True,1.3329599085963024,6.088311162491757e-06,False,1.0421563438758863,0.9476106817515773,1.146135080572552,0.3947828075999698,False,0.9633292561754208,0.5805788683485267,False,1.1598127023328135,1.0410284572771993,1.292150560428302,0.0071593864625622,False,1.2246858752284997,0.0112297777620526,False,True,Tier 3,VFI↑,
396,Abnormal heart sounds,circulatory system,8,red,not significant,0.8600619718812741,0.1904410500055335,False,0.897999352774629,0.2267019231830566,False,1.3162190296840344,2.751586241977967e-05,False,1.3517938076201204,3.134710023275018e-05,False,20484,255,20229,0.00037512663768220287,0.0005837382092610837,False,0.3959195833257088,0.4562397414501243,False,0.00013409513290425768,0.00031815727350667977,False,no joint signal,no joint signal,False,no joint signal,False,1.0618745905422238,0.8338577078330978,1.352242277605603,0.6264155868505287,False,1.0715156750263102,0.5743343890585287,True,1.18027823199373,0.9596732618756908,1.4515947877879836,0.1164020317888878,False,1.1473938315781007,0.2085049099057093,True,1.3382777995048971,1.1577642821435856,1.5469361909590786,8.095855174371192e-05,False,1.1374196912515628,0.2509791635794939,False,1.4704316315768944,1.2327832249614257,1.75389244383135,1.8130266298517326e-05,True,1.3248679914887669,0.0416961573112254,False,True,Tier 3,VFD↑,higher density
592.11,Acute cystitis,genitourinary,11,black,not significant,0.9942999418531157,0.9220686730004586,False,1.0602346645232297,0.1911901462453937,False,1.1393641681694564,0.000371844718863739,False,1.0555948828223414,0.171568043881886,False,18512,1025,17487,0.000389286420189735,0.000604265488055708,False,0.0952900484203232,0.1331713106702837,False,8.388890026616935e-05,0.00020368355551007652,False,no joint signal,no joint signal,False,density independent of area,True,1.0979151407340646,0.9702505149472418,1.2423777546963182,0.1385767398405947,False,1.092521760576929,0.1615058145020857,True,1.149437946018378,1.0339460674181764,1.277830278948766,0.0099415820827461,False,1.097845528331412,0.0952158426078035,False,1.168556906330215,1.0793499660732608,1.265136689909673,0.00012074445033187029,False,1.2302719229888028,0.0005448980649945936,False,1.1335724548034107,1.031196746649697,1.246111873862949,0.0094296589196649,False,0.9592822836065116,0.5634245426424895,False,False,Tier 3,,
722,Intervertebral disc disorders,musculoskeletal,14,darkolivegreen,not significant,0.9018038134316912,0.1077113638080139,False,0.9706495409986888,0.56095514261072,False,1.0084764467450806,0.8404755724115807,False,0.9198274000174546,0.0579236496254292,False,20318,796,19522,0.000413045809938837,0.0006395548024859412,False,0.0044155147072619,0.0084002474918641,False,0.0001437877127163102,0.00033986186642036954,False,no joint signal,no joint signal,False,no joint signal,False,0.8878660181506891,0.7726429907189786,1.0202720734620347,0.0935454466707026,False,0.8859102657787575,0.0880398698832553,False,0.8698867610724235,0.7659005929994712,0.9879911100807752,0.0318760540394972,False,0.834589415767812,0.0059228452188789,False,0.9763980052073464,0.8930067541058485,1.0675765442865668,0.6000214368574275,False,1.181392606053719,0.0153042414642378,True,0.8570237746103704,0.7700647763777534,0.9538025537310186,0.0047070774646201,False,0.7199122511205209,2.9734175306209846e-05,False,True,Tier 3,,
433.8,Late effects of cerebrovascular disease,circulatory system,8,red,not significant,0.9459241805917464,0.6514162203434137,False,0.9936375630618464,0.9430740722792668,False,1.3064343906929403,6.259124562967126e-05,False,1.1651260488430162,0.049785748212459,False,20860,234,20626,0.0004142963274674487,0.0006399032384645743,False,0.2615375035152628,0.3190604148455991,False,4.096981244514465e-05,0.0001037126286643824,False,no joint signal,no joint signal,False,density independent of area,True,1.2339075992553734,0.950880813253265,1.6011764484879103,0.1138574854659544,False,1.227721762655592,0.1237741891110771,True,1.1767723411030804,0.9469945389286898,1.4623031980224566,0.1419423904521692,False,1.0737106184499352,0.5286779148710468,True,1.387365027560557,1.1928502405759964,1.613598802452081,2.156953413170656e-05,False,1.5666894843150925,9.542994560880458e-05,False,1.2746037273968294,1.049543280713421,1.5479253612005102,0.0143736836490224,False,0.8638808626427142,0.3171138603217293,False,False,Tier 3,,
389.4,Tinnitus,sense organs,7,darkseagreen4,not significant,0.76857809167686,0.0364430660236321,False,1.052171304467506,0.5927837466510307,False,0.8500504647335555,0.0314339805680401,False,0.7842274020483866,0.0038689245851579,False,21570,210,21360,0.00045035021181859226,0.0006938729189501274,False,0.0026900631835589,0.0053288870683835,False,0.0005511192005821058,0.0012173394023477,False,no joint signal,no joint signal,False,no joint signal,False,0.6661943924478704,0.5125302533864795,0.8659293097266654,0.0023979797393645,False,0.6555229070060129,0.0018176495491491,False,0.8552304121940321,0.680972318317713,1.0740804556468395,0.1785537409525225,False,0.8815611486794311,0.2648062672620471,True,0.7968771543314264,0.6985022545889429,0.9091068710566248,0.000731629957467599,False,0.940272086324657,0.5935787337923879,False,0.7300962076259924,0.6047138516039284,0.8814755457908439,0.0010668916660575,False,0.7292394218069134,0.0139401665558624,False,True,Tier 3,,
611.3,Lump or mass in breast,genitourinary,11,black,not significant,0.7039733865264302,0.0006736003378508818,False,0.9789032120392832,0.7859461783623884,False,0.9350041399964718,0.2781201376838741,False,0.9406512937366944,0.3276547598464739,False,21831,388,21443,0.0005422978458863276,0.0008334824035297251,False,9.372325244214957e-05,0.00022536920818459085,False,0.0196815835399424,0.0327115082698018,False,no joint signal,no joint signal,False,no joint signal,False,0.6223205042198029,0.4983454922619297,0.7771371788968333,2.85932677681331e-05,False,0.6224173469351464,3.27689885941926e-05,False,0.9076550741655556,0.7514545524535644,1.0963240970043744,0.3146302218029834,False,0.947435729769803,0.5714644775472684,False,0.8421089894995314,0.7444974871334679,0.9525183932135842,0.0062596389715314,False,0.884097757312772,0.169203697552127,False,0.9008181765083768,0.777306632390337,1.0439553109594244,0.1650636779260559,False,0.918705623551881,0.4047692555148945,False,True,Tier 3,,
737,Curvature of spine,musculoskeletal,14,darkolivegreen,not significant,0.7278426866831449,0.0154991129849148,False,0.6629458036023606,7.974121375727183e-05,False,1.2003100189470135,0.0036353522089193,False,1.2492896680502903,0.0023473622168155,False,21647,244,21403,0.0005548920427726051,0.0008507435741771635,False,0.0070492000526537,0.0128994159321288,False,0.5441624750916852,0.5938976823927312,False,no joint signal,no joint signal,False,no joint signal,False,0.8371906659051082,0.6254477250041877,1.1206183715416755,0.2322889506549797,False,0.8725574840491874,0.3538548433423976,False,0.6955345735015376,0.5348373094483916,0.9045149513501664,0.0067556296277574,False,0.6776851905492921,0.0038630327536874,False,1.1473698579805227,0.9948058454613876,1.3233311776446952,0.0589686444666786,False,1.118664398762301,0.2786230794418939,False,1.0551488103839288,0.8752043310612092,1.2720903822592675,0.5736357916243267,False,0.9117029963558948,0.4965690483706597,False,True,Tier 3,,
550.2,Diaphragmatic hernia,digestive,10,chartreuse4,not significant,1.2167739288560666,0.0030045473510247,False,0.9157746213865672,0.0911234594297746,False,0.998248113186463,0.9684680553189764,False,0.9720439458657804,0.5350190805959592,False,20446,744,19702,0.0008289246948087327,0.0012677671802957,False,0.00011722735475374052,0.00027973181402039804,False,0.0573961362176084,0.086510118356975,False,no joint signal,no joint signal,False,no joint signal,False,1.2569052513362942,1.0932656250491164,1.4450384011349275,0.0013138655449732,False,1.260057845117186,0.0011482001823678,False,0.8485467260800224,0.7472442719132574,0.963582557143654,0.0113453850323474,False,0.8252556847367335,0.0045717177955136,False,1.059964830821563,0.9631553403610617,1.166504919297239,0.2333653246757865,False,1.1624021266738538,0.0374144855768814,True,0.8937076378502995,0.8009504171829832,0.9972069741359408,0.0444321932606618,False,0.8238363086318482,0.0207491094354078,False,True,Tier 3,,
577.3,Cyst and pseudocyst of pancreas,digestive,10,chartreuse4,not significant,0.9941256339472684,0.9517349209896694,False,1.1250580497185942,0.1203437447441511,False,1.1298396879073285,0.0401436265471505,False,1.1485972241204674,0.0282562880415922,False,20808,349,20459,0.0010220568003825,0.0015593238225885,False,0.0012773286376751,0.002683680370065,False,0.00034408267825859247,0.0007807548772122243,False,no joint signal,no joint signal,False,no joint signal,False,1.1005127086139102,0.8942772893742809,1.3543094923814318,0.3656791924053733,False,1.1068740620637545,0.335159914791072,True,1.3956600914827,1.1676168622851624,1.6682416586081972,0.00024982899679179397,False,1.405300190895968,0.00029426163584051303,False,1.1604560678985687,1.0183571066887318,1.32238315682931,0.0255548081867045,False,1.0010534420405786,0.9911057322151738,False,1.3614146151663382,1.1672615625929217,1.587861550303523,8.491924589425439e-05,False,1.3979819124740571,0.0036846638600536,False,True,Tier 3,,
442.1,Aortic aneurysm,circulatory system,8,red,not significant,0.7103458723516516,0.0047359884680424,False,0.7950348205038021,0.010704192469444,False,1.30458885419451,4.517979306452812e-05,False,1.26837251351862,0.0010612520989915,False,20248,268,19980,0.0010667190342147,0.001623494335,False,0.2839461794147266,0.3433767751061811,False,0.0530749179120402,0.0803853125658084,False,no joint signal,no joint signal,False,no joint signal,False,0.8668477796414163,0.6645545355558534,1.130719952788734,0.2919411475030707,False,0.8686819751550697,0.2967353363430283,False,0.9264565946083578,0.7401666926339455,1.1596331343131705,0.5048236977855407,False,0.8735228660205651,0.2411971469949946,False,1.2515880190050843,1.0786002766573883,1.4523198289653814,0.0031070962755556,False,1.2600718697576665,0.0456599733627259,False,1.217895799442865,1.0115989741893372,1.4662630312463691,0.0373652217203212,False,0.9354038839893928,0.6357148343565442,False,True,Tier 3,,
625,Pain and other symptoms associated with female genital organs,genitourinary,11,black,not significant,0.9968118809194424,0.9676174682080024,False,0.952381502217444,0.4732963424883796,False,0.829156727732189,0.0005348377754205244,False,0.8974091214733394,0.0373010511895488,False,12604,590,12014,0.001271005796033,0.0019297022304735,False,0.079557258403697,0.1139744847046922,False,0.00016642534626632485,0.000392625391569704,False,no joint signal,no joint signal,False,no joint signal,False,0.8701624766671878,0.7335483556774571,1.0322192530856265,0.1104789928181631,False,0.8845674251491366,0.1610035935771296,False,0.8182913004819603,0.6925920979020053,0.9668037716179652,0.0184377352504457,False,0.868855041159998,0.1055870482990454,False,0.8008578301291992,0.7154310616400333,0.8964850681894968,0.00011399835916224354,False,0.8073199727452732,0.0063958654007723,False,0.8230541018526075,0.7282927531389385,0.9301452632292904,0.0018067256418245,False,0.9563849666695576,0.6089544143450721,False,True,Tier 3,,
455,Hemorrhoids,circulatory system,8,red,not significant,0.8008937870729151,0.0001760043049009443,False,0.9817398775043918,0.6942981786615102,False,1.124780083367395,0.0014050233454312,False,1.0900626388245005,0.0244358421640184,False,17165,1087,16078,0.0013000379851652,0.0019689895697648,False,0.0195577058608627,0.03258747251583,False,0.1746036765919431,0.2267485831287669,False,no joint signal,no joint signal,False,no joint signal,False,0.8395644014766814,0.7395107769885585,0.9531549859182158,0.0069129029881071,False,0.838874558340614,0.0067771496515658,False,1.067565622496042,0.9542698195776884,1.1943124836953702,0.2533666579432086,False,1.037844092649674,0.5250633367574162,True,1.0730507470865929,0.9915058498734624,1.1613021808898487,0.0803906866379509,False,1.0738341098065194,0.2193810384830184,False,1.1252060531262784,1.0254327602726665,1.2346871594538873,0.0127706899713973,False,1.0114741311212856,0.8669264448237364,False,True,Tier 3,,
345.1,Epilepsy,neurological,6,darkblue,not significant,1.1616827493357975,0.1963035390585301,False,0.9346997060067792,0.531232162741156,False,1.25793721946826,0.0015365474527009,False,1.2064436615984206,0.0221782411259243,False,19618,213,19405,0.0013354907579244,0.0020177874889706,False,0.0161289876892694,0.0274236738912918,False,0.0004452697088013967,0.0009976599579607597,False,no joint signal,no joint signal,False,no joint signal,False,1.429580182855011,1.126955805014149,1.8134690731604224,0.0032315888173986,False,1.4277048122852845,0.00336107148432,False,1.123017126090483,0.8709589219946885,1.4480217535451343,0.3709924668253745,False,1.054871177764746,0.6887712653329843,True,1.3937119218171132,1.1899977907582973,1.632299602655046,3.829362333945217e-05,False,1.375068860993471,0.0079750387718134,False,1.2732119918135834,1.042617226191767,1.5548072057268618,0.017819751085398,False,1.0389258607815606,0.7996143427217469,False,True,Tier 3,,
476,Allergic rhinitis,respiratory,9,coral4,not significant,1.0360674129915248,0.5886695472741069,False,1.0506388041139605,0.3662565282223368,False,0.8455426193846256,0.00010766817927126336,False,0.8533696047835749,0.000652160869039915,False,20314,719,19595,0.001434898008932,0.0021602488950363,False,0.3700738532664991,0.4304307258868509,False,0.0002373517286669148,0.0005505854226325459,False,no joint signal,no joint signal,False,no joint signal,False,0.9355427368295822,0.814139000997945,1.075050097540769,0.3474634183989042,False,0.9278460457941596,0.2958781845422576,True,0.9108853522718248,0.7963288439581669,1.041921476634285,0.1734793060987908,False,0.9378095069021888,0.357858211652508,True,0.8338054664277333,0.7633450716016679,0.9107696921210474,5.464532394381749e-05,False,0.8820253336320044,0.0476698510087445,False,0.8159420486574723,0.7301093168319912,0.9118654034660872,0.00033463814546320247,False,0.8931498493123354,0.1436041452772246,False,True,Tier 3,,
611.1,Abnormal mammogram,genitourinary,11,black,not significant,0.7987737158096527,0.0405191174116461,False,1.0285610066950035,0.7221888166521777,False,0.834507243028897,0.0141261737400561,False,0.8673368339837464,0.0443381721120104,False,21773,330,21443,0.0014367039926924,0.0021602488950363,False,0.0036283310939762,0.0069986973806528,False,0.0015459088061638,0.003199492852558,False,no joint signal,no joint signal,False,no joint signal,False,0.6729484592716705,0.5303709539533356,0.853854505908632,0.0011118935846838,False,0.6718242358645887,0.0010968527966267,False,0.9104248704429004,0.7509260602647608,1.1038016771301404,0.3395943457848046,False,0.958126989524099,0.6694137077456306,True,0.761278824894104,0.6551347312048953,0.884620249282576,0.0003706111566416742,False,0.7991130434979273,0.0407111610931334,False,0.827874830340511,0.6996516453835457,0.9795971169847096,0.0278029419798906,False,0.923202481435215,0.5149242432774567,False,True,Tier 3,,
371.3,Inflammation of eyelids,sense organs,7,darkseagreen4,not significant,1.2097842140711608,0.062333305771796,False,0.9565183321436612,0.5803146536728051,False,0.8013464636566086,0.0003615570951173151,False,0.835575274409407,0.0078376368979495,False,21909,321,21588,0.0015135431640919,0.0022703147461378,False,0.0653854412625323,0.0963412404907206,False,0.0012623428822945,0.0026566676511022,False,no joint signal,no joint signal,False,no joint signal,False,1.070245650304669,0.861305713419524,1.3298713037076428,0.5401244038291566,False,1.0759565801253357,0.5094805925591637,False,0.764536914092132,0.6277177597330328,0.931177561804391,0.007613682777799,False,0.7906683802805683,0.0246828503768716,False,0.8112053143008795,0.7117388799678307,0.9245723122217682,0.001718465645801,False,0.8633690108654364,0.1219420086628672,False,0.7365757103656809,0.6309632478239727,0.8598658938881134,0.00010795179607172388,False,0.842732043048551,0.1269150164568109,False,True,Tier 3,,
174,Breast cancer,neoplasms,2,darkcyan,not significant,0.7786279296966256,0.0003999255168914891,False,1.0679205655894344,0.1800689737443209,False,1.0585030603467018,0.1434543406253965,False,1.0032944300327735,0.9373679779179942,False,21381,903,20478,0.0015699896833187,0.0023442900349297,False,0.0014680858353038,0.003045995285947,False,0.723874807053033,0.755979714813544,False,no joint signal,no joint signal,False,no joint signal,False,0.7768986152894984,0.6665322705697128,0.9055397391679814,0.0012413223745073,False,0.7665653445084977,0.0007390797205945988,False,1.1079531968762928,0.984982324262466,1.2462764622579074,0.0876597197325561,False,1.0856053238587402,0.1814810926778169,False,0.9971706358710822,0.917425986654408,1.0838468623170878,0.946879114254436,False,1.050426276902669,0.4319841085907939,True,1.0556843108250775,0.954267697720558,1.1678791672235498,0.2929966515314174,False,0.9501581291650718,0.4980650699031119,False,True,Tier 3,,
366.2,Senile cataract,sense organs,7,darkseagreen4,not significant,1.098021626305498,0.1954528292768966,False,1.1212628124621136,0.0321095306496222,False,0.8505879357744155,0.00039393697892056343,False,0.8212288709861795,5.5933169144057906e-05,False,21871,656,21215,0.0015703737733984,0.0023442900349297,False,0.9072240460768748,0.9175167013808262,False,0.0025426739798827,0.0050935106370684,False,no joint signal,no joint signal,False,no joint signal,False,0.9877601496879016,0.844840060833418,1.154857775504853,0.8772634977791138,False,0.9762701193003748,0.7674520802205835,True,0.9651631136975783,0.8422544642637118,1.1060075969520031,0.6099120646580376,False,0.9765630136674,0.7397683842893157,True,0.8482033833895133,0.7705236533405694,0.933714333718738,0.0007808937083630228,False,0.942950196848945,0.4281767157972177,False,0.8053800957100806,0.7132663304185727,0.9093897621458352,0.0004782365186213131,False,0.8424564909643891,0.0501141842099005,False,True,Tier 3,,
939,Atopic/contact dermatitis due to other or unspecified,dermatologic,13,firebrick,not significant,1.0279093952787377,0.6329872837653753,False,0.971332630274154,0.550685361228711,False,1.11869459043274,0.0016434863367024,False,1.1282824998127086,0.001486099565966,False,20291,999,19292,0.0016760673267285,0.0024961002670133,False,0.0490241906488348,0.0748864013827978,False,0.000246764832245372,0.0005713590178890989,False,no joint signal,no joint signal,False,no joint signal,False,1.1322540362866742,1.0016850550037926,1.279842597514457,0.0469339448459021,False,1.1356681162783526,0.0415032586260951,False,1.1019001765122998,0.9802487357816364,1.2386488803065523,0.104004922071064,False,1.0886853036744262,0.1677865014859393,True,1.1574775821546912,1.0707201910429591,1.2512646762415605,0.000234216767281661,False,1.0755440963648917,0.2087166763914419,False,1.181538749746817,1.0765676639527388,1.296745075945879,0.00044114623421318726,False,1.142751315698841,0.0577479378163656,False,True,Tier 3,,
241.1,Nontoxic uninodular goiter,endocrine/metabolic,3,brown,not significant,0.8678350437767253,0.1671949012725326,False,1.0008292077917929,0.9913381361203908,False,0.857894586264199,0.0137608890255032,False,0.8458019472852188,0.0100703425244007,False,19229,361,18868,0.0016888166051003,0.002509098956149,False,0.0072878158010233,0.0132776556491637,False,0.00047395219895565786,0.0010562363291011,False,no joint signal,no joint signal,False,no joint signal,False,0.7529041147338607,0.6041773374806882,0.9382420869125986,0.0114811476330714,False,0.7443183260871482,0.0095999999658744,False,0.8356838768347199,0.691450820730202,1.01000320060941,0.0633119890408677,False,0.854405956076512,0.1059656648885518,True,0.8110660219118729,0.7192181986517657,0.9146432795125377,0.0006378744603225858,False,0.9045707146748504,0.2758396165985914,False,0.7751574038837407,0.663164641736859,0.906063084458298,0.001379033066738,False,0.7979006390433658,0.0379768243167867,False,True,Tier 3,,
763,"Thoracic or lumbosacral neuritis or radiculitis, unspecified",symptoms,17,purple,not significant,1.1069410392816466,0.1746449465364645,False,1.0589889777595562,0.330050424770076,False,0.922025959258988,0.1423414802913249,False,0.8270475557771781,0.0008579969690703923,False,21489,507,20982,0.0019036796387032,0.0028216059252989,False,0.1849700859433313,0.2376594538225703,False,0.0007064895323849101,0.0015333894546371,False,no joint signal,no joint signal,False,no joint signal,False,1.0721683607999355,0.9143399447054946,1.2572402644737182,0.3910591835789262,False,1.0734799622710656,0.3844712121316297,False,0.918486745249528,0.795945013234901,1.0598947002261083,0.2445097770039574,False,0.8852801986112402,0.1065062991046459,True,0.9395480824063815,0.8351359911179975,1.0570141971390428,0.2995266936995936,False,1.203686311711889,0.0387117469037473,False,0.7904457538276943,0.6908792386860586,0.9043613626782442,0.0006183868602980686,False,0.6859926439745064,0.00017794430911597568,False,True,Tier 3,,
694,Dyschromia and Vitiligo,dermatologic,13,firebrick,not significant,1.0659369565376755,0.4382574119324155,False,1.1040240488200666,0.1329447870216304,False,0.8150751703286679,4.358040777105015e-05,False,0.844861584008804,0.0023695450363256,False,21081,499,20582,0.0020891788885354,0.0030892123849434,False,0.6885614325894829,0.7282412439590463,False,0.0007824219728434529,0.0016923095703789,False,no joint signal,no joint signal,False,no joint signal,False,0.9336588157652964,0.7829938479088769,1.1133149852764923,0.4445737973510688,False,0.9258398321225662,0.3985773683939108,True,0.9691737576128288,0.82344476905952,1.1406931074662958,0.7064565299809586,False,1.0134055911530582,0.8746409700700568,True,0.8046975897135992,0.7269473269681347,0.890763590247386,2.774864453770701e-05,False,0.8213004336988028,0.0030643030360376,False,0.8322745343306824,0.728044801193974,0.951426202562502,0.0071589536380846,False,0.964616140226566,0.6815817686114172,False,True,Tier 3,,
495.2,Asthma with exacerbation,respiratory,9,coral4,not significant,1.10950262080277,0.2134881686679387,False,1.2262850056753551,0.0025479405188523,False,0.9410036589895112,0.3590115481472227,False,0.8100374767322815,0.0012706936883683,False,19038,376,18662,0.0020983105520226,0.0030953801051113,False,0.411057992732678,0.4697805631230606,False,0.0304516436678236,0.0485359531257266,False,no joint signal,no joint signal,False,no joint signal,False,1.0914619029835315,0.9157663076413388,1.3008658166653175,0.3284088784412756,False,1.0896094294889669,0.3406082130215123,False,1.1285964260332564,0.9639533594913748,1.3213604997726416,0.1326716357986856,False,1.080323277771733,0.3583529545569806,False,0.963944412800575,0.8378125563962341,1.1090652961400544,0.6077997815904799,False,1.2377928729543812,0.0438725525281148,False,0.859705173802776,0.7380462964070359,1.0014181894297431,0.0521661719160333,False,0.7341490150254011,0.0075286966581839,False,True,Tier 3,,
627,Menopausal and postmenopausal disorders,genitourinary,11,black,not significant,0.9479962742019526,0.4382697029721992,False,0.9773705609142794,0.6541487030083126,False,0.8707715810719645,0.0017269263620988,False,0.9399785373909898,0.1630638749115299,False,10968,798,10170,0.0021841575289383,0.0032144205142865,False,0.0878316008198995,0.1241379816797674,False,0.00033216737418543635,0.000756468764568293,False,no joint signal,no joint signal,False,no joint signal,False,0.8467394619455532,0.7299854564148985,0.9821671241739716,0.027973051167955,False,0.8548868449462633,0.0387392553684639,False,0.9081154994115715,0.8024233800566568,1.0277289779533845,0.1268314743704041,False,0.9557321878407756,0.4843001406115743,False,0.8379035373195414,0.7643672577715992,0.9185144061500204,0.00016089750855018334,False,0.8089497849507177,0.0010138909302681,False,0.8960364393139543,0.8056975376548527,0.9965045976376936,0.0429144289185755,False,1.0412932351976243,0.5985963852228822,False,True,Tier 3,,
174.1,Breast cancer [female],neoplasms,2,darkcyan,not significant,0.7822053049139136,0.0005495331367566743,False,1.0719479120998527,0.1581770458880217,False,1.047802377447545,0.233481240629767,False,0.9998570365175944,0.9972891873338718,False,11826,895,10931,0.0022216612046375,0.0032619213922207,False,0.0011732956970136,0.0024818186947001,False,0.8799399861288836,0.8950000836909916,False,no joint signal,no joint signal,False,no joint signal,False,0.7740382957296081,0.663537236139178,0.9029414637558136,0.0011178335241684,False,0.7638666755222221,0.0006737454370107825,False,1.1101431498700678,0.9864908186063844,1.2492947627677595,0.0828787875948723,False,1.0935534897659724,0.1473670595809363,False,0.9866379562871792,0.9072790278126132,1.0729383430513908,0.75319689383881,False,1.0297292474956787,0.6416351406168882,True,1.0530412777092335,0.9514328067375176,1.1655010471647722,0.3181360215091244,False,0.9649977273795998,0.6384203231974803,True,True,Tier 3,,
414,Other forms of chronic heart disease,circulatory system,8,red,not significant,1.0128742042868772,0.9152059018004262,False,0.9958126127368104,0.964268682193787,False,1.2816834578696357,0.0006540453743834622,False,1.2611976563545155,0.0041316619491777,False,19654,215,19439,0.0023899848519621,0.0035008228817474,False,0.0666593023543934,0.09787154039798,False,0.000259942233783103,0.0005985385752053737,False,no joint signal,no joint signal,False,no joint signal,False,1.235279780527418,0.9627223861225764,1.5850011988664632,0.0966581636064094,False,1.239600901604026,0.0910278224993748,False,1.256003900414887,1.0094900339333035,1.5627155740317469,0.0408851394925718,False,1.213786375913097,0.0948628438843474,True,1.36096514099446,1.1598069635348938,1.5970124108901722,0.00015891215190220448,False,1.2363779347768766,0.0938924709455044,False,1.4224298877701067,1.168794581252206,1.731105549320718,0.00043721323891400624,False,1.2328418380228308,0.1786145578429202,False,True,Tier 3,,
593,Hematuria,genitourinary,11,black,not significant,1.0903955888200598,0.111559935120798,False,1.10419542380658,0.0232909366610971,False,1.05346353581648,0.156203375683417,False,1.0207152195355853,0.5920603852608262,False,18576,1089,17487,0.002507792602126,0.0036647835684465,False,0.0009915670232307112,0.0021299064457692,False,0.0083848759721764,0.0151218572446187,False,no joint signal,no joint signal,False,no joint signal,False,1.1495521523606091,1.0242245745448226,1.2902152358374976,0.0179638197799035,False,1.1511122222146484,0.0170624953282337,False,1.184132374237313,1.067108621897418,1.3139894580026064,0.0014556935637194,False,1.1740651642978004,0.0035736612478891,False,1.0952267998976792,1.0115470025612814,1.1858289730253455,0.0248918137902479,False,1.084449179902475,0.1773242759788643,False,1.1126535177695869,1.0147115999989245,1.2200489780607104,0.0231704524252379,False,1.0736060373021117,0.310949714309872,False,True,Tier 3,,
411.3,Angina pectoris,circulatory system,8,red,not significant,1.0692997972113891,0.5680118932584098,False,1.3551361081344555,0.0002091230401931029,False,1.0077896781343163,0.9238955867867252,False,0.9180659121492698,0.2961877130011145,False,19677,238,19439,0.002605631386166,0.0037988644508589,False,0.0012530011778996,0.0026459314213515,False,0.2435636695310616,0.3006601974033283,False,no joint signal,no joint signal,False,no joint signal,False,1.0882078151502894,0.84775321214542,1.3968643609822555,0.5069964747290518,False,1.1184897060260406,0.3860827752057641,False,1.4819607499587253,1.2137967617359038,1.8093701793019576,0.0001122810839805717,False,1.4755218808156465,0.0002871396820382972,False,1.0315900108712437,0.8663297331121604,1.2283751900173527,0.7269809869671746,False,1.0711015439418814,0.6211214024092987,False,1.1615757702359997,0.9499169798393556,1.4203959910554864,0.1444711151917268,False,1.1238914740698998,0.4581295424628159,True,True,Tier 3,,
374,Other disorders of eyelids,sense organs,7,darkseagreen4,not significant,0.9884946462452848,0.9156133957651784,False,1.108190925090655,0.2067993538636074,False,0.8321308541408045,0.0057114245828137,False,0.774261383980895,0.000337317040096625,False,21878,290,21588,0.002622905134443,0.003815134741008,False,0.1935206142553119,0.2461147338104936,False,0.0006615146872666612,0.0014433047722181,False,no joint signal,no joint signal,False,no joint signal,False,0.8583842045943145,0.6795000995847719,1.0843610518192288,0.20029769529107,False,0.843989092580419,0.1623863312139207,False,0.8888388612325234,0.726119278748071,1.0880230622705085,0.2533584006396139,False,0.8950228225626551,0.2859488305920998,True,0.8077093311080233,0.7083749921090866,0.9209731721564,0.0014250992993565,False,0.9720580765334036,0.7962825359786273,False,0.7308792388517279,0.6177902812354251,0.8646695780261332,0.00025682483217231056,False,0.7272298282411176,0.0087517204800326,False,True,Tier 3,,
930,Allergic reaction to food,injuries & poisonings,18,gray50,not significant,0.8974234919398939,0.317889817465855,False,0.7560223253001105,0.0051917038107279,False,1.2163007160020944,0.0020735652831494,False,1.32640584377581,6.705920397031115e-05,False,19566,274,19292,0.0026307754239884,0.0038176834059739,False,0.673438561437277,0.714062297938591,False,0.0181738688218242,0.030567369662583,False,no joint signal,no joint signal,False,no joint signal,False,1.0386804759423085,0.8261390160613289,1.305902650920981,0.7452595303644798,False,1.073555287664228,0.5393584499317593,True,0.9312229947669328,0.7339550860467361,1.1815113519459632,0.5574173206452352,False,0.922453256963423,0.5157020055677393,False,1.228993354070833,1.0688376826070642,1.4131469061477249,0.0037980650206548,False,1.0454560932354156,0.6400984466684746,False,1.2847090582049232,1.078286502262215,1.530648265346107,0.0050572902386228,False,1.2567175750184856,0.070712829366981,False,True,Tier 3,,
698,Pruritus and related conditions,dermatologic,13,firebrick,not significant,1.0046834623757432,0.9540979358329738,False,1.0402375044694736,0.5495485900206576,False,1.1667047352307012,0.0015092434232516,False,1.060628137773837,0.2721325188933698,False,22454,499,21955,0.0029107632811427,0.0042141909221184,False,0.2430632346604104,0.3005615999165858,False,0.000385209858956513,0.0008693343652400148,False,no joint signal,no joint signal,False,no joint signal,False,1.150908038631706,0.9689546313608955,1.3670292400859847,0.1094267231586335,False,1.1399039710642391,0.1369958188725228,False,1.1380394632184008,0.970505044692712,1.3344946808107525,0.1115005260728081,False,1.067803662947576,0.4318339100485089,False,1.2139518755939385,1.0905314216105872,1.3513403896988032,0.00039373428638737743,False,1.3271802802851425,0.0004352677124029871,False,1.1306918140392588,0.9913351509678816,1.2896385012547693,0.0672071335924276,False,0.9001905946274664,0.2851374499171066,False,True,Tier 3,,
174.11,Malignant neoplasm of female breast,neoplasms,2,darkcyan,not significant,0.7858313846600365,0.0007914364724289167,False,1.0708380639032695,0.1685178474911944,False,1.0566077170983277,0.1625895684891675,False,1.006620567952314,0.8764301447445594,False,11809,878,10931,0.0031191667450649,0.0045054630762049,False,0.0022010023061117,0.0044519463177106,False,0.8232642453425841,0.8456245087963334,False,no joint signal,no joint signal,False,no joint signal,False,0.7844929033268864,0.6714184700249429,0.916610344882804,0.0022398874612997,False,0.7741595116534148,0.0013841767486076,False,1.1163315869938046,0.9908543411235384,1.257698695357215,0.0704605686254598,False,1.0967302243652746,0.138844375462539,False,0.997829357039995,0.916885689636838,1.0859188195697702,0.9598489167264552,False,1.040401883365841,0.5330386761331855,True,1.0631797484047778,0.9596854469694632,1.1778350718847717,0.2410147732817054,False,0.9674215127882836,0.665820896726877,False,True,Tier 3,,
255,Disorders of adrenal glands,endocrine/metabolic,3,brown,not significant,1.0052352378189051,0.9481628578260484,False,1.1985750871867706,0.0044311629723195,False,1.0463892827392762,0.409914711875288,False,0.902637959117715,0.0757368456443994,False,21087,459,20628,0.0031868938103566,0.0045926599022229,False,0.3483607575360147,0.4101454956650437,False,0.0194743699567169,0.032491996933132,False,no joint signal,no joint signal,False,no joint signal,False,1.038316576063454,0.8750913903510023,1.231987109021498,0.6665400608995675,False,1.0314220731265271,0.7248752724958458,False,1.187575188723394,1.0197321327651026,1.383044412896106,0.0270147600998798,False,1.1200969680233757,0.1575489694216545,False,1.0575333106955356,0.9394111068280132,1.1905082823716413,0.3546122175902351,False,1.2914724812410392,0.00496773638565,False,0.9854669076413272,0.8580545072229399,1.131798758565156,0.8358145289495957,False,0.7925739226902184,0.0265291056052402,False,True,Tier 3,,
626,Disorders of menstruation and other abnormal bleeding from female genital tract,genitourinary,11,black,not significant,0.9358604245064835,0.3165684466663453,False,0.8710659940146508,0.0263769611325178,False,0.8961320887442229,0.0259434930904567,False,0.9682207393717968,0.4867698661181835,False,10979,809,10170,0.0032633431887311,0.0046919957367931,False,0.0110530719528351,0.0193467514686371,False,0.0052735808754853,0.0098230282576205,False,no joint signal,no joint signal,False,no joint signal,False,0.8700692262130792,0.7562267468953673,1.0010495681499203,0.0517386112342675,False,0.892518057233538,0.115486561020217,False,0.793324392621703,0.684608908998004,0.9193038297584132,0.0020779082586412,False,0.8334684998685592,0.0192723339806632,False,0.864827920160288,0.7808542150871722,0.957832226602341,0.0053254353454894,False,0.8606216652409772,0.0408340326501431,False,0.8817289311139134,0.7919084083716212,0.981737155136317,0.0216641462039814,False,0.9733584717192632,0.7327827211464162,False,True,Tier 3,,
800,Fracture of lower limb,injuries & poisonings,18,gray50,not significant,0.8311138330829784,0.0643792161099878,False,0.9238779933439196,0.311751772864651,False,1.2433629160303186,5.296850478163698e-05,False,1.18688013311008,0.006114893223058,False,20769,350,20419,0.0033200821954879,0.0047538737748875,False,0.978514828199572,0.980085478004066,False,0.0026842877061909,0.0053258999321561,False,no joint signal,no joint signal,False,no joint signal,False,0.9937004239684128,0.8015500515846405,1.2319137534117337,0.9540360119901632,False,0.9911303618605756,0.935409735856284,False,1.0786793049075971,0.8943436298023247,1.3010089232626547,0.4282992435144095,False,1.018925525526998,0.8471464667771234,True,1.2412355151798902,1.1002286340746024,1.4003140405809693,0.0004440133358019589,False,1.2710704458433535,0.0082357976945027,False,1.2321745017142556,1.0567135036113935,1.4367697559329309,0.0077267030983408,False,0.9717346095107554,0.8039725315491928,False,True,Tier 3,,
209,Neuroendocrine tumors,neoplasms,2,darkcyan,not significant,1.1023890373237426,0.4181808168802984,False,1.0775570973292,0.4422572607217611,False,1.1893446323522836,0.0081221017023667,False,1.145411259251266,0.0643919879047525,False,22681,237,22444,0.0033216169324534,0.0047538737748875,False,0.0110136469240947,0.0193319709722507,False,0.0006234310207098306,0.0013649858137646,False,no joint signal,no joint signal,False,no joint signal,False,1.3487624712498,1.046395125611681,1.7385021769749345,0.0208806272619561,False,1.3368704288274167,0.0247481015153799,False,1.34054755317509,1.0625822938468394,1.6912268844776643,0.0134377385562211,False,1.2830463438399682,0.0420662765119185,False,1.2902526366415408,1.1142984287501834,1.4939910381347865,0.0006574232017165932,False,1.2379314284113585,0.0602571002108752,False,1.316223180730132,1.0976636493688827,1.578300841507723,0.0030192346940798,False,1.156200339432207,0.3037217212411681,False,True,Tier 3,,
204.2,Myeloid leukemia,neoplasms,2,darkcyan,not significant,0.9270353123136292,0.5253605531452095,False,1.0328480346873257,0.7558198087547603,False,1.2389573418350144,0.0028776082617586,False,1.2517729869771366,0.0047870610221011,False,21551,214,21337,0.0033638703517938,0.0048033297471838,False,0.0388429595996447,0.0608231036139983,False,0.0005127600948258743,0.0011386558689371,False,no joint signal,no joint signal,False,no joint signal,False,1.1087000337602138,0.8597130644675179,1.4297977030525189,0.4265196643148913,False,1.1173103426263709,0.3903378350209044,True,1.3985175914961148,1.0937942509800511,1.7881346989816684,0.0074739675245697,False,1.373532587011764,0.0138486267834992,False,1.2785273572438864,1.0881819810103803,1.5021680488618965,0.002813031099838,False,1.1077849934490551,0.395102573300537,False,1.4757285792572572,1.2111166374418387,1.7981545066019504,0.00011349828989095048,False,1.3846707060237835,0.0316240052717065,False,True,Tier 3,,
483,Acute bronchitis and bronchiolitis,respiratory,9,coral4,not significant,1.1843502921574958,0.0496274665094202,False,1.1345883252167388,0.0720837988164191,False,0.8692020006730193,0.0232976669777117,False,0.7861592259870204,0.0002279501085299921,False,20684,362,20322,0.0036625420154607,0.0052178680768207,False,0.4526274388372873,0.5075283411221335,False,0.009722188080328,0.0172838899205832,False,no joint signal,no joint signal,False,no joint signal,False,1.1216991008794088,0.9357169789024212,1.3446468336927369,0.2143728697191705,False,1.1157071971395474,0.2415039771502385,False,0.9741240366653882,0.8245055367236682,1.1508929856068375,0.7579765259835434,False,0.9563081181216436,0.6145253013635776,True,0.8924747326616281,0.7817873780954939,1.0188334715505631,0.092222177728352,False,1.1080190105461234,0.3264530760549436,False,0.7763337272673697,0.6680923830017873,0.9021118507367184,0.0009510312411037702,False,0.7283768614390485,0.0057413397530326,False,True,Tier 3,,
740,Osteoarthrosis,musculoskeletal,14,darkolivegreen,not significant,1.165671299305647,0.0007557192016363511,False,0.9755524419300016,0.475494665853195,False,1.0123551994614857,0.6948600043425777,False,1.0067934132763403,0.8338859038720142,False,21832,1627,20205,0.0037957471076473,0.0053953216290932,False,0.00047259235373431027,0.0010550899060114,False,0.2209233145628498,0.2776558877889593,False,no joint signal,no joint signal,False,no joint signal,False,1.2103107861242834,1.098552420716692,1.3334385973617136,0.00011271477901084709,False,1.2095528613844129,0.00011824935437764555,False,0.9691092483748748,0.8908424959540477,1.054252283149007,0.465197669525228,False,0.9643633108251854,0.418690541924865,False,1.0679919032223104,0.9980508655335094,1.1428342429608536,0.0569745408879516,False,1.0827047413688051,0.1248251463440374,False,0.9895960761680016,0.9150445038933632,1.070221601026337,0.7935458365922599,False,0.968095608783115,0.5925049913902611,True,True,Tier 3,,
216.1,Screening for malignant neoplasms of the skin,neoplasms,2,darkcyan,not significant,0.9937173853303568,0.9368258274279964,False,1.2075038205996775,0.0021041622654192,False,0.8759265106473891,0.0172451385317404,False,0.9060144049964024,0.0767138249868563,False,21944,485,21459,0.0038158844993172,0.0054116180172135,False,0.0074596760782068,0.0135512019586639,False,0.0492865685893888,0.0751951559896787,False,no joint signal,no joint signal,False,no joint signal,False,0.9128506849827016,0.7706610612488162,1.0812747846933828,0.2912123981976158,False,0.9157371827667944,0.3120302671124526,False,1.204908779656659,1.041034699192032,1.3945790360498789,0.0124498176383579,False,1.2561654511547649,0.0028355476988486,False,0.8573051192116843,0.7653069593586059,0.9603624512215738,0.0078542390941368,False,0.8190819341070035,0.0072769922117435,False,0.9965649058092704,0.8724316752318106,1.138360332030306,0.959566770910608,False,1.1549562751749844,0.1149777397807537,False,True,Tier 3,,
528,"Diseases of the oral soft tissues, excluding lesions specific for gingiva and tongue",digestive,10,chartreuse4,not significant,0.8247970923926029,0.0656290023112745,False,0.9741894375316844,0.7633602012412,False,1.231399094560127,0.00012265114992611296,False,1.1569361932785736,0.0198464586911595,False,22231,348,21883,0.0039777816007569,0.0056284256663771,False,0.7206216093926046,0.7539462839205967,False,0.0026173347633931,0.0052179453429946,False,no joint signal,no joint signal,False,no joint signal,False,0.9887248545067204,0.7888488598056026,1.2392447878548518,0.9216089812376848,False,0.9760711705257789,0.8347648900260388,False,1.1590588855654596,0.9422412848189796,1.4257680297529502,0.1624350280818464,False,1.0894051089882568,0.4256932400813772,True,1.2276529612677658,1.0863315864721337,1.3873588985881664,0.0010124808705595,False,1.2735018518906356,0.0076780694739378,False,1.23556869329912,1.059478170041295,1.4409263343305998,0.0070080794780697,False,0.9717711176161088,0.8026666164842422,False,True,Tier 3,,
694.2,Other dyschromia,dermatologic,13,firebrick,not significant,1.0850593447634571,0.3377047599490596,False,1.0652591186535694,0.3580515871952283,False,0.815472501811955,7.490659053288987e-05,False,0.8548403752056826,0.0060198878260732,False,21050,468,20582,0.0040879952388329,0.0057712873959995,False,0.8095796272479197,0.8336265468691451,False,0.0010003618684103,0.0021451058621582,False,no joint signal,no joint signal,False,no joint signal,False,0.952770161496464,0.7943027425855792,1.142852632842563,0.6021693792354115,False,0.9486097781977896,0.5751938479729157,True,0.9270428681914766,0.781749714340546,1.0993396782877545,0.38374510730871,False,0.9713682908978934,0.742334609151698,True,0.8081414466695982,0.7274806649154743,0.8977456437293954,7.169002883917329e-05,False,0.8203691832376463,0.0037137288862645,False,0.824710243219472,0.7185290186180687,0.9465824867856172,0.0061321005744811,False,0.9626680849351328,0.6740611738098043,False,True,Tier 3,,
627.2,Symptomatic menopause,genitourinary,11,black,not significant,0.795300620514061,0.0456211579206699,False,0.8262951289946929,0.0287830852959054,False,0.924758764483568,0.2669016051641615,False,1.0002756967112267,0.9968930235420318,False,10466,296,10170,0.0047139461999239,0.0066399603357845,False,0.0021842839462443,0.004425302540443,False,0.0242673567146868,0.0395374166839807,False,no joint signal,no joint signal,False,no joint signal,False,0.7067896669468133,0.549718077198386,0.908741505916506,0.0068051286801109,False,0.7240930002980944,0.0111927102030885,False,0.746797077719998,0.6027107072964428,0.9253292973552923,0.0075952907191934,False,0.7776952938152368,0.0234264514483625,False,0.8498670563005536,0.7328691328994559,0.9855429584371088,0.0313446895378019,False,0.8449718494160169,0.1056900537853914,False,0.8699037251582776,0.7322208351497898,1.033475769491651,0.11287481860743,False,0.9391859977931124,0.612152399614252,True,True,Tier 3,,
429,Ill-defined descriptions and complications of heart disease,circulatory system,8,red,not significant,0.9328444887384584,0.4608439403104227,False,0.988230006943592,0.8709642128082463,False,1.2273062036232978,0.00024182549047125,False,1.1414491080528475,0.0326386886291483,False,20642,375,20267,0.0047932121729566,0.0067364062971282,False,0.5623035154328759,0.6091621417189489,False,0.0007447540083180074,0.001613633684689,False,no joint signal,no joint signal,False,no joint signal,False,1.0953492372653726,0.8974065135124883,1.3369525778031222,0.370494106777026,False,1.0949294671169405,0.3737535968590663,True,1.1242010609862656,0.9466236267977436,1.3350903038390738,0.1819973056801452,False,1.056839585435184,0.540436478690008,True,1.258633423000399,1.1132783648985531,1.4229667470795202,0.00023893509517615216,False,1.3256064129869385,0.0032426015079368,False,1.210848148068319,1.0430559842516869,1.405632353216718,0.0119419148239181,False,0.9489701670963956,0.6513717010396245,False,True,Tier 3,,
803,Fracture of upper limb,injuries & poisonings,18,gray50,not significant,0.7377345747885986,0.0059269752527432,False,0.8278110652654552,0.035176605391563,False,1.2447204015509004,0.0002892814269540733,False,1.2387422354025723,0.0015530339102595,False,20714,295,20419,0.0049376692814095,0.0069238328799989,False,0.3661394199611016,0.4262518620442676,False,0.1016219466603563,0.1409157660356941,False,no joint signal,no joint signal,False,no joint signal,False,0.8543489059312749,0.6718121054785825,1.0864824362549927,0.199279628428939,False,0.8600820879717713,0.2184955967694094,False,0.9691857925674326,0.7806717514289612,1.2032215829446955,0.7767109480615428,False,0.9301716321074788,0.5178108831401587,False,1.191263945858266,1.0402137427584386,1.364248260111052,0.0114102009973341,False,1.1546997304684952,0.1570923321197657,False,1.2204184953740234,1.0318424228407508,1.443458100656969,0.0200189963984625,False,1.0203872036555928,0.8727188384566442,False,True,Tier 3,,
860,Bone marrow or stem cell transplant,neoplasms,2,darkcyan,not significant,1.1152321376200545,0.3550655215583079,False,1.3318637651855354,0.0068259681154332,False,1.0350069959574115,0.6535311194550506,False,1.0209301977090426,0.8065156741266584,False,22696,200,22496,0.0052110478586814,0.0072907934166305,False,0.0006925582880343667,0.0015057713300816,False,0.022804920062246,0.0372033205721347,False,no joint signal,no joint signal,False,no joint signal,False,1.1762236580981509,0.912130282148232,1.5167812328425254,0.2109147962806833,False,1.181345217524315,0.194276714270841,False,1.6283619274502286,1.262245286439975,2.1006713950565556,0.00017526457689450489,False,1.6512833334657149,0.00016934319290665814,False,1.0853198762819178,0.9142771967077328,1.2883611645289053,0.3494199999071096,False,0.992235360325059,0.9453953871548624,False,1.302285823681093,1.0563523729291917,1.605475985118485,0.0133857478528199,False,1.3823025878075077,0.0308036156645403,False,True,Tier 3,,
340,Migraine,neurological,6,darkblue,not significant,1.2054480503251073,0.0007797387553260231,False,0.9902766478446484,0.8482666572076033,False,0.9723947015576726,0.4899778610071007,False,0.945183921450471,0.1735553709821888,False,20960,925,20035,0.0055819517460904,0.0077922547864886,False,0.0018697642378128,0.0038253537193285,False,0.2301034989271253,0.2871691666610524,False,no joint signal,no joint signal,False,no joint signal,False,1.222264898557616,1.086799702611569,1.3746152843584307,0.0008116741879827383,False,1.2222658472534988,0.0008446928040027154,False,0.9318614327230258,0.8253420497651138,1.0521283024943908,0.2545038725061046,False,0.9111199697375606,0.1509268032911124,False,1.0277445063751616,0.9416970561811192,1.1216545315197115,0.5395897478480537,False,1.0988608174413648,0.1413700349797386,True,0.9159889245429051,0.8313879380373937,1.009198800581505,0.0759361540142964,False,0.8857392495212956,0.097511437051854,False,True,Tier 3,,
593.1,Gross hematuria,genitourinary,11,black,not significant,1.066446949515299,0.5057092229730137,False,1.0693267546624874,0.3669021625318073,False,1.1726050709843836,0.0115782179626752,False,1.13510493651639,0.0553382264086308,False,17835,348,17487,0.0058714262796113,0.0081780580323158,False,0.0152751144798804,0.0261141683162888,False,0.0012568006063831,0.0026494715485916,False,no joint signal,no joint signal,False,no joint signal,False,1.2177131008513564,0.9931637871993328,1.4930318796323727,0.0582243702434438,False,1.2212571289782466,0.0552849948564018,False,1.2579572819785094,1.0545271301892245,1.5006313995912113,0.0107759971529485,False,1.2315161626443702,0.0260974852713155,False,1.2418217707619217,1.0822332201871143,1.4249436088014809,0.0020286823003714,False,1.175490140851001,0.1362209644777685,False,1.284272380349666,1.0937554182621003,1.507974744070028,0.0022594685692766,False,1.166771816294761,0.2199533108774529,False,True,Tier 3,,
371,Inflammation of the eye,sense organs,7,darkseagreen4,not significant,1.1071440162092896,0.244607719839917,False,0.9661260819229168,0.6219183980989882,False,0.8446563991315292,0.001790614434564,False,0.8637777391293815,0.0115694380932065,False,22026,438,21588,0.0059698328272065,0.0082966050872537,False,0.0945575917230468,0.1322958233972672,False,0.0018248905177243,0.0037502043474646,False,no joint signal,no joint signal,False,no joint signal,False,0.9974648845543708,0.8273919006832242,1.2024969003171162,0.978768190946373,False,0.998961267230286,0.991329511114645,True,0.802204648194923,0.6750531203281376,0.9533061594807896,0.0123123691539311,False,0.8230120394334257,0.0312596914418344,False,0.8442207962384378,0.7544111836533562,0.9447218814414394,0.00316888352894,False,0.8990086081410095,0.19353226088495,False,0.7781041222305113,0.6791319036657483,0.8914999012181585,0.00030083857641226476,False,0.851683784478354,0.0989943117089706,False,True,Tier 3,,
386,Vertiginous syndromes and other disorders of vestibular system,sense organs,7,darkseagreen4,not significant,0.9218539351932336,0.4655996940037099,False,1.1480343397295536,0.0839706282777447,False,0.8306255969262393,0.009608312301095,False,0.7832951254714822,0.000999314136505414,False,20728,277,20451,0.0060094080017417,0.0083330457624151,False,0.1734496738083251,0.2257197006389882,False,0.0050965974007984,0.0095360623031431,False,no joint signal,no joint signal,False,no joint signal,False,0.8104382588570181,0.6417498220534782,1.0234676330996504,0.0775380403150203,False,0.7988581124254022,0.0635863123103158,False,0.980917200401162,0.8096012854530115,1.1884844692464345,0.8440327157611561,False,0.9980693718081683,0.9844469509300848,True,0.7998362017996022,0.6980290608265752,0.9164918563013188,0.0013029587940469,False,0.9306561979911456,0.5290050463890841,False,0.7759304847391602,0.652909626479966,0.9221308627251832,0.0039716306508318,False,0.796515311540305,0.0711697581661052,False,True,Tier 3,,
593.2,Microscopic hematuria,genitourinary,11,black,not significant,1.4226816784316303,0.0018956284861254,False,0.9809352236579107,0.833402891967414,False,0.910714556271741,0.2840717122948841,False,1.053565577184025,0.5221347880097991,False,17725,238,17487,0.0060400354329239,0.0083569448118504,False,0.0104759176184468,0.0185183359600874,False,0.0874973195797539,0.123971581550704,False,no joint signal,no joint signal,False,no joint signal,False,1.4236709987955831,1.1225939779899714,1.8054961567143917,0.0035693347462713,False,1.4295611789211802,0.0028285891934653,False,1.021627280145989,0.8215121336979203,1.2704892073113063,0.8474554866720012,False,1.103004885225534,0.4001669619606279,True,1.001548168507293,0.8316469347922395,1.2061593590685264,0.9869867674864176,False,0.8092815484908386,0.0759467622148702,True,1.0652996926543972,0.8760297566507592,1.295462199261778,0.5262070009731388,False,1.3795961877245762,0.0215443488102921,False,True,Tier 3,,
721,Spondylosis and allied disorders,musculoskeletal,14,darkolivegreen,not significant,0.8905055564150733,0.0497550106248336,False,0.9694622414089616,0.4914167339015442,False,1.0452074649596723,0.2348559621724913,False,0.9736336373232778,0.4988994494860775,False,20522,1000,19522,0.0065551569905768,0.0090495972613273,False,0.027880716906208,0.0450131108653915,False,0.0061099431737893,0.0112798950900727,False,no joint signal,no joint signal,False,no joint signal,False,0.8999659223774708,0.7918499975893654,1.0228435485337295,0.106511553895783,False,0.8963558042547648,0.0948685246860551,False,0.9244485310007162,0.8266360086729311,1.0338348166581228,0.168576570756381,False,0.8860860262859024,0.0384761668967822,False,1.0156006115192262,0.937301361305784,1.1004407383781971,0.7053063809846349,False,1.1610825631261164,0.0156191087985386,False,0.9339480999871492,0.8472505404937862,1.0295172582141343,0.1692129129027141,False,0.7923811694291685,0.0015023359910507,False,True,Tier 3,,
722.6,Degeneration of intervertebral disc,musculoskeletal,14,darkolivegreen,not significant,0.9004009673478023,0.2154459028111453,False,0.9537573028385132,0.4739493559893749,False,0.9669203839934356,0.533780884141487,False,0.902105335358775,0.0705820311972203,False,19989,467,19522,0.006837121759196,0.0094180220259124,False,0.0078722672526035,0.0142592010613196,False,0.0021057917731327,0.0042801761121655,False,no joint signal,no joint signal,False,no joint signal,False,0.8571461698076858,0.7133330161745235,1.0299531071140482,0.0999682849977502,False,0.8545457259030232,0.094234174753819,False,0.8250290616570961,0.6990395203816724,0.9737259950727024,0.0229132947854322,False,0.8044438743157957,0.0104826833279375,False,0.929404143897934,0.829957589557987,1.0407665085088071,0.2048177613841664,False,1.1022814517757946,0.2678564724469279,False,0.8177314352278434,0.7122438543956623,0.9388423586008564,0.0042966094174138,False,0.7258914824152388,0.0013923491840514,False,True,Tier 3,,
687,Symptoms affecting skin,dermatologic,13,firebrick,not significant,0.9456785545922288,0.5017477118761688,False,0.9048920151666046,0.1532365712218368,False,1.2055988871959555,0.0002626563852114142,False,1.1954550051784234,0.0014063668428617,False,20234,443,19791,0.0070091355617024,0.0096337017411945,False,0.6419184698906192,0.6864732222994796,False,0.0027259461630724,0.0053867185408622,False,no joint signal,no joint signal,False,no joint signal,False,1.0851307898224527,0.9103978479035468,1.293400279594524,0.3617492248374526,False,1.0882889632140218,0.3448175020288893,True,1.0400837832927514,0.8828966449109422,1.2252558467675243,0.63826639660385,False,1.0055491217238033,0.9487233967447856,True,1.233455429088123,1.1028702839212536,1.379502483408644,0.00023790152589545828,False,1.1762533947770042,0.0577182516095714,False,1.217846776268264,1.0649620485307605,1.3926794598109702,0.0039823895729743,False,1.0720165389238108,0.5004618020313059,False,True,Tier 3,,
375.1,Dry eyes,sense organs,7,darkseagreen4,not significant,1.1100957026799625,0.3524442334086133,False,1.0843814411856652,0.3430170609089664,False,0.8350878337568475,0.0055691829424075,False,0.7860827066766255,0.0007412119167612687,False,21627,287,21340,0.0087581506727573,0.0120111780654958,False,0.3916496073369181,0.4521542182761089,False,0.0023466503407361,0.0047235800407075,False,no joint signal,no joint signal,False,no joint signal,False,0.9765797707083864,0.7662395428308558,1.2446604426513803,0.8481392739333495,False,0.9577139872284376,0.7314823125613256,True,0.8601313318458315,0.694375565921113,1.0654549847840329,0.1677468854779109,False,0.8648708334308155,0.1929222361717393,True,0.8311712893422817,0.7260276322008331,0.9515418994904176,0.0073669070960873,False,0.9767530154732632,0.8260296432879235,False,0.7321566882331536,0.6182856737806663,0.8669995745602566,0.0003007184191990687,False,0.740917682311702,0.0140785440229033,False,True,Tier 3,,
770,Myalgia and myositis unspecified,symptoms,17,purple,not significant,1.085447970138747,0.1748767811436805,False,1.042428728373039,0.4115990294488428,False,0.9999529437771816,0.9990986638196102,False,0.9104928725733806,0.0302915347662973,False,22384,824,21560,0.0091290049011083,0.0124923224962535,False,0.2087769104606282,0.2634515513193772,False,0.0035420475210824,0.0068747671948847,False,no joint signal,no joint signal,False,no joint signal,False,1.1027226261879153,0.9691769450207478,1.254669951193217,0.1376453373460701,False,1.0950224547520258,0.1691454160671512,False,0.9673576801796794,0.8557772885728093,1.0934864641748374,0.5956060569009876,False,0.9277877992535016,0.2450491980050848,True,1.027700388891633,0.9393119715043172,1.1244060773935949,0.5515142531299311,False,1.2095957477214954,0.0043196530254776,True,0.8960301600251873,0.808221676136591,0.9933785140638522,0.0369593350942923,False,0.776653050680716,0.0009856488477505128,False,True,Tier 3,,
535.2,Atrophic gastritis,digestive,10,chartreuse4,not significant,1.2142956979600412,0.0117384187587894,False,1.0249699697600048,0.702800936074363,False,0.9885474926153768,0.8356470558796106,False,0.908101937928742,0.0864349948674883,False,19365,508,18857,0.0092536526389034,0.0126351843472117,False,0.0181125821195716,0.0305054014645417,False,0.026890431322778,0.0434705418274961,False,no joint signal,no joint signal,False,no joint signal,False,1.248437846264156,1.0604921194684456,1.4696922564270505,0.0076874707838046,False,1.2432870241480705,0.0090913298925046,False,0.9406857280396268,0.803237616769985,1.1016536333243458,0.4480276393397744,False,0.9057121392284656,0.2355158995294001,True,1.0532572318361937,0.93497702412203,1.1865005960514952,0.3932518269122266,False,1.2381612845422354,0.0143955651822481,True,0.8809002008205821,0.7694966495009449,1.0084321540698131,0.0660263994397759,False,0.7752310543015594,0.0107376754958597,False,True,Tier 3,,
687.4,Disturbance of skin sensation,dermatologic,13,firebrick,not significant,0.955207628981992,0.4547631801435765,False,1.0425728482744194,0.4137822891135295,False,0.9656970680810678,0.3964551390779028,False,0.8925256592536547,0.007849041168544,False,20637,846,19791,0.0100816478678821,0.0137356949116996,False,0.1807367095258448,0.2332568908875433,False,0.002739884105677,0.005393336536096,False,no joint signal,no joint signal,False,no joint signal,False,0.9234867969722552,0.8095466620089988,1.0534635051989076,0.236115164642835,False,0.916752300635294,0.1986366898041392,False,0.9445647793823088,0.8341779606425207,1.069559092357626,0.3684245101941473,False,0.920809041615314,0.2021826318221258,True,0.9457688163380826,0.8671236514215374,1.031546830133344,0.2081140431678377,False,1.1052432751145227,0.1312801651242875,False,0.8687141553657189,0.7844356130248076,0.9620474532291644,0.0068701773976823,False,0.7816294343775729,0.0010725382587626,False,True,Tier 3,,
550.6,Incisional hernia,digestive,10,chartreuse4,not significant,1.1323955713197749,0.1682465755878473,False,1.0959755771048825,0.2235576667550902,False,1.1133411430926856,0.1484541646994012,False,1.1131641516814563,0.1451048935325156,False,19990,288,19702,0.010286899887663,0.0139848050760386,False,0.0043864153497624,0.0083576280251962,False,0.0062720621056013,0.0115450346722573,False,no joint signal,no joint signal,False,no joint signal,False,1.2252669247390682,1.0149289072751804,1.479196253154397,0.0345004440187533,False,1.231185511506666,0.0298822803221199,False,1.265344301142743,1.0598172677597002,1.5107285464586753,0.0092578813143527,False,1.278582948663815,0.0092706362720442,False,1.191783558539904,1.0167267794673012,1.3969810563563667,0.0304165352338328,False,1.0466456851746406,0.7088563092555437,False,1.277988229319152,1.0699885767987638,1.5264218232728597,0.006802708184739,False,1.3081429490614696,0.0499816349171809,False,True,Tier 3,,
327.1,Hypersomnia,neurological,6,darkblue,not significant,1.0736280676713277,0.4452603726739002,False,1.2866880646834908,0.0008569772781048728,False,0.9172795242138404,0.2947611751249716,False,0.9086589187107108,0.2244729807885263,False,18511,283,18228,0.0105805206898637,0.0143527063271194,False,0.0030237098810692,0.0058870357746871,False,0.3930787087188346,0.4533846843633139,False,no joint signal,no joint signal,False,no joint signal,False,1.0436492866654674,0.8594803511729162,1.2672818314821548,0.6662529622504696,False,1.0583765609358302,0.5726965238773971,False,1.3240109056864409,1.1132901163825608,1.574616402840895,0.0015066936254174,False,1.3769488379675463,0.0005967145345804511,False,0.9285713371065888,0.7817885392560592,1.1029129806845472,0.3985783162127205,False,0.8676151173099796,0.2532596332436533,False,1.0590174550361149,0.8826960087655705,1.2705596931831444,0.5371556821584406,False,1.2060311509964408,0.1657929200432529,True,True,Tier 3,,
687.1,Rash and other nonspecific skin eruption,dermatologic,13,firebrick,not significant,0.954605533688762,0.428678487148747,False,0.9621603421027948,0.440041910703117,False,1.138959460797091,0.0003745314591880719,False,1.1007738972636998,0.0151771622221962,False,20724,933,19791,0.0107172205675097,0.0145066065816184,False,0.7058628112564782,0.7427628907656701,False,0.0023902473405353,0.0048035888582738,False,no joint signal,no joint signal,False,no joint signal,False,1.0532449961436212,0.9290432436532284,1.1940510083679587,0.417759777537849,False,1.051990534837967,0.4293486028649844,True,1.0533343429393685,0.9337803977774664,1.188195040992844,0.3979255534157096,False,1.0169838589058398,0.7896537422828164,True,1.155916931740384,1.0668262000670234,1.2524476367379809,0.00039902863417847574,False,1.166914656971742,0.0109629673277541,False,1.1286414170585255,1.0245010569386777,1.243367627268464,0.0142846006639358,False,0.9923976868444212,0.9171536906792488,False,True,Tier 3,,
427.9,Palpitations,circulatory system,8,red,not significant,1.176181613926868,0.0173791881988285,False,0.9574173970848898,0.4440204138362517,False,1.0693689449024473,0.1782137326655118,False,1.0163337703503776,0.7435236606627711,False,12791,726,12065,0.0109754421853402,0.0148239738607192,False,0.0052208569220085,0.009739356410563,False,0.0393017830978272,0.0613875160276451,False,no joint signal,no joint signal,False,no joint signal,False,1.2536034470898094,1.087113744723098,1.445590776663154,0.0018783104521351,False,1.2508624552258525,0.002109664304746,False,0.9522235714182408,0.8311269085362913,1.0909642326000049,0.4805419658279747,False,0.9242789868923982,0.2757255084637096,False,1.1385091213560197,1.024041799782548,1.2657715922202597,0.0164220054662685,False,1.2098528563144428,0.0126290104513636,False,0.9917675652709836,0.8810827118287358,1.1163570574231474,0.8910985699713763,False,0.8954285074032318,0.1989489593150101,True,True,Tier 3,,
465.2,Acute pharyngitis,respiratory,9,coral4,not significant,1.1985254809783674,0.0108258288428253,False,1.0426677803209206,0.5358438291687595,False,0.8819143826548111,0.0213565618502457,False,0.8546996900502841,0.0038705030965227,False,21331,524,20807,0.0112890645949106,0.0152146356527521,False,0.1020026571139738,0.1411378214349197,False,0.0374363271957501,0.0587670513339134,False,no joint signal,no joint signal,False,no joint signal,False,1.1509908339189927,0.9911580553433964,1.3365980255354484,0.0652512421883136,False,1.1520577908907474,0.0642491031458809,False,0.9131080769430172,0.7788242121409816,1.070544992285946,0.2626987846452526,False,0.9013074748667796,0.2246406024616766,True,0.9139197398992708,0.8127969354562987,1.0276235730498264,0.132449484151099,False,1.0396907366925618,0.6608996061157981,False,0.8233055746056377,0.7276103225416521,0.9315866586512268,0.002041985673508,False,0.8185600253009985,0.0362956081759289,False,True,Tier 3,,
429.3,Symptoms involving cardiovascular system,circulatory system,8,red,not significant,0.9856633536589732,0.8988356144578313,False,0.9486537543432216,0.551717451918875,False,1.2239409799345096,0.001477600052227,False,1.1253486732963554,0.0987130303344731,False,20538,271,20267,0.0116549987244373,0.0156739638018294,False,0.3784892442301938,0.4393996063249133,False,0.001867655375678,0.0038253537193285,False,no joint signal,no joint signal,False,no joint signal,False,1.1892086489077307,0.9356838752491456,1.5114262926251507,0.1566165797252779,False,1.18710181843148,0.1616623015226572,True,1.0530541034398917,0.851552758183567,1.3022363372259147,0.633327605353758,False,0.9787680395098292,0.8466122368047415,True,1.282667109575068,1.1141806333834163,1.476632122916729,0.0005306903788338899,False,1.407850844447631,0.0016244296263898,False,1.1541786132698484,0.9693508722823908,1.3742477666450537,0.1073179957522973,False,0.869356779660087,0.2935329120324824,False,True,Tier 3,,
382,Otalgia,sense organs,7,darkseagreen4,not significant,1.1462988893433328,0.2403858136841625,False,1.0849015346891375,0.404850304152623,False,0.8203524866201178,0.0174934328942718,False,0.7447452940931797,0.0007749028342343116,False,22316,203,22113,0.0119247368285441,0.0160022274860463,False,0.4399507994320599,0.4949074108454335,False,0.0039821099062273,0.0076574316840859,False,no joint signal,no joint signal,False,no joint signal,False,1.0500947414320358,0.8221362930606749,1.341260537079627,0.6954512060820904,False,1.0478224570032726,0.7108935327190045,False,0.87233279041229,0.6917888113117013,1.099995381228596,0.248325332225268,False,0.8588367667793013,0.2143284765130907,True,0.828754749925841,0.6962309264592759,0.9865037725594592,0.0346170753439464,False,1.0707458421426588,0.6285369120316202,False,0.7019736814180316,0.5778554489465871,0.8527514109313727,0.0003645566119028923,False,0.6698290876113857,0.0063934304720977,False,True,Tier 3,,
536.8,Dyspepsia and other specified disorders of function of stomach,digestive,10,chartreuse4,not significant,1.251649195669792,0.0254599624491597,False,0.9668692888825152,0.7116864852446634,False,0.9791917462067516,0.7457837357141197,False,0.895117026113221,0.1109474065502391,False,19160,303,18857,0.0123632787632853,0.0165551200607082,False,0.0128784249727785,0.0223536500222915,False,0.0261184808513117,0.0423873395350287,False,no joint signal,no joint signal,False,no joint signal,False,1.289064162436524,1.0398901521294377,1.59794417850333,0.0205107535503735,False,1.27966621659287,0.0258031818399583,False,0.8223375758431464,0.6531040318404054,1.0354232337809706,0.0961405808540059,False,0.7843875707293685,0.0444486112082304,False,1.0482550535761597,0.9096783202936306,1.207942008547888,0.5147686608970328,False,1.242936414415526,0.0325082510291239,True,0.8191560931027789,0.690753080543218,0.9714277413568848,0.0218358009135358,False,0.7198778355749508,0.0070092015590764,False,True,Tier 3,,
809,Fracture of unspecified bones,injuries & poisonings,18,gray50,not significant,0.8366594622621846,0.0071517942278852,False,0.9261010115834328,0.1540481702087162,False,1.0858963871743277,0.0451343187118155,False,1.1361179713121108,0.0029979164993538,False,21196,777,20419,0.0126967153364829,0.0169652042183411,False,0.1403751730041276,0.1869671461143557,False,0.1098527913912305,0.1509870965377266,False,no joint signal,no joint signal,False,no joint signal,False,0.8610710193004709,0.7460780927852351,0.9937877917192548,0.0408383217480445,False,0.8706075261211408,0.0566962477825791,False,1.0270269247311112,0.90252874538724,1.1686988470046753,0.685856734266572,False,1.0341397066861908,0.6179570065993334,True,1.042329417639804,0.9537663773147014,1.1391160778137304,0.3601370562120579,False,0.9474197029098947,0.3758312589484742,False,1.1509280934226258,1.036101645954966,1.2784802354102385,0.008759036622797,False,1.1653313908172307,0.0438907918966206,False,True,Tier 3,,
788,Syncope and collapse,symptoms,17,purple,not significant,1.0604685179612034,0.3435168589441734,False,0.91509755007041,0.0807034307726146,False,1.0970034764790548,0.0132035323815878,False,1.1087252225598194,0.0107534656999876,False,22366,875,21491,0.0129591133877303,0.0172788178503071,False,0.0625112182267878,0.0928738099369419,False,0.0189485558915458,0.031784674398722,False,no joint signal,no joint signal,False,no joint signal,False,1.1652932074959008,1.020443462086149,1.3307040614087902,0.023896649276978,False,1.1707555382691153,0.0198228450848929,False,0.9825464259336044,0.8682395055062311,1.1119022723482508,0.7802218166437447,False,0.9677111993128746,0.6143654005844905,False,1.1441265728112686,1.0537156027262922,1.2422949904376472,0.0013471892327353,False,1.0947054969266876,0.14207017285164,False,1.099211212828772,0.99486543871863,1.21450122135585,0.0630545260522359,False,1.0536073726666797,0.4907642850754954,False,True,Tier 3,,
357,Inflammatory and toxic neuropathy,neurological,6,darkblue,not significant,0.9186645086470078,0.2783365754089426,False,0.977645014799235,0.710943112023281,False,1.1867812800410027,0.00046907244077256977,False,1.1487845099523135,0.0085447633087056,False,22044,509,21535,0.0130996683717256,0.0174289830787991,False,0.6081419590702423,0.6531507443370589,False,0.0033114259622084,0.0064371644872836,False,no joint signal,no joint signal,False,no joint signal,False,1.0339882624276684,0.875638896551969,1.2209733156534537,0.693509570786956,False,1.0343540339053825,0.6909082882194351,True,1.112022226572493,0.962383474257498,1.2849279580006363,0.1498733117788607,False,1.0725732249466096,0.3573879488398075,True,1.1981430171135123,1.0764676654263945,1.3335715837681412,0.0009377186552253092,False,1.175959657632011,0.0518028647067389,False,1.2136157171323287,1.0682526407791229,1.378759155508751,0.0029368506670493,False,1.053336332070962,0.600914033799617,False,True,Tier 3,,
228,"Hemangioma and lymphangioma, any site",neoplasms,2,darkcyan,not significant,0.8999400773189603,0.4116072824912339,False,1.1940724722243714,0.0708668798917007,False,0.8131320250230184,0.0055620757708354,False,0.8534535870426402,0.0580661343504377,False,22476,214,22262,0.0132350096371598,0.0175715872629526,False,0.0627175159264041,0.0929589784752402,False,0.0169115458596186,0.0285983864943143,False,no joint signal,no joint signal,False,no joint signal,False,0.7709060171977912,0.5896212641220381,1.0079285187190186,0.057141411784133,False,0.7584391878437653,0.0505892481845006,False,1.1090482663788177,0.8749630747160538,1.405759960278347,0.3921757346027987,False,1.1704621741273402,0.1901879514595071,False,0.781771895679388,0.681498777544401,0.8967988160981332,0.0004394037024072307,False,0.7806906322196704,0.0040511030106046,False,0.8960881246606441,0.7338476644383775,1.094197019448656,0.2816517326708059,False,1.0401443346344323,0.7499988294781224,False,True,Tier 3,,
464,Acute sinusitis,respiratory,9,coral4,not significant,1.031118565656846,0.7090673082997523,False,1.0937093932373734,0.1834234762963487,False,0.8382455803449244,0.0025533915366421,False,0.8217159559136201,0.0008298103930889915,False,21252,445,20807,0.0135728978672665,0.0179819283846588,False,0.6969724432628343,0.7352676324530999,False,0.0045585677208101,0.0085937953407418,False,no joint signal,no joint signal,False,no joint signal,False,0.9410464095904136,0.7926578795840173,1.1172138293354887,0.4876748365975727,False,0.9359276575652246,0.4533403606625996,True,0.9521449185598988,0.812116845361572,1.116317129877792,0.5457071102467517,False,0.9711854236267132,0.727829609495267,True,0.8279881841030668,0.7362689931404728,0.931133104071239,0.0016262817159237,False,0.9258355381324695,0.4090611997955929,False,0.8039098019130959,0.7029422608945157,0.9193798773594196,0.0014352307923958,False,0.8473049627357138,0.1012077441330003,False,True,Tier 3,,
389.1,Sensorineural hearing loss,sense organs,7,darkseagreen4,not significant,1.0276353565583078,0.7603224542866234,False,1.0524216700937858,0.4287219073783389,False,0.888758995017407,0.018930831765555,False,0.8420905344426912,0.0019992366861459,False,21841,481,21360,0.0142814968772618,0.0188806229902784,False,0.2513738175819384,0.3088468277014162,False,0.0027369209001547,0.005393336536096,False,no joint signal,no joint signal,False,no joint signal,False,0.9311347287311578,0.7675551364389746,1.129576028989521,0.4691491200434172,False,0.9194010849435418,0.4007358338551704,True,0.8897482290635064,0.7563165857448382,1.04672028359924,0.1587907077373698,False,0.8880580444648397,0.1594098320001818,True,0.8755378353035637,0.7884365859925069,0.9722614534472344,0.0129141537634048,False,0.9992551400990326,0.9927935888115904,False,0.7934770212681118,0.6927861053164864,0.908802556010981,0.0008344359737517297,False,0.7803729023623399,0.0119505132042051,False,True,Tier 3,,
535,Gastritis and duodenitis,digestive,10,chartreuse4,not significant,1.0658908115834602,0.1902231478760467,False,1.0094926911238795,0.8158651893939091,False,1.0377414162786291,0.255726045493495,False,0.9697235693512354,0.3670095742385115,False,20257,1400,18857,0.0146380240466605,0.0193110507507742,False,0.1090589084316266,0.1500612102785777,False,0.0047752984128252,0.0089752596674787,False,no joint signal,no joint signal,False,no joint signal,False,1.1072776369238,0.9983772166178154,1.2280566351314277,0.0537039172348637,False,1.1029983713345994,0.0641483252178445,False,0.982597677420246,0.8911532166689569,1.0834255856479975,0.7246567618467246,False,0.9476637137760918,0.2963646269675847,True,1.0669756310037397,0.9946296723686482,1.1445837870940567,0.0703501421382107,False,1.1835284283016527,0.0012982637580024,False,0.9615545815882152,0.886138126183316,1.0433894965738306,0.3468374809564764,False,0.8491892388071041,0.0074568237790642,False,True,Tier 3,,
172.2,Other non-epithelial cancer of skin,neoplasms,2,darkcyan,not significant,0.8363299838106288,0.0269329672907686,False,1.0581106212743083,0.3235911366661119,False,1.0146004186437294,0.7476589860043059,False,1.0542436040221306,0.269630945038412,False,21976,617,21359,0.0149111796207511,0.0196299073488369,False,0.0051139458914186,0.0095541983121115,False,0.0687640648244944,0.1007248273485551,False,no joint signal,no joint signal,False,no joint signal,False,0.8101965855674268,0.6781491128396557,0.96795600677918,0.0204080341215301,False,0.8187878829830159,0.0273782342609739,False,1.1684695108954557,1.0142845633169413,1.3460926521718477,0.0310517625629094,False,1.1892238095122762,0.0181993665422619,False,0.9625950575121686,0.8742757081557985,1.0598364292900313,0.4375115965437776,False,0.8886067916687187,0.0565238855100052,True,1.144054709887924,1.0147919776281145,1.2897827417555658,0.0278067312292289,False,1.214592031355545,0.0194830824319717,False,True,Tier 3,,
740.11,"Osteoarthrosis, localized, primary",musculoskeletal,14,darkolivegreen,not significant,1.1951751574333949,0.001856665745985,False,1.0045883242297098,0.9151536547726242,False,1.003661192709585,0.9291854242237976,False,0.9812298799502466,0.6493955083011149,False,21175,970,20205,0.0153550094571891,0.0201716334763916,False,0.0029417313203776,0.0057626528855733,False,0.2599040279790237,0.3176887628969849,False,no joint signal,no joint signal,False,no joint signal,False,1.2363916790183096,1.0952068852253076,1.3957768204052474,0.0006036192616881491,False,1.236185918245772,0.0006143393747678968,False,0.9899970766508844,0.8928724166675989,1.0976867394282708,0.8486640622674344,False,0.9830719972209958,0.7572192360804483,True,1.0659153265044383,0.9758176417461082,1.1643317712969552,0.1565757170524681,False,1.1134535791716689,0.1136809892296951,False,0.9757413201716888,0.8829347654776388,1.078302906529398,0.6301025223356355,False,0.9372908817049967,0.4051293228482852,False,True,Tier 3,,
279.7,Other immunological findings,endocrine/metabolic,3,brown,not significant,0.8026775850977353,0.051343266189005,False,1.1327498905889728,0.156304329581752,False,1.1709554880601594,0.0154408804515722,False,1.1035896513493506,0.1748579733435035,False,21862,269,21593,0.0164246813762972,0.0215315150815325,False,0.0487364156864482,0.0745380475204502,False,0.0736838781176399,0.1065555966289857,False,no joint signal,no joint signal,False,no joint signal,False,0.8801885222362492,0.6901887255140284,1.1224927415315848,0.3036614224671963,False,0.8732983746756352,0.2805761348210976,False,1.318159322150539,1.0775236898422682,1.6125343831899568,0.0072319424073405,False,1.2675382198591902,0.0244628903312381,False,1.1316261290608411,0.9809687399249252,1.3054215122810413,0.0898162689837134,False,1.1346110615564895,0.2437081242718437,False,1.256913700007601,1.0587609110738516,1.4921518472611983,0.0089938744636438,False,1.076614211747024,0.5740415372343877,False,True,Tier 3,,
596.5,Functional disorders of bladder,genitourinary,11,black,not significant,1.0707485240592145,0.429122054695091,False,0.9474824880861458,0.455481550955255,False,1.0808399240462427,0.17293114894404,False,0.9771306306164624,0.7047450836849549,False,19966,388,19578,0.0169911092526407,0.0222273630474796,False,0.061510124438005,0.0917140206674197,False,0.004871756055802,0.0091427842972043,False,no joint signal,no joint signal,False,no joint signal,False,1.1515987317628849,0.9580576514357072,1.3842378243214533,0.1326968842926226,False,1.1504504136622704,0.1352830688242721,False,0.89577731272507,0.7497484561810438,1.070248277775961,0.2254263346654638,False,0.8417055743356106,0.0643992180304054,False,1.125614803711131,0.9938055551019532,1.2749060214336063,0.0625780942126275,False,1.3519740670570768,0.0013524641105132,False,0.9245508767174744,0.7970334421727135,1.0724698342755616,0.3002039405529291,False,0.7288072939934634,0.0044735332724074,False,True,Tier 3,,
614.3,Pelvic inflammatory disease (PID),genitourinary,11,black,not significant,0.7460185464939827,0.0042461723536634,False,0.8881691430040891,0.2012633220752877,False,1.0960965209870206,0.1773437505231322,False,1.188489939453772,0.0133855635114951,False,12044,314,11730,0.0171330783160076,0.0223661942870058,False,0.0616878262411803,0.0918692209415192,False,0.1999355131975349,0.2530623939863323,False,no joint signal,no joint signal,False,no joint signal,False,0.7506954491784271,0.6014232357526531,0.9370167694168848,0.0112421911165508,False,0.769263127191418,0.0212310765736126,False,1.0190403262459835,0.8199391898909112,1.2664880509659266,0.8649673379748938,False,1.0537733467691175,0.6435685998189233,True,1.0098126956383662,0.8716217907899537,1.169913018521768,0.8965266906769639,False,0.8801591078688779,0.2144721604163667,False,1.1986408467227616,1.0129194086517537,1.4184147990062033,0.0349092470565287,False,1.2459413848714809,0.0709718032774784,False,True,Tier 3,,
720,Spinal stenosis,musculoskeletal,14,darkolivegreen,not significant,0.844193669315987,0.014717090539731,False,1.0362547564533602,0.4851818725195491,False,1.056817855174461,0.2236731153659033,False,0.9685951847765236,0.5070955927589231,False,20218,696,19522,0.0173143703206106,0.0225190470019118,False,0.0938027565362474,0.1313870259901648,False,0.0828556532075388,0.1184465695338012,False,no joint signal,no joint signal,False,no joint signal,False,0.8494366422978588,0.7309747002269505,0.9870965562203976,0.0332175978836936,False,0.8485460466246099,0.0329277888299518,False,1.024159118656194,0.9043237113683408,1.1598743758908288,0.7069246178658873,False,0.977241226621978,0.7239292911624372,False,1.0095188985032892,0.9156502341440516,1.1130105890137991,0.849104648270788,False,1.1546365022203462,0.058251550945485,False,0.9815602308895602,0.87316371914628,1.1034133298689657,0.7552462694688489,False,0.8242777741514339,0.0298293502878733,False,True,Tier 3,,
327.4,Insomnia,neurological,6,darkblue,not significant,0.8825653812079017,0.0173230879207395,False,0.9834679628929808,0.693552559660106,False,1.1041755200688803,0.0013652154701283,False,1.0676700084714728,0.048953527620507,False,19581,1353,18228,0.0173223438476244,0.0225190470019118,False,0.4661609982970952,0.5203657655409435,False,0.0434254821323464,0.0669901133512587,False,no joint signal,no joint signal,False,no joint signal,False,0.9376753044999384,0.8367985217658509,1.0507128703019817,0.2678098142876233,False,0.9350040884244304,0.2489396836063647,False,1.054280922026994,0.9507282706295838,1.1691124550383196,0.3163019090737,False,1.0249027639255592,0.6482893295018497,True,1.0851435349465304,1.0140512308149363,1.161219922281374,0.0180995623872467,False,1.1063452647238452,0.045824727164256,False,1.0951600662741547,1.0088616356898743,1.188840499362889,0.0299582755832586,False,0.9807727208323334,0.7510849143100704,False,True,Tier 3,,
721.1,Spondylosis without myelopathy,musculoskeletal,14,darkolivegreen,not significant,0.9121002506582369,0.1308437265842693,False,0.9599989326272548,0.3796001719596443,False,1.044074897227238,0.2608928264573592,False,0.9778511155005212,0.5818101900992201,False,20462,940,19522,0.0178478957731026,0.0231540269488899,False,0.0455368391227662,0.0701604632410028,False,0.0100684562954717,0.0178486270692453,False,no joint signal,no joint signal,False,no joint signal,False,0.9259200663830216,0.8116154683186048,1.0563228558307731,0.2522511331180365,False,0.9225953936433762,0.2318183876442673,False,0.9142880955991436,0.8146346356629275,1.0261320660323474,0.128044803291696,False,0.8775969397002814,0.030559405065568,False,1.0223744183685524,0.9410433852026492,1.1107346034947645,0.6008383351310997,False,1.1618159107278072,0.0185747136344937,False,0.9324849217161272,0.8434252052111638,1.030948712293028,0.1723003685998185,False,0.7964534585466,0.0026325650330507,False,True,Tier 3,,
217,Vascular hamartomas and non-neoplastic nevi,neoplasms,2,darkcyan,not significant,0.986830009606162,0.9191111440951248,False,1.0903649804547768,0.3980083130410745,False,0.7916088323534486,0.0010686840796111,False,0.844036909862659,0.0435127525852816,False,21665,206,21459,0.0195690989335,0.025334269158722,False,0.3452651005523167,0.407269230141107,False,0.0042191561136256,0.0080512336847169,False,no joint signal,no joint signal,False,no joint signal,False,0.8184194134662621,0.6179415038347587,1.0839380947578685,0.1621914974181998,False,0.8085671059549288,0.151902971042871,False,0.927094543355794,0.7111864753533672,1.2085498277973108,0.5757340360665002,False,0.9764919186958304,0.8614880204603319,True,0.7672631762858723,0.6688971890041856,0.8800945666413943,0.00015396028093338032,False,0.7785966224464489,0.0027019867881902,False,0.8126685721430986,0.6578611886659511,1.0039051087484905,0.0543775528013533,False,0.9539016538393188,0.7172596302027776,False,True,Tier 3,,
598,Abnormal findings on examination of urine,genitourinary,11,black,not significant,1.0121994641658842,0.8956238350554324,False,0.9080498462864728,0.190553610211014,False,1.1723066141082168,0.0032694479633664,False,1.114511914258328,0.0722998655878086,False,22438,389,22049,0.0203126122668445,0.0262423810652401,False,0.2253015193689597,0.2821014866901885,False,0.0075608590453829,0.013715046640462,False,no joint signal,no joint signal,False,no joint signal,False,1.1612217109827734,0.9557289639913316,1.410897767947095,0.132513098521002,False,1.1606745488234875,0.1340119892047473,False,0.9703896633927888,0.813524533548869,1.1575017838881243,0.7382925135755254,False,0.9196343704577168,0.364498566108383,False,1.2198677048596336,1.083738976299068,1.3730955976514223,0.0009947472774344357,False,1.2823531133272683,0.0051006456055554,False,1.0982832315774136,0.9489248248281806,1.2711502799840178,0.208747322060541,False,0.9028680750848418,0.3510362187677137,False,True,Tier 3,,
211,Benign neoplasm of other parts of digestive system,neoplasms,2,darkcyan,not significant,0.98036002733245,0.8421836834693267,False,1.1923219007717394,0.0213986211489387,False,1.102993137697059,0.1259837760425858,False,1.034818184062038,0.6093598398083704,False,19474,327,19147,0.0205335735648036,0.0264730369926393,False,0.0146560740052395,0.025228662563502,False,0.0461187846829849,0.0709694738401544,False,no joint signal,no joint signal,False,no joint signal,False,1.052604059496481,0.8515732344126922,1.301092215319112,0.6354202824731829,False,1.0497585908525977,0.653898568606724,True,1.3558497917873054,1.1309472606573874,1.625476909348639,0.0010028153508624,False,1.3250734479988004,0.0033601618974267,False,1.1189484412464097,0.9736504824254086,1.2859292289866335,0.1132641279940601,False,1.1134436154784415,0.3089425820695485,False,1.2135296219031957,1.0316486321005622,1.4274764657400936,0.0194880418007329,False,1.116323566899776,0.3740582443973794,False,True,Tier 3,,
740.1,Osteoarthritis; localized,musculoskeletal,14,darkolivegreen,not significant,1.1801224378192354,0.0023640099705523,False,1.000020468241284,0.9996014942387512,False,1.0048228595048372,0.9014941157825204,False,0.9895552163816118,0.7901197827673483,False,21284,1079,20205,0.0210435943623288,0.027074645117718,False,0.0036250069760734,0.0069986973806528,False,0.3106517921554532,0.3713538664846797,False,no joint signal,no joint signal,False,no joint signal,False,1.2199396809640344,1.086822033099199,1.3693620297213742,0.0007455229023139774,False,1.2196426738966162,0.0007619129050581522,False,0.9905359826974008,0.8974461022009538,1.093281847914925,0.8502161937160161,False,0.9863624343876574,0.7945073537361026,True,1.0633099772193484,0.9780307968981372,1.1560250569205412,0.1501026678718834,False,1.0946010366690695,0.1594891416083557,False,0.9843239840507204,0.8952281801631398,1.0822868705952922,0.7441208177111083,False,0.9568944480520328,0.5502750295618573,False,True,Tier 3,,
386.2,Peripheral or central vertigo,sense organs,7,darkseagreen4,not significant,0.8432351062726723,0.1634515362683846,False,1.0252947515730433,0.7780604549786976,False,0.8656421334032579,0.0794428499435117,False,0.8441631276785513,0.0408607472795193,False,20684,233,20451,0.021297256958579,0.0273446262184225,False,0.028736043844673,0.0461551901134517,False,0.0094925516980517,0.0169238635988122,False,no joint signal,no joint signal,False,no joint signal,False,0.7313779848313317,0.5603597600035612,0.9545898811373252,0.0213384403875728,False,0.7204117314566449,0.017921121964682,False,0.8726935165477645,0.697667805906823,1.091628375820767,0.2331367734975509,False,0.8742714860235355,0.2479592684103905,True,0.803862348295686,0.6846358593226032,0.9438516347169092,0.0076885845683054,False,0.9118828386789484,0.4677987884440196,False,0.7835682757908989,0.6393297346692423,0.9603483297137196,0.0187856829737568,False,0.7841598896327355,0.0939442454161756,False,True,Tier 3,,
293,Symptoms involving head and neck,mental disorders,5,magenta,not significant,1.0489362969524754,0.4964386928452121,False,1.036573796766174,0.583431953284274,False,0.9457972211211024,0.2390693119575571,False,0.867558375351786,0.0064493608382271,False,21989,584,21405,0.0217438818457838,0.0278607438845362,False,0.250253063196555,0.3080058125726481,False,0.0044274060338171,0.0084100498176617,False,no joint signal,no joint signal,False,no joint signal,False,1.0174236545682285,0.8748377454605591,1.1832490061685823,0.8225832252953531,False,0.9987651911091951,0.9874432145661084,False,0.8885975854535868,0.7532819395469319,1.0482206295147072,0.1611401090074898,False,0.8679688673618698,0.0991167412208039,True,0.9500930538947742,0.8586206070393101,1.0513104433536746,0.3215922173612253,False,1.1079056767292876,0.1782320073531706,False,0.8208734463206404,0.7228783689737738,0.9321529648631278,0.0023411195727609,False,0.7515140414155514,0.0015744627330175,False,True,Tier 3,,
916,Contusion,injuries & poisonings,18,gray50,not significant,0.986676040527504,0.8379610851988881,False,0.9421985897889638,0.2776792976528477,False,1.1136601215205768,0.0128554871071818,False,1.0380247876448443,0.4187355888245072,False,22352,706,21646,0.0223191746246667,0.0285392724708853,False,0.2359300456743354,0.2926845894647819,False,0.0060302473160562,0.0111657991846264,False,no joint signal,no joint signal,False,no joint signal,False,1.0661645988187118,0.9272800552979622,1.225850750568562,0.3682735806312842,False,1.064353905604171,0.3810883010240276,True,0.950089983541145,0.8324653746028337,1.0843345613694435,0.4476983074108766,False,0.9035477540358356,0.1427005378328766,False,1.1344218648768676,1.032514596759122,1.2463871906025337,0.0086335398789342,False,1.2553415065745634,0.0013484628948864,False,1.0121160757376673,0.905499289230576,1.131286311264865,0.8320635221842712,False,0.8379347607420788,0.0345053816360043,False,True,Tier 3,,
244.4,Hypothyroidism NOS,endocrine/metabolic,3,brown,not significant,0.9966198427596898,0.9358080530376088,False,1.0050793401281792,0.8728513549574555,False,1.0750619775535777,0.0055646103299205,False,1.0647524929792196,0.0242698125698216,False,21062,2194,18868,0.0238061668088296,0.0303243447924043,False,0.1683508549217725,0.2200019549134787,False,0.0036571908783416,0.007043478728658,False,no joint signal,no joint signal,False,no joint signal,False,1.0552657912315566,0.9644863551956386,1.1545895741756569,0.241162945962779,False,1.0563386560899457,0.2329800490243463,True,1.073431642993266,0.9948128829944926,1.1582635406879844,0.0678572924323195,False,1.060941597838402,0.1402558107941934,False,1.0905085012428448,1.0305069131581177,1.1540037006044297,0.0026936155927831,False,1.0637320166521629,0.1420361420659799,False,1.1045874280397276,1.0325924188967093,1.1816021150795113,0.003820316363783,False,1.0586366047967313,0.2628473349100182,False,True,Tier 3,,
379.2,Disorders of vitreous body,sense organs,7,darkseagreen4,not significant,1.224676533409679,0.0229705644828953,False,1.0065206586172402,0.9243769151273534,False,0.8474561607046178,0.0026651204885101,False,0.8872246650173975,0.0446158441972611,False,21761,421,21340,0.0238123861350611,0.0303243447924043,False,0.2904177621863825,0.3505235659657693,False,0.0466680039440767,0.0717261932539504,False,no joint signal,no joint signal,False,no joint signal,False,1.120241487974419,0.923975274571722,1.3581975902556769,0.2479347463377398,False,1.1180871720340244,0.2582222265873678,False,0.8716411128620767,0.7304382511290023,1.0401402561504942,0.1276306478544865,False,0.9071877757680566,0.2935000449865407,True,0.8692956433551593,0.7711357217513386,0.9799506030404544,0.021948451268148,False,0.8748668458084703,0.1000782055555584,False,0.8238450248744664,0.709117670336346,0.9571339897488128,0.0113227227882459,False,0.952107517512538,0.6365064968769729,False,True,Tier 3,,
615,Endometriosis,genitourinary,11,black,not significant,0.9465711729020696,0.5845493643994135,False,0.9577732149551448,0.6320930387111778,False,0.810930291552523,0.008911603763812,False,0.906767969787899,0.1761122614565258,False,12049,319,11730,0.0241576922488674,0.0307014255871553,False,0.1855675856982376,0.2380147450682431,False,0.0045562349967728,0.0085937953407418,False,no joint signal,no joint signal,False,no joint signal,False,0.8266673957032742,0.6648670821025406,1.0278430103017764,0.0867403017100819,False,0.8382039342605326,0.1143586043817217,False,0.8427163175922542,0.6757911345158154,1.050873199816487,0.1286656566163805,False,0.9146745550083436,0.440324402241922,False,0.7686940158779821,0.6506267950856074,0.9081865279908614,0.0019889076223746,False,0.7531660291725852,0.0144495697047338,False,0.8393228473446941,0.7068467568248646,0.99662739522104,0.0456614839923334,False,1.0090005309752643,0.9416371646241558,False,True,Tier 3,,
170.2,Cancer of connective tissue,neoplasms,2,darkcyan,not significant,0.8747950056455198,0.1810728942305711,False,0.7966163851763508,0.0058704069943006,False,1.1523542045316026,0.0094195634372335,False,1.155679885512181,0.0144942335868589,False,22558,373,22185,0.0299624396068628,0.0380011429160211,False,0.1601864793696849,0.2111010836888772,False,0.3042755841696761,0.3651307010036113,False,no joint signal,no joint signal,False,no joint signal,False,0.9805741930118572,0.7885647730254278,1.2193364209154822,0.8599551971691701,False,0.9954518963343444,0.9671944913391456,False,0.8437309100437201,0.6867989005069242,1.0365215320492889,0.1055906329186195,False,0.8169274785343169,0.0592499522685574,False,1.1462051123156816,1.0141901528758357,1.2954041762022972,0.028840998300079,False,1.1350631492864844,0.1681234016455416,False,1.0686978655445327,0.9205963344539112,1.2406253262967115,0.3826905864231148,False,0.9477116247745776,0.6315560159516009,False,True,Tier 3,,
726,Peripheral enthesopathies and allied syndromes,musculoskeletal,14,darkolivegreen,not significant,1.1319266928240834,0.0527484284237971,False,1.0544252211804643,0.3044903378798137,False,0.8674638475629598,0.0015825393194348,False,0.8918795199490435,0.0120983124949712,False,19791,762,19029,0.0301894344003196,0.0381892561361667,False,0.7142259820197141,0.7496669685118614,False,0.0411178018960301,0.0639041304685499,False,no joint signal,no joint signal,False,no joint signal,False,1.059905455453387,0.9257654848275428,1.2134818082023502,0.3993921382210282,False,1.0583321258498426,0.4131652413223244,False,0.9648175635329532,0.8507576221994335,1.094169369291234,0.5768682811270746,False,0.9941811328588844,0.9300243122469132,True,0.8792118659237175,0.7995760428768375,0.9667792226487903,0.0078745762773561,False,0.8941582863882802,0.0972703648870512,False,0.8759072809945605,0.7852076243896016,0.977083692349134,0.0175188158344956,False,0.9733222661967662,0.7301043062858747,False,True,Tier 3,,
172,Skin cancer,neoplasms,2,darkcyan,not significant,0.8765899967441876,0.0626580645956973,False,1.0455905526619482,0.381721121294458,False,1.0051009266889543,0.8999157943013815,False,1.0461256838120236,0.2922980923284458,False,22146,787,21359,0.0302331611077986,0.0381892561361667,False,0.0136269823343113,0.0236201027128062,False,0.0587043263917891,0.0881624540757554,False,no joint signal,no joint signal,False,no joint signal,False,0.8524309435777456,0.7298787265998868,0.9955606145062816,0.0437845885239824,False,0.8605592126432953,0.0573143943306226,False,1.1336446685186965,0.999595026557392,1.2856708970300967,0.0507419876656548,False,1.1561344850082942,0.0266033556660614,False,0.9654638838434336,0.8853329954514386,1.0528473645453047,0.4265908057781324,False,0.892252001322313,0.0448863823766961,True,1.1171136590604351,1.00387610525181,1.2431244460653466,0.0422644522647519,False,1.1957243546968368,0.0171571558181417,False,True,Tier 3,,
180,Cervical cancer and dysplasia,neoplasms,2,darkcyan,not significant,0.8484670780932817,0.196815186610467,False,0.8991891385698529,0.3152222841596653,False,1.251973396866291,0.0014852104944316,False,1.269889706663085,0.0028712817358976,False,10442,214,10228,0.030513547280482,0.0384655626323652,False,0.8671826898122305,0.8841862719654113,False,0.0149537017701735,0.0256318538204353,False,no joint signal,no joint signal,False,no joint signal,False,1.0027338699693005,0.7658580003405245,1.3128742058404346,0.9841582183440646,False,1.0145987878467666,0.9165349015093932,True,1.1079389510171394,0.8697100923039731,1.4114228753274312,0.4066348921163642,False,1.0689818541457885,0.6019043505985462,True,1.252871934125089,1.0722711136260998,1.4638910471159905,0.0045315446914422,False,1.1393771006900848,0.2651230323436989,False,1.329648076066784,1.098410827329598,1.609565348592099,0.0034677558883826,False,1.1779632691791846,0.2648521424982711,False,True,Tier 3,,
722.1,Displacement of intervertebral disc,musculoskeletal,14,darkolivegreen,not significant,0.8725301431251171,0.1817650998623457,False,1.0679279183597843,0.4302263606972297,False,0.9575501749717976,0.5487346195568057,False,0.8553041531974263,0.0387519099073885,False,19801,279,19522,0.0309028206059201,0.0388777420526092,False,0.1159245660062643,0.1586336166401512,False,0.0193779300213421,0.0323743730477041,False,no joint signal,no joint signal,False,no joint signal,False,0.8238926473581205,0.6609353308229975,1.027028005184003,0.0849275439944298,False,0.8116814009415217,0.0689355562697529,False,0.9407836294233318,0.7636991346681066,1.1589299990179749,0.5661664629495184,False,0.8993743698986137,0.3291280874368199,True,0.9081439023709962,0.7830018433875426,1.0532865974434595,0.2027731092399496,False,1.1313423275619106,0.2986056734653119,False,0.8281507808651722,0.6884381274519772,0.9962169271274648,0.0454819742966543,False,0.7037847576472249,0.0096214768023898,False,True,Tier 3,,
704,Diseases of hair and hair follicles,dermatologic,13,firebrick,not significant,1.1633244927760715,0.0709253705303138,False,1.149823202932181,0.0606468717159037,False,0.8367009778961702,0.0028206891801145,False,0.8356487039366959,0.0046390432007826,False,22368,394,21974,0.0315659060403349,0.0396320429963159,False,0.6941586885794058,0.7335394101160867,False,0.0895074796722081,0.12622071709708,False,no joint signal,no joint signal,False,no joint signal,False,1.0711287008129522,0.8958872397692786,1.2806485490302508,0.4509499188229181,False,1.0603318328499949,0.5258985328345219,False,1.024241938343409,0.8536615238706605,1.2289080846759703,0.7966362955140001,False,1.0561044570511715,0.5688593242746688,False,0.8503132624370346,0.7490040820663855,0.9653253721683052,0.0122386549150995,False,0.8909858957531276,0.206595747357198,False,0.8451858529364296,0.7264146998250157,0.9833764737634788,0.0294862794344855,False,0.9428409739552628,0.5818435176035102,False,True,Tier 3,,
054,Herpes simplex,infectious diseases,1,blue,not significant,0.7857170120649497,0.0282765171387534,False,0.910633592672847,0.3145776408032875,False,1.2034544259643487,0.0052753588868455,False,1.2279416040520623,0.0040519249193869,False,20318,277,20041,0.0318229939412309,0.0398745948179279,False,0.4416700332114515,0.4961333946425666,False,0.071381812934058,0.1037809891716169,False,no joint signal,no joint signal,False,no joint signal,False,0.8719026352143402,0.6886217794049846,1.1039648004606926,0.2549163325710829,False,0.8797971046451968,0.2867031001891527,False,1.1052251107906763,0.8863943211313653,1.378080292711206,0.3741458156066573,False,1.0855780363336551,0.4756799161304049,True,1.1574282918221377,1.0004396431920022,1.3390515458144534,0.0493131309054419,False,1.0465596196793323,0.6639983592221657,False,1.2882667435841213,1.080734054524492,1.5356518059894493,0.0047093832491883,False,1.1919575206461717,0.1754046925983524,False,True,Tier 3,,
628,Ovarian cyst,genitourinary,11,black,not significant,0.9509520451455398,0.439582558082395,False,1.0564516664721928,0.3300261973346813,False,0.8934612172496724,0.0142412778034878,False,0.9076371634639414,0.0270221142328665,False,11072,902,10170,0.0367771946934555,0.0459899188150626,False,0.1580379592145456,0.2087104477246062,False,0.0156387022358846,0.0266263306826521,False,no joint signal,no joint signal,False,no joint signal,False,0.8775416389422899,0.7636194354631389,1.0084595707159592,0.0655880476237463,False,0.8723847967796163,0.0561464107279283,False,0.9802401986436976,0.8576008837528912,1.1204172771280638,0.7697840006568577,False,1.014735051535434,0.8352212841614828,True,0.8644204408934163,0.7852279035666084,0.9515997778993645,0.0029593193321128,False,0.8917083111095919,0.0989331793488746,False,0.9001088153354607,0.8125743505567894,0.9970729187913044,0.0437872624488151,False,0.9606089885676016,0.5922973140614054,False,True,Tier 3,,
519.9,Symptoms involving respiratory system and other chest symptoms,respiratory,9,coral4,not significant,0.8013292651869571,0.0640713147584851,False,0.8346838476063599,0.0670273910760671,False,1.2165097478116371,0.0020135228521229,False,1.229542487275391,0.0037827363148351,False,22077,254,21823,0.0373959867162309,0.0466701914218562,False,0.8522855940373909,0.8718462470152982,False,0.1020852160910503,0.1411378214349197,False,no joint signal,no joint signal,False,no joint signal,False,0.9356845744036454,0.7211225848186692,1.214087093107869,0.6169193884564482,False,0.9446176411502638,0.6678447267924459,False,0.9877879833440536,0.7770766441576358,1.2556356021954758,0.9200480108668176,False,0.957666915046731,0.7283198180247071,False,1.1944824577195092,1.03508358388362,1.3784281424369111,0.0150233136202828,False,1.1288158229300909,0.2586675376274001,False,1.222566163810809,1.0226057042813388,1.4616269189946405,0.0274344406883621,False,1.070667468552965,0.6124838954536993,False,True,Tier 3,,
714.1,Rheumatoid arthritis,musculoskeletal,14,darkolivegreen,not significant,1.2329028677354938,0.0380151878724115,False,1.140618448993728,0.094014981280015,False,0.8982434937007071,0.1182366677400494,False,0.819973861414927,0.006793951565583,False,21811,288,21523,0.0413752623187725,0.0515332608521239,False,0.3345042808509739,0.3960733799829368,False,0.149526773260324,0.1983096844090163,False,no joint signal,no joint signal,False,no joint signal,False,1.1903671255029633,0.9597821603532856,1.4763494801326738,0.1126718845267262,False,1.1798337535170895,0.1349079433444353,False,1.0089902538313211,0.8323460946430093,1.2231226155548165,0.927375961425972,False,0.9931040335442568,0.945851192216403,False,0.9382080020214658,0.8081865172836505,1.0891474136633903,0.402024197324417,False,1.1118297311032788,0.3460153083999972,False,0.8238030947282227,0.6913071349087168,0.9816932367888972,0.0302740665537237,False,0.7811059923568108,0.0583379637228575,False,True,none,,
241,Nontoxic nodular goiter,endocrine/metabolic,3,brown,not significant,0.922208170698357,0.337802341037603,False,1.039008738396562,0.5397037275263281,False,0.9239798319603978,0.130542988154247,False,0.8812276260528509,0.019494863614619,False,19394,526,18868,0.0415121146108038,0.0516007161696047,False,0.11481111667596,0.1574552457270309,False,0.014943585054406,0.0256318538204353,False,no joint signal,no joint signal,False,no joint signal,False,0.8529541795690885,0.7108750832786604,1.0234299239873446,0.0871100801218364,False,0.8462433378050398,0.0750963302431941,False,0.9288423983818732,0.7968881678191264,1.082646519138194,0.3450597530858212,False,0.9239078304281516,0.3206584111147931,True,0.8903575080303908,0.7990386860078297,0.9921127800041456,0.0354322643363262,False,1.0055319479874207,0.9462492147761292,False,0.8494361877006493,0.7456821810256667,0.9676264973677532,0.0140852444446774,False,0.8163888168628167,0.0325690876177873,False,True,none,,
705.8,Hyperhidrosis,dermatologic,13,firebrick,not significant,0.7790602494584784,0.0379457979551014,False,0.7869591688405535,0.0252458473618689,False,1.005251597337432,0.946557067496724,False,1.0933615773339578,0.2671530508973497,False,21856,214,21642,0.0416291361876571,0.0516433021493002,False,0.0225443795534586,0.0368746863469415,False,0.3736841690502177,0.4342251796784653,False,no joint signal,no joint signal,False,no joint signal,False,0.7436617239140426,0.574575636915121,0.9625064553450642,0.0244285382596921,False,0.769337076328848,0.0420416494276322,False,0.7640935714676453,0.5858101107980266,0.9966352153991336,0.0471637187918081,False,0.7895176487807263,0.077631768823857,False,0.9319764682641551,0.7976326913500301,1.088947515338189,0.37506116499281,False,0.8923414042309533,0.2432617200049467,True,0.9645998516574046,0.7914926238331902,1.175567334173392,0.720982622501475,False,1.0060902008673358,0.962826949040295,True,True,none,,
173,Neoplasm of uncertain behavior of skin,neoplasms,2,darkcyan,not significant,1.021829661621224,0.795558296830684,False,1.086707706245813,0.1918243256184987,False,0.8578913593808364,0.0031613742032906,False,0.8954758145504408,0.0410836527937312,False,21860,501,21359,0.0433556236806431,0.0536783912236534,False,0.5293150519447012,0.5815010429815027,False,0.0170543803270697,0.0288009020949702,False,no joint signal,no joint signal,False,no joint signal,False,0.9119302607930412,0.7616552565367087,1.0918546066779278,0.3156389545951086,False,0.9119923737846952,0.3197009861430838,True,1.004079989219609,0.85586909424984,1.177956572476666,0.9601479024232048,False,1.043068043814028,0.6114844190160789,False,0.8408341935549102,0.7559464968877679,0.9352542064310958,0.0014094299699983,False,0.8370329719772824,0.0111562842803181,False,0.8973358912258059,0.7851124293281744,1.0256005020466126,0.1120308745335419,False,1.022693102982227,0.8031312171648473,False,True,none,,
365,Glaucoma,sense organs,7,darkseagreen4,not significant,1.1147560307440076,0.1960905456055596,False,1.0970254799894914,0.1290758242814379,False,0.8768187870671265,0.0069391088200481,False,0.8524601648493342,0.0027699475559919,False,21777,525,21252,0.0456305470345907,0.0563341516848086,False,0.948750094099657,0.9525664661595912,False,0.0418355165163747,0.0647775739608382,False,no joint signal,no joint signal,False,no joint signal,False,1.0176952067288818,0.8479265837782229,1.2214542551361167,0.850582988582091,False,1.0062117295430577,0.9477608505852638,False,0.9635849249281916,0.8250227735214286,1.125418518552873,0.6395664796407146,False,0.9745494873201168,0.7510576343223179,True,0.8801944138824777,0.7933596132523093,0.976533457575348,0.0160376318819666,False,0.9539163041605088,0.5477460702780483,False,0.8358922373873994,0.7319602158304271,0.9545817073292732,0.0081421369510821,False,0.8730467658953847,0.1563061925127928,False,True,none,,
244,Hypothyroidism,endocrine/metabolic,3,brown,not significant,0.9915539823613192,0.834969272555286,False,1.0064605879043338,0.8339629007316436,False,1.0634276441523034,0.015281532155772,False,1.061630808125995,0.0263886042877421,False,21236,2368,18868,0.0456812191546685,0.0563341516848086,False,0.1764836677603387,0.2283880004073136,False,0.0082151435537565,0.014858694427664,False,no joint signal,no joint signal,False,no joint signal,False,1.0395188033326968,0.952723459746868,1.1342214064607476,0.3836105934973515,False,1.041057818266019,0.3663029793041767,True,1.0730204736107842,0.996569891906572,1.1553358636845634,0.0616434734332657,False,1.0657662259775191,0.1021806699241001,False,1.0743712018979654,1.017007461940471,1.1349705116866118,0.0103965750202031,False,1.0376669449449631,0.361239112729408,False,1.101055841281024,1.0315058934306278,1.1752952390674791,0.0038312569513111,False,1.0755233126899548,0.1376540733191567,False,True,none,,
618,Genital prolapse,genitourinary,11,black,not significant,1.1770267159060546,0.1761281368913763,False,1.0058746025185938,0.9478419049985832,False,0.8373598336452893,0.0189119049908574,False,0.8282104222770437,0.0131864081008943,False,13056,264,12792,0.0459310373492918,0.0565305075068207,False,0.2514329943466657,0.3088468277014162,False,0.0196845694796644,0.0327115082698018,False,no joint signal,no joint signal,False,no joint signal,False,1.0615169974411656,0.8183867715426161,1.376877504669967,0.6528372391944797,False,1.0620130021645642,0.6504184111529736,False,0.8213996343348668,0.6583717923317713,1.0247968809475587,0.0813392171471929,False,0.8278524493813461,0.1073322793742174,True,0.8484142544536898,0.7230525660503548,0.9955109503201478,0.0438924388886861,False,0.963231250946322,0.7474309663926074,False,0.7538306321238396,0.6307310354754293,0.9009555420083094,0.0018928340742744,False,0.785705880505156,0.0676234667140314,False,True,none,,
530.9,Heartburn,digestive,10,chartreuse4,not significant,1.2495007997004417,0.073132393845213,False,1.0570373203240329,0.5967834076620253,False,0.8138919473145617,0.0279800323112097,False,0.7918884166218769,0.0077004062534593,False,15657,206,15451,0.0471047516487508,0.0578609547811427,False,0.3071216596726974,0.3678386096655723,False,0.0401387470550553,0.0625863703226449,False,no joint signal,no joint signal,False,no joint signal,False,1.1505912444271669,0.8833546805219585,1.4986734557971786,0.2982358734954293,False,1.1567462244055635,0.2793750027075017,False,0.8611271025699276,0.6698988934671178,1.106942993953277,0.2432283217787573,False,0.8548039906623184,0.2430831025754855,True,0.8421209274883437,0.6900405615586152,1.0277187980254523,0.0908541570611162,False,1.0183610326910115,0.900354076391493,False,0.7427746598577215,0.6097873214117292,0.9047649499328236,0.0031343938215751,False,0.7480775280252965,0.0534895974875958,False,True,none,,
386.9,Dizziness and giddiness (Light-headedness and vertigo),sense organs,7,darkseagreen4,not significant,1.1167177852445231,0.0168206723739439,False,0.9858103312042876,0.7075345321856725,False,0.9724112724241392,0.3642006100557093,False,0.9529306266395922,0.1385906143313659,False,21940,1489,20451,0.0474455111516825,0.0581650274236736,False,0.025411373139449,0.0412934813516047,False,0.1836675508207441,0.2363062921899883,False,no joint signal,no joint signal,False,no joint signal,False,1.1175175588437518,1.0126657291214916,1.2332257905157882,0.0270811947528738,False,1.1152796474386344,0.0303539264014429,False,0.9299551317296908,0.8475219661530079,1.0204060562062842,0.1251747843536736,False,0.921542658748716,0.0955044308067767,False,1.001224855213137,0.9367239663571548,1.070167142829729,0.9712591714096008,False,1.057884592093011,0.2565625036834405,True,0.9191799095129244,0.8498392130379427,0.994178302307246,0.0352161264255735,False,0.898202651197051,0.0675037335952826,False,True,none,,
389,Hearing loss,sense organs,7,darkseagreen4,not significant,1.0114074391686592,0.8551821667142034,False,1.0172151208747542,0.714038687461187,False,0.937629436574462,0.0742173786003525,False,0.9046180446733652,0.0107769133463874,False,22333,973,21360,0.0483701545759835,0.059182306775321,False,0.2239433390384446,0.2808857156984712,False,0.0090066189239232,0.0160804870058028,False,no joint signal,no joint signal,False,no joint signal,False,0.9580041137013378,0.8372129649754082,1.096222729775385,0.5326762322655678,False,0.9515599050480168,0.4739083221390703,True,0.9150361089062116,0.8145362426689408,1.027935942860836,0.13470493902732,False,0.910082064736127,0.1200046363141417,True,0.9283072560748348,0.859664406172772,1.0024311295121795,0.0576944149858484,False,1.0164831402223844,0.7795751678060923,False,0.8650140247220303,0.7854833508003134,0.9525972284497548,0.003210260252567,False,0.842794126395378,0.0155206906120393,False,True,none,,
170,Cancer of bone and connective tissue,neoplasms,2,darkcyan,not significant,0.9232178126719908,0.3912806371301833,False,0.8344185484407189,0.0193691667779081,False,1.138070780705215,0.0131359782340137,False,1.1173518254352088,0.0496969138406364,False,22599,414,22185,0.0503112688137168,0.061320492967116,False,0.1739076491187238,0.226079943854341,False,0.1528435924368966,0.2022786886121388,False,no joint signal,no joint signal,False,no joint signal,False,1.0311996184538084,0.8424823796568818,1.262189784351763,0.7657702375804478,False,1.0406037288774992,0.6991517479825151,True,0.8664514155068577,0.7143802177416075,1.0508942392150344,0.1454429154254644,False,0.8321222266031225,0.0679068007725347,False,1.1477114850160024,1.0215772848817477,1.2894194813563364,0.0203758774300882,False,1.1770171111302743,0.0630216940499501,False,1.0454177324832714,0.907066898675919,1.2048705966294335,0.5397084794290311,False,0.9065930851246692,0.3574063488606455,False,True,none,,
362.2,Degeneration of macula and posterior pole of retina,sense organs,7,darkseagreen4,not significant,1.2103074425062763,0.0419933367608492,False,1.121469892771348,0.0795065910207068,False,0.8624727164544754,0.006966280230151,False,0.8508088575204479,0.0057101302201082,False,21514,439,21075,0.0503142506396849,0.061320492967116,False,0.6584619097869289,0.7011608049608253,False,0.1858617266684601,0.2381472637394643,False,no joint signal,no joint signal,False,no joint signal,False,1.104970836984986,0.8998393221148783,1.3568650764424208,0.3407495933092047,False,1.0997168072368906,0.368871845326335,False,0.9963952085459252,0.8419691844585571,1.179144593340096,0.966474067855992,False,1.017570909146793,0.8445894927794142,True,0.8826561725610744,0.7831117335257445,0.9948541001327662,0.040907304575709,False,0.9400195997807584,0.4946002604435074,False,0.8491065117728304,0.7324476207483357,0.9843459763012166,0.0300672852233764,False,0.9186636414698184,0.438688057339364,False,True,none,,
175,Acquired absence of breast,neoplasms,2,darkcyan,not significant,0.7700243081727189,0.0237592267602173,False,1.0733373121562182,0.4000996340912481,False,1.08165551814351,0.2276681765983788,False,0.976299786272304,0.7343709274137874,False,10801,301,10500,0.0565658870148564,0.0688052894683634,False,0.1012679900653698,0.1407376966610038,False,0.3199592190060127,0.3806774361242595,False,no joint signal,no joint signal,False,no joint signal,False,0.7802674321288993,0.6071620139449249,1.0027262108927844,0.0525389106011161,False,0.7630192094259103,0.0361308151986106,False,1.0854606821928774,0.8861129593847722,1.3296554125612468,0.4283121095873821,False,1.0413446089032274,0.7002743197319972,False,1.0173039446063703,0.8839179857356366,1.1708182573639845,0.8109163483766186,False,1.1510437095957706,0.1644215885870575,False,1.0162698323382284,0.856782615724918,1.2054450605850844,0.852997856621062,False,0.8413409902541762,0.1580807320952261,True,True,none,,
355.1,Chronic pain syndrome,neurological,6,darkblue,not significant,1.135738095946894,0.1965598171674691,False,1.0421284632419765,0.6295651608387957,False,1.0849621654667077,0.2235009805022108,False,0.9644753021290604,0.6210603098325431,False,21661,279,21382,0.0614541913996739,0.0746058666019388,False,0.188286918041243,0.2402679690342242,False,0.026674140982175,0.0431768196442989,False,no joint signal,no joint signal,False,no joint signal,False,1.225033649894114,0.996633945057235,1.5057759680127203,0.0538629782024863,False,1.2131874783408203,0.0673079838217328,False,1.0258539829889723,0.837586731310404,1.256438712642805,0.8051059453085914,False,0.9675632141390638,0.7573681784377768,False,1.1476034598070417,0.9930078435516208,1.3262671684955625,0.0621929632592821,False,1.3370061730338991,0.0063605035005521,False,0.9762380112591478,0.8211562152273766,1.1606082216199518,0.7852629733308868,False,0.7912131261114738,0.0676360302344664,False,True,none,,
743.11,Osteoporosis NOS,musculoskeletal,14,darkolivegreen,not significant,1.0169884315971067,0.8231219005790735,False,1.003599293652953,0.9447537107880783,False,0.9100680505969236,0.0114675652690025,False,0.9202783812352646,0.0435449921535455,False,21300,945,20355,0.0634194187291968,0.0768421694893569,False,0.3039049485918805,0.3651307010036113,False,0.0119229850524177,0.0208110284551291,False,no joint signal,no joint signal,False,no joint signal,False,0.916081588565968,0.7753415673696255,1.0823687420198334,0.3030529956111834,False,0.9179015798411452,0.3166998381215822,True,0.9070847054029516,0.7966502410664057,1.0328279844295858,0.140938918051699,False,0.92728598826459,0.2643944500279747,True,0.8933324556076726,0.8241205255599314,0.9683569957195532,0.0061166402407837,False,0.9172132750314392,0.1314984833141968,False,0.8781829438764442,0.7933517324243325,0.9720849547512058,0.0122038335539478,False,0.9356116972920075,0.3632962104432528,False,True,none,,
807,Fracture of ribs,injuries & poisonings,18,gray50,not significant,0.8685854353471052,0.1559856006813659,False,0.9263820505638692,0.3418659768783809,False,1.1812192361189284,0.0054050580463059,False,1.0991740442320317,0.1428698845075234,False,20752,333,20419,0.0635614898753689,0.0768650575237019,False,0.7886531895057068,0.8127491168481604,False,0.0416646079632509,0.0645930816622822,False,no joint signal,no joint signal,False,no joint signal,False,0.9792178870903228,0.7894404429553614,1.2146168579962848,0.8484735461258147,False,0.9791121324645116,0.8477646001343234,False,0.99265061222007,0.814188720221406,1.2102295370450822,0.9418458326855926,False,0.9347710110050556,0.5114827434899056,False,1.1738157622518353,1.0267792647801814,1.341908130571602,0.0189260872965039,False,1.2852928542616973,0.0152403692863692,False,1.0951106519300118,0.9323359093745436,1.286303925347145,0.2684615252076197,False,0.862221594203184,0.2248088050722745,False,True,none,,
512.2,Painful respiration,respiratory,9,coral4,not significant,0.9604064940060256,0.6658725399752043,False,0.9188173027176488,0.2855953183461994,False,1.1807306333371093,0.0051849386917647,False,1.1136230598653734,0.0895950581849683,False,16444,373,16071,0.0664372105227946,0.0801872715014001,False,0.6070535777009056,0.6526178877274104,False,0.0227816790439653,0.0372033205721347,False,no joint signal,no joint signal,False,no joint signal,False,1.081737039988192,0.8873400422393108,1.3187222124332254,0.4369480240787439,False,1.0797838910949444,0.4477463412377134,True,0.98937353575767,0.8190309161725247,1.1951441318381706,0.911761240167315,False,0.937449512253852,0.5151304756968713,False,1.2072738621826402,1.0606320265013764,1.3741902393020913,0.0043598661040311,False,1.268084959355185,0.0146837035467165,False,1.1079966799648462,0.9506711209234376,1.291357879495312,0.1893422660506748,False,0.9133368976481034,0.4307507882148267,False,True,none,,
356,Hereditary and idiopathic peripheral neuropathy,neurological,6,darkblue,not significant,0.7942971916458211,0.0537199199112184,False,0.9684036505179456,0.7210564285823486,False,1.1646543796572193,0.0241601495168941,False,1.1952044355774138,0.0161729342042482,False,21778,243,21535,0.0680911451534815,0.0819379359334202,False,0.2620066739052736,0.3193206338220522,False,0.084948394804866,0.121022370680905,False,no joint signal,no joint signal,False,no joint signal,False,0.8700032788052569,0.6707533234008726,1.1284412297716435,0.2939993752790533,False,0.8777824789067007,0.3240185808419612,False,1.1697291877391922,0.9422411408460972,1.4521403421424992,0.1553791990985215,False,1.1586647273131088,0.1917560311577991,True,1.120849933373603,0.9649399734131862,1.301951010175078,0.1354539736697704,False,1.0039480663164595,0.9707690687633116,False,1.2967423919922212,1.0788768738772807,1.5586030917008775,0.00562363445775,False,1.2452136454763432,0.1101272853004298,False,True,none,,
070.2,Viral hepatitis B,infectious diseases,1,blue,not significant,0.8752232119721001,0.3077094612994581,False,1.1638458926525708,0.1341733616307919,False,1.097206362306902,0.1679794909964629,False,0.9648447194921196,0.6335234958716697,False,20282,241,20041,0.068150302483085,0.0819379359334202,False,0.5089375787833815,0.5615862938299382,False,0.099867772752652,0.1389464664384723,False,no joint signal,no joint signal,False,no joint signal,False,0.9394983555915412,0.7034833395337446,1.2546951868742455,0.6724336913401385,False,0.9212493129846784,0.5849621876562545,False,1.2144591960119586,0.9463432547639924,1.5585371706863804,0.1268502790415549,False,1.143605717791774,0.2940223018021581,False,1.0797931779359662,0.9289187789720168,1.2551725010956816,0.3174327028908174,False,1.277622312420308,0.0325365572377889,False,1.0532247876081804,0.8741988877005297,1.2689131373183562,0.5853787830324778,False,0.8217437397806296,0.1517139334030823,True,True,none,,
530.14,Reflux esophagitis,digestive,10,chartreuse4,not significant,1.0593377577530516,0.445038215993844,False,1.0983210689858611,0.1090893827278868,False,1.0412399799581602,0.413016054517463,False,0.9481667670962676,0.2939154870658864,False,16065,614,15451,0.0756761782372694,0.0908114138847233,False,0.4262259359705976,0.4835726982648234,False,0.0602574378127102,0.0901694033456383,False,no joint signal,no joint signal,False,no joint signal,False,1.1012712304678711,0.9383937292744337,1.292419466607002,0.2374830366658829,False,1.0978782943215832,0.2545802957388044,False,1.0905192349004915,0.948458536782501,1.2538578710274886,0.2236573185700871,False,1.047648389426584,0.5273205283011162,False,1.0679891061952915,0.9604026528979652,1.187627634628158,0.2246799177519994,False,1.2094144235074389,0.0169978669397926,False,0.9891664755433008,0.8762095735747912,1.1166852609779632,0.860242896828308,False,0.8569626038382188,0.0892420530610353,False,True,none,,
695,Erythematous conditions,dermatologic,13,firebrick,not significant,0.9843464841353572,0.8174832472431159,False,1.0190768408803546,0.7405945338916782,False,1.0992443539970171,0.0293037350494309,False,1.094408923200017,0.0505442794299818,False,21249,667,20582,0.0823943126641893,0.0986833994288947,False,0.1877775517134633,0.2400749631704321,False,0.0176986781490386,0.0298485815270273,False,no joint signal,no joint signal,False,no joint signal,False,1.0585676333665066,0.9144567188608952,1.2253892516717615,0.445887891012858,False,1.0604213145934005,0.4323891263673909,True,1.1392565589716757,0.9939117970070572,1.3058558224867989,0.0611696818791526,False,1.1267618741918848,0.0963963203108305,False,1.117079590754528,1.0159692538685408,1.2282525355258136,0.0221807912358048,False,1.0590781028025635,0.4124981076035851,False,1.1663638389885018,1.042214438569885,1.3053020132466475,0.0073612853147027,False,1.1249912061084293,0.1643729889829025,False,True,none,,
574.11,Cholelithiasis with acute cholecystitis,digestive,10,chartreuse4,not significant,1.2123343786800598,0.0810654363445094,False,1.2022134028419134,0.039759982493491,False,0.982223729036673,0.8399278310974262,False,0.9477078392666876,0.559444668657519,False,18673,205,18468,0.0846048717022905,0.101136858126876,False,0.0206118722859579,0.0340555273931801,False,0.4891795852452716,0.5433922591974062,False,no joint signal,no joint signal,False,no joint signal,False,1.23512914130535,0.9805015445457328,1.5558812774828183,0.0730057308810184,False,1.253421201673808,0.0551746213042421,False,1.251168321718667,1.0144794316155306,1.5430792586690645,0.0362310925473737,False,1.2791747724702391,0.0279532780732527,False,1.044397664002921,0.861943660572197,1.2654730587039278,0.6574533034304006,False,1.0246212805711408,0.8612605699505174,True,1.076932396720202,0.8669372846019663,1.3377938724114344,0.5030359395479547,False,1.12639538647672,0.4585844097553016,True,True,none,,
182,Malignant neoplasm of uterus,neoplasms,2,darkcyan,not significant,0.8557402847033881,0.0886670344431495,False,0.9734127819408231,0.6831955411834345,False,1.070143296539546,0.2710802800919137,False,1.1419450411181449,0.033685195944061,False,10695,389,10306,0.0850274510123268,0.1014476662173842,False,0.2072728068012357,0.2618182822752452,False,0.0730685444922015,0.1059112003789402,False,no joint signal,no joint signal,False,no joint signal,False,0.8710807431740033,0.7162596985548149,1.0593666831451705,0.1668630623198402,False,0.8814808422732457,0.2080943746430965,False,1.0798753417305165,0.9247025014661509,1.2610874868713506,0.3315979059765409,False,1.1078719952193792,0.2140639777200887,True,1.0301023036668562,0.9031107131705108,1.1749509119369974,0.6586229519853706,False,0.873041604952403,0.1748921992627734,False,1.1911539872761017,1.025991178991532,1.3829045029396554,0.0216249396006091,False,1.3006731643338183,0.023821622237882,False,True,none,,
053,Herpes zoster,infectious diseases,1,blue,not significant,0.706463082416346,0.0073170331255947,False,0.9495478318158964,0.5991070791813975,False,1.118412387018969,0.1377525282538595,False,1.0597654150857858,0.4730867143439511,False,20262,221,20041,0.0870351584199124,0.1036449214771476,False,0.0596524070252915,0.0894786105379372,False,0.7073863629355134,0.7437389898428985,False,no joint signal,no joint signal,False,no joint signal,False,0.7196898600459357,0.5422506384574758,0.9551920420533676,0.0227651406894975,False,0.7176563930300853,0.0220742790260254,False,0.9855779969632076,0.7742689752919796,1.2545562577032143,0.9060743458427616,False,0.9538883564228644,0.7015476100448894,False,1.0240150107778656,0.8712362880116732,1.2035847871896062,0.7734453989769992,False,1.094815289901179,0.4568203172936053,False,1.0520495722497234,0.8616854504247187,1.2844690622608144,0.6183229062054065,False,0.8934923035732705,0.4358406218753518,False,True,none,,
599.5,Frequency of urination and polyuria,genitourinary,11,black,not significant,1.0873968080286989,0.1274317901537977,False,1.041595265745518,0.3534899808034074,False,0.9136590764999868,0.0161381736382648,False,0.9044167093983196,0.0095050738621494,False,18692,1078,17614,0.0911753396573122,0.1083684037069767,False,0.7100108840439707,0.7458700196017471,False,0.0756881097682982,0.1090747817446145,False,no joint signal,no joint signal,False,no joint signal,False,1.0387262687896266,0.9237179091066734,1.1680538515455148,0.5256731531790164,False,1.0361553064481452,0.5543770115123084,False,0.9602187387842106,0.8626560933533459,1.0688152943176148,0.4577395531548577,False,0.9677615667679786,0.5619865550093698,True,0.922466382766632,0.8517609940341714,0.9990410846407178,0.0473067622121824,False,0.9756605553054716,0.6796200956213434,False,0.8859578820520744,0.8071125329601301,0.9725054892797348,0.0108895955078114,False,0.912650639038225,0.186959851982095,False,True,none,,
696.4,Psoriasis,dermatologic,13,firebrick,not significant,1.065494027396228,0.5657586486629549,False,1.2757221832957233,0.0064051475846433,False,0.9530215104647471,0.5768436231224862,False,0.9174477678866414,0.3224144858054526,False,20435,209,20226,0.0922731403129493,0.1094647139834227,False,0.0313549237547869,0.0498483373834065,False,0.7184122747755383,0.7527947262131585,False,no joint signal,no joint signal,False,no joint signal,False,1.047654990917264,0.8282738694841237,1.325142589222888,0.6977700999534434,False,1.0557058270441186,0.6530656752814685,False,1.324408548092141,1.0743400909594507,1.632684116528737,0.008498836190804,False,1.3438622418385848,0.007783018960529,False,0.9661273560806488,0.8039626559180205,1.1610017720307684,0.7131888266575741,False,0.9595934553161164,0.7609183214037205,False,1.0679781115744398,0.8700435412301305,1.3109427203947468,0.5294465574408693,False,1.1224179726435246,0.449722934963239,True,True,none,,
627.3,Postmenopausal atrophic vaginitis,genitourinary,11,black,not significant,1.001080327440606,0.9932273802559334,False,1.0186379838457953,0.8404017891887348,False,0.8310346445631437,0.0136245633588259,False,0.8741991854144727,0.0826083038351666,False,10411,241,10170,0.0935048846636537,0.1107154611577228,False,0.4296424382950177,0.4856827563334983,False,0.0191916909838195,0.0321493024802775,False,no joint signal,no joint signal,False,no joint signal,False,0.8539243655307799,0.6474862098830977,1.1261812389468466,0.2634095188539513,False,0.8554664455628048,0.2704420937045148,True,0.8817015171434309,0.7003004218003818,1.1100915280536878,0.2840441505318345,False,0.9254465291963218,0.5151321634909067,True,0.8037685200455805,0.688409113661894,0.93845915313312,0.0057186528441731,False,0.8196476431697047,0.0613566976672494,False,0.8208486255842927,0.6790913734627272,0.9921970628016,0.0412558594471561,False,0.9457344087337504,0.6709047405712093,False,True,none,,
740.9,Osteoarthrosis NOS,musculoskeletal,14,darkolivegreen,not significant,1.164207702252374,0.024048347897468,False,0.940554545118042,0.2425478106720889,False,1.0027376708433908,0.9524491398242516,False,1.0121200043134215,0.8015665398155766,False,20893,688,20205,0.0940034333077847,0.1110949666364729,False,0.0198771595594525,0.0329001261673696,False,0.720719484549096,0.7539462839205967,False,no joint signal,no joint signal,False,no joint signal,False,1.2043889457321677,1.0422381881155982,1.391767015584499,0.0117118798881108,False,1.2036308085119205,0.0120081900486641,False,0.9179889237715184,0.8055599239010398,1.0461092206353528,0.1992428320595289,False,0.9177556537822732,0.2149344497703093,False,1.0580063906545931,0.9571609504721134,1.1694767970985798,0.2699073165720937,False,1.0606200619182335,0.4312813444233822,False,0.9645696121543854,0.8562930826754628,1.0865374899265456,0.5526516804635531,False,0.9627912122958888,0.6730686190263747,True,True,none,,
689,Disorder of skin and subcutaneous tissue NOS,dermatologic,13,firebrick,not significant,1.0224042354352518,0.7947926693583389,False,1.184546382384678,0.0136428223257904,False,0.9880662593215668,0.8235729932799584,False,0.9763329464353598,0.677324746273136,False,22461,427,22034,0.0959505401970011,0.1131817336161223,False,0.021338986061266,0.0351306840688537,False,0.3835783368431653,0.4440280281987649,False,no joint signal,no joint signal,False,no joint signal,False,1.0173766116910838,0.8466054810534651,1.2225944589067266,0.8542038238232685,False,1.0164703050694563,0.8622652596079192,False,1.2641028283361957,1.0714007395803289,1.491464306094743,0.0054824057534241,False,1.2768118663670125,0.0048237578650144,False,0.992530638914384,0.883589893036453,1.1149030528161032,0.8994238118062047,False,0.9642364683992596,0.6574584850539299,False,1.096986200426064,0.953432071800316,1.2621546510942674,0.1958158926322039,False,1.1386550525410126,0.2025683517201508,True,True,none,,
626.1,Irregular menstrual cycle/bleeding,genitourinary,11,black,not significant,1.006345750265031,0.9400881921956896,False,0.8818574922350008,0.1268539909666709,False,0.9004451677343285,0.1010667727740902,False,0.9479837893253767,0.3782984346000032,False,10653,483,10170,0.0996977788299137,0.1173800263959739,False,0.087614531192084,0.123971581550704,False,0.0732625769182036,0.1060692528931765,False,no joint signal,no joint signal,False,no joint signal,False,0.9480906372911794,0.792788241708422,1.1338158277702994,0.5592122329945479,False,0.9707653808048494,0.7477958815093932,True,0.7774901380874235,0.6357330653362214,0.9508564958840116,0.0142607414109196,False,0.7986892787486022,0.035481905192013,False,0.8875688525496449,0.7763055874310463,1.0147788200561756,0.0809351765909515,False,0.9221744757599656,0.3897651339022727,False,0.8531190461325383,0.7382256449175558,0.9858938278354896,0.0313611544912882,False,0.9053596376212576,0.3423332034961727,False,True,none,,
724,Other and unspecified disorders of back,musculoskeletal,14,darkolivegreen,not significant,1.0123377669521625,0.896028961097252,False,1.054790925786348,0.4771659523657477,False,0.949274086438644,0.4146404048555695,False,0.8584202033890675,0.0254195612253731,False,19870,348,19522,0.1049655765235109,0.1233493780615269,False,0.5622698797140986,0.6091621417189489,False,0.027964256552713,0.0450896539764675,False,no joint signal,no joint signal,False,no joint signal,False,0.979946675109533,0.8022818250103364,1.1969553043855337,0.8426709159840633,False,0.969206740590188,0.7614768943380762,True,0.9361295731584328,0.7796327384864837,1.1240402493141102,0.4794708459934328,False,0.9068269597458416,0.3056619103074659,True,0.9444261832964462,0.8255953265495481,1.0803607857418784,0.4046330036759794,False,1.1406058956307843,0.1988374892907634,False,0.8301520886234464,0.7055060561808909,0.9768200913489712,0.0249291438975576,False,0.7355522846693248,0.0096352485997697,False,True,none,,
701.2,Scar conditions and fibrosis of skin,dermatologic,13,firebrick,not significant,0.9473061159915822,0.6069583461977506,False,0.8408237138050575,0.0460915853485898,False,0.9516566970786536,0.4714795298666043,False,1.0689086088784665,0.3312728495520054,False,22037,298,21739,0.1073434722378297,0.1258997779753188,False,0.3102264897232869,0.3712010155078256,False,0.1726782565464791,0.225185438004186,False,no joint signal,no joint signal,False,no joint signal,False,0.9025445334236564,0.7192892097055572,1.1324883285074976,0.3758844478860802,False,0.9276416717487452,0.5082743528085845,False,0.8232399961308893,0.6642017835136641,1.020358734426139,0.0757418241942385,False,0.8595731567150781,0.17290465880479,False,0.9270393012930652,0.8025387577077221,1.0708540340115529,0.3031947668953144,False,0.838807370026144,0.0434036428044484,False,0.9729547093311808,0.8220548069735542,1.1515544442770669,0.7498319167139286,False,1.116673413147057,0.3342984299338334,True,True,none,,
189.1,Cancer of kidney and renal pelvis,neoplasms,2,darkcyan,not significant,1.0117447177834378,0.8923371436530821,False,1.0685658526113857,0.3389005485028853,False,0.8976687102830491,0.0929302642620755,False,0.8467813897534693,0.0112573569563248,False,22150,362,21788,0.1075393936872515,0.1258997779753188,False,0.6236576196922202,0.6692387870815915,False,0.0353042633624121,0.0556309604498615,False,no joint signal,no joint signal,False,no joint signal,False,0.9492353499791868,0.7897254925820711,1.1409632310387512,0.5788682421149689,False,0.9497357389418968,0.5859867422870889,True,0.9420223970329004,0.7943377048185221,1.1171648923732664,0.4924014468638166,False,0.930894702070858,0.4245092087646896,True,0.8853664251948178,0.7748656280619476,1.0116253431228248,0.0734485995593481,False,1.0397113117710124,0.7180713621611166,False,0.8200948200743489,0.7009180700700961,0.9595351334650551,0.0133038211715512,False,0.7839903340359873,0.0412251023659187,False,True,none,,
714,Rheumatoid arthritis and other inflammatory polyarthropathies,musculoskeletal,14,darkolivegreen,not significant,1.1833369415453985,0.0762289897055518,False,1.1162157691878078,0.1386858193673299,False,0.918408054949106,0.1817330818877502,False,0.8514153433052304,0.0176499487943,False,21853,330,21523,0.1088674811334392,0.1272159330098615,False,0.4591765197606908,0.5130280184971729,False,0.2296066957174369,0.2868359922476088,False,no joint signal,no joint signal,False,no joint signal,False,1.150168006232884,0.939025270685493,1.4087868387141635,0.1763740290529597,False,1.1399532884288628,0.208804860010795,False,1.009638208743968,0.8424167104146846,1.210053528085807,0.9173072146304628,False,0.9959893407431964,0.966539589080744,False,0.9514413257935186,0.8289396201649346,1.0920464825262086,0.4790466462516515,False,1.0926672583429529,0.392119034673564,False,0.8556091968358631,0.7275134013458915,1.0062592611432244,0.0594897461542432,False,0.8171981239532728,0.0948852178955974,False,True,none,,
751,Genitourinary congenital anomalies,congenital anomalies,15,mediumspringgreen,not significant,0.9179565515116876,0.4737682878954178,False,0.825595621889905,0.0806535154375747,False,0.943889733580038,0.4346410499072861,False,1.0959878606356372,0.2423315151403915,False,22218,218,22000,0.109597753318528,0.1278299029360028,False,0.4918200457587265,0.5455923707616807,False,0.1168696746585093,0.1597391322677442,False,no joint signal,no joint signal,False,no joint signal,False,0.862999091282329,0.6678024256385868,1.1152511625604549,0.2600764739403532,False,0.9131432431451793,0.4824137508017979,False,0.8326929242348731,0.6343211249428733,1.0931017095375302,0.1872454059912945,False,0.8759561274246978,0.3422589792149182,False,0.9120116935886792,0.784721361214547,1.0599499011408735,0.2298073028503857,False,0.8287634090263433,0.0176148560604241,False,1.010025962197609,0.8312327421444264,1.2272765407211972,0.9200569499690942,False,1.169151201735784,0.2046560709118285,False,True,none,,
696,Psoriasis and related disorders,dermatologic,13,firebrick,not significant,1.0262954609299295,0.8120229321622617,False,1.2671487166465245,0.007526848912857,False,0.9818596037353824,0.8252963262227029,False,0.928279963884732,0.3780930393802645,False,20446,220,20226,0.1117972982186842,0.1301520785232442,False,0.0428689177000164,0.0662954266290217,False,0.7531507043349156,0.781973443435919,False,no joint signal,no joint signal,False,no joint signal,False,1.0196919857532438,0.8080573072137849,1.2867549572623378,0.8694931409353294,False,1.024536906730133,0.8393766372032655,False,1.3228392230445247,1.0751195808704297,1.6276362566183555,0.0081780916952717,False,1.3245015079578295,0.0105721017963621,False,0.9875229688816042,0.8274588853533956,1.1785499332117793,0.8893269714700525,False,1.004322692662159,0.9741775313163528,False,1.0766777477329568,0.8825104848463614,1.3135650990765588,0.4665247026890785,False,1.0798268661037842,0.6085944037538897,True,True,none,,
727,"Other disorders of synovium, tendon, and bursa",musculoskeletal,14,darkolivegreen,not significant,0.9894975076864108,0.8920775799595588,False,1.1437490201212597,0.0233704993533636,False,0.9072225891430636,0.0718433865384825,False,0.8938205501153655,0.0368469517441323,False,19578,549,19029,0.1131094668467414,0.1314344642688392,False,0.2339265387020837,0.2907772114543829,False,0.3282092049767197,0.3893584484894926,False,no joint signal,no joint signal,False,no joint signal,False,0.9280617921693004,0.7863721181518538,1.0952813180975107,0.3771060516640311,False,0.923439980922805,0.3503808290386143,False,1.0976972676921963,0.95121777031706,1.2667333696859795,0.2021041607008274,False,1.1147243381861676,0.1494398210637431,False,0.8908349110960053,0.7965636386951026,0.996262947838604,0.0428088343385397,False,0.9214351546983262,0.3231755637252091,False,0.9378654254557416,0.8240945032499828,1.0673430690247687,0.330938634663363,False,0.9868033688854077,0.8875786563903822,False,True,none,,
619.4,Noninflammatory disorders of vagina,genitourinary,11,black,not significant,0.9330471605331104,0.4664262825292949,False,0.965508797234565,0.6595186583618704,False,0.931218402549878,0.2901037655949806,False,0.8969101155391901,0.0980509303187165,False,11587,377,11210,0.1139846024188041,0.1321819712385586,False,0.0977109915891444,0.1364019211445775,False,0.0331378449025056,0.0525489586255743,False,no joint signal,no joint signal,False,no joint signal,False,0.8784698735450827,0.7158829695467399,1.0779825076924512,0.2146588876392138,False,0.8811473591390516,0.2245282658608438,False,0.851526832255981,0.7027247413542046,1.0318377927815467,0.10097707279842,False,0.8446954368651276,0.0937263858432717,False,0.8995121532081355,0.7801396518921883,1.0371503509745372,0.1448869706396027,False,1.0376824125843405,0.7196383292749163,False,0.8341352776725193,0.7154060373855317,0.9725688980771834,0.0206125677455568,False,0.788725251779067,0.0357533614310372,False,True,none,,
619.1,"Noninflammatory disorders of ovary, fallopian tube, and broad ligament",genitourinary,11,black,not significant,0.8622747790280637,0.1099709787785828,False,0.8906781227847412,0.1422233056010209,False,1.037755255593743,0.5346583938328323,False,1.1316614003820975,0.0415320870697566,False,11616,406,11210,0.1141764142589473,0.1321819712385586,False,0.453941315986476,0.5085446699740773,False,0.1762603180440903,0.2283880004073136,False,no joint signal,no joint signal,False,no joint signal,False,0.8602656248057217,0.7042084102058105,1.0509061443984902,0.1405405025539825,False,0.8797355772013987,0.2116936828014397,False,0.9644041144599308,0.8002822339585073,1.162184110206632,0.7033439694220074,False,1.0005745861406927,0.9953112820749824,False,0.9964301494023334,0.8762365769313428,1.133110701809647,0.9565138273378982,False,0.8666242564613371,0.1263322478867894,True,1.113218448474961,0.9621209468229872,1.288045248486831,0.1495512312554946,False,1.222627900789422,0.0658546445557296,False,True,none,,
743.1,Osteoporosis,musculoskeletal,14,darkolivegreen,not significant,1.0279897151325608,0.7055586268585285,False,0.989898349509785,0.8414243819058419,False,0.9208191733904466,0.0233888852781117,False,0.9332016737936218,0.0854074348171553,False,21340,985,20355,0.1188756991042636,0.1373674745204824,False,0.3434053872656444,0.4058427304048526,False,0.028537093548199,0.0459539261266482,False,no joint signal,no joint signal,False,no joint signal,False,0.942349709734278,0.8018837036792074,1.1074211526707003,0.4709030322934179,False,0.9460412080837114,0.5025162932683607,True,0.9025843355971128,0.7949164464093103,1.0248353604270584,0.1137769882157172,False,0.919872898923643,0.2076770637112968,False,0.9091838924003818,0.8401833845257024,0.9838511037289164,0.0180663405071186,False,0.9281311471943,0.1846623873801621,False,0.8883587754982392,0.8043836011904253,0.9811006997616608,0.0194617125075669,False,0.9418756033350286,0.4047005099318747,False,True,none,,
189.11,"Malignant neoplasm of kidney, except pelvis",neoplasms,2,darkcyan,not significant,0.99084753738188,0.9205258598399084,False,1.0721276623336171,0.3465428298821935,False,0.8835985299017117,0.0671877038732519,False,0.8448347381380316,0.015235531637378,False,22108,320,21788,0.1253217288429449,0.1445485375194041,False,0.5460309167270487,0.5946305271163672,False,0.0431590405127029,0.06666148831665,False,no joint signal,no joint signal,False,no joint signal,False,0.9172603894920498,0.7539536987698315,1.1159393786434106,0.3879413082584469,False,0.91466485377019,0.3777864213607416,False,0.9428911957720104,0.7857443889587318,1.13146694975771,0.5272842391864241,False,0.9398758251380164,0.5163686368480467,True,0.8645528727726062,0.7531968541626339,0.9923722672080796,0.0385645554405314,False,0.9906451564788764,0.9334405494987432,False,0.8187353133412086,0.6930987767494476,0.9671457168856724,0.0186227688629149,False,0.8087513364883734,0.0901465158123963,False,True,none,,
701,Other hypertrophic and atrophic conditions of skin,dermatologic,13,firebrick,not significant,1.098900291291744,0.1536870740985797,False,1.040655127350374,0.4709385388455724,False,0.8903056706363046,0.010207623316139,False,0.9047412040828156,0.0323692923447042,False,22427,688,21739,0.133334813137442,0.1535072387412616,False,0.8607082662292671,0.8790212080639322,False,0.0916336462183671,0.128637559595638,False,no joint signal,no joint signal,False,no joint signal,False,1.0345409016554246,0.8984038501605158,1.191307090911059,0.6371295732279703,False,1.0326064747697412,0.657260873874663,False,0.95590124469028,0.8354055479095543,1.0937767792982789,0.5117858536091987,False,0.976963084046975,0.7423648160671186,True,0.8976710480199213,0.8156823694629375,0.9879008553093384,0.0271701540471628,False,0.9183920187690136,0.2171494721888793,False,0.8852804850462189,0.7914896943495848,0.9901853969781632,0.0329588847172388,False,0.959282413872759,0.6091943269491408,False,True,none,,
242,Thyrotoxicosis with or without goiter,endocrine/metabolic,3,brown,not significant,0.8666092004094224,0.2722305492672772,False,0.854468481003063,0.1382997316254422,False,1.076406870486973,0.3275405882564196,False,1.0059171150924795,0.9433683046976512,False,19075,207,18868,0.1336223507691041,0.1535549666296887,False,0.0754165610331904,0.1088090961496203,False,0.1283340646383302,0.1730449445037195,False,no joint signal,no joint signal,False,no joint signal,False,0.896856598373953,0.6761163364609298,1.1896647287909137,0.4501438011979559,False,0.8965781962822451,0.4475593121710171,False,0.7880073588506974,0.6065892931594988,1.023683742204753,0.0743219846329168,False,0.7566543667374025,0.0372540629339598,False,1.046645057227658,0.8888443224922137,1.2324609024306206,0.5845381078627735,False,1.1934084084149306,0.1262919936985893,False,0.8999547268545693,0.7355487098272564,1.1011079206135672,0.3057597631773741,False,0.7480787245725192,0.0396233101527997,True,True,none,,
781,Symptoms involving nervous and musculoskeletal systems,symptoms,17,purple,not significant,1.106543753572744,0.3710363212499007,False,0.8873732759624576,0.1810016517970722,False,1.1353833831729814,0.0752723211044408,False,1.1259182172922642,0.1224370836948172,False,22397,246,22151,0.135127115673544,0.1549987503314181,False,0.145340316608591,0.1931679607321849,False,0.1354480227093957,0.1815672742656561,False,no joint signal,no joint signal,False,no joint signal,False,1.248358619894393,0.983582088793608,1.5844119790510376,0.068173629710114,False,1.249217647561152,0.0670833364530421,False,0.9425409373027792,0.7593273565733806,1.1699610330129715,0.5915486053580687,False,0.9147947992885724,0.4351614050386742,False,1.2087256498815784,1.0343591078762295,1.412485939898997,0.0170798768462361,False,1.2003136139044055,0.1296036189193535,False,1.0916494076390548,0.9044823951363284,1.317547401261558,0.3608239865935377,False,0.9765222886694104,0.8700163879783076,False,True,none,,
165,Cancer within the respiratory system,neoplasms,2,darkcyan,not significant,0.9679819461575496,0.765698594266671,False,0.8945378748749134,0.1752719226904805,False,1.0063894040043766,0.9070120908563856,False,0.9626074250773732,0.5390866253680526,False,22570,362,22208,0.1356922542450138,0.1553614066952085,False,0.0528132534687445,0.0801836257043712,False,0.076597266972583,0.1101306326979073,False,no joint signal,no joint signal,False,no joint signal,False,0.9666289794258774,0.759146271177125,1.230818907161443,0.783072488824506,False,0.9745705476263048,0.8348632536385099,False,0.7922916966761397,0.6441275949392269,0.9745369357777348,0.0275142854514762,False,0.7766126090060996,0.0175489176631851,False,0.9985016970378384,0.885482262489915,1.1259464827493353,0.9804816854517904,False,1.107430282822344,0.2542380254953721,True,0.8640386514011591,0.7415885859987563,1.006707499562818,0.0608991359994764,False,0.7818317331208748,0.0255058429146864,False,True,none,,
574.2,Calculus of bile duct,digestive,10,chartreuse4,not significant,1.1520547512893573,0.0897570746519579,False,1.0896249598595644,0.207769131541369,False,1.0192181208566975,0.7403793422541443,False,1.0110887270039313,0.8595692991084034,False,18878,410,18468,0.1405580949950983,0.1606378228515409,False,0.0334233090826947,0.0528667090608377,False,0.2314098108068921,0.288222997891219,False,no joint signal,no joint signal,False,no joint signal,False,1.1941973778096655,1.001424854497943,1.424078272835009,0.0481756714226537,False,1.20257815459699,0.0401608714840595,False,1.1491024665895124,0.9770900075172032,1.3513969732198423,0.0929894818679031,False,1.1609653280101184,0.0813143025066647,False,1.0691414190329285,0.9432972234314428,1.2117743437573258,0.2953957345946124,False,1.0313648644550082,0.7228662090137151,False,1.0884564014497562,0.937011642111772,1.264378460855485,0.2674961043232301,False,1.1170979366010336,0.3052296558211402,False,True,none,,
608,Other disorders of male genital organs,genitourinary,11,black,not significant,0.8862448467341502,0.1742102751759644,False,0.8822750670699582,0.1556471861719454,False,1.1746277859714411,0.0132746042921555,False,1.1766389150759131,0.0126981994230513,False,7438,328,7110,0.142754700569154,0.1628499692050313,False,0.942218491420052,0.9475331807350724,False,0.1770446120970649,0.2287284429576987,False,no joint signal,no joint signal,False,no joint signal,False,0.9687108283276404,0.7995423378797406,1.1736722678222558,0.7454595122097987,False,0.9675509593330864,0.735301103678702,False,1.0138873020489148,0.8165065691853467,1.2589824749134124,0.900642982476829,False,0.9916920486019276,0.9413463423601314,True,1.1619212817825648,1.006969590046178,1.3407168184665106,0.0398720507612673,False,1.079123356295406,0.49967068504835,False,1.184287409122757,1.0057161907203296,1.3945650675089027,0.0425279546160057,False,1.0938024793393428,0.4864175865064121,False,True,none,,
293.1,"Swelling, mass, or lump in head and neck [Space-occupying lesion, intracranial NOS]",mental disorders,5,magenta,not significant,1.1711922188113724,0.0990688949427287,False,1.0871134175170374,0.3173043429282555,False,1.0328088997778944,0.595661543277515,False,0.9557949042225784,0.4993180527884254,False,21725,320,21405,0.1489123359616401,0.1695189298727854,False,0.1379726368016156,0.1841602681587339,False,0.1667016670734107,0.218533277844135,False,no joint signal,no joint signal,False,no joint signal,False,1.2406812987266842,1.0116216481107556,1.5216065095926117,0.038366328769758,False,1.2302501407686648,0.0478806563048473,False,1.0800002589240625,0.8809608689755146,1.3240094995734255,0.4589996181686998,False,1.0426377338710249,0.6963750779342166,False,1.095332325059345,0.9577195053606752,1.2527184583842073,0.1837473557663916,False,1.2052392840912385,0.0652452941933974,False,0.9911855425990292,0.8420097969960164,1.1667902004968953,0.9152762061743744,False,0.8832879183308203,0.3094309436620145,False,True,none,,
333,Extrapyramidal disease and abnormal movement disorders,neurological,6,darkblue,not significant,0.8474638563945768,0.1655309311311124,False,0.9782316396339512,0.8102636008796441,False,1.1306952575528402,0.0801490125924583,False,1.016350484614862,0.8304506394140186,False,19658,253,19405,0.1491440584938448,0.1695189298727854,False,0.596282866527549,0.6420716284955834,False,0.0906443168221656,0.1274200876827276,False,no joint signal,no joint signal,False,no joint signal,False,0.9099664060683168,0.7036539999090852,1.1767699185677545,0.4720260317098711,False,0.907762412493,0.4611608519193868,False,0.9841126540401626,0.7844200289540075,1.2346417481631602,0.8899239454384398,False,0.9239357808886904,0.4981483393239377,False,1.1022788286077638,0.945536902470275,1.285003909231455,0.213371411159283,False,1.2854153949439866,0.0285802214694061,False,1.0081430784756904,0.8357319199866907,1.2161225895196488,0.9324600956061808,False,0.7839625351908148,0.073552527438145,False,True,none,,
367,Disorders of refraction and accommodation; blindness and low vision,sense organs,7,darkseagreen4,not significant,0.960959745613081,0.5652797953010547,False,1.0429687443276945,0.4457665128041043,False,0.924332153711386,0.0674748345413745,False,0.916149589582711,0.0549309308373857,False,22543,705,21838,0.1510624732702625,0.1713872424011705,False,0.2690378079986242,0.3269320198464295,False,0.0604038391118512,0.0902802289959166,False,no joint signal,no joint signal,False,no joint signal,False,0.893210065482639,0.7684766023538082,1.038189345824976,0.1411293634058758,False,0.8864651817639919,0.1203621058659509,False,0.9617350616738006,0.836777525765185,1.105352737583278,0.5827084610617745,False,0.9707763190741592,0.6809097912542807,True,0.8993236600105602,0.8220843355714696,0.9838200418848344,0.0205586022716955,False,0.942320916961032,0.3611300631548205,False,0.8983410412144954,0.8020443873339933,1.006199456133442,0.063863402465283,False,0.9189883207033664,0.28992775976152,False,True,none,,
473,Diseases of the larynx and vocal cords,respiratory,9,coral4,not significant,1.0512929714564772,0.5979455129883955,False,0.9410731079222816,0.4328373967431762,False,1.023876523991951,0.6719603934092573,False,0.9556416537610284,0.4611773506485785,False,19968,373,19595,0.1515427971524198,0.1716201550328674,False,0.130522088792906,0.175719058051291,False,0.0600364189556126,0.0899465196357798,False,no joint signal,no joint signal,False,no joint signal,False,1.0853855762546247,0.8846231379948769,1.3317104183051631,0.4323530233457669,False,1.0807717149580216,0.4578949675651755,False,0.8601372229145081,0.7096487840193252,1.0425383075452928,0.1246806378650775,False,0.828644587284041,0.060182513956903,False,1.0455296776969878,0.925458040881813,1.1811797603526006,0.47439747282202,False,1.1901687878055804,0.0537781823751205,False,0.8896003755159819,0.7655988257108317,1.033686052722716,0.12666463484042,False,0.7732963918486033,0.0189514719777854,False,True,none,,
369,Infection of the eye,sense organs,7,darkseagreen4,not significant,1.2657872815101157,0.0342407552309364,False,0.9617226412897651,0.6869040223283277,False,0.928934000842042,0.3485528390558119,False,0.9100736887545122,0.2421373899507918,False,21818,230,21588,0.1518989529361518,0.1717118598408672,False,0.07002540908124,0.1022125269396345,False,0.4039425643855948,0.4629204043647588,False,no joint signal,no joint signal,False,no joint signal,False,1.256981443794346,0.9925219876420522,1.5919066476269723,0.0577377091084566,False,1.259312329962945,0.056497126173736,False,0.8532154252805804,0.6737619606530483,1.0804655122279765,0.1876386457132435,False,0.8395635016369501,0.1656581125529463,False,0.9868283668889524,0.832092331013024,1.170339143146693,0.8788935672237153,False,1.0851958275823526,0.516428717178061,False,0.844714536307412,0.6982095475984426,1.021960599512486,0.0824855512763447,False,0.8289825736359824,0.1930900198415002,False,True,none,,
433.1,Occlusion and stenosis of precerebral arteries,circulatory system,8,red,not significant,1.1136622904398663,0.3364701888410351,False,1.0125276383021244,0.8759223730569882,False,1.1018348955647097,0.1303486697371701,False,1.0325052502896546,0.6476640283606219,False,20927,301,20626,0.152723376835014,0.1723316223237771,False,0.193657587020757,0.2461147338104936,False,0.0554926356262995,0.0838435947477261,False,no joint signal,no joint signal,False,no joint signal,False,1.2518608537774358,0.9843849233995472,1.5920150339241683,0.0670058762728921,False,1.2522938906654324,0.067068602906347,False,1.0571850692514002,0.8682457366861783,1.2872395721904382,0.5798710201891566,False,1.0124971890382577,0.9047044827582073,False,1.169945771815067,1.0149259985959722,1.3486432615594488,0.0304448000214167,False,1.271811457425892,0.0295788942428935,False,1.0640534022315165,0.8941649163258182,1.2662201593110902,0.4842143504924716,False,0.8955555118987527,0.4111751908065215,False,True,none,,
367.1,Myopia,sense organs,7,darkseagreen4,not significant,0.906863528640153,0.4104523960727729,False,0.8303668387809627,0.0837996802745716,False,0.9460164049535218,0.4587164321839864,False,1.0592850257177393,0.4545825774521354,False,22071,233,21838,0.1616873644181481,0.1821171758067228,False,0.2493744774476289,0.3075289998563645,False,0.1920695706059223,0.2445947184859092,False,no joint signal,no joint signal,False,no joint signal,False,0.8450351713612921,0.6514184478606092,1.096199291227946,0.2047344203082305,False,0.8808782047000652,0.3352412947802465,False,0.7958092461595366,0.6045183826496089,1.0476312622573971,0.1034743008858258,False,0.8298390096206102,0.1862928209466167,False,0.9057228199101116,0.7752805175283788,1.0581122677004409,0.2120193074885133,False,0.8461025763209601,0.0582592183726588,False,0.9534063185991366,0.7836985695968023,1.159863809388363,0.6332968482282153,False,1.0688121036409923,0.5986503303112306,True,True,none,,
198.5,Secondary malignancy of brain/spine,neoplasms,2,darkcyan,not significant,1.0082066035375612,0.952285391334216,False,1.109821627272911,0.3297934062028787,False,1.1315102493618812,0.0859963857861389,False,1.066928960354557,0.4258191106624915,False,17145,216,16929,0.1652051033260216,0.1857441161719594,False,0.2111267850954176,0.2661477048475567,False,0.0627081920000168,0.0929589784752402,False,no joint signal,no joint signal,False,no joint signal,False,1.1556306834640324,0.8611567445007605,1.550800461230513,0.3351056919198587,False,1.144277183545979,0.3709450660435529,False,1.2760926352520992,0.9874595090757068,1.6490928476337146,0.0623912862645182,False,1.228776854506633,0.1234285424568818,False,1.1739964874345394,1.000240858486131,1.3779358649622162,0.0496565272010825,False,1.1941494884578585,0.1300717398790337,False,1.1942077532050024,0.9791067886981653,1.4565644669986877,0.0798453887429597,False,1.0454325402049551,0.7626955190229253,False,True,none,,
600,Hyperplasia of prostate,genitourinary,11,black,not significant,0.9372067118254176,0.3112354916933624,False,1.0905020839365047,0.0792116894852147,False,0.9548749257039127,0.2736797970185362,False,0.9580069940303172,0.3197927049948879,False,8105,1145,6960,0.1662916777172148,0.1866295088049316,False,0.073890195559503,0.1067302824748377,False,0.4094314005894285,0.4683504930665507,False,no joint signal,no joint signal,False,no joint signal,False,0.8880680469916237,0.7721243098780365,1.0214221285327654,0.0963082930042711,False,0.8914259703334613,0.1085014444745717,False,1.0987563421410047,0.9679711672105988,1.2472122520695073,0.1452494518538842,False,1.108699655834656,0.1195207982203854,False,0.9236111616639786,0.8445260015409112,1.0101022069111032,0.0818794249497089,False,0.9170948513570732,0.1715545846946458,False,1.0102366207104343,0.9044771008531955,1.12836248575196,0.8567515068281282,False,1.0574236801027272,0.4749227067616124,True,True,none,,
706.1,Acne,dermatologic,13,firebrick,not significant,1.0187013703723948,0.8719275255274626,False,0.7683577835084162,0.0359853659886184,False,0.9968602594711332,0.9683884133113914,False,1.1178633744336577,0.1582854268284521,False,21877,235,21642,0.1686146340012163,0.1888968251647378,False,0.3660079553792065,0.4262518620442676,False,0.5158966862059983,0.5682604275243476,False,no joint signal,no joint signal,False,no joint signal,False,1.0203759462336544,0.7961171652206964,1.3078063344653514,0.8734337424209898,False,1.0708396168550574,0.5864151044868782,False,0.7798484462561847,0.5738138641934036,1.059862155793441,0.1121637081749842,False,0.8058198415911204,0.1822415382804038,False,1.002707380707056,0.8445572019472418,1.1904724617897606,0.975371031458864,False,0.8799909537797583,0.2583595340991362,True,1.0156642308004131,0.8378876112927468,1.231160141078846,0.8742032120456764,False,1.15266130646243,0.3018020100868103,False,True,none,,
496.1,Emphysema,respiratory,9,coral4,not significant,0.892522123411331,0.3935632088172066,False,0.838668653101851,0.0876995498910788,False,1.1736114503278086,0.0190936143562042,False,1.1835505923565293,0.0308119371164319,False,18880,218,18662,0.1783643963244234,0.1994612604058068,False,0.733665962442353,0.7636489750859522,False,0.2158865755790061,0.2715992402445562,False,no joint signal,no joint signal,False,no joint signal,False,1.0410261688439777,0.7784168096366707,1.392230320313622,0.7863264558858079,False,1.0476132219635157,0.7529063972111445,True,0.9370724028269408,0.7267638627065419,1.208239337698639,0.6162224307236022,False,0.9086215349288016,0.4676035975058135,False,1.1860021805816643,1.0166328837789171,1.3835881120783715,0.0300231599939987,False,1.1469122651075836,0.2348068872757951,False,1.1469613731545008,0.9428566147337988,1.3952496816070754,0.1702391613603886,False,1.0145187425467372,0.9216035203100076,False,True,none,,
165.1,Cancer of bronchus; lung,neoplasms,2,darkcyan,not significant,0.96418594208607,0.7421171655232739,False,0.8957452244264205,0.1859703363752117,False,1.0034304200542774,0.9505984547692418,False,0.9647784021889252,0.5686043725505351,False,22560,352,22208,0.1786946310106801,0.1994730764770382,False,0.0662532190059151,0.0973898908355501,False,0.1047206708947111,0.1444103837310491,False,no joint signal,no joint signal,False,no joint signal,False,0.958477646068504,0.7500120431665727,1.2248861953393837,0.7346770815467113,False,0.966068922202757,0.7831587290371252,False,0.7967763849274141,0.6461936853336867,0.9824494141414712,0.0335336424744949,False,0.7830343876255069,0.0231851112095645,False,0.9936626580310136,0.8799545912165948,1.1220641244682428,0.918334199245514,False,1.0931488261175266,0.3249281500245368,True,0.8681806175901328,0.7435434868922003,1.013710156899622,0.0738168079263245,False,0.7934971354372607,0.0385092146881056,False,True,none,,
496.21,Obstructive chronic bronchitis,respiratory,9,coral4,not significant,1.105694512843668,0.3476134432806306,False,1.0633613416375711,0.4343070761758077,False,1.1006911228102836,0.1639771558624134,False,1.0352826099053232,0.6467686700711528,False,18930,268,18662,0.1794719701528871,0.1999830524560742,False,0.1672368871280967,0.2190048637312326,False,0.0852967513861482,0.1212418516286025,False,no joint signal,no joint signal,False,no joint signal,False,1.210058294782362,0.9647677282013134,1.5177135739205212,0.0990166856520431,False,1.21544209315665,0.0929245314275001,False,1.128307488145985,0.9366311862825872,1.3592092666261135,0.2037975241229257,False,1.0986881854219073,0.340031695014884,False,1.1594256342209126,0.9986327632189156,1.3461082499992856,0.0521368350353342,False,1.2176388211907982,0.0861409380755527,False,1.1062719344388547,0.9236523674234312,1.3249980578093838,0.2725626658877608,False,0.9686394892564432,0.8188770158204575,False,True,none,,
720.1,Spinal stenosis of lumbar region,musculoskeletal,14,darkolivegreen,not significant,0.8787413752615854,0.1139234282167329,False,1.0292056215229093,0.6280981306519497,False,1.0544344568883248,0.3301056385707306,False,0.9724842549374376,0.6274980729936791,False,20007,485,19522,0.1853453352691985,0.206159517304777,False,0.4121146388413634,0.4701271199945351,False,0.1967135204108947,0.2494903185699152,False,no joint signal,no joint signal,False,no joint signal,False,0.8899029940133701,0.7460396108134623,1.0615084337016143,0.1948052413096338,False,0.8905028738090466,0.1989535869355189,False,1.0181530390297169,0.8812025697377583,1.176387412481044,0.8071639480155036,False,0.973090697749032,0.7195939470047515,False,1.0201487351590846,0.9073531560865588,1.14696624447229,0.7386192968634009,False,1.15851896554652,0.1071672879805289,False,0.9824804196382668,0.8545985603201092,1.1294984800945862,0.8038078920330514,False,0.8321702742605105,0.0857000606164468,False,True,none,,
381,Otitis media and Eustachian tube disorders,sense organs,7,darkseagreen4,not significant,1.0685845225448845,0.4913322813373119,False,0.9845850883295356,0.8535353617488488,False,0.8808632129728632,0.0585379430649632,False,0.8717072037494319,0.0554620888901649,False,22406,293,22113,0.1968244703781856,0.2185382019857435,False,0.3979237196121011,0.4577039650469144,False,0.0645660272314892,0.0953590556034302,False,no joint signal,no joint signal,False,no joint signal,False,1.002823447513232,0.8189767228602917,1.2279407201831765,0.9782311423975132,False,1.00162734561623,0.987461338577031,False,0.8605718649148157,0.7053245081329446,1.0499903606686714,0.1390414799583956,False,0.8683175767150958,0.1772031114412942,False,0.8814089907511455,0.7671125493119483,1.0127351060463905,0.0748498493452636,False,0.9623857398286118,0.7166642634981504,False,0.81548647764784,0.6937333020941331,0.958607858695883,0.0134222151721992,False,0.8424778381169048,0.1527117328995549,False,True,none,,
366,Cataract,sense organs,7,darkseagreen4,not significant,1.0371988545838968,0.5171173849863617,False,1.055946174316977,0.1812827023932447,False,0.928183145618138,0.0283534377975572,False,0.92087365661025,0.0219747086845415,False,22441,1226,21215,0.2016242215773575,0.2234698299543003,False,0.930769808770864,0.9367747752790628,False,0.1356918357441251,0.1816989388505022,False,no joint signal,no joint signal,False,no joint signal,False,0.9797144237924752,0.8663532477798178,1.1079087596737025,0.7439315229963208,False,0.9766864023075122,0.7084057671301143,True,0.9939153498784482,0.8971841061908131,1.101075817000595,0.9069963984469166,False,1.002854596752241,0.9576786548686392,True,0.9234807571715046,0.8584032668252165,0.9934919190372808,0.0327538941790778,False,0.9572867941113242,0.4199935834274312,False,0.9178376813750452,0.8391137241458633,1.0039473614967114,0.0609499407812939,False,0.9494496606212042,0.4314565841336558,False,True,none,,
368,Visual disturbances,sense organs,7,darkseagreen4,not significant,1.1157894817149037,0.1256933525490909,False,0.978302483785264,0.7192988198498969,False,0.9685216614255806,0.5014940148704671,False,0.936944680222234,0.1961603349112924,False,22293,585,21708,0.2030821787460386,0.224686665846681,False,0.1283971302968304,0.1730449445037195,False,0.1974106890411587,0.2501203450998639,False,no joint signal,no joint signal,False,no joint signal,False,1.113392499750676,0.9553851701388882,1.2975320292242412,0.1689775711763698,False,1.1108348409447957,0.17972115042089,False,0.8994870734134599,0.7744260239266215,1.0447440688209266,0.1654769455833712,False,0.8851347067070636,0.1220990083518058,False,0.9963858811154264,0.898824990995495,1.10453629352985,0.9450963609263372,False,1.0832199780161111,0.2974163146682753,False,0.8905499627016692,0.7889513714233681,1.0052320900806968,0.0607199645393551,False,0.8511096373841215,0.0743608443178182,False,True,none,,
726.1,Enthesopathy,musculoskeletal,14,darkolivegreen,not significant,1.1296534690702371,0.1667686803836013,False,0.9432161960853412,0.4137593781745192,False,0.8990649558677632,0.087509280838808,False,0.9411409523884782,0.3305468470768566,False,19425,396,19029,0.2177225550236483,0.2404581846632859,False,0.2580046119212866,0.3156762310566331,False,0.2425473809403405,0.3005615999165858,False,no joint signal,no joint signal,False,no joint signal,False,1.07842889054492,0.8939731837012271,1.3009438014089625,0.4301643407141811,False,1.0816527623798575,0.4106371650361331,False,0.8566708786522171,0.7187626339014749,1.021039435991827,0.0840840788779129,False,0.8759803837601147,0.1545031909025654,False,0.9162442609469886,0.8023395332911462,1.046319557849409,0.1965447794365892,False,0.9230265063370856,0.3988066405666842,False,0.8699276647850754,0.7491293052865282,1.0102049627720309,0.0677219801800065,False,0.9469913005993362,0.619588465916435,False,True,none,,
596,Other disorders of bladder,genitourinary,11,black,not significant,0.9692184320130478,0.6055076700637175,False,0.9292324324676664,0.1351236815578729,False,1.087510459057765,0.0279246129698495,False,1.0752132906973757,0.0733510504341342,False,20457,879,19578,0.2192438931297242,0.2417105818249963,False,0.6289054661389673,0.6737116066450053,False,0.1813495042429374,0.2338059724123821,False,no joint signal,no joint signal,False,no joint signal,False,1.030752853219464,0.9050894037578178,1.1738635321647792,0.647940752513681,False,1.031506554902848,0.6396739265703325,True,0.968159761096412,0.8583805553952281,1.0919787466232629,0.5982131688167007,False,0.9481825224100408,0.3989221431478187,False,1.096749948205241,1.009092877143308,1.192021543441509,0.0297844773914695,False,1.0996055926014805,0.1356071374105315,False,1.057793864863633,0.957244189173754,1.1689053568546024,0.2702384920907393,False,0.9769068416446274,0.7586656117436712,False,True,none,,
473.4,Voice disturbance,respiratory,9,coral4,not significant,1.0927121968595148,0.4012055839423161,False,0.9782264575095632,0.7974730184744383,False,0.9674611038447976,0.6040993411944331,False,0.9045722308941294,0.1519534898584411,False,19885,290,19595,0.2239753992433237,0.2464914446699012,False,0.2259072362719213,0.2824972253179937,False,0.0901294901549982,0.126954405997108,False,no joint signal,no joint signal,False,no joint signal,False,1.0828223331003717,0.8621950658269953,1.35990595577846,0.493669331801063,False,1.0769721003374566,0.5254715450725326,False,0.8589552329364379,0.6940595010737188,1.0630271483172524,0.1621222328563041,False,0.8360736096706384,0.1073602455554507,False,0.9867350777933876,0.8588361063577126,1.133680927641846,0.8504591994140661,False,1.1372358647818397,0.2166194820922209,False,0.840966491768467,0.710181553896728,0.9958363976040484,0.0446068648463298,False,0.7623310553859685,0.0286866187747752,False,True,none,,
479,Other upper respiratory disease,respiratory,9,coral4,not significant,1.0805094523020404,0.2442767622703076,False,1.031070369023381,0.5985826287549835,False,0.99907996384994,0.9832620774142654,False,0.9416082117675696,0.1971961561942497,False,20273,678,19595,0.2463540577726286,0.2706424860037328,False,0.4118295331616555,0.4701271199945351,False,0.1373642191333657,0.1835444812403002,False,no joint signal,no joint signal,False,no joint signal,False,1.0965180130533798,0.9509517382095896,1.264366744009814,0.2048301650343866,False,1.090779776535169,0.2345078145086798,False,0.9793693230788448,0.849913850629421,1.1285429344133948,0.7731985120322054,False,0.9535538205742828,0.5224523618644386,True,1.0243569432999968,0.9313782411212946,1.126617630688519,0.6201182688251217,False,1.1342882754244696,0.0797707327276708,True,0.9325079540560705,0.8330872684624459,1.0437935103518357,0.2244359625658893,False,0.8521203142598128,0.057909832746852,False,True,none,,
743.9,Osteopenia or other disorder of bone and cartilage,musculoskeletal,14,darkolivegreen,not significant,1.0354442866149065,0.6990192433316611,False,1.159710007584643,0.0333049818392675,False,0.941365939994243,0.2266919490142514,False,0.9376925512769596,0.2431417516400524,False,20819,464,20355,0.2568571257165317,0.281685143140801,False,0.1598344895731559,0.2108598763079266,False,0.6474759396022487,0.6912317986515024,False,no joint signal,no joint signal,False,no joint signal,False,0.9832773895635736,0.8066362688888074,1.1986002391869035,0.8674345013330093,False,0.9746886903045632,0.8014521129789512,True,1.1674592754668225,0.9842133933425172,1.3848228129112563,0.0755184391544323,False,1.1867218099825176,0.0540940465954885,False,0.9376209013317454,0.8413575819114287,1.044898118843722,0.2438800138729599,False,0.9317571529716424,0.3462073527856585,False,1.00880066920607,0.8810918214136957,1.155020130090151,0.8990376172796657,False,1.0693049901225824,0.4859650209556104,True,True,none,,
706.2,Sebaceous cyst,dermatologic,13,firebrick,not significant,0.8908966704104088,0.3159031257362764,False,1.0129601527517496,0.8875325814874274,False,0.885894148759917,0.1495056006309707,False,0.9503342333978624,0.5254540137802727,False,21879,237,21642,0.2578181583576562,0.2822430365178553,False,0.2431748170582249,0.3005615999165858,False,0.1221313552841468,0.1662158466680646,False,no joint signal,no joint signal,False,no joint signal,False,0.8060357611367382,0.6289581252238478,1.032968050138558,0.0884402974698681,False,0.8105389354859001,0.0963876046418776,False,0.9674096393537795,0.7739968844878671,1.2091539760316443,0.7709442741571724,False,1.005908034418882,0.959399342047591,True,0.8383787066112756,0.7088540377513494,0.9915706453882824,0.0395107925570351,False,0.8102019902818799,0.0492275506599237,False,0.9342282090961,0.7688923550436585,1.1351164320281852,0.4935773816495205,False,1.0579295328568024,0.6678319184484189,False,True,none,,
496.2,Chronic bronchitis,respiratory,9,coral4,not significant,0.9810396197200624,0.8485815120441885,False,1.06562106093439,0.3832791903465721,False,1.1104315573178525,0.0896384708868538,False,1.0537128701242384,0.4418189704383096,False,18986,324,18662,0.259347951108642,0.2834205280066421,False,0.396335540819463,0.4562977444120755,False,0.1084958208166799,0.1494511968865524,False,no joint signal,no joint signal,False,no joint signal,False,1.0638589618012857,0.8586421692368693,1.318122881864525,0.5712979624682116,False,1.0666068729258054,0.5575685348531427,True,1.1539819004375156,0.9701824071741988,1.372601911444756,0.105666573084532,False,1.1207995455500364,0.212582876654886,False,1.1291539688442649,0.9871839604173904,1.291541127570263,0.0764255362528371,False,1.1620272378934589,0.1489613679743151,False,1.138629058318161,0.9670989645138904,1.3405826911397556,0.119141913650314,False,1.004326054811678,0.9727943867997354,False,True,none,,
706,Diseases of sebaceous glands,dermatologic,13,firebrick,not significant,0.9460871631513608,0.4427415325295141,False,0.9803229100398154,0.747038861828281,False,0.9584152464278138,0.3695047567141386,False,1.0258285522727837,0.5935430802339606,False,22266,624,21642,0.2625396216700174,0.2864068600036553,False,0.4984350414052619,0.551460045810077,False,0.0990261577022508,0.1379292910852779,False,no joint signal,no joint signal,False,no joint signal,False,0.9062869685833358,0.7757513103321634,1.0587878595683993,0.2149533269244773,False,0.9171117446802372,0.2741031773700828,False,0.999279363255773,0.8606357719410681,1.160257658796501,0.9924523528154486,False,1.0361143554936767,0.6474601378235276,False,0.9344449307464868,0.8460465076537772,1.0320795851037727,0.1811512156092628,False,0.8634112076898123,0.0231859817276571,False,1.0254875992197554,0.9129478446487758,1.1519002123917308,0.6713085368155165,False,1.141519404902966,0.1020250451374196,False,True,none,,
187,Cancer of other male genital organs,neoplasms,2,darkcyan,not significant,1.1187707986853164,0.3157289664767864,False,1.0859016185069152,0.511655273341329,False,0.8265737897118374,0.0304085145394229,False,0.836796744881855,0.0445878672803985,False,8823,204,8619,0.2701875375460431,0.2942356429820784,False,0.8620591179115936,0.8796809314420841,False,0.1392723665728002,0.1856964887637336,False,no joint signal,no joint signal,False,no joint signal,False,1.0236278530825698,0.8070302743210901,1.2983577133929691,0.8473348003953896,False,1.0248405093441668,0.8414756968825722,False,0.8910017998751248,0.6510617348170065,1.2193685558925509,0.4709307211807014,False,0.9173683244774484,0.6044483957108984,True,0.8316932710543137,0.6911095101323618,1.0008742275656817,0.0510910312369232,False,0.9053553282189488,0.5179293688833679,False,0.7982348353301644,0.6439953628737549,0.9894152800902752,0.039676588308618,False,0.8744286585273455,0.4268769697526858,False,True,none,,
578.8,Hemorrhage of rectum and anus,digestive,10,chartreuse4,not significant,0.852922309470084,0.0344539835512081,False,1.0011351447338064,0.9853193818176632,False,1.0083858071771017,0.8625580351561912,False,1.0013056567602,0.9792788739047568,False,18254,616,17638,0.2712923585030115,0.29492409704857,False,0.077727862651373,0.111627586408416,False,0.7810372889354312,0.8059379203356827,False,no joint signal,no joint signal,False,no joint signal,False,0.8331980131250192,0.7094982437639966,0.9784646194366066,0.0260499772243935,False,0.831716427659251,0.0252165804307977,False,1.0031416199893437,0.8644848033066825,1.1640379401763228,0.9670347909696476,False,1.0001938077577837,0.9979919192684602,False,0.9634623187276682,0.8716260986112417,1.0649745815173353,0.4664439481927026,False,0.9767729756745608,0.7429826577885292,True,1.002800497685401,0.8882864351380444,1.1320772201162916,0.9639455332231804,False,0.9794209136101018,0.8091146270751697,False,True,none,,
380.4,Impacted cerumen,sense organs,7,darkseagreen4,not significant,1.1589548206806508,0.1583814410524512,False,1.0907507498114728,0.2602623451442853,False,0.908577706907842,0.1224902052550746,False,0.8690039521585465,0.0367514459433747,False,22531,326,22205,0.2808406315914432,0.3047731375879314,False,0.7220156309572124,0.7546696042165839,False,0.3208417346789184,0.3813433189326573,False,no joint signal,no joint signal,False,no joint signal,False,1.1023584105658306,0.8794872484563682,1.3817074295028973,0.3977558366060688,False,1.0961200299227396,0.430178817697174,False,0.9824570824452392,0.8111397094099954,1.1899576702377106,0.8563426121480567,False,0.9801372664535496,0.842711305565813,True,0.929282802857902,0.8121246914230547,1.0633422882073,0.286106146379126,False,1.0266236650906404,0.7990891333598162,False,0.861198523567261,0.731045438458394,1.014523664299754,0.0738596671827861,False,0.858405409754741,0.2122736122748948,False,True,none,,
735,Acquired foot deformities,musculoskeletal,14,darkolivegreen,not significant,1.052514422023651,0.674428147557137,False,0.8222371061595534,0.0493029817339768,False,1.0441626098861954,0.5578864186556004,False,1.0698591524717609,0.3892282791892999,False,21629,226,21403,0.2880326897780352,0.3120354139262048,False,0.1194031708285426,0.1626803026135602,False,0.838070302252349,0.8594180256457942,False,no joint signal,no joint signal,False,no joint signal,False,1.105837592398488,0.8503343601491005,1.4381128625065334,0.4529525435258944,False,1.1159144692172127,0.4119361345755938,False,0.7911830953764977,0.6159725139421018,1.0162315302081388,0.0666691706561827,False,0.7816205002246429,0.0609697494032109,False,1.0728947504344482,0.9125038895584056,1.2614775221033394,0.3944021681304556,False,1.0660919936308528,0.5891478248648048,False,0.9525046602829802,0.7828249405767903,1.15896298244192,0.6268730412735712,False,0.9237431056341908,0.5851065856078705,True,True,none,,
599,Other symptoms/disorders or the urinary system,genitourinary,11,black,not significant,1.0081542386443028,0.814457522681433,False,1.0240398485288622,0.3967164459386459,False,1.0335245146335903,0.1470537615238655,False,1.0069529170868732,0.7704702056109634,False,20673,3059,17614,0.3000716739977259,0.3245142540287364,False,0.4926533884418491,0.5460314642765788,False,0.1256458177558156,0.1702562221056003,False,no joint signal,no joint signal,False,no joint signal,False,1.0346166263089387,0.9607952061383896,1.114110016990144,0.3675670799478879,False,1.032717360065199,0.3951522143384814,False,1.0442329115731075,0.9760056993838512,1.1172295144391362,0.2093034255513119,False,1.0299643198710184,0.4065984754257956,False,1.0430850384756631,0.9932332278204716,1.0954389835298968,0.0913679478204632,False,1.0656997056770297,0.0827702722715204,False,1.0287832034192603,0.9713973502535984,1.0895591586298694,0.33254285601423,False,0.9799266136265716,0.6388630496365422,False,True,none,,
614.52,Vaginitis and vulvovaginitis,genitourinary,11,black,not significant,1.162364405639229,0.1841011207070862,False,0.919148977508774,0.3888907950059732,False,0.8930326740334695,0.1683782192095168,False,0.937086022091034,0.4057755251532251,False,11976,246,11730,0.3088743199243566,0.3334560132055338,False,0.2502547227152766,0.3080058125726481,False,0.414717614416064,0.4718715534972901,False,no joint signal,no joint signal,False,no joint signal,False,1.1113986645034275,0.8734566165068878,1.414159522197932,0.3901961264101387,False,1.1295834620628795,0.3211424304230667,False,0.8295423349644035,0.6579270176189761,1.04592221792101,0.1140400128439451,False,0.8398719058864842,0.1621763456479028,False,0.9179751683583796,0.7711937520594568,1.0926935124568116,0.3356649554276618,False,0.9368892355825316,0.6056625646552655,False,0.8647623874520083,0.723963611887522,1.032944162486278,0.1090480103307025,False,0.9333600599769036,0.6149182155461426,False,True,none,,
110,Dermatophytosis / Dermatomycosis,infectious diseases,1,blue,not significant,0.994293722173602,0.939952766808174,False,1.081242232564739,0.2033517828234205,False,1.0575937410291691,0.284275038766778,False,0.9896912891322918,0.8472931838306978,False,21282,517,20765,0.3260414300445923,0.3513814375610115,False,0.5438783573603697,0.5938976823927312,False,0.225364729351056,0.2821014866901885,False,no joint signal,no joint signal,False,no joint signal,False,1.0339427848666602,0.8788215348209059,1.2164445681177842,0.6873388585683355,False,1.0345473231016478,0.683195400956905,True,1.117618088676816,0.9618889023977256,1.2985597287005075,0.1463792138845354,False,1.0851238746493002,0.3009785632134882,False,1.067991659022018,0.9536586306137266,1.1960319417510703,0.2548580001731599,False,1.1482379039044044,0.1129055411106396,False,1.049551094229847,0.9195376472829624,1.197947145126615,0.4735240579896035,False,0.937063953923286,0.5176044371287902,True,True,none,,
599.3,Dysuria,genitourinary,11,black,not significant,1.0289193129561944,0.579322306117555,False,1.0843687917976768,0.0572122908822212,False,0.9980025218909632,0.9545029886494256,False,0.9581790288851976,0.2340726488981305,False,18864,1250,17614,0.3323970826174367,0.3576134130228974,False,0.4288958482628567,0.4852783487144562,False,0.6276696433187422,0.6729653907747338,False,no joint signal,no joint signal,False,no joint signal,False,1.0330406313652625,0.9255643739789092,1.1529969995105462,0.5619520237273128,False,1.0272299048991278,0.6333629966675385,False,1.0803639297646936,0.975399505886991,1.1966237564117048,0.1382575984739033,False,1.0673330687737446,0.2269770095424409,False,1.0068716761599343,0.9340538913387632,1.085366253118508,0.8580970446424449,False,1.0552096929940082,0.3353943488569111,True,0.9946077486082496,0.9125861053296273,1.0840013537508932,0.9020049847647033,False,0.9556467860694554,0.4809179074731114,False,True,none,,
709,Diffuse diseases of connective tissue,dermatologic,13,firebrick,not significant,1.1471460844238492,0.2585358136503156,False,1.1710689082332957,0.107210571877625,False,0.894631860394634,0.1211693207085975,False,0.9073542615946258,0.2358411945704112,False,20635,223,20412,0.3490900748622981,0.3749263454631223,False,0.3576975501127656,0.4191610728081986,False,0.5454515992057586,0.59451842428715,False,no joint signal,no joint signal,False,no joint signal,False,1.0821267808423602,0.8359881254208363,1.4007356494768024,0.5488802718555974,False,1.0754630236009668,0.584670314146647,False,1.144306943684797,0.9039409272312242,1.448588444132138,0.262503770328978,False,1.1780570167141473,0.1825272791631478,False,0.9089538459938112,0.7800068184011394,1.0592177845835793,0.2213513039263453,False,0.893296327643438,0.2474937421292345,False,0.9669963052005076,0.7944966742064016,1.176948733241027,0.7377985935684916,False,1.0848106059515696,0.5346385477812771,False,True,none,,
741,Symptoms and disorders of the joints,musculoskeletal,14,darkolivegreen,not significant,1.071788225473291,0.3375049305383368,False,0.99982204555682,0.9975299787811448,False,1.0619151174229775,0.2045262648365202,False,1.036503383333853,0.4726736160544713,False,22199,587,21612,0.3621692083963922,0.3883051306518019,False,0.2686723245990679,0.3268061024362931,False,0.182120629718381,0.2345578388942616,False,no joint signal,no joint signal,False,no joint signal,False,1.135799458137149,0.974013120874311,1.3244589641119546,0.1043482701234587,False,1.1351473865614043,0.1062435929371771,False,1.0366188573354989,0.9031212738197766,1.1898497871040012,0.6091433241737458,False,1.0178775073003876,0.8081908156991628,True,1.1000425966299974,0.9926769734178555,1.2190206349141255,0.0688057807205919,False,1.1135753252957683,0.1697388848708578,False,1.0556602240485236,0.9357938502429356,1.190880350783318,0.3784060905436929,False,0.9893077179822656,0.9076268866322394,False,True,none,,
727.1,Synovitis and tenosynovitis,musculoskeletal,14,darkolivegreen,not significant,0.9595432706731106,0.7132654718303583,False,1.141922110632769,0.1221138233733371,False,0.9159657643881334,0.2645349745974785,False,0.9331987464774744,0.37096390005227,False,19287,258,19029,0.3818754137308257,0.4087311460858238,False,0.2331279019711471,0.2900734014556247,False,0.4696984283884062,0.5233782487756528,False,no joint signal,no joint signal,False,no joint signal,False,0.9027992561684294,0.7113835519566513,1.1457201880708296,0.4003112196246736,False,0.9006436457755459,0.3920212781332141,False,1.1403200241631144,0.9287634778019184,1.4000655587629525,0.2097936233218791,False,1.1743041094584457,0.1352180367747567,False,0.8937291227646115,0.7607033643310457,1.050017368570488,0.1718155092337962,False,0.8671769674622835,0.2019187426759473,False,0.9977882953888249,0.8291078771330821,1.200786423423563,0.9813045158602092,False,1.097832704465145,0.4749065905622557,False,True,none,,
743,"Osteoporosis, osteopenia and pathological fracture",musculoskeletal,14,darkolivegreen,not significant,0.9922808603486004,0.890130801266833,False,1.0010939926982385,0.978485478204376,False,0.9530607663552992,0.094251094557142,False,0.96386128106759,0.2469552907790713,False,21923,1568,20355,0.3866476746707565,0.4131303921139591,False,0.5164856389745693,0.5684074756968805,False,0.1272595617889403,0.172069266644201,False,no joint signal,no joint signal,False,no joint signal,False,0.9390739366661968,0.829824847826563,1.0627060166196187,0.319169327255456,False,0.9404697922506402,0.3335120854262435,False,0.9567756534751448,0.8649530925725327,1.0583460062096093,0.3906906612089793,False,0.970000265227442,0.562271568848824,True,0.9397413137500342,0.8829011497059499,1.0002407824055517,0.0508906199240726,False,0.9445943006282076,0.1971966794544433,False,0.943774645418168,0.8724175059242305,1.0209682580710928,0.1491234762856127,False,0.9819834074838956,0.7484820363804299,False,True,none,,
367.2,Astigmatism,sense organs,7,darkseagreen4,not significant,0.9851534722834724,0.8964083534217903,False,0.951764815145631,0.5894265576930843,False,0.896113215238395,0.1338585901053988,False,0.9557834879574176,0.5506488394198228,False,22088,250,21838,0.3919135685536715,0.418041139790583,False,0.489401361648946,0.5433922591974062,False,0.148712903463803,0.1974401101306661,False,no joint signal,no joint signal,False,no joint signal,False,0.8990041790305778,0.6999237759173133,1.1547093293912083,0.4044860875594858,False,0.906038399898468,0.4403903439814683,False,0.8665771027056822,0.6841210667769281,1.097694416094687,0.2351458021326204,False,0.8942371285307944,0.3605840395169547,False,0.8732923807398505,0.7505304993856877,1.016134031704907,0.0796209720444253,False,0.8583337795741506,0.1139362776051024,False,0.886780223961038,0.7314414065337952,1.0751088994741715,0.2213686521418021,False,0.9875887090781028,0.9223010218466848,False,True,none,,
189,Cancer of urinary organs (incl. kidney and bladder),neoplasms,2,darkcyan,not significant,1.0416483649445998,0.5234002155330408,False,1.0367583757387422,0.4664730555603086,False,0.9432207844013056,0.1736780177667228,False,0.9191682109622604,0.0560548331412674,False,22583,795,21788,0.3935287328105648,0.4190476608767789,False,0.8211447528364243,0.8448381298762221,False,0.1949240697196231,0.2474722675585856,False,no joint signal,no joint signal,False,no joint signal,False,1.005572384497447,0.8757890530572352,1.15458833029944,0.937178898426588,False,1.005407824218487,0.939331652299784,False,0.964309941150136,0.8517205597420511,1.091782571131784,0.5661559575530855,False,0.9601463047909352,0.5338924614330962,True,0.9446354700535754,0.8614627148709086,1.0358384128291114,0.2258230288979546,False,1.0201085291405645,0.7813119872947819,False,0.9013401038487816,0.8080836876402567,1.00535872117221,0.0623139358127888,False,0.8867276649063922,0.1455430246492629,False,True,none,,
379,Other disorders of eye,sense organs,7,darkseagreen4,not significant,1.138377497725487,0.0954036922006436,False,1.0217771418812758,0.7207336397989331,False,0.9243577473280036,0.1131520548589266,False,0.9501979480917876,0.3233296633901217,False,21888,548,21340,0.4333249127343205,0.4606384080855468,False,0.5431035038947796,0.5938976823927312,False,0.5910280519283587,0.6369628746170913,False,no joint signal,no joint signal,False,no joint signal,False,1.098621642267576,0.9279567026246164,1.3006743843165671,0.2748631615833367,False,1.1002803001072263,0.2671509087523215,False,0.9743062487655408,0.8366358507062922,1.1346306348003123,0.7377030121646998,False,0.997234237286125,0.9723959097001624,True,0.94727471672953,0.8500958460524081,1.0555626087598728,0.3266829685244806,False,0.9325990434316772,0.3611403621540102,False,0.9371400981389892,0.8231690102847007,1.0668909453190054,0.3264473150453315,False,1.0222651952341777,0.814136473788055,False,True,none,,
614,Inflammatory diseases of female pelvic organs,genitourinary,11,black,not significant,0.90543619828794,0.1417179973432652,False,0.9231821739117008,0.1755842549909969,False,1.0237490539070475,0.6097744809279679,False,1.057294058697464,0.2294944785883039,False,12476,746,11730,0.4389492855684076,0.4658237316236163,False,0.3594109424950187,0.4207737863356316,False,0.8221703553178219,0.8451965431932799,False,no joint signal,no joint signal,False,no joint signal,False,0.9029093406973062,0.7811036116046781,1.0437095225352069,0.1671717442848865,False,0.9124090720413568,0.2173694854803609,False,0.9428205196318332,0.8194300963971521,1.0847911690663758,0.410662951671678,False,0.9533271791181138,0.5162666880929292,False,0.9953255246667372,0.9021840088478978,1.0980829745787888,0.925532361215309,False,0.9579772789856053,0.5441120137783213,True,1.0294882268876726,0.9217242331470004,1.1498515186931135,0.6064516854245597,False,1.0439728492696494,0.5963126079699816,False,True,none,,
110.1,Dermatophytosis,infectious diseases,1,blue,not significant,1.0559887742629817,0.4944433696691677,False,1.0784680228295824,0.2413438566091081,False,1.02635703643035,0.6446687419449252,False,0.966546902842024,0.5540072992810614,False,21221,456,20765,0.4505136185970591,0.4772843769177672,False,0.4890278575917385,0.5433922591974062,False,0.3636404308325306,0.424462457004104,False,no joint signal,no joint signal,False,no joint signal,False,1.0869273096164134,0.9166133113724516,1.2888869949106885,0.3377498708025258,False,1.0890437175838878,0.3281704740420226,False,1.0859451572910008,0.9268516093734424,1.2723470215917037,0.3076695774481917,False,1.0616987505097086,0.4739750669185358,False,1.0518842141756493,0.9310530353116452,1.1883967487003195,0.4165141628835104,False,1.13924111447034,0.1663283930651702,False,1.0102610125943516,0.8770358849887615,1.163723550013285,0.8874841356673069,False,0.9215987710289888,0.4487545232749002,True,True,none,,
599.4,Urinary incontinence,genitourinary,11,black,not significant,1.1121254128982123,0.1305664315616865,False,1.0537938345159203,0.3291561778106719,False,0.9935819270574392,0.891303936463849,False,0.9641040686679174,0.4601906063289353,False,18265,651,17614,0.4564272998402056,0.4827298900004886,False,0.2539494733259913,0.3115439174243106,False,0.6968803550291376,0.7352676324530999,False,no joint signal,no joint signal,False,no joint signal,False,1.1285666920245885,0.9719588509012844,1.3104081280460298,0.1125547217139422,False,1.1282697616254396,0.1143894801807036,False,1.0452231653377535,0.9179395785756954,1.1901561833228915,0.5043918537536138,False,1.0396968366722286,0.5718861817858382,False,1.0257925100692808,0.9268826000973974,1.1352573385277325,0.6225403640403783,False,1.0641554011371266,0.4132722093203791,True,0.9872242322412056,0.8760352801169673,1.112525610377368,0.8329603670454186,False,0.9630881300759028,0.6755251228696632,False,True,none,,
579.8,Nonspecific abnormal findings in stool contents,digestive,10,chartreuse4,not significant,0.9203742388084593,0.3394799716101799,False,0.981692322154018,0.7885036178397069,False,1.103325347727694,0.0679838637747595,False,1.0573377565644144,0.3263092209500668,False,18105,467,17638,0.4600820686146591,0.4857719303139548,False,0.9675141306432338,0.9698454899941814,False,0.2615048291966001,0.3190604148455991,False,no joint signal,no joint signal,False,no joint signal,False,0.9775099029434404,0.8124067684519625,1.1761664814453037,0.8095707466058075,False,0.9760337068193766,0.7975009676694158,False,1.0330615078614238,0.8750672307571353,1.2195818121329145,0.7009141204454319,False,1.000656898382219,0.9939645640398524,True,1.0966957068144514,0.9763078291088269,1.2319285347154398,0.1197534195389617,False,1.1322975522717478,0.1513949300473991,False,1.0743763400335182,0.9357535936849668,1.2335346909844969,0.3087520167438484,False,0.9560179186764894,0.6600596708854767,False,True,none,,
350,Abnormal movement,neurological,6,darkblue,not significant,1.018722073032704,0.7569549720049097,False,0.955592652948194,0.3214181306894432,False,1.0538008560745369,0.1527195853491924,False,1.051972690120159,0.1940999573948613,False,22219,974,21245,0.4951375577325024,0.5219017500423674,False,0.5359452606781656,0.5867190222160972,False,0.3367661176215681,0.3983735685229545,False,no joint signal,no joint signal,False,no joint signal,False,1.0695563961100416,0.9400022761800376,1.2169660791766002,0.3073742230242408,False,1.0702456285643358,0.3023880098605071,False,0.9849248030004454,0.8803588618476919,1.1019107202822662,0.7908079109904451,False,0.9744582010121816,0.6613607276308515,False,1.0730560636815514,0.9904371584730304,1.162566757469954,0.0845450281183097,False,1.0628528957850318,0.315460574561759,False,1.0437224009906705,0.948125263248834,1.1489583629455822,0.3825977150787983,False,1.0036963148380698,0.95983620796296,False,True,none,,
574.12,Cholelithiasis with other cholecystitis,digestive,10,chartreuse4,not significant,1.0964807482554324,0.3199787177780814,False,1.1157619879329934,0.16141093911221,False,0.9106202819525993,0.1934591371070672,False,0.901944921493056,0.1672400744387146,False,18767,299,18468,0.5220677571963658,0.5493596635590763,False,0.5779928606976206,0.6239922925178465,False,0.762159701289603,0.7885030902406622,False,no joint signal,no joint signal,False,no joint signal,False,1.05981077020251,0.8734199600875803,1.2859780174071265,0.5561204854892288,False,1.057914246358124,0.5715679480951356,False,1.0732804850906248,0.8908934760658841,1.2930064374959886,0.4567525951104707,False,1.0924761423479614,0.3690831192600686,False,0.9237884802383948,0.793739753610726,1.0751447843441249,0.3058302484491942,False,0.9435809094961772,0.5894899596139594,False,0.9360619330932344,0.783936633980999,1.1177076113111972,0.4652732491930834,False,0.9959669371383773,0.974333111844876,False,True,none,,
741.4,Joint effusions,musculoskeletal,14,darkolivegreen,not significant,1.0712234871194573,0.4946404660586916,False,0.9671631838907624,0.6805934043669601,False,1.0833044728620822,0.2417537089003811,False,1.0836839828641558,0.2621612783811327,False,21896,284,21612,0.5361275896373496,0.5632047406291351,False,0.4388273664430784,0.4947213670469393,False,0.2993852849051854,0.3606494551753585,False,no joint signal,no joint signal,False,no joint signal,False,1.1484690463519542,0.927889327052146,1.4214854207008705,0.2033153950884967,False,1.1495268573225743,0.2000025063530562,False,1.030426856076215,0.8482940506614828,1.251664449249831,0.7626248365395918,False,1.0199741904851505,0.8478326008491839,True,1.1274375786344548,0.9720848555494568,1.3076178344519551,0.1128113880987643,False,1.086392937377802,0.4623431248962851,False,1.1009671545481636,0.9250508117933532,1.3103373997845391,0.2788557185181775,False,1.0604485768844183,0.6606284262702732,False,True,none,,
496.3,Bronchiectasis,respiratory,9,coral4,not significant,0.9272975115346058,0.6228417649826132,False,1.0821890322396168,0.4965241879145357,False,1.0668330931668837,0.3394711065150782,False,0.9821973524655904,0.8225639666970466,False,18865,203,18662,0.541269037173963,0.5676502171370638,False,0.9028239385531592,0.9138071981462634,False,0.3446674819195881,0.4069489285105449,False,no joint signal,no joint signal,False,no joint signal,False,0.9958026765870586,0.7060100285923091,1.4045451630129324,0.9808761642250472,False,0.9651790949648574,0.8427300050999059,False,1.107738478632764,0.8285063974253906,1.4810803403049562,0.4899058571085963,False,1.0649611350281123,0.673296169294445,False,1.065814631573902,0.9137278245618918,1.2432157567508413,0.4171276664379442,False,1.175368632526485,0.1466934006234953,False,1.026158920701784,0.8394662983857186,1.2543709408713108,0.801014489333147,False,0.869866232206716,0.3314036666920464,True,True,none,,
241.2,Nontoxic multinodular goiter,endocrine/metabolic,3,brown,not significant,1.0720883204037466,0.572451442510078,False,1.0832064101538268,0.3797976444940547,False,0.9288122662998092,0.3485843803621234,False,0.8732732697145362,0.0963941613261926,False,19099,231,18868,0.5490190976852384,0.5748119412006523,False,0.962801003598382,0.9658968267610776,False,0.3506643802315083,0.4120801756392866,False,no joint signal,no joint signal,False,no joint signal,False,1.0275779314517115,0.7881912703289113,1.3396702614657812,0.840666611663674,False,1.0200104937572645,0.8842895453377285,False,0.9868717211069912,0.7907354320039162,1.2316582190487346,0.9069427277321388,False,0.9727570234475852,0.8132717268308877,True,0.9350625364141169,0.7903137478544499,1.1063225831245782,0.4339482526335618,False,1.0642980974039458,0.6205270601295994,False,0.8674453652691195,0.7136631584442044,1.054365007950323,0.1532177088841395,False,0.8250966668136157,0.1864103764719262,False,True,none,,
745,Pain in joint,musculoskeletal,14,darkolivegreen,not significant,1.046847261734161,0.1435436552111607,False,1.012252224425322,0.6349498809432662,False,0.9931677980389436,0.7476892563330946,False,0.9807350660458772,0.3771091918473719,False,21946,3634,18312,0.5502552656833444,0.5751411822217871,False,0.3632980595206501,0.424462457004104,False,0.6559511406635887,0.699681216707828,False,no joint signal,no joint signal,False,no joint signal,False,1.0510176218948797,0.9829410825511238,1.1238090066055555,0.1452911135968618,False,1.049635364011587,0.157014029490617,False,0.9983756226637568,0.9383466190082824,1.062244871711363,0.9590198030182152,False,0.9941030058775822,0.8562443531510877,True,1.0067881789462876,0.9617343950470004,1.0539525699467631,0.7721037877149587,False,1.0293116572096297,0.3957075507399212,True,0.9799375744551424,0.9292039311385296,1.033441226031431,0.4549450876382796,False,0.967213904844382,0.4019504803650081,False,True,none,,
733,Other disorders of bone and cartilage,musculoskeletal,14,darkolivegreen,not significant,0.9946016156183028,0.9473372647502148,False,1.0969750146593402,0.1157311901821528,False,0.9636849532747814,0.4265560546339121,False,0.9561945736413164,0.3598143111304622,False,20823,617,20206,0.565866401610695,0.5904692886372469,False,0.353300224913144,0.4143972562891012,False,0.824050837308096,0.8457363856583091,False,no joint signal,no joint signal,False,no joint signal,False,0.9604104478411136,0.8038185013425494,1.1475080839540044,0.6564516668220934,False,0.9547030820817174,0.6117010328629443,False,1.097062805799026,0.951402564424117,1.265023708020103,0.2024716109371967,False,1.108088885125297,0.1704400967002597,False,0.9545849534166416,0.8637791504006056,1.0549368236855892,0.3621197035335363,False,0.955854809052858,0.5376948753485424,False,1.0001133129971238,0.8884436749433899,1.1258188527233486,0.998503415995851,False,1.031096060207635,0.7279785879543494,True,True,none,,
619,Noninflammatory female genital disorders,genitourinary,11,black,not significant,0.9647803712051471,0.5151210316346286,False,0.985992486051342,0.7574394592700359,False,0.9625903064690216,0.3074862435890972,False,0.9914003859001626,0.8163408736071684,False,12402,1192,11210,0.5832497201309705,0.6075923628743333,False,0.5487766359946629,0.5970996004545241,False,0.3030739968849634,0.364740933570332,False,no joint signal,no joint signal,False,no joint signal,False,0.9338433305441154,0.8301611531155622,1.0504747936336294,0.2543302631514252,False,0.9372767236788656,0.2827884107423609,False,0.9713167659113594,0.8718007850295191,1.082192487023922,0.5977067357501612,False,0.99171714854087,0.8840085683907863,False,0.9456189192011472,0.8736756088432615,1.0234864419931011,0.1660645910719531,False,0.9225648696823022,0.1677669409107059,False,0.9784041765639454,0.896265158196324,1.0680708983982217,0.6255520001589192,False,1.0330109649584684,0.6226457484679722,False,True,none,,
614.5,"Inflammatory disease of cervix, vagina, and vulva",genitourinary,11,black,not significant,1.0845871842477266,0.3971149301682798,False,0.9055529849174324,0.2380024627518124,False,0.978908310132002,0.7539955431785936,False,1.0047281402401516,0.9435266683393864,False,12071,341,11730,0.5929776573263894,0.6160203307773939,False,0.2861789280282194,0.3457418220515177,False,0.9089457348079252,0.9185135846480084,False,no joint signal,no joint signal,False,no joint signal,False,1.0853792347064688,0.8849639004520384,1.3311820770658038,0.4315048154060221,False,1.099725254609352,0.3626887544958587,False,0.8687528518937735,0.7110400391859841,1.0614472829653865,0.1686574536754568,False,0.8668390346479995,0.1813978718629027,False,1.001330463018735,0.8660093155584142,1.157796663564507,0.9856799475948196,False,1.0042630570722664,0.9678218915110732,True,0.943760216362656,0.8072166784756262,1.1034005735249206,0.4678794916711221,False,0.9607748906415128,0.7344136843459939,True,True,none,,
738,Other acquired musculoskeletal deformity,musculoskeletal,14,darkolivegreen,not significant,0.9844696423658612,0.8955088083187634,False,0.9816506029629134,0.8389206123678123,False,0.9248260001416628,0.2928359172776819,False,0.9150053065245304,0.2510821531025531,False,21645,242,21403,0.5933144532006631,0.6160203307773939,False,0.5028423146860348,0.5558434089709224,False,0.2541279711041251,0.3115439174243106,False,no joint signal,no joint signal,False,no joint signal,False,0.9263539492843104,0.7180568662614967,1.1950747631206835,0.5560923739715855,False,0.9275692811985567,0.563046941138239,False,0.8880719889588135,0.7126859528970516,1.1066190576190402,0.2903043188896336,False,0.892506261514238,0.3215584291941027,False,0.9088983026135864,0.7791142327810426,1.0603016730231132,0.2243214339668296,False,0.9770780693239198,0.8436106756061665,False,0.8646915250501662,0.7209333795351902,1.0371158483127023,0.1170852715042737,False,0.8698411216346595,0.3013576097681698,False,True,none,,
244.2,Acquired hypothyroidism,endocrine/metabolic,3,brown,not significant,0.9183113468306316,0.4544927472760075,False,0.9356274075112684,0.4429568461346199,False,0.9592350790448962,0.5589590533770326,False,0.9784127161857992,0.7682515260515452,False,19134,266,18868,0.6100121039820183,0.6323049051242183,False,0.3149889326896511,0.3758185353696793,False,0.4273177038921883,0.4843710213055868,False,no joint signal,no joint signal,False,no joint signal,False,0.8724157955980865,0.6817734718092372,1.1163668753336349,0.2779454247233839,False,0.8747148615486969,0.2864157655426488,False,0.8805779492207634,0.7113105421592775,1.0901251685374471,0.2429394407887599,False,0.8885152780168835,0.2879174958156246,False,0.9271376778698368,0.7978093580348952,1.07743067321639,0.3236486020539877,False,0.9443536994870132,0.5978036485713751,False,0.9172847774724684,0.7657461254067942,1.0988124328225957,0.3486832160318426,False,0.9351616142017954,0.6102306742449624,False,True,none,,
535.9,"Gastritis and duodenitis, NOS",digestive,10,chartreuse4,not significant,0.9090928840844482,0.2811443368542288,False,0.9212634198701956,0.2604180753507686,False,1.0777944074849422,0.1742452280739463,False,1.0814014907209564,0.1810856623133568,False,19303,446,18857,0.6120186379149742,0.6333327198324111,False,0.7369698580766937,0.7664486523997615,False,0.748767738164331,0.7780700559775895,False,no joint signal,no joint signal,False,no joint signal,False,0.9462926202116868,0.7827733751244552,1.1439705942026026,0.5684530963050809,False,0.949372556812271,0.591044136155688,False,0.9622784365205774,0.8075313437579706,1.146679688101391,0.6672994574142663,False,0.950199050252263,0.5761517800411639,False,1.0619322191025753,0.9427361674673812,1.196198975793658,0.3225597531400337,False,1.0438387538594052,0.6195165584080377,False,1.0617297520865108,0.9212731056107868,1.2236003196015637,0.4080337184205869,False,1.008183810304805,0.9376335589165344,False,True,none,,
362,Other retinal disorders,sense organs,7,darkseagreen4,not significant,1.0604735062178705,0.4339344685029034,False,1.0422541566285235,0.4564822369997833,False,1.017211657674506,0.7015067985513486,False,0.9777598342680508,0.6361652625582137,False,21717,642,21075,0.6137798953202328,0.634103732913618,False,0.5586125009319874,0.606216001011409,False,0.430477277345171,0.4861861014721931,False,no joint signal,no joint signal,False,no joint signal,False,1.0932724064241863,0.9282831814463848,1.2875861359312646,0.2853486089537886,False,1.0906521476669564,0.3001135126845777,False,1.0418832638528106,0.905637260610513,1.1986264067412693,0.5660974888719761,False,1.0236172728160091,0.7512772537882095,False,1.0418588600982328,0.9443511913583847,1.149434547547734,0.4134061621819842,False,1.1001647888144876,0.2030142415018767,False,0.9995164132697006,0.8866464399704895,1.1267547190837173,0.9936873080791472,False,0.9353705413179224,0.4612215663562685,False,True,none,,
300.11,Generalized anxiety disorder,mental disorders,5,magenta,not significant,0.9828226259312004,0.8029963126970034,False,1.0291555416539475,0.6142248259769076,False,1.0565606525175817,0.2365666507366206,False,1.012142869650877,0.800858336417484,False,16178,685,15493,0.6529570115931186,0.6734630995605058,False,0.8970505850698398,0.9109187389480556,False,0.3495643249833917,0.4111746254281553,False,no joint signal,no joint signal,False,no joint signal,False,1.0175320222965467,0.8781125571982925,1.1790873594865308,0.8171878108627917,False,1.015341868963233,0.8399066500988135,True,1.054544938156773,0.9223697492647308,1.205660774844966,0.4369924531648919,False,1.0301474906876968,0.6738124563295624,False,1.0615230786145011,0.9610139837373152,1.1725440685566737,0.2394294938762584,False,1.1045354409295962,0.1830179175771218,False,1.0376335252957292,0.9267008860877104,1.1618455846774025,0.5219233834521351,False,0.9552041417702756,0.5916556706347744,False,True,none,,
475,Chronic sinusitis,respiratory,9,coral4,not significant,0.9428172976066034,0.4758584490881378,False,1.0675708363575964,0.3282273135983038,False,0.9740119824477682,0.6148591757832587,False,0.9476812548268004,0.3305442748689301,False,20080,485,19595,0.6595189458091364,0.6791086174668335,False,0.5041773958317465,0.556826008847805,False,0.7174955948494119,0.7524659683798876,False,no joint signal,no joint signal,False,no joint signal,False,0.9128544665810818,0.7641297942928671,1.0905258287018873,0.3149531976287726,False,0.9055671735317732,0.2793645693142045,False,1.041881213477068,0.8849833995352561,1.226595282540328,0.6222350517264148,False,1.0391541068150418,0.6518201032258575,False,0.9519019804328986,0.8526047584915173,1.0627636912972842,0.3804996927702573,False,0.9942305158011012,0.9433125807190352,False,0.9666917653723736,0.8453125234340768,1.1054999699311028,0.6207097766809566,False,0.948129128401834,0.58499722702011,False,True,none,,
350.2,Abnormality of gait,neurological,6,darkblue,not significant,1.0593643113978135,0.4908691033758934,False,0.957926040429843,0.4806116737091983,False,1.0386457853872555,0.4563609175026846,False,1.0566690104118703,0.3068773075833491,False,21759,514,21245,0.6793562372882744,0.6983826887444534,False,0.5311345064083193,0.5824743971859249,False,0.5568954468963913,0.6048786055062632,False,no joint signal,no joint signal,False,no joint signal,False,1.1082540696853134,0.9253864888527072,1.327258499847792,0.2639270977344387,False,1.1089140419679795,0.2602097636522853,False,0.991361329160117,0.8538198694950646,1.1510592808472873,0.909353850169616,False,0.9924351212838172,0.9234840282387062,False,1.0674274813050766,0.9550040005760868,1.1930855024250986,0.250493113550937,False,1.0239399191361491,0.7812371820603399,False,1.0517344201549272,0.9208382033752184,1.2012374014068732,0.4569874755164234,False,1.056177622838253,0.5955390634422701,False,True,none,,
350.1,Abnormal involuntary movements,neurological,6,darkblue,not significant,0.9907401094293524,0.914177162451457,False,0.9838492505871044,0.8128868722195891,False,1.0312620670585368,0.5689021771380423,False,0.9822814002135228,0.7568500662616418,False,21678,433,21245,0.6862780299162974,0.7043379780719895,False,0.7027395005153311,0.7406132357418752,False,0.3314053432657721,0.3927767031298039,False,no joint signal,no joint signal,False,no joint signal,False,1.0139766873099822,0.8418362510948993,1.2213167597272114,0.8837479364490104,False,1.0108900480716625,0.909472125554192,True,0.95492551714761,0.8055740060043083,1.1319664444271476,0.5950693727052685,False,0.9288467966957388,0.4064679903808849,False,1.0351232604854337,0.9205549145972092,1.1639502949879132,0.5640698513782755,False,1.1272278028434826,0.1791833874103739,False,0.9596156920470252,0.8325680642128688,1.106050443207305,0.5694219810364904,False,0.8628525142703752,0.1654466934210246,False,True,none,,
586.2,"Cyst of kidney, acquired",genitourinary,11,black,not significant,0.9075446881461624,0.3454259258682741,False,1.02635063593202,0.7308195861782157,False,1.0875850015767623,0.2423108532725648,False,1.0556760529312794,0.4485209161915313,False,16411,325,16086,0.6994792931545376,0.7167078471731223,False,0.6581138947391671,0.7011608049608253,False,0.5684010177548653,0.6147005807262321,False,no joint signal,no joint signal,False,no joint signal,False,0.9406296251016764,0.7576811731985365,1.1677525097843215,0.5791412732445756,False,0.9427818005785694,0.594533840302643,False,1.0923434398467418,0.9124933465263396,1.307641524311947,0.3359076468570042,False,1.0721451025547557,0.4648967652935937,False,1.0698678430143438,0.9191339823899064,1.2453213823516378,0.383403098075131,False,1.057528919090038,0.6240046017479115,False,1.1083110222185957,0.9334949653423404,1.3158649672210658,0.2403202718660596,False,1.0421559461057217,0.7477268030677681,False,True,none,,
599.9,Other abnormality of urination,genitourinary,11,black,not significant,1.0323003787435092,0.6918394123138072,False,1.0478351120147331,0.4627586930214585,False,0.9359138748402116,0.2138428840291775,False,0.9252116407919532,0.1563093279335537,False,18130,516,17614,0.7098430978015162,0.7261345787346657,False,0.9864765976019612,0.9872676774717304,False,0.4684011747840632,0.5223991654428158,False,no joint signal,no joint signal,False,no joint signal,False,0.9895742261748208,0.8325755450817935,1.1761781316952946,0.9053484520419616,False,0.9873102371226766,0.8852911376881122,True,0.9881206273978232,0.8446546012346741,1.1559546030553085,0.8813128575133398,False,0.993441657645592,0.9363565408925948,True,0.9333814048959228,0.8333098813489558,1.0454704384342517,0.2334692234072161,False,0.9750090085068684,0.7636601526524482,False,0.9196065016485796,0.8044547299553187,1.0512414016402267,0.2195026407958693,False,0.9372365667744584,0.5096227632517891,False,True,none,,
766,"Neuralgia, neuritis, and radiculitis NOS",symptoms,17,purple,not significant,0.9492556858428348,0.5763642206368598,False,1.0292607541287853,0.707019481604525,False,1.0335419229177656,0.5664468003763192,False,0.9737048523152048,0.6716837548849292,False,21347,365,20982,0.7161214714279497,0.7313580984796081,False,0.8995844775701913,0.9126268060849126,False,0.4577770439867926,0.5119227158561982,False,no joint signal,no joint signal,False,no joint signal,False,0.9646333722183924,0.7888786667964081,1.1795445636478006,0.7256846605353027,False,0.955703605750468,0.6614865248108381,False,1.0147909748320634,0.8416875934096274,1.223495190690582,0.8777151043638256,False,0.9871556137616886,0.8944533975389609,False,1.0237419851582574,0.9040938676553788,1.159224378873083,0.7113610245542452,False,1.11169293752928,0.2521633971986736,False,0.980630991583222,0.8416722472685177,1.142531602740019,0.8019110950864509,False,0.8801353479691388,0.2560301780850211,False,True,none,,
690,Erythematosquamous dermatosis,dermatologic,13,firebrick,not significant,1.0111725419451727,0.92234084392347,False,1.0176177533259203,0.8534869639252517,False,0.9121465407202404,0.2279465818467524,False,0.9655735387843308,0.6529473551955158,False,20820,238,20582,0.7443001552581673,0.7576562754993417,False,0.923658924455814,0.9311198204530338,False,0.3838992327135155,0.4440280281987649,False,no joint signal,no joint signal,False,no joint signal,False,0.950269376685836,0.744610328292424,1.212730812286364,0.6818519657808124,False,0.956723906222248,0.7216381053766066,True,0.9873022213922912,0.7823028401397994,1.2460208839225992,0.914298210092354,False,1.0215240835110089,0.8601615443136634,True,0.9009127299228292,0.7688680541074497,1.0556346340585208,0.1969076403475107,False,0.8646778127966279,0.1524683267435922,False,0.9595331010936966,0.7929786615065647,1.1610700473897482,0.6710789491382414,False,1.0760029332064691,0.5721553006056407,False,True,none,,
690.1,Seborrheic dermatitis,dermatologic,13,firebrick,not significant,1.0111725419451727,0.92234084392347,False,1.0176177533259203,0.8534869639252517,False,0.9121465407202404,0.2279465818467524,False,0.9655735387843308,0.6529473551955158,False,20820,238,20582,0.7443001552581673,0.7576562754993417,False,0.923658924455814,0.9311198204530338,False,0.3838992327135155,0.4440280281987649,False,no joint signal,no joint signal,False,no joint signal,False,0.950269376685836,0.744610328292424,1.212730812286364,0.6818519657808124,False,0.956723906222248,0.7216381053766066,True,0.9873022213922912,0.7823028401397994,1.2460208839225992,0.914298210092354,False,1.0215240835110089,0.8601615443136634,True,0.9009127299228292,0.7688680541074497,1.0556346340585208,0.1969076403475107,False,0.8646778127966279,0.1524683267435922,False,0.9595331010936966,0.7929786615065647,1.1610700473897482,0.6710789491382414,False,1.0760029332064691,0.5721553006056407,False,True,none,,
716,Other arthropathies,musculoskeletal,14,darkolivegreen,not significant,0.9702140942291612,0.7956919430062868,False,0.987194104456332,0.8906685009312967,False,1.097503706216639,0.2244608324587775,False,1.0840657840398555,0.3187225576016187,False,21601,217,21384,0.7857577237314676,0.798555080795498,False,0.8734337059539912,0.8891070677247807,False,0.4382607834539523,0.4945293469715484,False,no joint signal,no joint signal,False,no joint signal,False,1.0371229120854897,0.8071887843965442,1.3325555998363194,0.7756232250563664,False,1.038037911594628,0.7702700354053142,True,1.0702172596912125,0.8524965241555792,1.3435421148203308,0.558697130598051,False,1.053425112757314,0.6635164158026712,True,1.1093642890115214,0.9382606840395786,1.3116707826181535,0.2246193216061053,False,1.0817524394596816,0.5351757445033485,False,1.1237787052948336,0.9206021312177664,1.3717962794672278,0.2514187479524121,False,1.0568099189075062,0.71503785891414,False,True,none,,
351,Other peripheral nerve disorders,neurological,6,darkblue,not significant,1.0716562351190797,0.3594959318251494,False,0.9941257418952864,0.9254729235003288,False,0.9451893969360312,0.2848628471788963,False,0.959741374179392,0.4493383031127584,False,21892,510,21382,0.792516295042911,0.8041140944825633,False,0.762598741923461,0.7885030902406622,False,0.6683935238530068,0.7105239503991077,False,no joint signal,no joint signal,False,no joint signal,False,1.0450946313796847,0.8891945055637787,1.2283283147888255,0.5925578418431605,False,1.0450840264189247,0.5931793067107105,False,0.9486083189611564,0.8129790512098135,1.106864612886656,0.5027272799299163,False,0.9600183443837088,0.6151983996798718,False,0.9563888907942548,0.8544390626658545,1.070503152771199,0.4381377283473146,False,0.9621875634552916,0.634606518513963,False,0.9344442242420768,0.8190024592292012,1.0661579808211683,0.3135552080102305,False,0.9773644142674858,0.811975147861183,False,True,none,,
747,Cardiac and circulatory congenital anomalies,congenital anomalies,15,mediumspringgreen,not significant,0.91357806536778,0.4252091856966349,False,1.053564335835624,0.588611350230659,False,0.9992745305463968,0.992208412712988,False,1.0148613180639203,0.846479971884426,False,22557,247,22310,0.7981083864527438,0.8084734304326495,False,0.4560779848192254,0.5104801121564065,False,0.7669693831954737,0.7923657203873767,False,no joint signal,no joint signal,False,no joint signal,False,0.8957874398874099,0.7012553548167256,1.1442837932692265,0.3783133087136193,False,0.8952172865597772,0.3772544489390125,False,1.1011068752232094,0.8730778690429284,1.388692112872931,0.4159167464755718,False,1.1164234037652263,0.3620252433593147,False,0.970013349824444,0.8287447327764567,1.135362749981353,0.7046016846340221,False,0.9316105296101296,0.5194995063337925,False,1.0615272697362463,0.8821950035022511,1.2773141311390503,0.5271229577025471,False,1.0982649439907468,0.4806942026144679,False,True,none,,
189.21,Malignant neoplasm of bladder,neoplasms,2,darkcyan,not significant,1.065471437807508,0.5013479877058757,False,1.0614256699915583,0.3848001011258714,False,0.9371626486172928,0.2630925228240828,False,0.9336529256207045,0.2508312269030413,False,22206,418,21788,0.8106880783112013,0.8198855119387188,False,0.9460247042085298,0.9505948718617112,False,0.7614923276114892,0.7885030902406622,False,no joint signal,no joint signal,False,no joint signal,False,1.0213551011883544,0.8308371424556554,1.2555604334686452,0.8410100030324397,False,1.0210319195172048,0.8439903233688526,False,1.0151736856505955,0.851565123252892,1.2102158530174567,0.8666175364885936,False,1.025357969175959,0.786586707355321,False,0.9423073246298894,0.8307127772267356,1.0688930258367553,0.3554831749534674,False,0.9658540966348174,0.7147895692179448,False,0.9414411434173456,0.8085954234514009,1.0961123459440771,0.436852128852338,False,0.9763525847422004,0.8321089814718113,False,True,none,,
292.3,Memory loss,mental disorders,5,magenta,not significant,1.0076653555883457,0.9437784574698886,False,0.9559735240286162,0.5607434600646967,False,0.9928896713167166,0.9138677608794284,False,0.9787334108005884,0.7540068980280664,False,19608,330,19278,0.8715909551194229,0.8800530032273784,False,0.5753932636673706,0.6217236303522757,False,0.6443304890391286,0.6884627143157813,False,no joint signal,no joint signal,False,no joint signal,False,1.003517719813168,0.7960096657889995,1.265120082406086,0.9762982641756206,False,1.0024496209610798,0.983485006145057,False,0.9104479590364803,0.7519964506980757,1.1022864341237424,0.3362030154516652,False,0.8999620345621839,0.2958297121574511,False,0.9937367554204454,0.8630101755398318,1.144265464142231,0.930427222494146,False,1.048709664722847,0.6604501072061961,False,0.9310842720561008,0.7869627172621843,1.1015997361173806,0.4052893113167101,False,0.8924157997519829,0.3714031494458983,False,True,none,,
743.2,Pathologic fracture,musculoskeletal,14,darkolivegreen,not significant,0.922692321421441,0.5364674645634931,False,0.9909464704745204,0.9235089999045094,False,1.0081055432401695,0.898184654983798,False,1.0427822149583468,0.5592667481595102,False,20616,261,20355,0.9060802356627816,0.9133991390203162,False,0.7813981439152052,0.8059379203356827,False,0.7277914550113755,0.7594345617510005,False,no joint signal,no joint signal,False,no joint signal,False,0.9104041225801452,0.6810726516501442,1.2169563179534086,0.5261345776946427,False,0.9204359184833192,0.5764574510571578,False,1.0420084317270355,0.8231740003892956,1.3190183014487198,0.7322542014733278,False,1.0551642561377783,0.6592119866006267,True,0.986591307395397,0.8588863346073312,1.1332843108665411,0.8486270144793238,False,0.9433239033623988,0.5146877876346616,True,1.0633496682696717,0.8882455305462686,1.27297293161029,0.5034425659527523,False,1.1018089615694528,0.4338096682682753,False,True,none,,
564.1,Irritable Bowel Syndrome,digestive,10,chartreuse4,not significant,0.976347652091385,0.7870565699565206,False,0.9672619359592268,0.6504554284641089,False,1.0483777831039502,0.4102363456551836,False,1.024537250034459,0.6727476854883273,False,10499,475,10024,0.9172107235887942,0.9231282121280766,False,0.9017073334503036,0.9134178183003072,False,0.7032265098991363,0.7406132357418752,False,no joint signal,no joint signal,False,no joint signal,False,1.004953208938119,0.8328886413480414,1.212564203685664,0.9588734825735408,False,1.0051821483472398,0.9570242524841236,True,0.9771387477964744,0.8196064984369835,1.164949441306404,0.7965393287508002,False,0.9590531441620964,0.6511431743044478,False,1.0497088222083544,0.928790742294338,1.1863690724351093,0.4372045200181023,False,1.077839816793932,0.4101916779042878,False,1.0138939658397452,0.8836616456216212,1.1633196699887345,0.8440507188049815,False,0.9526418767364772,0.6361592087765534,False,True,none,,
110.11,Dermatophytosis of nail,infectious diseases,1,blue,not significant,0.9972605294108228,0.9811575280623352,False,1.0487386132143306,0.5887226496353409,False,1.0371062840817027,0.6216178877028077,False,1.0158560158119525,0.8368568040778869,False,21011,246,20765,0.9200012700329544,0.9244457206128238,False,0.7313086809651925,0.7618307461139903,False,0.729369554044807,0.7604454498311771,False,no joint signal,no joint signal,False,no joint signal,False,1.027643433856256,0.7990128717720414,1.321694636540435,0.8318102326498291,False,1.030244407213037,0.8166743604662654,True,1.101632514691261,0.8845798297340465,1.3719442345750352,0.3872907788723879,False,1.0927706939790325,0.4428403149474412,False,1.0451136371272567,0.8894088699308144,1.2280769300111978,0.5918940856033372,False,1.0457866607527826,0.7145596928545638,False,1.0709091250884455,0.8841806589824225,1.2970724280686845,0.4834325877755839,False,1.0365793847141678,0.8043484323773393,False,True,none,,
189.2,Cancer of bladder,neoplasms,2,darkcyan,not significant,1.0600384047670088,0.5212347444256031,False,1.0331044901984692,0.6259010427030547,False,0.9550216742820664,0.4098933748498976,False,0.9689828150292756,0.5832080181012093,False,22235,447,21788,0.924219622842503,0.9261935529189022,False,0.9001951909379227,0.9126268060849126,False,0.8433997869514451,0.8634642609642358,False,no joint signal,no joint signal,False,no joint signal,False,1.0319388300628345,0.84595296803036,1.2588143658516409,0.7565093167170719,False,1.0324295160533772,0.7527603961024002,False,1.0154860415316205,0.8564378162477917,1.2040709564454837,0.859650777634245,False,1.030660013464519,0.7359916764150607,False,0.9629400661210292,0.852517872124712,1.087664671041087,0.5433850996052683,False,0.949972238023567,0.5654048519790542,False,0.9771429411973912,0.8444005058782975,1.130752907992104,0.7562637501416076,False,1.0317085960929406,0.7715653457377613,False,True,none,,
706.8,Other specified diseases of sebaceous glands,dermatologic,13,firebrick,not significant,0.9782068945093694,0.8662823837051666,False,1.0239215816019709,0.8135683047039117,False,0.9425030831111724,0.4513918401120131,False,0.9643629381513642,0.658160631944491,False,21845,203,21642,0.924709268378968,0.9261935529189022,False,0.8604416960824489,0.8790212080639322,False,0.6711373491498349,0.7128335419055267,False,no joint signal,no joint signal,False,no joint signal,False,0.922684008740417,0.692620608422782,1.2291661114790515,0.5823843413050483,False,0.9241347872591028,0.5902250192526003,False,0.9931146052042324,0.7711436614671884,1.2789790908654497,0.9573088671391722,False,1.0114616687053963,0.931101678307914,True,0.9237523732696032,0.7810932337327787,1.09246682760685,0.3541018604845342,False,0.9126942627360884,0.4322850890383192,False,0.960982058230326,0.7822132030217309,1.1806071703636762,0.704699760430977,False,1.0230026502474645,0.8760379125462046,False,True,none,,
840,Sprains and strains,injuries & poisonings,18,gray50,not significant,0.9984640951557072,0.9837641075659188,False,1.0081800421321696,0.89893394276199,False,1.0203245122404447,0.7043459923446567,False,1.0018268715285876,0.9727593728348418,False,22362,522,21840,0.9898616100532605,0.9898616100532605,False,0.991118528576974,0.991118528576974,False,0.8686750048749086,0.8849848212929681,False,no joint signal,no joint signal,False,no joint signal,False,1.0117187130272705,0.8612433833424281,1.1884848976338502,0.8872338339944366,False,1.0104552136011384,0.8994552130670689,True,1.014194845378208,0.8696646677733273,1.1827445939885226,0.8573971567844738,False,1.0033391556494062,0.9672962849422584,False,1.0236843724218967,0.9138202280648516,1.1467569464510077,0.6861263070020447,False,1.0450765826995667,0.6067200913368733,False,1.0086399045264087,0.8872239619193608,1.146671529026523,0.8954112767002965,False,0.9732126558276132,0.7806502546050824,False,True,none,,
