phenotype,description,group,tier,joint_class,conditional_pattern,n_cases,omnibus_p,density_given_area_p,area_given_density_p,omnibus_p_display,density_given_area_p_display,area_given_density_p_display,SFI_given_SFD_OR_CI,SFI_given_SFD_sig,VFI_given_VFD_OR_CI,VFI_given_VFD_sig,SFD_given_SFI_OR_CI,SFD_given_SFI_sig,VFD_given_VFI_OR_CI,VFD_given_VFI_sig
572,Ascites (non malignant),digestive,Tier 1,area + density (both independent),SFD↑ VFD↑ VFI↑,2000,0.0,0.0,1.4207181514676775e-54,< 1e-300,< 1e-300,1.42e-54,0.93 (0.83 - 1.03),no,2.36 (2.15 - 2.59),yes,2.68 (2.52 - 2.86),yes,5.12 (4.72 - 5.55),yes
507,Pleurisy; pleural effusion,respiratory,Tier 1,area + density (both independent),SFD↑ VFD↑ VFI↑,2294,3.3091103818354646e-298,3.272657365982068e-216,2.0231358615178362e-07,3.31e-298,3.27e-216,2.02e-07,1.05 (0.96 - 1.16),no,1.49 (1.37 - 1.62),yes,2.44 (2.30 - 2.58),yes,2.91 (2.71 - 3.12),yes
571.8,Liver abscess and sequelae of chronic liver disease,digestive,Tier 1,area + density (both independent),SFD↑ VFD↑ VFI↑,840,6.283098039278044e-278,4.222604605004667e-236,3.4808133506518513e-44,6.28e-278,4.22e-236,3.48e-44,1.11 (0.96 - 1.27),no,2.71 (2.39 - 3.08),yes,3.17 (2.90 - 3.46),yes,6.64 (5.91 - 7.45),yes
285,Other anemias,hematopoietic,Tier 1,area + density (both independent),SFD↑ VFD↑ VFI↑,3823,1.1435635261601972e-246,1.58368001989846e-190,8.613976230257405e-08,1.14e-246,1.58e-190,8.61e-08,1.05 (0.97 - 1.13),no,1.34 (1.25 - 1.43),yes,1.96 (1.88 - 2.06),yes,2.25 (2.13 - 2.38),yes
276,"Disorders of fluid, electrolyte, and acid-base balance",endocrine/metabolic,Tier 1,area + density (both independent),SFD↑ VFD↑ VFI↑,4227,8.106046723784519e-240,2.49320072085323e-209,3.976352337682632e-18,8.11e-240,2.49e-209,3.98e-18,1.15 (1.07 - 1.23),no,1.45 (1.36 - 1.54),yes,1.95 (1.86 - 2.04),yes,2.19 (2.07 - 2.30),yes
571.81,Portal hypertension,digestive,Tier 1,area + density (both independent),SFD↑ VFD↑ VFI↑,485,2.7446226584356463e-229,2.750441034651713e-195,1.2951247970086879e-34,2.74e-229,2.75e-195,1.3e-34,1.09 (0.92 - 1.29),no,2.88 (2.45 - 3.38),yes,3.47 (3.11 - 3.87),yes,9.04 (7.76 - 10.53),yes
571.51,Cirrhosis of liver without mention of alcohol,digestive,Tier 1,area + density (both independent),SFD↑ VFD↑ VFI↑,770,4.483941342233764e-223,1.1334283318270307e-191,1.213772504722283e-35,4.48e-223,1.13e-191,1.21e-35,1.07 (0.94 - 1.23),no,2.42 (2.14 - 2.74),yes,2.97 (2.71 - 3.25),yes,5.63 (5.02 - 6.31),yes
276.1,Electrolyte imbalance,endocrine/metabolic,Tier 1,area + density (both independent),SFD↑ VFD↑ VFI↑,3080,2.7976417598842295e-205,4.8415784086725304e-173,5.0670235558760556e-14,2.8e-205,4.84e-173,5.07e-14,1.10 (1.01 - 1.19),no,1.47 (1.37 - 1.58),yes,1.97 (1.87 - 2.07),yes,2.30 (2.16 - 2.44),yes
038,Septicemia,infectious diseases,Tier 1,area + density (both independent),SFD↑ VFD↑ VFI↑,2572,1.6514711524652148e-195,4.5150585480672955e-161,4.4144891424030886e-20,1.65e-195,4.52e-161,4.41e-20,1.03 (0.95 - 1.12),no,1.62 (1.51 - 1.75),yes,1.93 (1.83 - 2.03),yes,2.36 (2.22 - 2.51),yes
514,Abnormal findings examination of lungs,respiratory,Tier 1,area + density (both independent),SFD↑ VFD↑ VFI↑,4306,3.2679681642552963e-193,1.1754636003899837e-153,2.0011494175390445e-08,3.27e-193,1.18e-153,2e-08,1.01 (0.94 - 1.08),no,1.38 (1.29 - 1.47),yes,1.80 (1.72 - 1.89),yes,1.97 (1.87 - 2.08),yes
994,Sepsis and SIRS,injuries & poisonings,Tier 1,area + density (both independent),SFD↑ VFD↑ VFI↑,2527,2.644410590501421e-180,4.1689052707369e-149,1.552782132200765e-19,2.64e-180,4.17e-149,1.55e-19,1.03 (0.95 - 1.12),no,1.61 (1.49 - 1.73),yes,1.86 (1.77 - 1.96),yes,2.27 (2.13 - 2.42),yes
427,Cardiac dysrhythmias,circulatory system,Tier 1,area + density (both independent),SFD↑ VFD↑ SFI↑ VFI↑,5609,8.145873436969995e-180,1.413974962385207e-170,1.8321735383193945e-22,8.15e-180,1.41e-170,1.83e-22,1.32 (1.24 - 1.41),yes,1.32 (1.24 - 1.40),yes,1.88 (1.80 - 1.97),yes,1.86 (1.76 - 1.96),yes
426.7,Abnormal electrocardiogram [ECG] [EKG],circulatory system,Tier 1,area + density (both independent),SFD↑ VFD↑ SFI↑ VFI↑,4131,2.4729578834734922e-179,3.5636925446142266e-171,3.2098720465103923e-22,2.47e-179,3.56e-171,3.21e-22,1.35 (1.26 - 1.46),yes,1.40 (1.31 - 1.51),yes,2.02 (1.92 - 2.13),yes,2.01 (1.90 - 2.14),yes
994.2,Sepsis,injuries & poisonings,Tier 1,area + density (both independent),SFD↑ VFD↑ VFI↑,2416,6.912332728505662e-179,2.730989867982596e-147,1.4374573002660073e-17,6.91e-179,2.73e-147,1.44e-17,1.03 (0.94 - 1.12),no,1.59 (1.48 - 1.72),yes,1.89 (1.79 - 1.98),yes,2.28 (2.14 - 2.43),yes
426,Cardiac conduction disorders,circulatory system,Tier 1,area + density (both independent),SFD↑ VFD↑ SFI↑ VFI↑,5232,9.051392047257727e-175,3.711753079420246e-167,1.741829647445754e-21,9.05e-175,3.71e-167,1.74e-21,1.30 (1.21 - 1.39),yes,1.38 (1.29 - 1.47),yes,1.91 (1.82 - 2.01),yes,1.92 (1.82 - 2.03),yes
285.2,Anemia of chronic disease,hematopoietic,Tier 1,area + density (both independent),SFD↑ VFD↑ VFI↑,1064,9.66462163266731e-170,9.604681185584589e-125,1.816450304163739e-07,9.66e-170,9.6e-125,1.82e-07,0.99 (0.86 - 1.13),no,1.63 (1.45 - 1.82),yes,2.44 (2.26 - 2.63),yes,3.19 (2.90 - 3.50),yes
782.3,Edema,symptoms,Tier 1,area + density (both independent),SFD↑ VFD↑ VFI↑,1651,1.0721641406324942e-168,3.149798881223084e-135,4.945762176624073e-07,1.07e-168,3.15e-135,4.95e-07,1.06 (0.96 - 1.17),no,1.45 (1.33 - 1.58),yes,2.12 (2.00 - 2.26),yes,2.47 (2.29 - 2.66),yes
276.6,Fluid overload,endocrine/metabolic,Tier 1,area + density (both independent),SFD↑ VFD↑ VFI↑,442,4.5389831189836044e-167,5.063158692031874e-133,2.0183094195159714e-13,4.54e-167,5.06e-133,2.02e-13,1.07 (0.89 - 1.28),no,2.29 (1.96 - 2.68),yes,3.65 (3.27 - 4.08),yes,6.00 (5.20 - 6.93),yes
585,Renal failure,genitourinary,Tier 1,area + density (both independent),SFD↑ VFD↑ VFI↑,3005,1.1644654681622502e-157,3.012924545417703e-138,1.4220150913651314e-15,1.16e-157,3.01e-138,1.42e-15,1.09 (1.01 - 1.18),no,1.51 (1.41 - 1.62),yes,1.84 (1.75 - 1.94),yes,2.09 (1.96 - 2.22),yes
250,Diabetes mellitus,endocrine/metabolic,Tier 1,area + density (both independent),SFD↑ VFD↑ VFI↑,3583,8.127913263927583e-157,3.816309900006998e-88,1.526603284373536e-104,8.13e-157,3.82e-88,1.53e-104,1.14 (1.07 - 1.22),no,2.22 (2.08 - 2.37),yes,1.38 (1.32 - 1.45),yes,1.69 (1.60 - 1.79),yes
250.2,Type 2 diabetes,endocrine/metabolic,Tier 1,area + density (both independent),SFD↑ VFD↑ VFI↑,3416,3.4776518433495265e-150,1.6455184283873473e-82,6.487925828326915e-99,3.48e-150,1.65e-82,6.49e-99,1.14 (1.07 - 1.22),no,2.21 (2.07 - 2.36),yes,1.37 (1.31 - 1.44),yes,1.67 (1.58 - 1.77),yes
508,Pulmonary collapse; interstitial and compensatory emphysema,respiratory,Tier 1,area + density (both independent),SFD↑ VFD↑ VFI↑,1213,1.1304906021789603e-148,1.8105056540652687e-121,7.502341147986144e-06,1.13e-148,1.81e-121,7.5e-06,1.12 (1.00 - 1.25),no,1.51 (1.36 - 1.67),yes,2.36 (2.20 - 2.53),yes,2.64 (2.42 - 2.88),yes
260.2,severe protein-calorie malnutrition,endocrine/metabolic,Tier 1,density independent of area,SFD↑ VFD↑ VFI↑,597,1.0587832120018938e-147,1.0161830789894451e-87,0.0013412008728338,1.06e-147,1.02e-87,0.00134,0.89 (0.71 - 1.12),no,1.66 (1.39 - 1.99),yes,2.73 (2.46 - 3.01),yes,4.00 (3.52 - 4.56),yes
571,Chronic liver disease and cirrhosis,digestive,Tier 1,area + density (both independent),SFD↑ VFD↑ VFI↑,2731,2.4316740008606413e-144,5.055945662937587e-131,1.0404899489975192e-53,2.43e-144,5.06e-131,1.04e-53,1.10 (1.02 - 1.19),no,1.91 (1.78 - 2.05),yes,1.73 (1.64 - 1.83),yes,2.15 (2.01 - 2.28),yes
509.1,Respiratory failure,respiratory,Tier 1,density independent of area,SFD↑ VFD↑ VFI↑,1034,8.485037151683678e-138,1.4233858182701843e-113,0.0005995180990235,8.49e-138,1.42e-113,0.0006,1.11 (0.98 - 1.25),no,1.47 (1.32 - 1.63),yes,2.48 (2.29 - 2.67),yes,2.64 (2.40 - 2.90),yes
585.1,Acute renal failure,genitourinary,Tier 1,area + density (both independent),SFD↑ VFD↑ VFI↑,1718,1.8267119999890535e-136,4.48178487209165e-110,4.860181821337198e-09,1.83e-136,4.48e-110,4.86e-09,1.04 (0.94 - 1.15),no,1.49 (1.37 - 1.63),yes,1.97 (1.85 - 2.09),yes,2.36 (2.19 - 2.55),yes
278.1,Obesity,endocrine/metabolic,Tier 1,area + density (both independent),SFD↑ VFD↑ SFI↑ VFI↑,2836,7.998229009864034e-132,2.5017418513028056e-88,1.3491384906665608e-103,8e-132,2.5e-88,1.35e-103,1.89 (1.76 - 2.04),yes,1.77 (1.64 - 1.91),yes,1.88 (1.75 - 2.02),yes,1.76 (1.62 - 1.90),yes
278.11,Morbid obesity,endocrine/metabolic,Tier 1,area + density (both independent),SFD↑ VFD↑ SFI↑ VFI↑,1319,3.98876048850697e-126,4.5330137237578874e-97,8.732035269568624e-89,3.99e-126,4.53e-97,8.73e-89,2.22 (2.01 - 2.45),yes,2.02 (1.82 - 2.24),yes,2.63 (2.38 - 2.90),yes,2.40 (2.14 - 2.69),yes
994.21,Septic shock,injuries & poisonings,Tier 1,area + density (both independent),SFD↑ VFD↑ VFI↑,681,6.0294996129297e-125,1.61051783807056e-90,5.686147085637172e-06,6.03e-125,1.61e-90,5.69e-06,0.97 (0.83 - 1.13),no,1.65 (1.45 - 1.88),yes,2.41 (2.21 - 2.63),yes,3.25 (2.91 - 3.63),yes
567,Peritonitis and retroperitoneal infections,digestive,Tier 1,area + density (both independent),SFD↑ VFD↑ VFI↑,1406,1.3847472198819383e-121,1.7751147326046525e-96,3.1157850439458663e-16,1.38e-121,1.78e-96,3.12e-16,0.95 (0.85 - 1.06),no,1.63 (1.47 - 1.79),yes,1.79 (1.67 - 1.91),yes,2.55 (2.36 - 2.77),yes
539,Bariatric surgery,digestive,Tier 1,area + density (both independent),SFD↑ VFD↑ SFI↑,642,6.952806546021653e-117,1.4782029286191427e-82,2.8737290495549377e-41,6.95e-117,1.48e-82,2.87e-41,2.21 (1.96 - 2.48),yes,0.95 (0.83 - 1.09),no,2.91 (2.65 - 3.20),yes,2.31 (2.06 - 2.58),yes
278,"Overweight, obesity and other hyperalimentation",endocrine/metabolic,Tier 1,area + density (both independent),SFD↑ VFD↑ SFI↑ VFI↑,3575,4.459353784746716e-115,4.829476517988373e-78,5.4811938705498745e-93,4.46e-115,4.83e-78,5.48e-93,1.72 (1.61 - 1.84),yes,1.64 (1.53 - 1.75),yes,1.63 (1.54 - 1.73),yes,1.59 (1.48 - 1.70),yes
287.3,Thrombocytopenia,hematopoietic,Tier 1,area + density (both independent),SFD↑ VFD↑ VFI↑,1198,3.144535896919605e-112,2.785706451968459e-96,1.5246191624491625e-14,3.14e-112,2.79e-96,1.52e-14,1.04 (0.93 - 1.17),no,1.58 (1.43 - 1.75),yes,1.84 (1.72 - 1.98),yes,2.64 (2.42 - 2.87),yes
287,Purpura and other hemorrhagic conditions,hematopoietic,Tier 1,area + density (both independent),SFD↑ VFD↑ VFI↑,1261,9.442777126643682e-112,3.583344815446059e-94,3.251405526914602e-13,9.44e-112,3.58e-94,3.25e-13,1.03 (0.92 - 1.15),no,1.54 (1.39 - 1.70),yes,1.82 (1.70 - 1.94),yes,2.57 (2.36 - 2.79),yes
427.7,Tachycardia NOS,circulatory system,Tier 1,area + density (both independent),SFD↑ VFD↑ SFI↑ VFI↑,1875,2.1866637672564752e-111,4.2571909041002097e-109,7.710107488499617e-19,2.19e-111,4.26e-109,7.71e-19,1.38 (1.26 - 1.52),yes,1.49 (1.36 - 1.64),yes,2.00 (1.88 - 2.13),yes,2.09 (1.94 - 2.26),yes
276.4,Acid-base balance disorder,endocrine/metabolic,Tier 1,area + density (both independent),SFD↑ VFD↑ VFI↑,751,2.6786763890205453e-110,3.5748861640604715e-90,6.790842808966436e-06,2.68e-110,3.57e-90,6.79e-06,1.05 (0.91 - 1.22),no,1.64 (1.45 - 1.86),yes,2.44 (2.24 - 2.67),yes,2.92 (2.62 - 3.26),yes
569,Other disorders of intestine,digestive,Tier 1,area + density (both independent),SFD↑ VFD↑ VFI↑,2355,5.765841306021275e-109,7.341299656003643e-89,1.4018609452440571e-05,5.77e-109,7.34e-89,1.4e-05,1.16 (1.06 - 1.26),no,1.21 (1.12 - 1.31),yes,1.72 (1.63 - 1.81),yes,1.89 (1.77 - 2.02),yes
198,Secondary malignant neoplasm,neoplasms,Tier 1,area + density (both independent),SFD↑ VFD↑ VFI↑,2579,1.737608202381344e-108,3.570209071926696e-86,2.184538099834256e-08,1.74e-108,3.57e-86,2.18e-08,1.04 (0.95 - 1.14),no,1.33 (1.22 - 1.44),yes,1.57 (1.49 - 1.65),yes,1.94 (1.82 - 2.06),yes
573.5,Jaundice (not of newborn),digestive,Tier 1,area + density (both independent),SFD↑ VFD↑ VFI↑,465,1.95156721563314e-105,8.419539848568178e-92,4.929668405711238e-21,1.95e-105,8.42e-92,4.93e-21,1.16 (0.95 - 1.41),no,2.69 (2.28 - 3.17),yes,2.75 (2.46 - 3.07),yes,4.66 (4.03 - 5.39),yes
560,Intestinal obstruction without mention of hernia,digestive,Tier 1,density independent of area,SFD↑ VFD↑,2369,7.692125443208904e-105,1.4207645274747918e-60,0.4397074910018059,7.69e-105,1.42e-60,0.44,0.92 (0.83 - 1.01),no,1.08 (0.98 - 1.19),no,1.57 (1.48 - 1.66),yes,1.92 (1.79 - 2.06),yes
285.1,Acute posthemorrhagic anemia,hematopoietic,Tier 1,density independent of area,SFD↑ VFD↑ VFI↑,906,4.043162317765398e-104,1.054756583021189e-76,0.0107790338923757,4.04e-104,1.05e-76,0.0108,1.02 (0.89 - 1.17),no,1.37 (1.21 - 1.54),yes,2.19 (2.02 - 2.38),yes,2.64 (2.39 - 2.92),yes
041,Bacterial infection NOS,infectious diseases,Tier 1,area + density (both independent),SFD↑ VFD↑ VFI↑,1880,5.356123105511448e-104,6.286599304131112e-95,3.701615002439633e-11,5.36e-104,6.29e-95,3.7e-11,1.15 (1.05 - 1.25),no,1.46 (1.34 - 1.59),yes,1.79 (1.69 - 1.89),yes,1.99 (1.86 - 2.14),yes
317.11,Alcoholic liver damage,mental disorders,Tier 1,area + density (both independent),SFD↑ VFD↑ VFI↑,353,2.25033680184607e-103,1.202905937409788e-91,2.2306837226186436e-20,2.25e-103,1.2e-91,2.23e-20,1.05 (0.88 - 1.26),no,2.36 (1.99 - 2.79),yes,2.52 (2.24 - 2.82),yes,4.95 (4.27 - 5.74),yes
571.5,Other chronic nonalcoholic liver disease,digestive,Tier 1,area + density (both independent),SFD↑ VFD↑ VFI↑,2402,2.2557557066176363e-103,2.1335977840273418e-91,5.637942297071317e-43,2.26e-103,2.13e-91,5.64e-43,1.08 (1.00 - 1.17),no,1.83 (1.70 - 1.97),yes,1.63 (1.54 - 1.73),yes,1.95 (1.83 - 2.09),yes
452,Other venous embolism and thrombosis,circulatory system,Tier 1,area + density (both independent),SFD↑ VFD↑ VFI↑,1669,3.283598117865333e-101,1.2110938944649394e-87,8.079990943015202e-08,3.28e-101,1.21e-87,8.08e-08,1.15 (1.04 - 1.27),no,1.38 (1.26 - 1.51),yes,1.81 (1.71 - 1.92),yes,2.08 (1.93 - 2.24),yes
573,Other disorders of liver,digestive,Tier 1,area + density (both independent),SFD↑ VFD↑ VFI↑,1484,1.375290346264249e-100,3.7252551062794017e-85,1.6106507035728812e-14,1.38e-100,3.73e-85,1.61e-14,1.02 (0.91 - 1.15),no,1.63 (1.48 - 1.80),yes,1.80 (1.69 - 1.93),yes,2.35 (2.17 - 2.55),yes
427.2,Atrial fibrillation and flutter,circulatory system,Tier 1,area + density (both independent),SFD↑ VFD↑ SFI↑ VFI↑,1814,1.421256274598698e-99,1.910743878069818e-88,1.694720993286977e-08,1.42e-99,1.91e-88,1.69e-08,1.39 (1.24 - 1.56),yes,1.26 (1.14 - 1.39),yes,2.19 (2.03 - 2.36),yes,2.14 (1.95 - 2.34),yes
585.3,Chronic renal failure [CKD],genitourinary,Tier 1,area + density (both independent),SFD↑ VFD↑ VFI↑,1421,9.987643927078241e-98,1.7383739404775128e-91,6.3066341173870266e-15,9.99e-98,1.74e-91,6.31e-15,1.19 (1.07 - 1.33),no,1.66 (1.51 - 1.82),yes,1.92 (1.80 - 2.05),yes,2.16 (1.99 - 2.34),yes
280,Iron deficiency anemias,hematopoietic,Tier 1,density independent of area,SFD↑ VFD↑,1625,2.100007080880876e-97,2.4268041988862013e-73,0.1021213563747856,2.1e-97,2.43e-73,0.102,1.09 (0.99 - 1.21),no,1.13 (1.03 - 1.25),no,1.86 (1.74 - 1.98),yes,1.99 (1.85 - 2.16),yes
427.21,Atrial fibrillation,circulatory system,Tier 1,area + density (both independent),SFD↑ VFD↑ SFI↑ VFI↑,1733,1.486092469687715e-93,1.4007800772548454e-83,4.1997349795503934e-08,1.49e-93,1.4e-83,4.2e-08,1.38 (1.23 - 1.55),yes,1.27 (1.15 - 1.40),yes,2.17 (2.01 - 2.34),yes,2.14 (1.96 - 2.35),yes
286,Coagulation defects,hematopoietic,Tier 1,area + density (both independent),SFD↑ VFD↑ VFI↑,833,1.8186920368010516e-93,9.077359214465723e-78,8.670288696701045e-08,1.82e-93,9.08e-78,8.67e-08,1.09 (0.95 - 1.24),no,1.55 (1.37 - 1.74),yes,2.05 (1.89 - 2.21),yes,2.68 (2.43 - 2.97),yes
276.41,Acidosis,endocrine/metabolic,Tier 1,area + density (both independent),SFD↑ VFD↑ VFI↑,626,1.1501971319923364e-91,1.0280819635056246e-77,7.71480547194151e-06,1.15e-91,1.03e-77,7.71e-06,1.10 (0.94 - 1.29),no,1.68 (1.47 - 1.92),yes,2.46 (2.24 - 2.70),yes,2.91 (2.58 - 3.27),yes
198.4,Secondary malignant neoplasm of liver,neoplasms,Tier 1,area + density (both independent),SFD↑ VFD↑ VFI↑,890,1.0851653363435895e-90,7.22066203412829e-75,1.5253378825136295e-10,1.09e-90,7.22e-75,1.53e-10,1.11 (0.95 - 1.29),no,1.67 (1.47 - 1.90),yes,1.91 (1.77 - 2.06),yes,2.66 (2.40 - 2.93),yes
458,Hypotension,circulatory system,Tier 1,density independent of area,SFD↑ VFD↑ VFI↑,1222,4.5285142182648256e-88,5.68390237835127e-72,0.0001037469725065,4.53e-88,5.68e-72,0.000104,1.11 (0.99 - 1.25),no,1.38 (1.24 - 1.53),yes,1.85 (1.73 - 1.98),yes,2.13 (1.96 - 2.32),yes
292.4,Altered mental status,mental disorders,Tier 1,density independent of area,SFD↑ VFD↑,1241,1.1988575848460628e-84,2.8414920927620896e-60,0.4941524733745395,1.2e-84,2.84e-60,0.494,1.06 (0.94 - 1.20),no,1.17 (1.05 - 1.30),no,1.87 (1.74 - 2.00),yes,1.97 (1.81 - 2.15),yes
250.3,Insulin pump user,endocrine/metabolic,Tier 1,area + density (both independent),SFD↑ VFD↑ VFI↑,949,6.389133337183441e-84,2.5434946734698264e-61,1.0313118123084741e-51,6.39e-84,2.54e-61,1.03e-51,1.11 (0.98 - 1.24),no,2.53 (2.28 - 2.81),yes,1.62 (1.50 - 1.75),yes,2.27 (2.06 - 2.50),yes
458.9,Hypotension NOS,circulatory system,Tier 1,density independent of area,SFD↑ VFD↑ VFI↑,948,1.7912540623359897e-83,1.0872965619228149e-66,0.0013543208101054,1.79e-83,1.09e-66,0.00135,1.12 (0.98 - 1.27),no,1.37 (1.22 - 1.53),yes,1.96 (1.82 - 2.11),yes,2.27 (2.06 - 2.49),yes
560.4,Other intestinal obstruction,digestive,Tier 1,density independent of area,SFD↑ VFD↑,1766,3.0536003446037412e-83,8.206810742027503e-49,0.4151562225480966,3.05e-83,8.21e-49,0.415,0.91 (0.81 - 1.02),no,1.07 (0.96 - 1.19),no,1.49 (1.39 - 1.58),yes,1.92 (1.78 - 2.09),yes
530.2,Esophageal bleeding (varices/hemorrhage),digestive,Tier 1,area + density (both independent),SFD↑ VFD↑ VFI↑,455,4.1868051380570254e-83,6.487903674199794e-73,1.8073013313837736e-10,4.19e-83,6.49e-73,1.81e-10,1.17 (0.98 - 1.40),no,1.65 (1.41 - 1.93),yes,2.05 (1.85 - 2.27),yes,3.39 (2.98 - 3.85),yes
427.3,Other specified cardiac dysrhythmias,circulatory system,Tier 1,area + density (both independent),SFD↑ VFD↑ SFI↑ VFI↑,1336,8.0067971709660315e-81,4.039232026788228e-75,4.454191863707731e-08,8.01e-81,4.04e-75,4.45e-08,1.34 (1.20 - 1.50),yes,1.33 (1.19 - 1.48),yes,2.02 (1.87 - 2.17),yes,1.99 (1.82 - 2.17),yes
286.7,Other and unspecified coagulation defects,hematopoietic,Tier 1,area + density (both independent),SFD↑ VFD↑ VFI↑,335,5.534493401151879e-78,5.388360132235817e-59,4.186911207301496e-06,5.53e-78,5.39e-59,4.19e-06,0.96 (0.78 - 1.18),no,1.79 (1.49 - 2.15),yes,2.49 (2.22 - 2.80),yes,4.01 (3.45 - 4.67),yes
285.21,Anemia in chronic kidney disease,hematopoietic,Tier 1,area + density (both independent),SFD↑ VFD↑ VFI↑,305,1.0142615756383687e-77,1.872276343817156e-58,6.193722476214249e-07,1.01e-77,1.87e-58,6.19e-07,0.90 (0.70 - 1.14),no,2.12 (1.77 - 2.54),yes,2.82 (2.48 - 3.21),yes,4.00 (3.39 - 4.70),yes
585.32,End stage renal disease,genitourinary,Tier 1,area + density (both independent),SFD↑ VFD↑ VFI↑,362,5.0639058374857535e-77,1.1887688746144648e-61,1.517387153766757e-13,5.06e-77,1.19e-61,1.52e-13,1.00 (0.81 - 1.24),no,2.42 (2.04 - 2.87),yes,2.43 (2.17 - 2.73),yes,3.58 (3.09 - 4.15),yes
401,Hypertension,circulatory system,Tier 1,area + density (both independent),SFD↑ VFD↑ SFI↑ VFI↑,7681,5.08252027668732e-77,2.1925345309726595e-55,2.5906535679009596e-41,5.08e-77,2.19e-55,2.59e-41,1.20 (1.13 - 1.28),yes,1.60 (1.50 - 1.70),yes,1.29 (1.24 - 1.35),yes,1.35 (1.28 - 1.41),yes
317.1,Alcoholism,mental disorders,Tier 1,area + density (both independent),SFD↑ VFD↑ VFI↑,734,1.1059761427692767e-76,5.708528022546871e-71,2.5797577290484904e-19,1.11e-76,5.71e-71,2.58e-19,1.05 (0.92 - 1.20),no,1.88 (1.66 - 2.14),yes,1.81 (1.66 - 1.97),yes,2.76 (2.49 - 3.07),yes
585.31,Renal dialysis,genitourinary,Tier 1,area + density (both independent),SFD↑ VFD↑ VFI↑,365,1.418412961277863e-76,3.555751515351435e-66,2.9693027228151258e-08,1.42e-76,3.56e-66,2.97e-08,1.16 (0.95 - 1.41),no,2.03 (1.71 - 2.40),yes,2.62 (2.34 - 2.93),yes,3.44 (2.97 - 3.98),yes
317,Alcohol-related disorders,mental disorders,Tier 1,area + density (both independent),SFD↑ VFD↑ VFI↑,861,3.9884028040040006e-76,9.681096481761995e-71,3.625543062252454e-21,3.99e-76,9.68e-71,3.63e-21,1.04 (0.92 - 1.18),no,1.87 (1.66 - 2.10),yes,1.75 (1.61 - 1.89),yes,2.58 (2.34 - 2.84),yes
569.2,Gastrointestinal complications,digestive,Tier 1,area + density (both independent),SFD↑ VFD↑ SFI↑,757,1.7868938657144771e-75,4.2590938414818465e-59,3.411856211583698e-11,1.79e-75,4.26e-59,3.41e-11,1.54 (1.35 - 1.75),yes,1.13 (0.98 - 1.29),no,2.08 (1.92 - 2.27),yes,2.25 (2.02 - 2.51),yes
575.2,Obstruction of bile duct,digestive,Tier 1,area + density (both independent),SFD↑ VFD↑ VFI↑,541,3.645216365822168e-75,1.1736839402420543e-68,1.0295093381705127e-16,3.65e-75,1.17e-68,1.03e-16,1.30 (1.08 - 1.57),no,2.11 (1.81 - 2.46),yes,2.08 (1.89 - 2.29),yes,3.18 (2.80 - 3.61),yes
198.3,Secondary malignant neoplasm of digestive systems,neoplasms,Tier 1,area + density (both independent),SFD↑ VFD↑ VFI↑,780,6.678254490324486e-75,6.4646795983443215e-55,1.3303182992586358e-05,6.68e-75,6.46e-55,1.33e-05,0.94 (0.79 - 1.11),no,1.48 (1.28 - 1.70),yes,1.73 (1.59 - 1.87),yes,2.58 (2.32 - 2.88),yes
284,Aplastic anemia,hematopoietic,Tier 1,area + density (both independent),SFD↑ VFD↑ VFI↑,580,4.893528532569645e-72,9.070847084738735e-61,1.3711133302785701e-07,4.89e-72,9.07e-61,1.37e-07,1.06 (0.89 - 1.25),no,1.72 (1.48 - 1.99),yes,2.16 (1.96 - 2.38),yes,2.96 (2.62 - 3.34),yes
276.5,Hypovolemia,endocrine/metabolic,Tier 1,area + density (both independent),SFD↑ VFD↑ SFI↑ VFI↑,1369,1.69468706308192e-71,6.02202286709929e-66,1.571934031612008e-07,1.69e-71,6.02e-66,1.57e-07,1.28 (1.15 - 1.43),yes,1.31 (1.18 - 1.46),yes,1.81 (1.70 - 1.94),yes,1.95 (1.79 - 2.12),yes
292,Neurological disorders,mental disorders,Tier 1,density independent of area,SFD↑ VFD↑,1909,2.736936062926173e-70,7.016733025601174e-53,0.2304764633016564,2.74e-70,7.02e-53,0.23,1.08 (0.98 - 1.19),no,1.09 (1.00 - 1.19),no,1.64 (1.55 - 1.74),yes,1.61 (1.50 - 1.73),yes
284.1,Pancytopenia,hematopoietic,Tier 1,area + density (both independent),SFD↑ VFD↑ VFI↑,569,8.726347908560913e-70,8.647282072671396e-60,5.104172409859266e-08,8.73e-70,8.65e-60,5.1e-08,1.07 (0.90 - 1.26),no,1.74 (1.50 - 2.02),yes,2.15 (1.95 - 2.37),yes,2.95 (2.61 - 3.34),yes
401.2,Hypertensive heart and/or renal disease,circulatory system,Tier 1,area + density (both independent),SFD↑ VFD↑ VFI↑,1162,8.820176587029417e-70,8.20408084549718e-65,7.169792340957853e-17,8.82e-70,8.2e-65,7.17e-17,1.22 (1.07 - 1.39),no,1.89 (1.69 - 2.12),yes,1.83 (1.69 - 1.98),yes,2.05 (1.86 - 2.27),yes
157,Pancreatic cancer,neoplasms,Tier 1,area + density (both independent),SFD↑ VFD↑ VFI↑,517,5.276584905426615e-69,1.228760036794633e-63,3.008578155169407e-20,5.28e-69,1.23e-63,3.01e-20,1.27 (1.03 - 1.57),no,2.34 (1.99 - 2.76),yes,1.90 (1.72 - 2.09),yes,3.24 (2.84 - 3.70),yes
280.1,"Iron deficiency anemias, unspecified or not due to blood loss",hematopoietic,Tier 1,density independent of area,SFD↑ VFD↑,1239,1.3583265747702948e-67,2.0435548635112017e-50,0.101430553048201,1.36e-67,2.04e-50,0.101,1.12 (1.00 - 1.25),no,1.08 (0.97 - 1.20),no,1.81 (1.69 - 1.95),yes,1.89 (1.73 - 2.07),yes
155,Cancer of liver and intrahepatic bile duct,neoplasms,Tier 1,area + density (both independent),SFD↑ VFD↑ VFI↑,451,2.7519731467559276e-67,4.238190536561085e-64,3.9718835899250166e-16,2.75e-67,4.24e-64,3.97e-16,1.35 (1.12 - 1.62),no,1.94 (1.65 - 2.28),yes,1.99 (1.80 - 2.21),yes,3.21 (2.81 - 3.67),yes
401.1,Essential hypertension,circulatory system,Tier 1,area + density (both independent),SFD↑ VFD↑ SFI↑ VFI↑,7222,5.4392247610375885e-67,8.697868522660629e-45,1.296226296510025e-38,5.44e-67,8.7e-45,1.3e-38,1.20 (1.13 - 1.28),yes,1.57 (1.48 - 1.67),yes,1.26 (1.21 - 1.32),yes,1.30 (1.24 - 1.37),yes
288,Diseases of white blood cells,hematopoietic,Tier 1,area + density (both independent),SFD↑ VFD↑ VFI↑,1525,2.5944515877322224e-66,2.152297948328991e-59,2.9819702944490317e-06,2.59e-66,2.15e-59,2.98e-06,1.08 (0.98 - 1.20),no,1.38 (1.26 - 1.51),yes,1.67 (1.57 - 1.78),yes,1.85 (1.71 - 2.00),yes
276.14,Hypopotassemia,endocrine/metabolic,Tier 1,area + density (both independent),SFD↑ VFD↑ VFI↑,1269,6.087490323335833e-66,7.881599504405891e-63,5.1431090760086055e-08,6.09e-66,7.88e-63,5.14e-08,1.16 (1.03 - 1.30),no,1.45 (1.31 - 1.60),yes,1.79 (1.67 - 1.92),yes,2.01 (1.84 - 2.19),yes
575,Other biliary tract disease,digestive,Tier 1,area + density (both independent),SFD↑ VFD↑ VFI↑,1683,1.2849528910561184e-64,5.084052318295046e-60,8.390922208135809e-11,1.28e-64,5.08e-60,8.39e-11,1.13 (1.02 - 1.25),no,1.43 (1.31 - 1.56),yes,1.57 (1.48 - 1.66),yes,1.85 (1.72 - 1.99),yes
260.3,Adult failure to thrive,endocrine/metabolic,Tier 1,density independent of area,SFD↑ VFD↑,342,1.3309598534574176e-64,8.67606962866896e-37,0.0759705044432647,1.33e-64,8.68e-37,0.076,0.80 (0.59 - 1.07),no,1.49 (1.19 - 1.87),no,2.34 (2.06 - 2.66),yes,2.89 (2.44 - 3.41),yes
276.13,Hyperpotassemia,endocrine/metabolic,Tier 1,density independent of area,SFD↑ VFD↑ VFI↑,391,2.201163230686224e-64,3.987411310242974e-47,0.0005539372056507,2.2e-64,3.99e-47,0.000554,0.89 (0.72 - 1.09),no,1.65 (1.40 - 1.96),yes,2.36 (2.10 - 2.65),yes,3.16 (2.73 - 3.66),yes
159,Malignant neoplasm of other and ill-defined sites within the digestive organs and peritoneum,neoplasms,Tier 1,area + density (both independent),SFD↑ VFD↑ VFI↑,795,3.2903235465221586e-63,5.189630642697669e-50,1.5236979063250762e-08,3.29e-63,5.19e-50,1.52e-08,0.98 (0.83 - 1.16),no,1.59 (1.38 - 1.82),yes,1.63 (1.51 - 1.77),yes,2.41 (2.17 - 2.68),yes
288.2,Elevated white blood cell count,hematopoietic,Tier 1,area + density (both independent),SFD↑ VFD↑ VFI↑,1369,3.9567954394081876e-62,1.6052417010165198e-56,5.051056687493557e-06,3.96e-62,1.61e-56,5.05e-06,1.11 (0.99 - 1.23),no,1.39 (1.26 - 1.53),yes,1.70 (1.59 - 1.81),yes,1.85 (1.71 - 2.01),yes
318,Tobacco use disorder,mental disorders,Tier 1,density independent of area,SFD↑ VFD↑ VFI↑,3253,1.1810141941898705e-61,2.7740755075488843e-53,0.0004569503247771,1.18e-61,2.77e-53,0.000457,1.06 (0.99 - 1.14),no,1.17 (1.09 - 1.25),yes,1.43 (1.36 - 1.50),yes,1.57 (1.48 - 1.66),yes
579.2,Splenomegaly,digestive,Tier 1,area + density (both independent),SFD↑ VFD↑ VFI↑,491,2.3476478433924524e-61,1.127154819671264e-42,1.5533989008270163e-09,2.35e-61,1.13e-42,1.55e-09,0.76 (0.64 - 0.90),no,1.63 (1.40 - 1.89),yes,1.78 (1.61 - 1.97),yes,2.84 (2.51 - 3.22),yes
428,Congestive heart failure; nonhypertensive,circulatory system,Tier 1,area + density (both independent),SFD↑ VFD↑ VFI↑,1320,3.900080651822084e-61,1.6231250159046272e-57,2.378473616662411e-05,3.9e-61,1.62e-57,2.38e-05,1.18 (1.06 - 1.32),no,1.33 (1.22 - 1.46),yes,1.73 (1.62 - 1.85),yes,1.77 (1.63 - 1.93),yes
452.2,Deep vein thrombosis [DVT],circulatory system,Tier 1,density independent of area,SFD↑ VFD↑ VFI↑,850,1.9719865987827553e-60,1.0143709894620848e-52,0.0042006945645375,1.97e-60,1.01e-52,0.0042,1.18 (1.04 - 1.35),no,1.31 (1.16 - 1.48),yes,1.92 (1.77 - 2.07),yes,2.00 (1.81 - 2.21),yes
197,Chemotherapy,neoplasms,Tier 1,density independent of area,SFD↑ VFD↑ VFI↑,2415,2.2130538354753776e-60,5.4060713270290456e-46,0.0002724184643142,2.21e-60,5.41e-46,0.000272,0.96 (0.88 - 1.05),no,1.23 (1.13 - 1.33),yes,1.42 (1.35 - 1.50),yes,1.65 (1.55 - 1.76),yes
512.7,Shortness of breath,respiratory,Tier 1,area + density (both independent),SFD↑ VFD↑ SFI↑ VFI↑,3068,2.2849191975430287e-60,8.533167987328607e-61,1.399289740397442e-07,2.28e-60,8.53e-61,1.4e-07,1.21 (1.13 - 1.30),yes,1.20 (1.12 - 1.28),yes,1.50 (1.43 - 1.57),yes,1.42 (1.34 - 1.50),yes
578.9,Hemorrhage of gastrointestinal tract,digestive,Tier 1,density independent of area,SFD↑ VFD↑,852,3.8218310370900893e-60,2.658507259953503e-46,0.0099762838496623,3.82e-60,2.66e-46,0.00998,1.06 (0.92 - 1.22),no,1.30 (1.15 - 1.47),no,1.78 (1.65 - 1.93),yes,2.15 (1.94 - 2.38),yes
560.1,Paralytic ileus,digestive,Tier 1,density independent of area,SFD↑ VFD↑,590,5.401112559434149e-60,1.4002475127330488e-39,0.607122890746413,5.4e-60,1.4e-39,0.607,0.98 (0.82 - 1.17),no,1.24 (1.06 - 1.46),no,2.05 (1.86 - 2.26),yes,2.35 (2.08 - 2.66),yes
280.2,Iron deficiency anemia secondary to blood loss (chronic),hematopoietic,Tier 1,density independent of area,SFD↑ VFD↑,605,1.7820571001289488e-59,6.335015210496039e-41,0.122402745794035,1.78e-59,6.34e-41,0.122,0.89 (0.75 - 1.05),no,1.28 (1.11 - 1.48),no,1.98 (1.80 - 2.18),yes,2.36 (2.09 - 2.65),yes
041.2,Streptococcus infection,infectious diseases,Tier 1,area + density (both independent),SFD↑ VFD↑ VFI↑,346,1.8565261893722218e-59,1.6399046191865108e-51,8.202773379772545e-06,1.86e-59,1.64e-51,8.2e-06,1.19 (0.97 - 1.45),no,1.76 (1.47 - 2.10),yes,2.36 (2.11 - 2.64),yes,3.17 (2.73 - 3.68),yes
285.22,Anemia in neoplastic disease,hematopoietic,Tier 1,density independent of area,SFD↑ VFD↑,418,1.9098844430304113e-59,1.701254946680348e-46,0.0101484913505304,1.91e-59,1.7e-46,0.0101,1.09 (0.88 - 1.35),no,1.46 (1.22 - 1.75),no,2.30 (2.05 - 2.57),yes,2.97 (2.57 - 3.42),yes
579,Other symptoms involving abdomen and pelvis,digestive,Tier 1,area + density (both independent),SFD↑ VFD↑ VFI↑,1507,3.2524812755026286e-58,1.582436125517755e-38,7.693154322514612e-08,3.25e-58,1.58e-38,7.69e-08,0.82 (0.73 - 0.91),no,1.28 (1.16 - 1.40),yes,1.39 (1.30 - 1.48),yes,1.83 (1.69 - 1.98),yes
275,Disorders of mineral metabolism,endocrine/metabolic,Tier 1,area + density (both independent),SFD↑ VFD↑ VFI↑,1281,3.49786922696399e-57,4.174288809379613e-51,1.3993618570814155e-09,3.5e-57,4.17e-51,1.4e-09,1.06 (0.95 - 1.19),no,1.51 (1.37 - 1.66),yes,1.59 (1.49 - 1.70),yes,1.84 (1.69 - 1.99),yes
568,Other disorders of peritoneum,digestive,Tier 1,density independent of area,SFD↑ VFD↑,895,1.1002962325136369e-56,2.6070215781672574e-41,0.0723252157732063,1.1e-56,2.61e-41,0.0723,1.04 (0.91 - 1.19),no,1.19 (1.04 - 1.35),no,1.69 (1.56 - 1.83),yes,2.06 (1.86 - 2.27),yes
575.8,Other disorders of biliary tract,digestive,Tier 1,area + density (both independent),SFD↑ VFD↑ VFI↑,853,1.5039219626140688e-53,6.7169012972472355e-50,1.7739525787888964e-08,1.5e-53,6.72e-50,1.77e-08,1.25 (1.09 - 1.45),no,1.50 (1.32 - 1.70),yes,1.75 (1.62 - 1.89),yes,2.12 (1.92 - 2.35),yes
426.3,Bundle branch block,circulatory system,Tier 1,area + density (both independent),SFD↑ VFD↑ VFI↑,880,1.5303224490164912e-53,1.2855287596799242e-51,5.268840428591079e-07,1.53e-53,1.29e-51,5.27e-07,1.37 (1.18 - 1.58),no,1.41 (1.24 - 1.60),yes,2.09 (1.90 - 2.29),yes,2.14 (1.91 - 2.40),yes
707,Chronic ulcer of skin,dermatologic,Tier 1,density independent of area,SFD↑ VFD↑,569,1.5572625375899238e-52,4.0756458113938967e-47,0.0025684619462857,1.56e-52,4.08e-47,0.00257,1.29 (1.10 - 1.51),no,1.32 (1.14 - 1.53),no,2.01 (1.84 - 2.21),yes,2.01 (1.78 - 2.26),yes
250.22,Type 2 diabetes with renal manifestations,endocrine/metabolic,Tier 1,area + density (both independent),SFD↑ VFD↑ VFI↑,470,2.224863624412386e-52,1.7601312364055738e-39,2.874218879732477e-25,2.22e-52,1.76e-39,2.87e-25,1.03 (0.86 - 1.23),no,2.56 (2.22 - 2.96),yes,1.77 (1.59 - 1.97),yes,2.54 (2.21 - 2.91),yes
426.8,Other cardiac conduction disorders,circulatory system,Tier 1,area + density (both independent),SFD↑ VFD↑ VFI↑,367,1.754847448730625e-51,1.1999892879758943e-46,3.0495867591545683e-05,1.75e-51,1.2e-46,3.05e-05,1.39 (1.14 - 1.68),no,1.56 (1.29 - 1.88),yes,2.50 (2.22 - 2.83),yes,2.89 (2.47 - 3.38),yes
286.2,Encounter for long-term (current) use of anticoagulants,hematopoietic,Tier 1,density independent of area,SFD↑ VFD↑,1206,7.853035361950965e-51,3.6499121283605526e-46,0.0003944695127677,7.85e-51,3.65e-46,0.000394,1.22 (1.09 - 1.37),no,1.21 (1.09 - 1.33),no,1.74 (1.62 - 1.86),yes,1.78 (1.63 - 1.95),yes
427.6,Premature beats,circulatory system,Tier 1,density independent of area,SFD↑ VFD↑,934,3.776873889915306e-48,1.795437642364374e-41,0.0046857438203308,3.78e-48,1.8e-41,0.00469,1.26 (1.09 - 1.45),no,1.20 (1.06 - 1.36),no,1.95 (1.78 - 2.13),yes,1.96 (1.75 - 2.19),yes
416,Cardiomegaly,circulatory system,Tier 1,density independent of area,SFD↑ VFD↑,952,4.9074433356397806e-48,3.3688469166334098e-43,0.0163415462217816,4.91e-48,3.37e-43,0.0163,1.14 (1.01 - 1.29),no,1.26 (1.13 - 1.40),no,1.76 (1.63 - 1.90),yes,1.78 (1.62 - 1.96),yes
415,Pulmonary heart disease,circulatory system,Tier 1,density independent of area,SFD↑ VFD↑,1216,8.366325274714908e-48,2.0884744089029154e-44,0.0002598849177551,8.37e-48,2.09e-44,0.00026,1.24 (1.12 - 1.38),no,1.17 (1.06 - 1.29),no,1.69 (1.58 - 1.81),yes,1.63 (1.50 - 1.78),yes
575.1,Cholangitis,digestive,Tier 1,area + density (both independent),SFD↑ VFD↑ VFI↑,374,2.889879844613913e-47,5.0184568552649234e-37,5.538211711503347e-09,2.89e-47,5.02e-37,5.54e-09,0.95 (0.75 - 1.20),no,1.98 (1.65 - 2.38),yes,1.88 (1.67 - 2.10),yes,3.01 (2.59 - 3.49),yes
155.1,"Malignant neoplasm of liver, primary",neoplasms,Tier 1,area + density (both independent),SFD↑ VFD↑ VFI↑,319,1.1271793811184515e-46,3.657938849032432e-45,3.2741805642005385e-11,1.13e-46,3.66e-45,3.27e-11,1.48 (1.20 - 1.83),no,1.84 (1.52 - 2.22),yes,2.06 (1.82 - 2.32),yes,3.06 (2.62 - 3.57),yes
459,Other disorders of circulatory system,circulatory system,Tier 1,density independent of area,SFD↑ VFD↑,752,1.3410003986256592e-46,1.2862731023477838e-39,0.0085711120710143,1.34e-46,1.29e-39,0.00857,1.09 (0.95 - 1.25),no,1.30 (1.15 - 1.47),no,1.77 (1.63 - 1.93),yes,2.03 (1.83 - 2.25),yes
537,Other disorders of stomach and duodenum,digestive,Tier 1,area + density (both independent),SFD↑ VFD↑ VFI↑,1140,2.9531687501261412e-46,1.947536565489251e-40,2.9015882757227535e-05,2.95e-46,1.95e-40,2.9e-05,1.08 (0.96 - 1.22),no,1.32 (1.19 - 1.47),yes,1.53 (1.43 - 1.64),yes,1.84 (1.69 - 2.00),yes
198.1,Secondary malignancy of lymph nodes,neoplasms,Tier 1,area + density (both independent),SFD↑ VFD↑ VFI↑,983,2.83690274667133e-45,9.519372507399358e-42,6.680704871045638e-07,2.84e-45,9.52e-42,6.68e-07,1.16 (1.01 - 1.34),no,1.44 (1.27 - 1.62),yes,1.63 (1.51 - 1.75),yes,1.94 (1.76 - 2.13),yes
272.1,Hyperlipidemia,endocrine/metabolic,Tier 1,area independent of density,VFI↑,5726,1.0780876517146005e-44,0.0002173326109386,3.986347557206513e-16,1.08e-44,0.000217,3.99e-16,1.05 (0.99 - 1.12),no,1.32 (1.24 - 1.40),yes,0.93 (0.89 - 0.97),no,0.93 (0.88 - 0.98),no
272,Disorders of lipoid metabolism,endocrine/metabolic,Tier 1,area independent of density,VFI↑,5741,1.4093614545900665e-44,0.0002721167014161,3.8205750460045127e-16,1.41e-44,0.000272,3.82e-16,1.05 (0.98 - 1.12),no,1.32 (1.24 - 1.40),yes,0.93 (0.89 - 0.97),no,0.93 (0.88 - 0.98),no
401.22,Hypertensive chronic kidney disease,circulatory system,Tier 1,area + density (both independent),SFD↑ VFD↑ VFI↑,728,1.4696885727222408e-44,5.200226847203101e-42,1.4048982318643245e-13,1.47e-44,5.2e-42,1.4e-13,1.28 (1.10 - 1.50),no,1.91 (1.67 - 2.20),yes,1.75 (1.60 - 1.92),yes,1.92 (1.71 - 2.16),yes
798,Malaise and fatigue,symptoms,Tier 1,density independent of area,SFD↑ VFD↑,3463,1.3279955637598594e-41,5.938326440325796e-38,0.0025524167370397,1.33e-41,5.94e-38,0.00255,1.11 (1.03 - 1.19),no,1.12 (1.05 - 1.19),no,1.36 (1.30 - 1.42),yes,1.38 (1.30 - 1.45),yes
783,Fever of unknown origin,symptoms,Tier 1,area + density (both independent),SFD↑ VFD↑ VFI↑,2799,1.62363648686539e-41,1.657934657226619e-36,9.848198382520245e-09,1.62e-41,1.66e-36,9.85e-09,1.00 (0.92 - 1.08),no,1.32 (1.23 - 1.42),yes,1.32 (1.26 - 1.38),yes,1.49 (1.40 - 1.58),yes
512,Other symptoms of respiratory system,respiratory,Tier 1,area + density (both independent),SFD↑ VFD↑ SFI↑ VFI↑,5061,2.1013055977579607e-41,8.472301410513993e-43,2.107961434433998e-05,2.1e-41,8.47e-43,2.11e-05,1.14 (1.07 - 1.21),yes,1.14 (1.08 - 1.21),yes,1.32 (1.27 - 1.37),yes,1.24 (1.18 - 1.30),yes
707.1,Decubitus ulcer,dermatologic,Tier 1,density independent of area,SFD↑ VFD↑,372,3.6114204993121237e-41,5.26508929809947e-34,0.127515274225604,3.61e-41,5.27e-34,0.128,1.21 (0.98 - 1.50),no,1.31 (1.09 - 1.58),no,2.08 (1.86 - 2.32),yes,2.10 (1.82 - 2.43),yes
501,Pneumonitis due to inhalation of food or vomitus,respiratory,Tier 1,density independent of area,SFD↑ VFD↑,352,2.5119598767865255e-39,3.224233351159902e-33,0.1879433004948014,2.51e-39,3.22e-33,0.188,1.25 (0.99 - 1.58),no,1.17 (0.96 - 1.44),no,2.24 (1.98 - 2.54),yes,1.91 (1.62 - 2.25),yes
260.6,Anorexia,endocrine/metabolic,Tier 1,density independent of area,SFD↑ VFD↑,436,2.663577231971654e-38,2.955561796191849e-26,0.0918206319942191,2.66e-38,2.96e-26,0.0918,0.92 (0.72 - 1.16),no,1.41 (1.17 - 1.71),no,1.86 (1.67 - 2.08),yes,2.22 (1.93 - 2.56),yes
291.8,Alteration of consciousness,mental disorders,Tier 1,density independent of area,SFD↑ VFD↑,411,3.276520123979573e-38,8.429550430102155e-27,0.2354933136494082,3.28e-38,8.43e-27,0.235,0.92 (0.76 - 1.12),no,1.34 (1.13 - 1.59),no,1.90 (1.71 - 2.12),yes,2.18 (1.89 - 2.51),yes
428.1,Congestive heart failure (CHF) NOS,circulatory system,Tier 1,density independent of area,SFD↑ VFD↑ VFI↑,796,1.344307304109149e-37,1.0836528605999535e-34,0.0054110371318409,1.34e-37,1.08e-34,0.00541,1.13 (0.99 - 1.30),no,1.33 (1.18 - 1.49),yes,1.70 (1.56 - 1.84),yes,1.77 (1.59 - 1.96),yes
427.22,Atrial flutter,circulatory system,Tier 1,density independent of area,SFD↑ VFD↑,332,1.506240483085596e-37,1.4224029061717308e-30,0.1373157037395324,1.51e-37,1.42e-30,0.137,1.26 (1.01 - 1.56),no,1.21 (1.00 - 1.46),no,2.41 (2.11 - 2.75),yes,2.40 (2.03 - 2.84),yes
411,Ischemic Heart Disease,circulatory system,Tier 1,area + density (both independent),SFD↑ VFD↑ SFI↑ VFI↑,2214,4.434289222600948e-37,5.3441562805289584e-36,6.346820409536409e-16,4.43e-37,5.34e-36,6.35e-16,1.25 (1.14 - 1.37),yes,1.43 (1.32 - 1.55),yes,1.39 (1.31 - 1.47),yes,1.42 (1.33 - 1.53),yes
428.3,Heart failure with reduced EF [Systolic or combined heart failure],circulatory system,Tier 1,density independent of area,SFD↑ VFD↑ VFI↑,653,7.733761964082204e-37,8.733159282983347e-36,0.0004375140049532,7.73e-37,8.73e-36,0.000438,1.27 (1.09 - 1.47),no,1.34 (1.18 - 1.53),yes,1.80 (1.64 - 1.96),yes,1.81 (1.62 - 2.03),yes
578,Gastrointestinal hemorrhage,digestive,Tier 1,density independent of area,SFD↑ VFD↑,1925,1.3946025759701083e-36,2.5734492448983152e-27,0.400728457060841,1.39e-36,2.57e-27,0.401,0.99 (0.90 - 1.09),no,1.12 (1.03 - 1.22),no,1.39 (1.31 - 1.47),yes,1.49 (1.38 - 1.59),yes
348,Other conditions of brain,neurological,Tier 1,density independent of area,SFD↑ VFD↑,582,2.5180982863526455e-36,3.946520949189179e-27,0.1909221526454303,2.52e-36,3.95e-27,0.191,1.11 (0.96 - 1.30),no,1.03 (0.89 - 1.20),no,1.79 (1.63 - 1.96),yes,1.71 (1.52 - 1.93),yes
797,Shock,symptoms,Tier 1,density independent of area,SFD↑ VFD↑,274,4.33106212069999e-36,7.48305914189025e-28,0.0323008543025749,4.33e-36,7.48e-28,0.0323,1.00 (0.80 - 1.25),no,1.48 (1.22 - 1.80),no,2.06 (1.82 - 2.34),yes,2.62 (2.22 - 3.08),yes
290,Delirium dementia and amnestic and other cognitive disorders,mental disorders,Tier 1,density independent of area,SFD↑ VFD↑,912,1.3828508933350553e-35,5.6928946128333314e-30,0.2432429614709548,1.38e-35,5.69e-30,0.243,1.15 (0.98 - 1.34),no,1.15 (1.01 - 1.30),no,1.66 (1.53 - 1.81),yes,1.59 (1.43 - 1.77),yes
195.1,"Malignant neoplasm, other",neoplasms,Tier 1,density independent of area,SFD↑ VFD↑,1085,3.9330665546714784e-35,6.862251707938806e-27,0.0402032026509671,3.93e-35,6.86e-27,0.0402,1.01 (0.88 - 1.15),no,1.19 (1.06 - 1.34),no,1.44 (1.34 - 1.55),yes,1.72 (1.57 - 1.88),yes
564,Functional digestive disorders,digestive,Tier 1,density independent of area,SFD↑ VFD↑,3045,5.131908948292102e-35,2.443116447867398e-26,0.050563528483297,5.13e-35,2.44e-26,0.0506,0.96 (0.88 - 1.04),no,1.14 (1.05 - 1.23),no,1.31 (1.24 - 1.38),yes,1.43 (1.35 - 1.52),yes
348.8,"Encephalopathy, not elsewhere classified",neurological,Tier 1,density independent of area,SFD↑ VFD↑,385,5.842981553317679e-35,5.502660590694269e-25,0.8867879299734127,5.84e-35,5.5e-25,0.887,1.04 (0.85 - 1.27),no,1.15 (0.96 - 1.37),no,1.92 (1.72 - 2.14),yes,2.04 (1.77 - 2.36),yes
270,Disorders of protein plasma/amino-acid transport and metabolism,endocrine/metabolic,Tier 1,density independent of area,SFD↑ VFD↑ VFI↑,347,6.699862610180385e-35,7.110655110819541e-30,0.0002335163470459,6.7e-35,7.11e-30,0.000234,1.11 (0.89 - 1.38),no,1.62 (1.35 - 1.95),yes,1.90 (1.70 - 2.13),yes,2.47 (2.13 - 2.85),yes
038.1,Gram negative septicemia,infectious diseases,Tier 1,density independent of area,SFD↑ VFD↑ VFI↑,362,1.0264081335928807e-34,1.3354413584723894e-29,4.1156517716040465e-05,1.03e-34,1.34e-29,4.12e-05,1.00 (0.81 - 1.24),no,1.67 (1.41 - 1.98),yes,1.90 (1.69 - 2.14),yes,2.52 (2.17 - 2.93),yes
506,Empyema and pneumothorax,respiratory,Tier 1,density independent of area,SFD↑ VFD↑,421,3.5776909452362893e-34,8.13950178839885e-21,0.7552804890251095,3.58e-34,8.14e-21,0.755,0.91 (0.73 - 1.14),no,1.11 (0.90 - 1.36),no,1.84 (1.65 - 2.06),yes,1.94 (1.67 - 2.25),yes
070.3,Viral hepatitis C,infectious diseases,Tier 1,density independent of area,SFD↑ VFD↑,411,5.4731856179386745e-34,3.75689346465393e-23,0.0016957989130809,5.47e-34,3.76e-23,0.0017,1.30 (1.09 - 1.54),no,1.02 (0.85 - 1.23),no,1.63 (1.46 - 1.83),yes,1.98 (1.72 - 2.29),yes
561,Symptoms involving digestive system,digestive,Tier 1,density independent of area,SFD↑ VFD↑ VFI↑,4655,5.72311037502871e-34,5.680161993724053e-32,0.0005966433516016,5.72e-34,5.68e-32,0.000597,1.04 (0.97 - 1.11),no,1.18 (1.10 - 1.26),yes,1.29 (1.24 - 1.35),yes,1.36 (1.29 - 1.43),yes
288.1,Decreased white blood cell count,hematopoietic,Tier 1,density independent of area,SFD↑ VFD↑ VFI↑,1002,8.709464924930262e-34,1.0334483484570291e-28,0.000262402645352,8.71e-34,1.03e-28,0.000262,1.00 (0.88 - 1.15),no,1.36 (1.21 - 1.54),yes,1.49 (1.38 - 1.61),yes,1.78 (1.62 - 1.95),yes
250.24,Type 2 diabetes with neurological manifestations,endocrine/metabolic,Tier 1,area + density (both independent),SFD↑ VFD↑ VFI↑,375,9.180699623509212e-34,3.3053135671436214e-24,1.6136825692633285e-22,9.18e-34,3.31e-24,1.61e-22,1.14 (0.95 - 1.36),no,2.42 (2.08 - 2.81),yes,1.62 (1.43 - 1.83),yes,2.17 (1.87 - 2.52),yes
577,Diseases of pancreas,digestive,Tier 1,area + density (both independent),SFD↑ VFD↑ VFI↑,1776,1.2557139907965033e-33,2.2425992836116593e-33,1.7812311150596317e-15,1.26e-33,2.24e-33,1.78e-15,1.11 (1.01 - 1.22),no,1.47 (1.35 - 1.60),yes,1.31 (1.24 - 1.39),yes,1.56 (1.45 - 1.67),yes
290.2,Delirium due to conditions classified elsewhere,mental disorders,Tier 1,density independent of area,SFD↑ VFD↑,323,1.7304602294790484e-32,4.8124850356870044e-29,0.0089719573640534,1.73e-32,4.81e-29,0.00897,1.25 (1.00 - 1.57),no,1.53 (1.26 - 1.87),no,2.07 (1.83 - 2.34),yes,2.28 (1.94 - 2.68),yes
270.3,Disorders of plasma protein metabolism,endocrine/metabolic,Tier 1,density independent of area,SFD↑ VFD↑ VFI↑,303,1.7497048546987774e-32,9.725809039470508e-27,0.0002979177775431,1.75e-32,9.73e-27,0.000298,1.05 (0.82 - 1.33),no,1.70 (1.40 - 2.07),yes,1.91 (1.69 - 2.15),yes,2.54 (2.17 - 2.96),yes
291,Other specified nonpsychotic and/or transient mental disorders,mental disorders,Tier 1,density independent of area,SFD↑ VFD↑,485,1.7879871216417607e-32,4.36549995442159e-22,0.3175661584383638,1.79e-32,4.37e-22,0.318,0.90 (0.75 - 1.07),no,1.25 (1.06 - 1.46),no,1.73 (1.56 - 1.91),yes,1.88 (1.65 - 2.15),yes
573.9,Abnormal serum enzyme levels,digestive,Tier 1,area + density (both independent),SFD↑ VFD↑ VFI↑,777,5.425955832127196e-32,1.4902269476000036e-33,2.0693348354650267e-10,5.43e-32,1.49e-33,2.07e-10,1.27 (1.11 - 1.46),no,1.56 (1.38 - 1.77),yes,1.69 (1.54 - 1.86),yes,1.88 (1.68 - 2.10),yes
789,Nausea and vomiting,symptoms,Tier 1,area + density (both independent),SFD↑ VFD↑,6327,5.910933077988991e-32,2.8591605857786855e-29,5.324809545053965e-06,5.91e-32,2.86e-29,5.32e-06,1.13 (1.07 - 1.20),no,1.07 (1.01 - 1.13),no,1.23 (1.19 - 1.28),yes,1.27 (1.21 - 1.32),yes
277.4,Disorders of bilirubin excretion,endocrine/metabolic,Tier 1,density independent of area,SFD↑ VFD↑,237,6.966032287848421e-32,2.0147100960747925e-25,0.0049058885500071,6.97e-32,2.01e-25,0.00491,1.02 (0.80 - 1.31),no,1.56 (1.25 - 1.95),no,1.97 (1.72 - 2.25),yes,2.81 (2.36 - 3.34),yes
681,Superficial cellulitis and abscess,dermatologic,Tier 1,density independent of area,SFD↑ VFD↑ VFI↑,1502,1.3478748183632054e-31,2.5795425150638846e-31,0.0005535220546739,1.35e-31,2.58e-31,0.000554,1.12 (1.02 - 1.23),no,1.23 (1.12 - 1.34),yes,1.45 (1.36 - 1.54),yes,1.49 (1.38 - 1.60),yes
977,Personal history of allergy to medicinal agents,injuries & poisonings,Tier 1,area + density (both independent),SFD↑ VFD↑ VFI↑,1035,3.1975653657366802e-31,7.229161757372481e-32,6.8694596477040715e-06,3.2e-31,7.23e-32,6.87e-06,1.25 (1.11 - 1.40),no,1.30 (1.16 - 1.45),yes,1.58 (1.46 - 1.70),yes,1.62 (1.47 - 1.77),yes
480,Pneumonia,respiratory,Tier 1,density independent of area,SFD↑ VFD↑,1417,7.673202075566459e-31,2.546186464201606e-30,0.0124753154908081,7.67e-31,2.55e-30,0.0125,1.17 (1.05 - 1.30),no,1.15 (1.05 - 1.27),no,1.46 (1.37 - 1.55),yes,1.37 (1.27 - 1.48),yes
198.2,Secondary malignancy of respiratory organs,neoplasms,Tier 1,density independent of area,SFD↑ VFD↑,519,1.0300581578671609e-30,2.6404933514388604e-26,0.0045241160465194,1.03e-30,2.64e-26,0.00452,1.14 (0.94 - 1.39),no,1.39 (1.17 - 1.65),no,1.69 (1.54 - 1.87),yes,2.02 (1.78 - 2.29),yes
426.31,Right bundle branch block,circulatory system,Tier 1,area + density (both independent),SFD↑ VFD↑ VFI↑,399,4.331859098826196e-30,2.1487174421729397e-30,1.46511800700147e-05,4.33e-30,2.15e-30,1.47e-05,1.38 (1.13 - 1.69),no,1.54 (1.29 - 1.83),yes,2.12 (1.87 - 2.42),yes,2.34 (1.99 - 2.75),yes
289.4,Lymphadenitis,hematopoietic,Tier 1,density independent of area,SFD↑ VFD↑,1514,7.394194061870477e-30,1.6014200371901296e-25,0.0073339417250706,7.39e-30,1.6e-25,0.00733,1.02 (0.92 - 1.14),no,1.21 (1.10 - 1.33),no,1.37 (1.29 - 1.47),yes,1.55 (1.44 - 1.68),yes
275.5,Disorders of calcium/phosphorus metabolism,endocrine/metabolic,Tier 1,density independent of area,SFD↑ VFD↑ VFI↑,449,8.469608876962602e-30,1.4394526983795316e-27,0.0016784821863401,8.47e-30,1.44e-27,0.00168,1.11 (0.93 - 1.34),no,1.50 (1.28 - 1.76),yes,1.76 (1.59 - 1.95),yes,1.99 (1.75 - 2.27),yes
771.1,Swelling of limb,symptoms,Tier 1,density independent of area,SFD↑ VFD↑,739,1.8997986369309993e-29,3.9761770028687805e-27,0.122407064844797,1.9e-29,3.98e-27,0.122,1.10 (0.96 - 1.27),no,1.24 (1.09 - 1.40),no,1.62 (1.49 - 1.76),yes,1.61 (1.45 - 1.79),yes
287.32,Secondary thrombocytopenia,hematopoietic,Tier 1,density independent of area,SFD↑ VFD↑,237,2.1762173614053933e-29,7.699932480899429e-24,0.0206297906324072,2.18e-29,7.7e-24,0.0206,1.02 (0.79 - 1.31),no,1.44 (1.16 - 1.80),no,1.98 (1.72 - 2.28),yes,2.85 (2.37 - 3.42),yes
338.1,Acute pain,neurological,Tier 1,area + density (both independent),SFD↑ VFD↑ SFI↑,2124,2.2168466038201025e-29,2.82232206076464e-29,8.187677548870165e-06,2.22e-29,2.82e-29,8.19e-06,1.22 (1.12 - 1.33),yes,1.14 (1.04 - 1.24),no,1.40 (1.32 - 1.48),yes,1.35 (1.26 - 1.45),yes
585.33,"Chronic Kidney Disease, Stage III",genitourinary,Tier 1,density independent of area,SFD↑ VFD↑ VFI↑,671,4.714338580903892e-29,6.933899312406476e-29,0.0006419544060873,4.71e-29,6.93e-29,0.000642,1.17 (1.00 - 1.37),no,1.41 (1.25 - 1.60),yes,1.73 (1.57 - 1.90),yes,1.77 (1.57 - 2.00),yes
288.11,Neutropenia,hematopoietic,Tier 1,area + density (both independent),SFD↑ VFD↑ VFI↑,815,1.364906292995309e-28,4.0015955532756745e-26,5.752549796544488e-06,1.36e-28,4e-26,5.75e-06,1.03 (0.89 - 1.19),no,1.47 (1.29 - 1.67),yes,1.49 (1.37 - 1.62),yes,1.82 (1.64 - 2.02),yes
420,Carditis,circulatory system,Tier 1,density independent of area,SFD↑ VFD↑,407,1.5453607175089787e-28,2.157904799000366e-20,0.925572358786241,1.55e-28,2.16e-20,0.926,1.02 (0.83 - 1.24),no,1.15 (0.96 - 1.38),no,1.75 (1.57 - 1.94),yes,1.88 (1.64 - 2.15),yes
415.2,Chronic pulmonary heart disease,circulatory system,Tier 1,density independent of area,SFD↑ VFD↑,472,2.1337501816514563e-28,5.831468233842056e-25,0.1323850834117701,2.13e-28,5.83e-25,0.132,1.19 (1.00 - 1.40),no,1.11 (0.95 - 1.29),no,1.83 (1.65 - 2.03),yes,1.70 (1.49 - 1.94),yes
411.2,Myocardial infarction,circulatory system,Tier 1,area + density (both independent),SFD↑ VFD↑ VFI↑,783,1.425996462457935e-27,6.778087938596438e-28,3.3788837834030067e-09,1.43e-27,6.78e-28,3.38e-09,1.29 (1.12 - 1.48),no,1.54 (1.37 - 1.74),yes,1.55 (1.43 - 1.70),yes,1.61 (1.45 - 1.80),yes
512.9,Other dyspnea,respiratory,Tier 1,density independent of area,SFD↑ VFD↑ VFI↑,1452,1.6871444138932478e-27,4.505983171195022e-26,0.0045503004042745,1.69e-27,4.51e-26,0.00455,1.06 (0.95 - 1.17),no,1.28 (1.17 - 1.40),yes,1.40 (1.31 - 1.50),yes,1.39 (1.28 - 1.50),yes
426.9,Cardiac pacemaker/device in situ,circulatory system,Tier 1,density independent of area,SFD↑ VFD↑ SFI↑,523,6.704714442329589e-27,1.176332662670477e-25,9.141755583003447e-05,6.7e-27,1.18e-25,9.14e-05,1.51 (1.26 - 1.81),yes,1.16 (0.99 - 1.36),no,1.98 (1.76 - 2.22),yes,1.77 (1.53 - 2.04),yes
041.9,Infection with drug-resistant microorganisms,infectious diseases,Tier 1,density independent of area,SFD↑ VFD↑,212,1.1510409828201372e-26,5.839764135025507e-24,0.0714325878993741,1.15e-26,5.84e-24,0.0714,1.15 (0.89 - 1.49),no,1.54 (1.23 - 1.93),no,2.21 (1.91 - 2.55),yes,2.41 (1.99 - 2.92),yes
411.4,Coronary atherosclerosis,circulatory system,Tier 1,area + density (both independent),SFD↑ VFD↑ VFI↑,1733,1.2312063201900808e-26,4.0630554159378604e-24,3.734340712178162e-13,1.23e-26,4.06e-24,3.73e-13,1.24 (1.12 - 1.37),no,1.43 (1.31 - 1.56),yes,1.34 (1.25 - 1.43),yes,1.36 (1.25 - 1.47),yes
427.1,"Paroxysmal tachycardia, unspecified",circulatory system,Tier 1,density independent of area,SFD↑ VFD↑,634,2.9683906948168207e-26,7.004324393903556e-25,0.0065487241436623,2.97e-26,7e-25,0.00655,1.28 (1.09 - 1.50),no,1.19 (1.04 - 1.37),no,1.77 (1.60 - 1.95),yes,1.77 (1.57 - 2.01),yes
338,Pain,neurological,Tier 1,area + density (both independent),SFD↑ VFD↑ SFI↑,4242,4.721109109070478e-26,4.7965959690391415e-27,4.4483350699887203e-07,4.72e-26,4.8e-27,4.45e-07,1.19 (1.12 - 1.27),yes,1.09 (1.03 - 1.16),no,1.27 (1.22 - 1.33),yes,1.20 (1.14 - 1.26),yes
316,Substance addiction and disorders,mental disorders,Tier 1,density independent of area,SFD↑ VFD↑,864,5.659021516942891e-26,6.295598551325833e-22,0.0402197668259304,5.66e-26,6.3e-22,0.0402,1.13 (1.00 - 1.28),no,1.11 (0.98 - 1.27),no,1.50 (1.38 - 1.62),yes,1.64 (1.48 - 1.81),yes
573.3,Hepatomegaly,digestive,Tier 1,area + density (both independent),SFD↑ VFD↑ VFI↑,419,8.782901451888085e-26,4.563524796471914e-21,1.2910392262221334e-09,8.78e-26,4.56e-21,1.29e-09,0.87 (0.73 - 1.05),no,1.79 (1.54 - 2.09),yes,1.64 (1.45 - 1.86),yes,2.18 (1.89 - 2.51),yes
427.61,Supraventricular premature beats,circulatory system,Tier 1,density independent of area,SFD↑ VFD↑,367,2.1781940500590117e-25,3.9024138505144483e-23,0.0058893854862252,2.18e-25,3.9e-23,0.00589,1.44 (1.14 - 1.82),no,1.26 (1.03 - 1.53),no,2.07 (1.81 - 2.36),yes,2.09 (1.77 - 2.48),yes
990,Effects radiation NOS,injuries & poisonings,Tier 1,density independent of area,SFD↑ VFD↑,898,7.536096719849764e-25,1.0165572076888792e-19,0.2564104289378667,7.54e-25,1.02e-19,0.256,1.05 (0.91 - 1.22),no,1.18 (1.03 - 1.35),no,1.47 (1.36 - 1.59),yes,1.60 (1.45 - 1.77),yes
249,Secondary diabetes mellitus,endocrine/metabolic,Tier 1,area + density (both independent),SFD↑ VFD↑ VFI↑,314,1.8992286856400098e-23,4.486010328179788e-15,4.841450411857462e-15,1.9e-23,4.49e-15,4.84e-15,1.01 (0.81 - 1.24),no,2.42 (2.03 - 2.89),yes,1.46 (1.28 - 1.66),yes,1.94 (1.66 - 2.28),yes
275.3,Disorders of magnesium metabolism,endocrine/metabolic,Tier 1,area + density (both independent),SFD↑ VFD↑ VFI↑,489,1.7863298294028888e-22,1.4739860297811969e-22,3.1799265154032333e-08,1.79e-22,1.47e-22,3.18e-08,1.16 (0.97 - 1.38),no,1.66 (1.43 - 1.92),yes,1.55 (1.40 - 1.71),yes,1.89 (1.67 - 2.14),yes
573.6,Nonspecific elevation of levels of transaminase or lactic acid dehydrogenase [LDH],digestive,Tier 1,area + density (both independent),SFD↑ VFD↑ VFI↑,679,1.9077316894469761e-22,8.463660533358982e-23,1.3921802768686196e-05,1.91e-22,8.46e-23,1.39e-05,1.11 (0.96 - 1.29),no,1.49 (1.30 - 1.71),yes,1.58 (1.43 - 1.74),yes,1.82 (1.61 - 2.05),yes
509.8,Dependence on respirator [Ventilator] or supplemental oxygen,respiratory,Tier 1,density independent of area,SFD↑ VFD↑ VFI↑,239,3.6235194550417183e-22,2.3986659324020554e-23,0.0001338527981985,3.62e-22,2.4e-23,0.000134,1.41 (1.12 - 1.77),no,1.68 (1.37 - 2.06),yes,2.11 (1.82 - 2.44),yes,2.05 (1.70 - 2.47),yes
250.1,Type 1 diabetes,endocrine/metabolic,Tier 1,area + density (both independent),SFD↑ VFD↑ VFI↑,235,4.298118797666419e-22,1.7415154845187124e-20,1.2162161692451474e-12,4.3e-22,1.74e-20,1.22e-12,1.25 (0.99 - 1.58),no,2.53 (2.05 - 3.12),yes,1.73 (1.50 - 1.99),yes,2.38 (1.99 - 2.84),yes
580,Nephritis; nephrosis; renal sclerosis,genitourinary,Tier 1,area + density (both independent),SFD↑ VFD↑ VFI↑,241,4.584776269023306e-22,1.0343009239600407e-20,1.1543046673690326e-08,4.58e-22,1.03e-20,1.15e-08,1.12 (0.88 - 1.42),no,2.11 (1.74 - 2.57),yes,1.83 (1.59 - 2.11),yes,2.38 (1.99 - 2.85),yes
428.4,Heart failure with preserved EF [Diastolic heart failure],circulatory system,Tier 1,density independent of area,SFD↑ VFD↑,339,5.570121902756718e-22,4.857315389529299e-21,0.0707848068114196,5.57e-22,4.86e-21,0.0708,1.14 (0.92 - 1.42),no,1.38 (1.17 - 1.62),no,1.85 (1.63 - 2.10),yes,1.89 (1.61 - 2.22),yes
296,Mood disorders,mental disorders,Tier 1,density independent of area,SFD↑ VFD↑ SFI↑,2803,5.727698063105165e-22,2.0452953050858952e-22,5.4661272174417394e-05,5.73e-22,2.05e-22,5.47e-05,1.18 (1.09 - 1.27),yes,1.09 (1.02 - 1.17),no,1.30 (1.24 - 1.37),yes,1.26 (1.18 - 1.33),yes
454,Varicose veins,circulatory system,Tier 1,density independent of area,SFD↑ VFD↑,351,1.6230331384819177e-21,9.65386424272659e-15,0.3910816378450299,1.62e-21,9.65e-15,0.391,0.90 (0.74 - 1.10),no,1.13 (0.94 - 1.35),no,1.59 (1.41 - 1.80),yes,2.00 (1.72 - 2.33),yes
275.53,Disorders of phosphorus metabolism,endocrine/metabolic,Tier 1,density independent of area,SFD↑ VFD↑ VFI↑,219,2.714329919145266e-21,4.4543768874351626e-21,0.0001855859320115,2.71e-21,4.45e-21,0.000186,1.24 (0.96 - 1.61),no,1.79 (1.43 - 2.24),yes,1.92 (1.67 - 2.20),yes,2.34 (1.96 - 2.80),yes
420.2,Pericarditis,circulatory system,Tier 1,density independent of area,SFD↑ VFD↑,294,3.924650744761695e-21,1.0915870152036133e-13,0.842685611598593,3.92e-21,1.09e-13,0.843,0.93 (0.73 - 1.19),no,1.08 (0.87 - 1.34),no,1.71 (1.51 - 1.93),yes,1.82 (1.55 - 2.13),yes
578.1,Hematemesis,digestive,Tier 1,density independent of area,SFD↑ VFD↑,226,5.280342266845614e-21,4.538511527406877e-16,0.1638478021552389,5.28e-21,4.54e-16,0.164,1.21 (0.96 - 1.53),no,1.10 (0.86 - 1.41),no,1.95 (1.69 - 2.25),yes,2.19 (1.82 - 2.65),yes
250.23,Type 2 diabetes with ophthalmic manifestations,endocrine/metabolic,Tier 1,area + density (both independent),SFD↑ VFD↑ VFI↑,225,5.574606459059907e-21,4.4430267804871175e-17,4.267929124143867e-10,5.57e-21,4.44e-17,4.27e-10,1.17 (0.93 - 1.48),no,2.28 (1.87 - 2.77),yes,1.73 (1.49 - 2.02),yes,2.08 (1.71 - 2.52),yes
415.1,Acute pulmonary heart disease,circulatory system,Tier 1,density independent of area,SFD↑ VFD↑,588,9.235624599042636e-21,1.1757601790801648e-19,0.0198152659238453,9.24e-21,1.18e-19,0.0198,1.21 (1.04 - 1.41),no,1.18 (1.03 - 1.36),no,1.62 (1.47 - 1.78),yes,1.65 (1.46 - 1.86),yes
568.1,Peritoneal adhesions (postoperative) (postinfection),digestive,Tier 1,density independent of area,SFD↑ VFD↑,447,1.494111534082281e-20,2.804579659254783e-16,0.1156919835963481,1.49e-20,2.8e-16,0.116,1.16 (0.97 - 1.39),no,1.10 (0.92 - 1.31),no,1.58 (1.41 - 1.76),yes,1.81 (1.58 - 2.07),yes
560.3,Peritoneal or intestinal adhesions,digestive,Tier 1,density independent of area,SFD↑ VFD↑,279,1.7750966056025804e-20,5.565591258756812e-10,0.1181562298866711,1.78e-20,5.57e-10,0.118,1.09 (0.84 - 1.42),no,0.80 (0.62 - 1.04),no,1.55 (1.35 - 1.77),yes,1.79 (1.50 - 2.14),yes
415.11,"Pulmonary embolism and infarction, acute",circulatory system,Tier 1,density independent of area,SFD↑ VFD↑,581,3.774950524803656e-20,3.887876812525263e-19,0.0154395785731073,3.77e-20,3.89e-19,0.0154,1.22 (1.05 - 1.42),no,1.18 (1.03 - 1.37),no,1.61 (1.46 - 1.77),yes,1.65 (1.46 - 1.86),yes
289.5,Diseases of spleen,hematopoietic,Tier 1,density independent of area,SFD↑ VFD↑ VFI↑,273,6.027894208390203e-20,3.4952111798785373e-19,7.509584254037137e-05,6.03e-20,3.5e-19,7.51e-05,1.09 (0.86 - 1.37),no,1.71 (1.39 - 2.10),yes,1.74 (1.52 - 1.99),yes,2.30 (1.95 - 2.72),yes
530,Diseases of esophagus,digestive,Tier 1,area + density (both independent),SFD↑ VFD↑ SFI↑ VFI↑,4655,1.1173899709247273e-19,9.415400248588044e-21,2.2770764445453677e-07,1.12e-19,9.42e-21,2.28e-07,1.16 (1.09 - 1.23),yes,1.15 (1.09 - 1.22),yes,1.21 (1.16 - 1.26),yes,1.16 (1.11 - 1.22),yes
960,Poisoning by antibiotics,injuries & poisonings,Tier 1,density independent of area,SFD↑ VFD↑,1454,1.3989539990409252e-19,2.108006414716566e-20,0.0018946319348284,1.4e-19,2.11e-20,0.00189,1.12 (1.01 - 1.24),no,1.21 (1.10 - 1.34),no,1.36 (1.28 - 1.46),yes,1.40 (1.29 - 1.52),yes
327.3,Sleep apnea,neurological,Tier 1,area + density (both independent),SFD↑ VFD↑ VFI↑,1940,2.427717333116944e-19,4.375536025643665e-12,1.9976456899349344e-16,2.43e-19,4.38e-12,2e-16,1.18 (1.09 - 1.28),no,1.37 (1.27 - 1.47),yes,1.19 (1.11 - 1.26),yes,1.24 (1.15 - 1.33),yes
586,Other disorders of the kidney and ureters,genitourinary,Tier 1,density independent of area,SFD↑ VFD↑ VFI↑,1709,1.7264400922804366e-18,1.8291075061686704e-18,0.0001778113413334,1.73e-18,1.83e-18,0.000178,1.04 (0.95 - 1.15),no,1.26 (1.15 - 1.37),yes,1.31 (1.22 - 1.39),yes,1.41 (1.30 - 1.52),yes
426.91,Cardiac pacemaker in situ,circulatory system,Tier 1,density independent of area,SFD↑ VFD↑,399,1.9168484416223165e-18,5.994815748672964e-17,0.001023530989762,1.92e-18,5.99e-17,0.00102,1.52 (1.23 - 1.89),no,1.08 (0.90 - 1.30),no,1.91 (1.67 - 2.17),yes,1.67 (1.42 - 1.97),yes
426.32,Left bundle branch block,circulatory system,Tier 1,density independent of area,SFD↑ VFD↑,403,3.589354586028986e-18,3.191302092740267e-17,0.0477744263886043,3.59e-18,3.19e-17,0.0478,1.26 (1.03 - 1.56),no,1.22 (1.02 - 1.47),no,1.83 (1.61 - 2.08),yes,1.83 (1.55 - 2.15),yes
457,"Encounter for long-term (current) use of anticoagulants, antithrombotics, aspirin",circulatory system,Tier 1,density independent of area,SFD↑ VFD↑ VFI↑,1515,8.415347395130849e-18,2.462441550438849e-18,0.0018270226308161,8.42e-18,2.46e-18,0.00183,1.09 (0.98 - 1.21),no,1.25 (1.14 - 1.37),yes,1.35 (1.26 - 1.44),yes,1.38 (1.27 - 1.50),yes
112,Candidiasis,infectious diseases,Tier 1,density independent of area,SFD↑ VFD↑,743,1.745302192025317e-17,2.284011296797067e-15,0.4401820721461788,1.75e-17,2.28e-15,0.44,1.03 (0.90 - 1.19),no,1.17 (1.02 - 1.33),no,1.44 (1.32 - 1.56),yes,1.49 (1.34 - 1.66),yes
327.32,Obstructive sleep apnea,neurological,Tier 1,area + density (both independent),SFD↑ VFD↑ VFI↑,1710,1.858915530831418e-17,2.6542525258568175e-12,3.4383041225890354e-14,1.86e-17,2.65e-12,3.44e-14,1.18 (1.09 - 1.28),no,1.36 (1.26 - 1.47),yes,1.21 (1.13 - 1.29),yes,1.26 (1.16 - 1.36),yes
070,Viral hepatitis,infectious diseases,Tier 1,density independent of area,SFD↑ VFD↑,702,2.71717853330312e-17,1.6664844343966933e-14,0.0299993778255168,2.72e-17,1.67e-14,0.03,1.17 (1.01 - 1.35),no,1.10 (0.95 - 1.27),no,1.39 (1.28 - 1.52),yes,1.54 (1.38 - 1.71),yes
965.1,Opiates and related narcotics causing adverse effects in therapeutic use,injuries & poisonings,Tier 1,density independent of area,SFD↑ VFD↑,539,4.537963853253178e-17,1.5695083968322286e-17,0.0105557488197419,4.54e-17,1.57e-17,0.0106,1.23 (1.05 - 1.44),no,1.24 (1.06 - 1.44),no,1.59 (1.44 - 1.76),yes,1.61 (1.42 - 1.83),yes
577.1,Acute pancreatitis,digestive,Tier 1,area + density (both independent),SFD↑ VFD↑ VFI↑,873,6.471129381580421e-17,6.308822732301949e-15,1.2592455878685817e-12,6.47e-17,6.31e-15,1.26e-12,1.03 (0.91 - 1.17),no,1.59 (1.42 - 1.78),yes,1.22 (1.13 - 1.33),yes,1.53 (1.39 - 1.69),yes
531,Peptic ulcer (excl. esophageal),digestive,Tier 1,density independent of area,SFD↑ VFD↑,731,8.551250440412339e-17,1.2353170128269429e-15,0.1169884350101909,8.55e-17,1.24e-15,0.117,1.10 (0.95 - 1.27),no,1.18 (1.03 - 1.34),no,1.43 (1.31 - 1.55),yes,1.52 (1.37 - 1.68),yes
296.2,Depression,mental disorders,Tier 1,density independent of area,SFD↑ VFD↑,2464,1.1032522032738632e-16,1.4159093092447262e-17,0.0002704866766964,1.1e-16,1.42e-17,0.00027,1.17 (1.08 - 1.26),no,1.10 (1.02 - 1.18),no,1.28 (1.21 - 1.35),yes,1.24 (1.16 - 1.32),yes
532,Dysphagia,digestive,Tier 1,density independent of area,SFD↑,1063,1.3796202919587107e-16,1.3304529926509018e-17,0.0036096028159031,1.38e-16,1.33e-17,0.00361,1.24 (1.09 - 1.41),no,1.03 (0.92 - 1.16),no,1.37 (1.28 - 1.48),yes,1.16 (1.05 - 1.27),no
041.1,Staphylococcus infections,infectious diseases,Tier 1,density independent of area,SFD↑ VFD↑,414,1.555216345130823e-16,3.359776075676993e-13,0.6619446270388373,1.56e-16,3.36e-13,0.662,1.04 (0.87 - 1.25),no,1.14 (0.95 - 1.36),no,1.61 (1.43 - 1.80),yes,1.74 (1.50 - 2.01),yes
401.3,Other hypertensive complications,circulatory system,Tier 1,area + density (both independent),SFD↑ VFD↑ VFI↑,342,4.0150099935318773e-16,3.837969133651551e-12,3.163095493498591e-11,4.02e-16,3.84e-12,3.16e-11,1.11 (0.90 - 1.36),no,2.08 (1.74 - 2.48),yes,1.40 (1.23 - 1.59),yes,1.74 (1.49 - 2.04),yes
729,Other disorders of soft tissues,musculoskeletal,Tier 1,density independent of area,SFD↑ VFD↑,1238,4.827991039187323e-16,1.729361234181811e-15,0.2816779724682646,4.83e-16,1.73e-15,0.282,1.09 (0.98 - 1.22),no,1.06 (0.96 - 1.17),no,1.35 (1.26 - 1.45),yes,1.25 (1.15 - 1.37),yes
859,Complication due to other implant and internal device,injuries & poisonings,Tier 1,density independent of area,SFD↑ VFD↑,383,8.953310996571452e-16,4.760602379180909e-12,0.521389194831752,8.95e-16,4.76e-12,0.521,0.97 (0.79 - 1.20),no,1.21 (1.00 - 1.46),no,1.52 (1.36 - 1.70),yes,1.71 (1.48 - 1.98),yes
573.7,Abnormal results of function study of liver,digestive,Tier 1,area + density (both independent),SFD↑ VFD↑ VFI↑,266,9.627982277491449e-16,2.241694796950913e-16,1.2279275707609338e-05,9.63e-16,2.24e-16,1.23e-05,1.19 (0.94 - 1.51),no,1.81 (1.47 - 2.22),yes,1.78 (1.53 - 2.07),yes,2.14 (1.79 - 2.57),yes
426.21,First degree AV block,circulatory system,Tier 1,density independent of area,SFD↑ VFD↑,250,1.7550480272745494e-15,3.711055901427674e-14,0.0087172122359008,1.76e-15,3.71e-14,0.00872,1.46 (1.15 - 1.86),no,1.19 (0.95 - 1.50),no,2.06 (1.75 - 2.43),yes,2.02 (1.64 - 2.48),yes
153,Colorectal cancer,neoplasms,Tier 1,density independent of area,VFD↑,1183,2.491357491187815e-15,9.537318655784755e-12,0.0331999481307991,2.49e-15,9.54e-12,0.0332,0.90 (0.79 - 1.02),no,1.12 (1.00 - 1.25),no,1.16 (1.08 - 1.25),no,1.41 (1.29 - 1.54),yes
279,Disorders involving the immune mechanism,endocrine/metabolic,Tier 1,area + density (both independent),SFD↑ VFD↑ VFI↑,677,2.5947208323462793e-15,8.550476246922921e-12,5.566074082154085e-12,2.59e-15,8.55e-12,5.57e-12,1.07 (0.92 - 1.24),no,1.73 (1.51 - 1.97),yes,1.24 (1.13 - 1.36),yes,1.50 (1.35 - 1.68),yes
459.7,Blood vessel replaced,circulatory system,Tier 1,density independent of area,SFD↑ VFD↑,205,2.7511342640307308e-15,1.8267350177922089e-13,0.0292467922746862,2.75e-15,1.83e-13,0.0292,1.39 (1.09 - 1.78),no,1.07 (0.84 - 1.36),no,1.99 (1.71 - 2.33),yes,1.91 (1.57 - 2.33),yes
394,Rheumatic disease of the heart valves,circulatory system,Tier 1,density independent of area,SFD↑ VFD↑,338,3.2259172373529266e-15,3.050364604053436e-07,0.0585895651824475,3.23e-15,3.05e-07,0.0586,0.76 (0.60 - 0.97),no,1.00 (0.83 - 1.21),no,1.47 (1.30 - 1.65),yes,1.55 (1.33 - 1.81),yes
250.7,Diabetic retinopathy,endocrine/metabolic,Tier 1,area + density (both independent),SFD↑ VFD↑ VFI↑,214,3.260171865509959e-15,6.372572486116611e-14,6.452891103350266e-07,3.26e-15,6.37e-14,6.45e-07,1.22 (0.96 - 1.53),no,1.91 (1.58 - 2.30),yes,1.69 (1.45 - 1.97),yes,1.91 (1.58 - 2.30),yes
345,"Epilepsy, recurrent seizures, convulsions",neurological,Tier 1,density independent of area,SFD↑,618,4.1254645102413675e-15,5.499671525080505e-16,0.0029459715873363,4.13e-15,5.5e-16,0.00295,1.31 (1.13 - 1.51),no,1.07 (0.92 - 1.25),no,1.50 (1.36 - 1.64),yes,1.27 (1.13 - 1.43),no
151,Cancer of stomach,neoplasms,Tier 1,density independent of area,SFD↑ VFD↑,248,4.1972416840527856e-15,5.2564125934417904e-11,0.402648835160166,4.2e-15,5.26e-11,0.403,1.06 (0.78 - 1.42),no,1.21 (0.93 - 1.58),no,1.59 (1.38 - 1.83),yes,1.98 (1.65 - 2.38),yes
562,Diverticulosis and diverticulitis,digestive,Tier 1,area + density (both independent),SFD↓,2361,5.018039884878941e-15,1.3027377830124855e-09,9.51969194587415e-06,5.02e-15,1.3e-09,9.52e-06,0.99 (0.91 - 1.08),no,1.14 (1.05 - 1.23),no,0.80 (0.75 - 0.85),yes,0.93 (0.86 - 1.00),no
300,Anxiety disorders,mental disorders,Tier 1,density independent of area,SFD↑ VFD↑,2787,5.707566031105842e-15,2.5039761432663847e-15,0.0286088658500304,5.71e-15,2.5e-15,0.0286,1.10 (1.02 - 1.19),no,1.08 (1.00 - 1.16),no,1.24 (1.18 - 1.31),yes,1.22 (1.15 - 1.30),yes
441,Vascular insufficiency of intestine,circulatory system,Tier 1,density independent of area,SFD↑ VFD↑,367,5.967992020598314e-15,6.206205523786589e-15,0.0008985403838954,5.97e-15,6.21e-15,0.000899,1.11 (0.89 - 1.37),no,1.44 (1.20 - 1.74),no,1.45 (1.29 - 1.63),yes,1.87 (1.61 - 2.16),yes
198.6,Secondary malignancy of bone,neoplasms,Tier 1,density independent of area,SFD↑ VFD↑ VFI↑,565,6.772474008226222e-15,6.4296122798785655e-15,0.0011305432780844,6.77e-15,6.43e-15,0.00113,1.11 (0.92 - 1.33),no,1.42 (1.22 - 1.65),yes,1.44 (1.31 - 1.59),yes,1.63 (1.44 - 1.84),yes
562.2,Diverticulitis,digestive,Tier 1,area + density (both independent),SFD↓,1161,7.224780806753251e-15,5.6391642042454945e-11,2.2979691679292975e-05,7.22e-15,5.64e-11,2.3e-05,0.97 (0.87 - 1.09),no,1.16 (1.05 - 1.29),no,0.73 (0.67 - 0.80),yes,0.90 (0.82 - 1.00),no
296.22,Major depressive disorder,mental disorders,Tier 1,density independent of area,SFD↑ VFD↑,1798,9.302870655576047e-15,3.0143986642827378e-15,4.6081601021752706e-05,9.3e-15,3.01e-15,4.61e-05,1.21 (1.11 - 1.32),no,1.10 (1.01 - 1.19),no,1.29 (1.22 - 1.37),yes,1.27 (1.18 - 1.36),yes
250.4,Abnormal glucose,endocrine/metabolic,Tier 1,area independent of density,VFI↑,1565,1.0356425452171224e-14,0.0026372197538112,6.231975943272557e-10,1.04e-14,0.00264,6.23e-10,1.03 (0.93 - 1.13),no,1.41 (1.29 - 1.54),yes,1.03 (0.97 - 1.11),no,1.09 (1.01 - 1.19),no
304,Adjustment reaction,mental disorders,Tier 1,density independent of area,SFD↑ VFD↑,596,1.3381784833956214e-14,3.5868012473442314e-13,0.1575490793336022,1.34e-14,3.59e-13,0.158,1.05 (0.88 - 1.25),no,1.25 (1.07 - 1.46),no,1.44 (1.31 - 1.58),yes,1.54 (1.37 - 1.73),yes
457.3,Encounter for long-term (current) use of aspirin,circulatory system,Tier 1,density independent of area,SFD↑ VFD↑,1281,1.3446076614739568e-14,4.681938898852683e-15,0.0213655362245673,1.34e-14,4.68e-15,0.0214,1.07 (0.96 - 1.20),no,1.22 (1.10 - 1.35),no,1.34 (1.24 - 1.44),yes,1.36 (1.24 - 1.49),yes
960.2,Allergy/adverse effect of penicillin,injuries & poisonings,Tier 1,density independent of area,SFD↑ VFD↑,885,1.411171008016207e-14,4.012020234243242e-15,0.0575437651812844,1.41e-14,4.01e-15,0.0575,1.13 (0.99 - 1.28),no,1.18 (1.05 - 1.33),no,1.41 (1.30 - 1.53),yes,1.41 (1.28 - 1.56),yes
427.11,Paroxysmal supraventricular tachycardia,circulatory system,Tier 1,density independent of area,SFD↑ VFD↑,429,1.6253607168016882e-14,1.8261231922809987e-14,0.0643772174333088,1.63e-14,1.83e-14,0.0644,1.24 (1.02 - 1.52),no,1.19 (1.00 - 1.41),no,1.67 (1.48 - 1.89),yes,1.67 (1.44 - 1.94),yes
153.2,Colon cancer,neoplasms,Tier 1,density independent of area,SFD↑ VFD↑,898,1.9377382062031872e-14,1.4732991024176877e-13,0.0040358332798912,1.94e-14,1.47e-13,0.00404,0.98 (0.85 - 1.13),no,1.22 (1.08 - 1.38),no,1.23 (1.13 - 1.33),yes,1.51 (1.36 - 1.67),yes
287.31,Primary thrombocytopenia,hematopoietic,Tier 1,density independent of area,SFD↑ VFD↑,231,3.0962915463042754e-14,2.6390265590826423e-14,0.0027561224615786,3.1e-14,2.64e-14,0.00276,1.07 (0.83 - 1.37),no,1.48 (1.20 - 1.83),no,1.63 (1.40 - 1.89),yes,2.19 (1.82 - 2.63),yes
080,Postoperative infection,infectious diseases,Tier 1,density independent of area,SFD↑ VFD↑,315,3.152150229834048e-14,5.785329991609869e-13,0.167634203053453,3.15e-14,5.79e-13,0.168,1.12 (0.91 - 1.37),no,1.28 (1.04 - 1.57),no,1.63 (1.44 - 1.85),yes,1.80 (1.53 - 2.11),yes
681.5,"Cellulitis and abscess of leg, except foot",dermatologic,Tier 1,density independent of area,SFD↑ VFD↑,303,3.382212319683238e-14,8.568523016089367e-14,0.1351811617289925,3.38e-14,8.57e-14,0.135,1.13 (0.93 - 1.38),no,1.25 (1.04 - 1.49),no,1.68 (1.48 - 1.91),yes,1.80 (1.54 - 2.11),yes
425,Cardiomyopathy,circulatory system,Tier 1,density independent of area,SFD↑ VFD↑,555,3.496860107144299e-14,3.8893843640364146e-14,0.1237621033771557,3.5e-14,3.89e-14,0.124,1.13 (0.97 - 1.33),no,1.19 (1.03 - 1.38),no,1.49 (1.35 - 1.64),yes,1.50 (1.33 - 1.69),yes
558,Noninfectious gastroenteritis,digestive,Tier 1,density independent of area,SFD↑ VFD↑,1554,3.676106137526381e-14,3.749403537936838e-13,0.037482830818746,3.68e-14,3.75e-13,0.0375,0.99 (0.89 - 1.10),no,1.17 (1.06 - 1.29),no,1.26 (1.17 - 1.35),yes,1.38 (1.27 - 1.49),yes
433,Cerebrovascular disease,circulatory system,Tier 1,density independent of area,SFD↑,1360,4.0959495419071014e-14,3.716434810110372e-15,0.0027278895174879,4.1e-14,3.72e-15,0.00273,1.22 (1.09 - 1.37),no,1.06 (0.97 - 1.17),no,1.32 (1.24 - 1.42),yes,1.19 (1.09 - 1.29),no
961.1,Poisoning/allergy of sulfonamides,injuries & poisonings,Tier 1,density independent of area,SFD↑ VFD↑,510,1.8046747126176492e-13,6.808099957054129e-14,0.1663888025933898,1.8e-13,6.81e-14,0.166,1.16 (0.97 - 1.38),no,1.21 (1.04 - 1.42),no,1.52 (1.37 - 1.68),yes,1.47 (1.29 - 1.68),yes
595,Hydronephrosis,genitourinary,Tier 1,density independent of area,SFD↑ VFD↑,979,2.2434129264634618e-13,1.3060092443655788e-11,0.0482092249014829,2.24e-13,1.31e-11,0.0482,0.96 (0.84 - 1.09),no,1.15 (1.02 - 1.29),no,1.20 (1.12 - 1.30),yes,1.43 (1.31 - 1.57),yes
199,Neoplasm of uncertain behavior,neoplasms,Tier 1,density independent of area,SFD↑ VFD↑,845,3.360269472518899e-13,2.71723359893735e-13,0.0108332945236064,3.36e-13,2.72e-13,0.0108,1.07 (0.93 - 1.23),no,1.27 (1.12 - 1.44),no,1.36 (1.25 - 1.49),yes,1.47 (1.32 - 1.63),yes
300.1,Anxiety disorder,mental disorders,Tier 1,density independent of area,SFD↑ VFD↑,2485,5.86382012659692e-13,1.4666826450524032e-13,0.0246898077806903,5.86e-13,1.47e-13,0.0247,1.11 (1.03 - 1.20),no,1.07 (1.00 - 1.16),no,1.24 (1.18 - 1.31),yes,1.21 (1.14 - 1.29),yes
681.7,Cellulitis and abscess of trunk,dermatologic,Tier 1,density independent of area,SFD↑ VFD↑,526,5.938114161033089e-13,1.2162103013414805e-13,0.0061542201159232,5.94e-13,1.22e-13,0.00615,1.25 (1.09 - 1.44),no,1.13 (0.98 - 1.31),no,1.53 (1.38 - 1.69),yes,1.44 (1.27 - 1.63),yes
395,Heart valve disorders,circulatory system,Tier 1,density independent of area,SFD↑ VFD↑,840,6.525347023032065e-13,1.5677520657841027e-08,0.4148817098467982,6.53e-13,1.57e-08,0.415,0.91 (0.78 - 1.06),no,1.10 (0.97 - 1.24),no,1.31 (1.20 - 1.42),yes,1.38 (1.25 - 1.54),yes
575.7,Other disorders of gallbladder,digestive,Tier 1,density independent of area,SFD↑ VFD↑,390,8.159578296540674e-13,1.7583682268143705e-12,0.0198650422810907,8.16e-13,1.76e-12,0.0199,1.04 (0.86 - 1.26),no,1.38 (1.17 - 1.63),no,1.51 (1.35 - 1.70),yes,1.70 (1.47 - 1.97),yes
250.42,Other abnormal glucose,endocrine/metabolic,Tier 1,area + density (both independent),VFI↑,1117,8.217481342487306e-13,1.9323003836691077e-06,3.1697760683855875e-08,8.22e-13,1.93e-06,3.17e-08,1.04 (0.93 - 1.17),no,1.45 (1.31 - 1.61),yes,1.13 (1.05 - 1.22),no,1.20 (1.09 - 1.32),no
979,Adverse drug events and drug allergies,injuries & poisonings,Tier 1,density independent of area,SFD↑ VFD↑,391,8.484289530353033e-13,2.639959789030595e-11,0.3123632285018556,8.48e-13,2.64e-11,0.312,1.01 (0.83 - 1.23),no,1.25 (1.04 - 1.50),no,1.52 (1.35 - 1.70),yes,1.66 (1.44 - 1.92),yes
281,Other deficiency anemia,hematopoietic,Tier 1,density independent of area,SFD↑ VFD↑,252,9.649520085524538e-13,2.616918619654008e-11,0.003585713384193,9.65e-13,2.62e-11,0.00359,0.90 (0.69 - 1.19),no,1.53 (1.25 - 1.89),no,1.57 (1.35 - 1.82),yes,2.03 (1.70 - 2.42),yes
196,Radiotherapy,neoplasms,Tier 1,density independent of area,SFD↑ VFD↑,782,1.4971644635479268e-12,2.508650381105135e-09,0.0303781272110764,1.5e-12,2.51e-09,0.0304,0.87 (0.75 - 1.01),no,1.16 (1.02 - 1.32),no,1.25 (1.14 - 1.37),yes,1.48 (1.33 - 1.64),yes
008.52,Intestinal infection due to C. difficile,infectious diseases,Tier 1,density independent of area,SFD↑ VFD↑,444,1.6561072874804933e-12,1.225958899529015e-09,0.2143059048845361,1.66e-12,1.23e-09,0.214,0.93 (0.76 - 1.13),no,1.24 (1.04 - 1.48),no,1.41 (1.27 - 1.56),yes,1.59 (1.39 - 1.82),yes
041.4,E. coli,infectious diseases,Tier 1,density independent of area,SFD↑ VFD↑,238,2.2418499961153415e-12,3.654067151741128e-12,0.0127989757911875,2.24e-12,3.65e-12,0.0128,1.06 (0.83 - 1.36),no,1.53 (1.24 - 1.88),no,1.66 (1.44 - 1.92),yes,1.92 (1.60 - 2.31),yes
443,Peripheral vascular disease,circulatory system,Tier 1,density independent of area,SFD↑ VFD↑ VFI↑,499,6.0302819681539e-12,6.43257009482192e-13,6.877726020923012e-05,6.03e-12,6.43e-13,6.88e-05,1.20 (1.00 - 1.43),no,1.43 (1.24 - 1.65),yes,1.43 (1.28 - 1.58),yes,1.57 (1.38 - 1.78),yes
963.1,Antineoplastic and immunosuppressive drugs causing adverse effects,injuries & poisonings,Tier 1,density independent of area,SFD↑ VFD↑,484,6.8062181716495984e-12,1.0758435680508124e-08,0.0058394571926481,6.81e-12,1.08e-08,0.00584,0.86 (0.71 - 1.04),no,1.37 (1.15 - 1.64),no,1.33 (1.19 - 1.49),yes,1.64 (1.43 - 1.88),yes
578.2,Blood in stool,digestive,Tier 1,density independent of area,SFD↑ VFD↑,883,8.413784988070848e-12,2.1262729797298898e-07,0.5840294527308819,8.41e-12,2.13e-07,0.584,0.92 (0.80 - 1.06),no,1.04 (0.92 - 1.18),no,1.27 (1.17 - 1.38),yes,1.36 (1.23 - 1.51),yes
555,Inflammatory bowel disease and other gastroenteritis and colitis,digestive,Tier 1,density independent of area,VFD↑,822,9.284557129888182e-12,1.0371472762562098e-07,0.1258670327137591,9.28e-12,1.04e-07,0.126,0.83 (0.71 - 0.98),no,1.05 (0.89 - 1.23),no,1.14 (1.04 - 1.26),no,1.40 (1.26 - 1.56),yes
513,Respiratory abnormalities,respiratory,Tier 1,density independent of area,SFD↑ VFD↑,302,1.114800331513464e-11,3.222327062369874e-11,0.0148814580546681,1.11e-11,3.22e-11,0.0149,1.03 (0.85 - 1.25),no,1.45 (1.22 - 1.72),no,1.53 (1.34 - 1.74),yes,1.64 (1.40 - 1.92),yes
530.11,GERD,digestive,Tier 1,density independent of area,SFD↑ SFI↑,3570,1.3344265080814912e-11,5.522464066109626e-10,7.834426649902831e-05,1.33e-11,5.52e-10,7.83e-05,1.17 (1.09 - 1.25),yes,1.08 (1.01 - 1.15),no,1.11 (1.06 - 1.17),yes,1.00 (0.95 - 1.06),no
963,Poisoning by primarily systemic agents,injuries & poisonings,Tier 1,density independent of area,SFD↑ VFD↑,491,1.5091139973756098e-11,7.869004284797511e-09,0.0149724530729946,1.51e-11,7.87e-09,0.015,0.89 (0.73 - 1.07),no,1.35 (1.13 - 1.61),no,1.35 (1.21 - 1.50),yes,1.62 (1.42 - 1.86),yes
574,Cholelithiasis and cholecystitis,digestive,Tier 1,area + density (both independent),SFD↑ VFD↑ VFI↑,1699,2.0889789812716677e-11,2.9350792184692343e-11,5.391262166694961e-07,2.09e-11,2.94e-11,5.39e-07,1.12 (1.02 - 1.22),no,1.27 (1.17 - 1.38),yes,1.20 (1.13 - 1.28),yes,1.26 (1.17 - 1.35),yes
785,Abdominal pain,symptoms,Tier 1,density independent of area,SFD↓ VFD↓,14789,2.8071917561449508e-11,8.842555503603572e-11,0.4073665025444477,2.81e-11,8.84e-11,0.407,1.00 (0.94 - 1.06),no,0.93 (0.88 - 0.98),no,0.88 (0.85 - 0.91),yes,0.89 (0.85 - 0.93),yes
427.12,Paroxysmal ventricular tachycardia,circulatory system,Tier 1,density independent of area,SFD↑ VFD↑,208,3.309080628227093e-11,1.7587659489309554e-10,0.4199144418230784,3.31e-11,1.76e-10,0.42,1.14 (0.88 - 1.47),no,1.22 (0.96 - 1.53),no,1.84 (1.55 - 2.17),yes,1.96 (1.59 - 2.40),yes
425.1,Primary/intrinsic cardiomyopathies,circulatory system,Tier 1,density independent of area,SFD↑ VFD↑,480,4.6172246101752694e-11,2.330475757921564e-11,0.1452211522395353,4.62e-11,2.33e-11,0.145,1.14 (0.96 - 1.34),no,1.19 (1.02 - 1.38),no,1.46 (1.32 - 1.62),yes,1.48 (1.30 - 1.69),yes
710.1,Osteomyelitis,musculoskeletal,Tier 1,density independent of area,SFD↑ VFD↑,231,6.809167529896674e-11,2.5589494278664897e-10,0.3280978111506183,6.81e-11,2.56e-10,0.328,1.18 (0.93 - 1.48),no,1.20 (0.96 - 1.50),no,1.70 (1.47 - 1.97),yes,1.70 (1.42 - 2.04),yes
591,Urinary tract infection,genitourinary,Tier 1,density independent of area,SFD↑ VFD↑,2354,6.825817123837845e-11,3.021855686554858e-12,0.0012969489378156,6.83e-11,3.02e-12,0.0013,1.13 (1.04 - 1.23),no,1.14 (1.06 - 1.23),no,1.21 (1.14 - 1.28),yes,1.19 (1.11 - 1.26),yes
459.9,Circulatory disease NEC,circulatory system,Tier 1,density independent of area,SFD↑ VFD↑,333,7.193026101099701e-11,1.0280228618230608e-10,0.0089399792797086,7.19e-11,1.03e-10,0.00894,1.00 (0.82 - 1.23),no,1.39 (1.17 - 1.65),no,1.48 (1.30 - 1.69),yes,1.77 (1.51 - 2.07),yes
586.4,Stricture/obstruction of ureter,genitourinary,Tier 1,density independent of area,SFD↑ VFD↑,362,8.40083137739585e-11,9.431214853091859e-12,0.0018989299254636,8.4e-11,9.43e-12,0.0019,1.15 (0.93 - 1.42),no,1.35 (1.12 - 1.62),no,1.38 (1.21 - 1.57),yes,1.74 (1.49 - 2.02),yes
710,"Osteomyelitis, periostitis, and other infections involving bone",musculoskeletal,Tier 1,density independent of area,SFD↑ VFD↑,234,8.52333819318442e-11,3.9997427014433336e-10,0.346718420780573,8.52e-11,4e-10,0.347,1.16 (0.92 - 1.47),no,1.20 (0.96 - 1.50),no,1.69 (1.46 - 1.95),yes,1.72 (1.43 - 2.06),yes
559,Ileostomy status,digestive,Tier 1,density independent of area,SFD↑ VFD↑,350,1.8090061267029824e-10,2.425938640862576e-05,0.0875894848050056,1.81e-10,2.43e-05,0.0876,1.16 (0.93 - 1.44),no,0.83 (0.65 - 1.07),no,1.42 (1.24 - 1.61),yes,1.43 (1.22 - 1.69),yes
338.2,Chronic pain,neurological,Tier 1,density independent of area,SFD↑ SFI↑,2589,3.1318452278870825e-10,7.37083896359689e-11,9.442505251442822e-05,3.13e-10,7.37e-11,9.44e-05,1.19 (1.10 - 1.28),yes,1.06 (0.99 - 1.14),no,1.19 (1.13 - 1.25),yes,1.09 (1.03 - 1.16),no
594.1,Calculus of kidney,genitourinary,Tier 1,area independent of density,SFD↓ VFI↑,1221,3.3669433175165665e-10,0.0014140326376603,4.063734645521094e-06,3.37e-10,0.00141,4.06e-06,0.99 (0.89 - 1.09),no,1.23 (1.12 - 1.36),yes,0.84 (0.78 - 0.91),yes,0.94 (0.87 - 1.03),no
433.3,Cerebral ischemia,circulatory system,Tier 1,density independent of area,SFD↑ VFD↑,785,3.6531981964355925e-10,3.946582549172197e-11,0.0140255300596115,3.65e-10,3.95e-11,0.014,1.24 (1.07 - 1.44),no,1.11 (0.98 - 1.25),no,1.37 (1.25 - 1.49),yes,1.28 (1.15 - 1.43),yes
550,Abdominal hernia,digestive,Tier 1,density independent of area,SFD↑,2087,5.905470194879635e-10,7.346046831813946e-09,0.0005234891704437,5.91e-10,7.35e-09,0.000523,1.17 (1.08 - 1.27),no,0.99 (0.92 - 1.07),no,1.22 (1.16 - 1.30),yes,1.14 (1.07 - 1.22),no
433.31,Transient cerebral ischemia,circulatory system,Tier 1,density independent of area,SFD↑ VFD↑,748,6.356137941093102e-10,6.277452779704522e-11,0.0041712536367271,6.36e-10,6.28e-11,0.00417,1.28 (1.10 - 1.48),no,1.12 (0.99 - 1.27),no,1.37 (1.26 - 1.50),yes,1.30 (1.16 - 1.45),yes
269,Proteinuria,endocrine/metabolic,Tier 1,area + density (both independent),SFD↑ VFD↑ VFI↑,227,1.067200272402144e-09,3.7549526025317586e-08,4.0598927305373e-06,1.07e-09,3.75e-08,4.06e-06,1.16 (0.92 - 1.48),no,1.82 (1.50 - 2.22),yes,1.45 (1.24 - 1.69),yes,1.62 (1.35 - 1.95),yes
275.6,Hypercalcemia,endocrine/metabolic,Tier 1,density independent of area,SFD↑ VFD↑,200,1.382988888831492e-09,1.0323951762534376e-07,0.4139453588742169,1.38e-09,1.03e-07,0.414,0.90 (0.66 - 1.22),no,1.31 (1.03 - 1.66),no,1.58 (1.35 - 1.84),yes,1.72 (1.42 - 2.10),yes
555.2,Ulcerative colitis,digestive,Tier 1,"shared (joint signal, not attributable)",,420,1.5495441066917703e-09,0.0004791558867748,0.2832321683841588,1.55e-09,0.000479,0.283,0.85 (0.69 - 1.06),no,0.83 (0.66 - 1.05),no,1.20 (1.06 - 1.36),no,1.37 (1.18 - 1.59),no
536,Disorders of function of stomach,digestive,Tier 1,density independent of area,SFD↑,780,1.8665891838037643e-09,9.320668818560239e-11,0.070656351046533,1.87e-09,9.32e-11,0.0707,1.20 (1.04 - 1.38),no,1.08 (0.94 - 1.24),no,1.31 (1.21 - 1.43),yes,1.15 (1.04 - 1.28),no
292.1,Aphasia/speech disturbance,mental disorders,Tier 1,density independent of area,SFD↑,302,2.2473308761682563e-09,9.522158082049005e-08,0.0041942298770326,2.25e-09,9.52e-08,0.00419,1.19 (0.96 - 1.48),no,0.84 (0.68 - 1.03),no,1.51 (1.32 - 1.72),yes,1.19 (1.00 - 1.41),no
153.3,"Malignant neoplasm of rectum, rectosigmoid junction, and anus",neoplasms,Tier 1,density independent of area,VFD↑,582,2.448866174146883e-09,8.425211405904703e-07,0.4746197783635167,2.45e-09,8.43e-07,0.475,0.87 (0.73 - 1.03),no,1.01 (0.86 - 1.19),no,1.09 (0.99 - 1.21),no,1.36 (1.20 - 1.54),yes
772.3,Muscle weakness,symptoms,Tier 1,density independent of area,SFD↑,531,3.1102139141725443e-09,8.528439878787326e-10,0.0529356392107012,3.11e-09,8.53e-10,0.0529,1.18 (0.99 - 1.40),no,0.97 (0.83 - 1.13),no,1.35 (1.23 - 1.49),yes,1.12 (0.98 - 1.27),no
279.1,Immunity deficiency,endocrine/metabolic,Tier 1,area + density (both independent),VFD↑ VFI↑,404,3.4901801701336118e-09,8.346339484177778e-09,5.872509984042536e-07,3.49e-09,8.35e-09,5.87e-07,1.06 (0.88 - 1.28),no,1.66 (1.40 - 1.97),yes,1.26 (1.12 - 1.41),no,1.58 (1.37 - 1.81),yes
008.5,Bacterial enteritis,infectious diseases,Tier 1,density independent of area,SFD↑ VFD↑,581,3.7372969574202735e-09,1.156760669914468e-07,0.4281593256648417,3.74e-09,1.16e-07,0.428,0.96 (0.81 - 1.14),no,1.17 (1.00 - 1.36),no,1.31 (1.19 - 1.44),yes,1.41 (1.25 - 1.59),yes
117,Mycoses,infectious diseases,Tier 1,density independent of area,SFD↑ VFD↑ VFI↑,253,4.088808842622239e-09,2.3796364331333534e-09,0.0023021811056295,4.09e-09,2.38e-09,0.0023,1.13 (0.89 - 1.44),no,1.64 (1.31 - 2.05),yes,1.49 (1.30 - 1.71),yes,1.67 (1.40 - 1.99),yes
702,Degenerative skin conditions and other dermatoses,dermatologic,Tier 1,density independent of area,SFD↓,954,6.0023877491362515e-09,2.15350900418029e-09,0.0156073005923598,6e-09,2.15e-09,0.0156,0.83 (0.72 - 0.95),no,1.01 (0.90 - 1.13),no,0.77 (0.72 - 0.83),yes,0.89 (0.80 - 0.98),no
272.11,Hypercholesterolemia,endocrine/metabolic,Tier 1,area independent of density,VFI↑,846,7.387039504698759e-09,0.535648260496848,5.423066264597525e-07,7.39e-09,0.536,5.42e-07,0.88 (0.76 - 1.01),no,1.37 (1.21 - 1.54),yes,0.88 (0.81 - 0.96),no,1.00 (0.90 - 1.12),no
272.13,Mixed hyperlipidemia,endocrine/metabolic,Tier 1,"shared (joint signal, not attributable)",,803,7.763485226779584e-09,0.0697461051843131,0.0011379109056049,7.76e-09,0.0697,0.00114,0.93 (0.80 - 1.08),no,1.28 (1.13 - 1.45),no,0.86 (0.78 - 0.95),no,0.88 (0.78 - 0.99),no
081,Infection/inflammation of internal prosthetic device; implant; and graft,infectious diseases,Tier 1,density independent of area,SFD↑ VFD↑,418,9.858296501531325e-09,5.503642640053283e-10,0.0060704939706821,9.86e-09,5.5e-10,0.00607,1.23 (1.02 - 1.46),no,1.32 (1.11 - 1.56),no,1.42 (1.27 - 1.58),yes,1.45 (1.26 - 1.66),yes
200,Myeloproliferative disease,neoplasms,Tier 1,area + density (both independent),VFD↑ VFI↑,371,1.1580640467747921e-08,1.6978234277228137e-05,1.5205898794505487e-05,1.16e-08,1.7e-05,1.52e-05,0.80 (0.64 - 1.01),no,1.57 (1.31 - 1.88),yes,1.21 (1.07 - 1.36),no,1.56 (1.35 - 1.81),yes
594,Urinary calculus,genitourinary,Tier 1,"shared (joint signal, not attributable)",,1624,1.3308090896510788e-08,0.0088305979263651,9.254437352532323e-05,1.33e-08,0.00883,9.25e-05,1.00 (0.91 - 1.09),no,1.18 (1.08 - 1.28),no,0.87 (0.81 - 0.93),no,0.94 (0.87 - 1.01),no
430,Intracranial hemorrhage,circulatory system,Tier 1,density independent of area,SFD↑,269,1.7660498163775846e-08,4.361160715526255e-09,0.1851001515348865,1.77e-08,4.36e-09,0.185,1.23 (0.99 - 1.55),no,1.05 (0.84 - 1.32),no,1.53 (1.34 - 1.76),yes,1.28 (1.07 - 1.53),no
870,Open wounds of head; neck; and trunk,injuries & poisonings,Tier 1,density independent of area,SFD↑,559,2.111416491681022e-08,3.37970143663171e-05,0.3797762812220178,2.11e-08,3.38e-05,0.38,1.02 (0.87 - 1.20),no,0.94 (0.80 - 1.10),no,1.32 (1.20 - 1.46),yes,1.30 (1.15 - 1.47),no
202.2,Non-Hodgkins lymphoma,neoplasms,Tier 1,"shared (joint signal, not attributable)",SFD↑ VFD↑,428,2.204426882226987e-08,7.981804061029429e-05,0.3639221386173007,2.2e-08,7.98e-05,0.364,0.86 (0.71 - 1.05),no,1.07 (0.90 - 1.28),no,1.30 (1.16 - 1.46),yes,1.44 (1.25 - 1.65),yes
401.21,Hypertensive heart disease,circulatory system,Tier 1,density independent of area,SFD↑ VFD↑,231,2.2572111493497847e-08,2.0165231641715363e-08,0.1756078705811737,2.26e-08,2.02e-08,0.176,1.03 (0.79 - 1.35),no,1.36 (1.10 - 1.69),no,1.60 (1.36 - 1.88),yes,1.70 (1.39 - 2.08),yes
450,Noninfectious disorders of lymphatic channels,circulatory system,Tier 1,"shared (joint signal, not attributable)",,240,2.5432929211823952e-08,0.0137677174940049,0.0095850695873661,2.54e-08,0.0138,0.00959,0.71 (0.56 - 0.90),no,0.94 (0.76 - 1.15),no,1.31 (1.13 - 1.51),no,1.45 (1.21 - 1.73),no
442,Other aneurysm,circulatory system,Tier 1,density independent of area,SFD↑ VFD↑,456,2.5776301173251932e-08,1.163240817940199e-05,0.3199764667422662,2.58e-08,1.16e-05,0.32,0.88 (0.72 - 1.07),no,1.15 (0.97 - 1.36),no,1.32 (1.18 - 1.48),yes,1.41 (1.23 - 1.62),yes
965,"Poisoning by analgesics, antipyretics, and antirheumatics",injuries & poisonings,Tier 1,density independent of area,SFD↑ VFD↑,397,2.6653195239376295e-08,1.802175814106217e-08,0.0795219156658393,2.67e-08,1.8e-08,0.0795,1.21 (1.00 - 1.45),no,1.12 (0.94 - 1.34),no,1.44 (1.28 - 1.62),yes,1.48 (1.28 - 1.71),yes
433.21,"Cerebral artery occlusion, with cerebral infarction",circulatory system,Tier 1,density independent of area,SFD↑,459,3.716616199757797e-08,3.505224829804247e-09,0.0534997943231526,3.72e-08,3.51e-09,0.0535,1.26 (1.05 - 1.52),no,1.13 (0.96 - 1.32),no,1.42 (1.27 - 1.58),yes,1.30 (1.14 - 1.50),no
427.5,Arrhythmia (cardiac) NOS,circulatory system,Tier 1,density independent of area,SFD↑,238,4.7554394945027694e-08,1.099268474318288e-06,0.0022734708715231,4.76e-08,1.1e-06,0.00227,1.57 (1.22 - 2.02),no,0.99 (0.76 - 1.27),no,1.64 (1.40 - 1.92),yes,1.47 (1.20 - 1.80),no
433.2,Occlusion of cerebral arteries,circulatory system,Tier 1,density independent of area,SFD↑,475,4.76511031036941e-08,5.480754321594782e-09,0.0832175198086946,4.77e-08,5.48e-09,0.0832,1.24 (1.03 - 1.49),no,1.11 (0.95 - 1.30),no,1.41 (1.26 - 1.56),yes,1.29 (1.13 - 1.48),no
202,"Cancer of other lymphoid, histiocytic tissue",neoplasms,Tier 1,"shared (joint signal, not attributable)",VFD↑,495,5.631906736720649e-08,8.076395112565614e-05,0.2049766143111638,5.63e-08,8.08e-05,0.205,0.86 (0.71 - 1.03),no,1.11 (0.94 - 1.31),no,1.25 (1.13 - 1.39),no,1.41 (1.24 - 1.61),yes
041.12,Methicillin resistant Staphylococcus aureus,infectious diseases,Tier 1,density independent of area,SFD↑ VFD↑,218,1.2043934507594494e-07,9.470683355333182e-08,0.27273498764088,1.2e-07,9.47e-08,0.273,1.18 (0.93 - 1.51),no,1.21 (0.94 - 1.55),no,1.62 (1.39 - 1.89),yes,1.67 (1.36 - 2.04),yes
531.2,Gastric ulcer,digestive,Tier 1,density independent of area,SFD↑ VFD↑,214,1.278589544477823e-07,9.735199272687793e-08,0.3069451213303666,1.28e-07,9.74e-08,0.307,1.13 (0.87 - 1.46),no,1.24 (0.98 - 1.57),no,1.54 (1.33 - 1.78),yes,1.67 (1.38 - 2.02),yes
339,Other headache syndromes,neurological,Tier 1,density independent of area,,1185,1.6640971193052493e-07,1.7663805976442937e-06,0.0014693022132533,1.66e-07,1.77e-06,0.00147,1.19 (1.07 - 1.32),no,0.94 (0.85 - 1.04),no,1.02 (0.94 - 1.10),no,0.84 (0.77 - 0.92),no
008,Intestinal infection,infectious diseases,Tier 1,density independent of area,SFD↑ VFD↑,968,1.6673172547006125e-07,2.3484818995008907e-05,0.2635343634588177,1.67e-07,2.35e-05,0.264,0.91 (0.80 - 1.04),no,1.10 (0.98 - 1.24),no,1.19 (1.10 - 1.28),yes,1.28 (1.17 - 1.41),yes
261,Vitamin deficiency,endocrine/metabolic,Tier 1,density independent of area,SFD↑,1574,1.7322481537202265e-07,1.0251610128503351e-08,0.0162548059764526,1.73e-07,1.03e-08,0.0163,1.15 (1.04 - 1.27),no,1.10 (1.01 - 1.20),no,1.24 (1.16 - 1.34),yes,1.17 (1.08 - 1.27),no
514.2,Solitary pulmonary nodule,respiratory,Tier 1,"shared (joint signal, not attributable)",,914,1.98897300552964e-07,0.0870352276122205,0.0005445203612493,1.99e-07,0.087,0.000545,0.76 (0.66 - 0.87),no,1.01 (0.89 - 1.14),no,1.12 (1.02 - 1.22),no,1.20 (1.08 - 1.33),no
395.2,Nonrheumatic aortic valve disorders,circulatory system,Tier 1,density independent of area,SFD↑ VFD↑,391,2.914622652736018e-07,3.6488170255026314e-06,0.0796360181590477,2.91e-07,3.65e-06,0.0796,0.91 (0.73 - 1.14),no,1.27 (1.08 - 1.50),no,1.32 (1.17 - 1.49),yes,1.52 (1.31 - 1.76),yes
702.2,Seborrheic keratosis,dermatologic,Tier 1,density independent of area,SFD↓,719,3.0463250125955404e-07,7.772633527682143e-08,0.1691764353284353,3.05e-07,7.77e-08,0.169,0.87 (0.75 - 1.02),no,1.00 (0.87 - 1.13),no,0.77 (0.70 - 0.83),yes,0.87 (0.78 - 0.97),no
250.41,Impaired fasting glucose,endocrine/metabolic,Tier 1,"shared (joint signal, not attributable)",,507,3.558653813395661e-07,0.2217116377631501,0.0028409324802247,3.56e-07,0.222,0.00284,1.03 (0.87 - 1.22),no,1.30 (1.12 - 1.50),no,0.84 (0.74 - 0.95),no,0.87 (0.76 - 1.00),no
574.3,Cholecystitis without cholelithiasis,digestive,Tier 1,density independent of area,VFD↑ VFI↑,529,3.739938176958351e-07,1.317094584612171e-07,6.753413618823187e-05,3.74e-07,1.32e-07,6.75e-05,1.11 (0.94 - 1.30),no,1.40 (1.22 - 1.61),yes,1.27 (1.14 - 1.42),no,1.43 (1.26 - 1.63),yes
495,Asthma,respiratory,Tier 1,density independent of area,,1862,4.580122818516503e-07,7.564271430258674e-06,0.0001279527475516,4.58e-07,7.56e-06,0.000128,1.17 (1.08 - 1.27),no,1.13 (1.05 - 1.22),no,1.14 (1.07 - 1.21),no,1.06 (0.99 - 1.14),no
447,Other disorders of arteries and arterioles,circulatory system,Tier 1,density independent of area,SFD↑ VFD↑,256,5.033886511868359e-07,7.537491431995583e-08,0.0168584595610217,5.03e-07,7.54e-08,0.0169,1.19 (0.92 - 1.54),no,1.44 (1.16 - 1.77),no,1.46 (1.27 - 1.68),yes,1.58 (1.33 - 1.89),yes
274.1,Gout,endocrine/metabolic,Tier 1,"shared (joint signal, not attributable)",VFI↑,401,5.110306007566011e-07,7.840382377057752e-05,0.0001913969204621,5.11e-07,7.84e-05,0.000191,1.08 (0.91 - 1.28),no,1.47 (1.27 - 1.71),yes,1.21 (1.06 - 1.38),no,1.27 (1.09 - 1.47),no
850,Hemorrhage or hematoma complicating a procedure,injuries & poisonings,Tier 1,density independent of area,SFD↑ VFD↑,236,5.399475635850694e-07,2.535149229873767e-06,0.5444062088600037,5.4e-07,2.54e-06,0.544,0.99 (0.77 - 1.28),no,1.24 (0.98 - 1.57),no,1.47 (1.27 - 1.71),yes,1.61 (1.34 - 1.94),yes
443.9,"Peripheral vascular disease, unspecified",circulatory system,Tier 1,density independent of area,SFD↑ VFD↑,387,5.717814062012815e-07,3.933312911748105e-08,0.01927259615137,5.72e-07,3.93e-08,0.0193,1.21 (0.99 - 1.47),no,1.28 (1.09 - 1.50),no,1.41 (1.25 - 1.58),yes,1.44 (1.24 - 1.67),yes
562.1,Diverticulosis,digestive,Tier 1,"shared (joint signal, not attributable)",SFD↓,1511,5.720485102735517e-07,0.0001435888912249,0.0026616904303156,5.72e-07,0.000144,0.00266,0.97 (0.87 - 1.08),no,1.12 (1.02 - 1.23),no,0.83 (0.77 - 0.90),yes,0.94 (0.86 - 1.02),no
761,Cervicalgia,symptoms,Tier 1,density independent of area,VFD↓,1010,5.942578803197458e-07,4.657969009227291e-07,0.0010276320143997,5.94e-07,4.66e-07,0.00103,1.06 (0.94 - 1.19),no,0.81 (0.73 - 0.91),no,0.89 (0.82 - 0.96),no,0.76 (0.70 - 0.84),yes
496,Chronic airway obstruction,respiratory,Tier 1,density independent of area,SFD↑ VFD↑,1114,6.789879251318555e-07,1.1768562603696122e-05,0.0892956226335983,6.79e-07,1.18e-05,0.0893,0.93 (0.82 - 1.06),no,1.15 (1.04 - 1.28),no,1.17 (1.09 - 1.26),yes,1.25 (1.14 - 1.37),yes
702.1,Actinic keratosis,dermatologic,Tier 1,density independent of area,SFD↓,557,7.093599647768541e-07,2.731825512953498e-07,0.0353028325603214,7.09e-07,2.73e-07,0.0353,0.83 (0.70 - 0.99),no,1.07 (0.92 - 1.24),no,0.76 (0.70 - 0.84),yes,0.94 (0.82 - 1.07),no
440,Atherosclerosis,circulatory system,Tier 1,density independent of area,,413,7.176615442486945e-07,7.5988301106753e-07,0.0413883296138761,7.18e-07,7.6e-07,0.0414,1.14 (0.92 - 1.40),no,1.33 (1.14 - 1.57),no,1.29 (1.15 - 1.45),no,1.24 (1.07 - 1.44),no
184.11,Malignant neoplasm of ovary,neoplasms,Tier 1,"shared (joint signal, not attributable)",,381,9.920266755843745e-07,0.0224461794696371,0.1340395925134885,9.92e-07,0.0224,0.134,0.88 (0.70 - 1.11),no,0.79 (0.65 - 0.98),no,1.14 (1.01 - 1.28),no,1.24 (1.07 - 1.44),no
790,Nonspecific findings on examination of blood,symptoms,Tier 1,density independent of area,SFD↑ VFD↑,268,1.1675907319870742e-06,3.666927882552374e-07,0.029726328363029,1.17e-06,3.67e-07,0.0297,1.08 (0.84 - 1.39),no,1.40 (1.15 - 1.72),no,1.41 (1.23 - 1.62),yes,1.60 (1.34 - 1.89),yes
261.2,Vitamin B-complex deficiencies,endocrine/metabolic,Tier 1,density independent of area,SFD↑ VFD↑,381,1.1702168245552556e-06,1.708464035043038e-07,0.0496933253611207,1.17e-06,1.71e-07,0.0497,1.26 (1.03 - 1.53),no,1.15 (0.97 - 1.37),no,1.46 (1.29 - 1.66),yes,1.43 (1.23 - 1.66),yes
480.1,Bacterial pneumonia,respiratory,Tier 1,density independent of area,SFD↑ VFD↑,203,1.202647103397687e-06,1.3609589511721082e-06,0.5310824688467822,1.2e-06,1.36e-06,0.531,1.16 (0.89 - 1.51),no,1.13 (0.87 - 1.45),no,1.53 (1.32 - 1.78),yes,1.53 (1.26 - 1.86),yes
565,Anal and rectal conditions,digestive,Tier 1,density independent of area,SFD↑,975,1.5192595349899731e-06,2.3441195911486756e-06,0.6723865198180103,1.52e-06,2.34e-06,0.672,1.06 (0.93 - 1.20),no,1.04 (0.92 - 1.18),no,1.26 (1.16 - 1.37),yes,1.23 (1.11 - 1.35),no
345.3,Convulsions,neurological,Tier 1,density independent of area,SFD↑,363,1.547777442276994e-06,2.40842797941036e-07,0.3041296705649229,1.55e-06,2.41e-07,0.304,1.18 (0.97 - 1.43),no,1.09 (0.89 - 1.32),no,1.41 (1.25 - 1.59),yes,1.27 (1.09 - 1.48),no
457.2,Encounter for long-term (current) use of antiplatelets/antithrombotics,circulatory system,Tier 1,density independent of area,SFD↑ VFD↑,245,1.7909683740458174e-06,1.1158122775960693e-07,0.0045330702494629,1.79e-06,1.12e-07,0.00453,1.37 (1.07 - 1.75),no,1.33 (1.08 - 1.63),no,1.53 (1.31 - 1.78),yes,1.57 (1.30 - 1.90),yes
277,Other disorders of metabolism,endocrine/metabolic,Tier 1,density independent of area,SFD↑,276,1.832121750996611e-06,2.4774694040484765e-06,0.6323212358200575,1.83e-06,2.48e-06,0.632,1.00 (0.79 - 1.25),no,1.21 (0.99 - 1.49),no,1.41 (1.23 - 1.61),yes,1.42 (1.20 - 1.68),no
764,Sciatica,symptoms,Tier 1,density independent of area,VFD↓,651,2.2344011853756325e-06,1.474359682833149e-06,0.0211860970484538,2.23e-06,1.47e-06,0.0212,1.07 (0.93 - 1.23),no,0.85 (0.75 - 0.96),no,0.85 (0.77 - 0.94),no,0.72 (0.65 - 0.81),yes
771,Musculoskeletal symptoms referable to limbs,symptoms,Tier 1,density independent of area,SFD↑,388,2.3285996186281475e-06,2.1583177974739723e-06,0.0146523982154705,2.33e-06,2.16e-06,0.0147,1.15 (0.96 - 1.40),no,0.87 (0.72 - 1.04),no,1.32 (1.17 - 1.49),yes,1.04 (0.90 - 1.21),no
271.3,Intestinal disaccharidase deficiencies and disaccharide malabsorption,endocrine/metabolic,Tier 1,"shared (joint signal, not attributable)",,559,2.352473863324379e-06,0.001337010835443,0.064831252675615,2.35e-06,0.00134,0.0648,1.20 (1.03 - 1.39),no,0.97 (0.85 - 1.11),no,0.80 (0.72 - 0.90),no,0.77 (0.67 - 0.87),no
465,Acute upper respiratory infections of multiple or unspecified sites,respiratory,Tier 1,density independent of area,VFD↓,1235,2.5283836812782374e-06,1.472806288906418e-05,0.3998490661701735,2.53e-06,1.47e-05,0.4,1.06 (0.95 - 1.17),no,0.95 (0.86 - 1.05),no,0.88 (0.81 - 0.94),no,0.80 (0.74 - 0.87),yes
550.4,Umbilical hernia,digestive,Tier 1,"shared (joint signal, not attributable)",VFD↑,325,2.77796264404439e-06,8.520807194380011e-05,0.0025177702265292,2.78e-06,8.52e-05,0.00252,0.87 (0.72 - 1.04),no,1.38 (1.17 - 1.62),no,1.28 (1.11 - 1.48),no,1.51 (1.28 - 1.77),yes
611,Abnormal findings on mammogram or breast exam,genitourinary,Tier 1,area independent of density,SFI↓,673,2.9776525414026435e-06,0.0002521012826942,1.3478483740201998e-06,2.98e-06,0.000252,1.35e-06,0.65 (0.55 - 0.77),yes,0.88 (0.76 - 1.01),no,0.83 (0.75 - 0.91),no,0.88 (0.78 - 0.98),no
158,Neoplasm of unspecified nature of digestive system,neoplasms,Tier 1,density independent of area,SFD↑ VFD↑,338,3.307423179966839e-06,9.97165181339979e-07,0.0906642931588639,3.31e-06,9.97e-07,0.0907,1.18 (0.94 - 1.47),no,1.22 (1.00 - 1.48),no,1.38 (1.21 - 1.56),yes,1.51 (1.29 - 1.77),yes
555.1,Regional enteritis,digestive,Tier 1,density independent of area,VFD↑,453,4.546701701882987e-06,3.616729518297184e-05,0.0010232540497807,4.55e-06,3.62e-05,0.00102,0.78 (0.64 - 0.96),no,1.32 (1.08 - 1.61),no,1.06 (0.93 - 1.19),no,1.41 (1.22 - 1.63),yes
454.1,Varicose veins of lower extremity,circulatory system,Tier 1,"shared (joint signal, not attributable)",,212,4.584778532179982e-06,0.0064199507598326,0.2793833321634645,4.58e-06,0.00642,0.279,0.86 (0.67 - 1.11),no,0.90 (0.72 - 1.13),no,1.35 (1.14 - 1.59),no,1.47 (1.20 - 1.79),no
274,Gout and other crystal arthropathies,endocrine/metabolic,Tier 1,"shared (joint signal, not attributable)",VFI↑,447,4.904125634381955e-06,0.0001844984076692,0.0002243775273112,4.9e-06,0.000184,0.000224,1.06 (0.90 - 1.26),no,1.43 (1.24 - 1.65),yes,1.19 (1.05 - 1.34),no,1.28 (1.11 - 1.48),no
613,Other nonmalignant breast conditions,genitourinary,Tier 1,density independent of area,VFD↓,386,4.9608634372466726e-06,1.1455732334893943e-06,0.0217931686185007,4.96e-06,1.15e-06,0.0218,0.80 (0.66 - 0.98),no,0.87 (0.73 - 1.04),no,0.78 (0.68 - 0.89),no,0.70 (0.60 - 0.81),yes
271,Disorders of carbohydrate transport and metabolism,endocrine/metabolic,Tier 1,"shared (joint signal, not attributable)",,568,5.40925398692104e-06,0.0029627196363199,0.0632948934605222,5.41e-06,0.00296,0.0633,1.20 (1.03 - 1.39),no,0.98 (0.86 - 1.12),no,0.81 (0.73 - 0.91),no,0.78 (0.69 - 0.88),no
418,Nonspecific chest pain,circulatory system,Tier 1,density independent of area,,3128,5.624660523530102e-06,3.4703023389928936e-06,0.007080840481987,5.62e-06,3.47e-06,0.00708,1.11 (1.04 - 1.19),no,0.98 (0.92 - 1.05),no,1.06 (1.01 - 1.12),no,0.95 (0.90 - 1.01),no
613.5,Mastodynia,genitourinary,Tier 1,density independent of area,VFD↓,246,5.630273349380857e-06,1.506289451052898e-06,0.0570318491889262,5.63e-06,1.51e-06,0.057,0.78 (0.61 - 1.00),no,0.87 (0.70 - 1.07),no,0.72 (0.61 - 0.84),no,0.64 (0.54 - 0.76),yes
184.1,Malignant neoplasm of ovary and other uterine adnexa,neoplasms,Tier 1,"shared (joint signal, not attributable)",,417,8.039675022279969e-06,0.0295506022831509,0.186457715007254,8.04e-06,0.0296,0.186,0.84 (0.67 - 1.04),no,0.84 (0.70 - 1.02),no,1.11 (0.99 - 1.24),no,1.23 (1.07 - 1.42),no
585.4,"Chronic kidney disease, Stage I or II",genitourinary,Tier 1,density independent of area,SFD↑,391,8.638501715841496e-06,2.734411883135861e-06,0.6774005727873644,8.64e-06,2.73e-06,0.677,1.09 (0.90 - 1.33),no,1.09 (0.93 - 1.29),no,1.43 (1.25 - 1.63),yes,1.37 (1.17 - 1.60),no
577.2,Chronic pancreatitis,digestive,Tier 1,density independent of area,VFD↑,283,9.183979665732145e-06,1.2032386339211003e-06,0.0020735913546537,9.18e-06,1.2e-06,0.00207,1.09 (0.87 - 1.37),no,1.50 (1.21 - 1.86),no,1.28 (1.12 - 1.47),no,1.58 (1.34 - 1.87),yes
531.4,"Peptic ulcer, site unspecified",digestive,Tier 1,density independent of area,SFD↑ VFD↑,297,1.030617371095364e-05,3.7031662866393247e-06,0.2959572390187699,1.03e-05,3.7e-06,0.296,1.11 (0.89 - 1.39),no,1.18 (0.97 - 1.44),no,1.38 (1.21 - 1.57),yes,1.48 (1.26 - 1.74),yes
327,Sleep disorders,neurological,Tier 1,"shared (joint signal, not attributable)",VFD↑,1990,1.1938528415304683e-05,4.415268540284109e-05,0.0521542612127426,1.19e-05,4.42e-05,0.0522,0.97 (0.88 - 1.06),no,1.14 (1.05 - 1.24),no,1.12 (1.06 - 1.19),no,1.17 (1.09 - 1.25),yes
686,Other local infections of skin and subcutaneous tissue,dermatologic,Tier 1,"shared (joint signal, not attributable)",,243,1.3524380157589535e-05,0.0001969910036495,0.5143485876800873,1.35e-05,0.000197,0.514,0.89 (0.71 - 1.12),no,1.04 (0.84 - 1.29),no,1.37 (1.18 - 1.58),no,1.31 (1.09 - 1.57),no
550.5,Ventral hernia,digestive,Tier 1,density independent of area,SFD↑,635,1.4073223065939384e-05,3.9848642738435085e-06,0.0087819764741814,1.41e-05,3.98e-06,0.00878,1.23 (1.08 - 1.40),no,1.07 (0.95 - 1.21),no,1.31 (1.18 - 1.45),yes,1.24 (1.10 - 1.40),no
564.9,Personal history of diseases of digestive system,digestive,Tier 1,density independent of area,SFD↑ VFD↑,637,1.652417093536645e-05,3.2709767721830774e-06,0.1629772537956806,1.65e-05,3.27e-06,0.163,1.05 (0.90 - 1.23),no,1.15 (1.00 - 1.32),no,1.25 (1.13 - 1.39),yes,1.36 (1.21 - 1.53),yes
290.1,Dementias,mental disorders,Tier 1,density independent of area,,499,1.7373878367172326e-05,2.7267586104767304e-05,0.035996533025061,1.74e-05,2.73e-05,0.036,1.11 (0.88 - 1.40),no,0.89 (0.74 - 1.06),no,1.28 (1.14 - 1.45),no,1.06 (0.91 - 1.24),no
184,Cancer of other female genital organs,neoplasms,Tier 1,"shared (joint signal, not attributable)",,477,1.8047946336098113e-05,0.0851704448526296,0.0669592217757862,1.8e-05,0.0852,0.067,0.81 (0.66 - 0.99),no,0.84 (0.70 - 1.00),no,1.07 (0.96 - 1.20),no,1.18 (1.03 - 1.35),no
218,Benign neoplasm of uterus,neoplasms,Tier 1,density independent of area,SFD↓,644,3.12269461756668e-05,4.731033563113222e-06,0.0219797663539564,3.12e-05,4.73e-06,0.022,0.80 (0.68 - 0.93),no,0.88 (0.76 - 1.01),no,0.77 (0.69 - 0.86),yes,0.86 (0.77 - 0.97),no
512.8,Cough,respiratory,Tier 1,density independent of area,,2150,3.2260602929476615e-05,3.2265412911136594e-05,0.1506787944890153,3.23e-05,3.23e-05,0.151,1.09 (1.00 - 1.19),no,1.07 (0.99 - 1.16),no,1.08 (1.02 - 1.15),no,0.99 (0.93 - 1.06),no
796,Elevated prostate specific antigen [PSA],genitourinary,Tier 1,"shared (joint signal, not attributable)",,269,3.5303705172621777e-05,0.0694599319824926,0.0265938634473115,3.53e-05,0.0695,0.0266,0.99 (0.78 - 1.27),no,1.29 (1.04 - 1.59),no,0.76 (0.66 - 0.88),no,0.82 (0.67 - 1.01),no
218.1,Uterine leiomyoma,neoplasms,Tier 1,density independent of area,SFD↓,635,3.806793297422243e-05,8.959932485541038e-06,0.0121674667273675,3.81e-05,8.96e-06,0.0122,0.79 (0.67 - 0.92),no,0.86 (0.74 - 1.00),no,0.78 (0.70 - 0.87),yes,0.87 (0.77 - 0.97),no
216,Benign neoplasm of skin,neoplasms,Tier 1,density independent of area,SFD↓,718,3.842672952476425e-05,3.36673442510977e-05,0.0614545637531438,3.84e-05,3.37e-05,0.0615,0.87 (0.75 - 1.01),no,1.04 (0.91 - 1.19),no,0.80 (0.74 - 0.87),yes,0.89 (0.80 - 1.00),no
536.3,Gastroparesis,digestive,Tier 1,density independent of area,,361,5.3066521368573114e-05,2.4443529393612213e-05,0.0105596740534644,5.31e-05,2.44e-05,0.0106,1.20 (0.99 - 1.46),no,1.38 (1.15 - 1.66),no,1.29 (1.14 - 1.46),no,1.27 (1.09 - 1.48),no
594.3,Calculus of ureter,genitourinary,Tier 1,"shared (joint signal, not attributable)",SFD↓,388,5.4479802525361234e-05,0.0021603652728422,0.038994010907798,5.45e-05,0.00216,0.039,0.97 (0.82 - 1.14),no,1.17 (0.99 - 1.38),no,0.78 (0.69 - 0.87),yes,0.86 (0.74 - 1.00),no
592,Cystitis and urethritis,genitourinary,Tier 1,density independent of area,,1237,6.111018153413099e-05,1.2379711165849869e-05,0.0368204286126447,6.11e-05,1.24e-05,0.0368,1.12 (1.00 - 1.25),no,1.15 (1.04 - 1.27),no,1.17 (1.09 - 1.26),no,1.13 (1.04 - 1.23),no
260,Protein-calorie malnutrition,endocrine/metabolic,Tier 2,area + density (both independent),SFD↑ VFD↑ VFI↑,2078,9.36571663390854e-272,8.204369722035654e-155,2.8096319644610097e-05,9.37e-272,8.2e-155,2.81e-05,0.82 (0.73 - 0.94),no,1.43 (1.29 - 1.59),yes,2.23 (2.10 - 2.37),yes,2.85 (2.65 - 3.08),yes
509,"Respiratory failure, insufficiency, arrest",respiratory,Tier 2,area + density (both independent),SFD↑ VFD↑ VFI↑,1198,2.6807420216342462e-158,2.6400346694413214e-133,3.355364316788347e-05,2.68e-158,2.64e-133,3.36e-05,1.15 (1.03 - 1.29),no,1.48 (1.34 - 1.64),yes,2.52 (2.34 - 2.71),yes,2.64 (2.41 - 2.89),yes
503,Pulmonary congestion and hypostasis,respiratory,Tier 2,area + density (both independent),SFD↑ VFD↑ VFI↑,721,1.009972286369816e-147,3.1693002956245147e-116,9.467567698378411e-06,1.01e-147,3.17e-116,9.47e-06,1.16 (1.00 - 1.34),no,1.67 (1.47 - 1.91),yes,2.90 (2.65 - 3.17),yes,3.53 (3.15 - 3.96),yes
276.12,Hyposmolality and/or hyponatremia,endocrine/metabolic,Tier 2,area + density (both independent),SFD↑ VFD↑ VFI↑,1395,4.1513896002904896e-142,3.0182060429298066e-104,1.8108170403777335e-05,4.15e-142,3.02e-104,1.81e-05,1.00 (0.88 - 1.13),no,1.46 (1.32 - 1.62),yes,2.12 (1.98 - 2.27),yes,2.62 (2.41 - 2.86),yes
195,"Cancer, suspected or other",neoplasms,Tier 2,area + density (both independent),SFD↑ VFD↑ VFI↑,1819,3.876216044042951e-82,1.0864216297518036e-63,1.7681121794851276e-05,3.88e-82,1.09e-63,1.77e-05,1.01 (0.91 - 1.12),no,1.32 (1.20 - 1.45),yes,1.58 (1.50 - 1.68),yes,1.93 (1.79 - 2.07),yes
038.3,Bacteremia,infectious diseases,Tier 2,area + density (both independent),SFD↑ VFD↑ VFI↑,865,1.758837413733232e-74,2.3803706327231807e-55,1.8831373187378456e-06,1.76e-74,2.38e-55,1.88e-06,0.92 (0.80 - 1.06),no,1.51 (1.34 - 1.70),yes,1.82 (1.68 - 1.97),yes,2.40 (2.17 - 2.65),yes
426.2,Atrioventricular [AV] block,circulatory system,Tier 2,density independent of area,SFD↑ VFD↑,412,3.104671990001547e-25,1.2067820268515663e-24,5.449084918965334e-05,3.1e-25,1.21e-24,5.45e-05,1.47 (1.21 - 1.78),no,1.34 (1.12 - 1.60),no,2.02 (1.78 - 2.30),yes,2.14 (1.82 - 2.51),yes
790.6,Other abnormal blood chemistry,symptoms,Tier 2,density independent of area,SFD↑ VFD↑,1830,4.648600795799956e-16,1.5000407738888872e-17,6.418845929769673e-05,4.65e-16,1.5e-17,6.42e-05,1.18 (1.08 - 1.29),no,1.16 (1.07 - 1.26),no,1.29 (1.22 - 1.37),yes,1.28 (1.20 - 1.38),yes
530.1,"Esophagitis, GERD and related diseases",digestive,Tier 2,density independent of area,SFD↑ SFI↑,4209,7.584784322722985e-13,5.193523019977567e-12,4.0195624453988854e-05,7.58e-13,5.19e-12,4.02e-05,1.16 (1.08 - 1.23),yes,1.10 (1.04 - 1.17),no,1.14 (1.09 - 1.19),yes,1.04 (0.99 - 1.10),no
540.11,Acute appendicitis,digestive,Tier 2,density independent of area,SFD↓,805,2.4636542163315478e-12,7.526811160591452e-13,0.0004328858407534,2.46e-12,7.53e-13,0.000433,0.77 (0.67 - 0.87),no,0.99 (0.86 - 1.15),no,0.75 (0.69 - 0.81),yes,0.94 (0.85 - 1.05),no
540,Appendiceal conditions,digestive,Tier 2,density independent of area,SFD↓,917,2.649338583607799e-11,6.319190086587776e-12,0.001294388874692,2.65e-11,6.32e-12,0.00129,0.78 (0.69 - 0.88),no,0.97 (0.85 - 1.12),no,0.78 (0.72 - 0.84),yes,0.97 (0.88 - 1.07),no
540.1,Appendicitis,digestive,Tier 2,density independent of area,SFD↓,859,3.110479957793208e-11,7.377891222969712e-12,0.0010122065958337,3.11e-11,7.38e-12,0.00101,0.78 (0.69 - 0.89),no,0.99 (0.86 - 1.14),no,0.76 (0.70 - 0.83),yes,0.95 (0.86 - 1.06),no
296.1,Bipolar,mental disorders,Tier 2,density independent of area,SFD↑ VFD↑ SFI↑,436,1.296772645859783e-10,9.312755062142802e-11,5.431169111555946e-05,1.3e-10,9.31e-11,5.43e-05,1.42 (1.22 - 1.66),yes,1.14 (0.97 - 1.35),no,1.52 (1.36 - 1.71),yes,1.41 (1.23 - 1.62),yes
760,Back pain,symptoms,Tier 2,density independent of area,VFD↓,3092,1.6333251630569722e-08,1.0633517455472716e-06,9.646899918498251e-05,1.63e-08,1.06e-06,9.65e-05,1.12 (1.05 - 1.20),no,0.92 (0.86 - 0.98),no,0.98 (0.94 - 1.03),no,0.86 (0.81 - 0.91),yes
395.6,Heart valve replaced,circulatory system,Tier 2,"shared (joint signal, not attributable)",SFD↑ VFD↑,214,5.27127848196169e-07,6.556182040547383e-05,0.4451548037079675,5.27e-07,6.56e-05,0.445,0.85 (0.64 - 1.13),no,1.17 (0.94 - 1.47),no,1.44 (1.23 - 1.69),yes,1.57 (1.29 - 1.90),yes
289,Other diseases of blood and blood-forming organs,hematopoietic,Tier 2,"shared (joint signal, not attributable)",VFD↑,431,1.745461039097658e-06,0.0003400336521126,0.1148110442960142,1.75e-06,0.00034,0.115,0.83 (0.67 - 1.02),no,1.16 (0.97 - 1.38),no,1.25 (1.11 - 1.40),no,1.41 (1.23 - 1.62),yes
208,Benign neoplasm of colon,neoplasms,Tier 2,"shared (joint signal, not attributable)",SFD↓,1589,1.9122143773277137e-06,4.80453346295607e-05,0.0063105481360233,1.91e-06,4.8e-05,0.00631,0.93 (0.84 - 1.02),no,1.09 (1.00 - 1.19),no,0.85 (0.80 - 0.91),yes,0.94 (0.87 - 1.02),no
605,Erectile dysfunction [ED],genitourinary,Tier 2,"shared (joint signal, not attributable)",,340,3.2878980376203465e-06,0.0118464352304244,4.423953405104582e-05,3.29e-06,0.0118,4.42e-05,0.80 (0.66 - 0.98),no,1.41 (1.17 - 1.71),no,0.78 (0.69 - 0.88),no,0.99 (0.83 - 1.18),no
599.2,Retention of urine,genitourinary,Tier 2,"shared (joint signal, not attributable)",SFD↑ VFD↑,816,3.919656833836284e-06,5.8617660023530335e-05,0.563695733977103,3.92e-06,5.86e-05,0.564,0.95 (0.82 - 1.10),no,1.10 (0.97 - 1.25),no,1.21 (1.11 - 1.32),yes,1.28 (1.15 - 1.42),yes
949,"Allergies, other",injuries & poisonings,Tier 2,density independent of area,SFD↑ VFD↑,759,5.170264071189983e-06,7.990211811904478e-07,0.176598093263668,5.17e-06,7.99e-07,0.177,1.07 (0.93 - 1.23),no,1.17 (1.03 - 1.33),no,1.25 (1.15 - 1.37),yes,1.27 (1.14 - 1.41),yes
765,Cervical radiculitis,symptoms,Tier 2,density independent of area,SFD↓ VFD↓,225,9.508624649683986e-06,7.967849599010175e-06,0.0145880532762269,9.51e-06,7.97e-06,0.0146,0.73 (0.57 - 0.93),no,0.89 (0.72 - 1.11),no,0.74 (0.65 - 0.85),yes,0.65 (0.54 - 0.79),yes
550.1,Inguinal hernia,digestive,Tier 2,"shared (joint signal, not attributable)",,354,1.3621507751501787e-05,0.1733833861985771,0.0083120902864299,1.36e-05,0.173,0.00831,1.00 (0.81 - 1.24),no,0.75 (0.61 - 0.92),no,1.26 (1.10 - 1.44),no,1.12 (0.95 - 1.31),no
871,Open wounds of extremities,injuries & poisonings,Tier 2,"shared (joint signal, not attributable)",SFD↑,419,1.565238388053105e-05,0.0003672954403225,0.6831687754221989,1.57e-05,0.000367,0.683,0.93 (0.78 - 1.12),no,1.02 (0.86 - 1.21),no,1.29 (1.15 - 1.45),yes,1.29 (1.12 - 1.48),no
519,"Other diseases of respiratory system, not elsewhere classified",respiratory,Tier 2,"shared (joint signal, not attributable)",SFD↑,464,1.6224637332088952e-05,0.0006870204804977,0.7546950491173486,1.62e-05,0.000687,0.755,0.97 (0.81 - 1.17),no,0.98 (0.83 - 1.17),no,1.27 (1.14 - 1.41),yes,1.27 (1.11 - 1.45),no
295,Schizophrenia and other psychotic disorders,mental disorders,Tier 2,density independent of area,SFD↑,272,2.186059731988544e-05,2.1495867071758742e-05,0.0989588863003808,2.19e-05,2.15e-05,0.099,1.25 (1.01 - 1.55),no,0.98 (0.78 - 1.22),no,1.45 (1.26 - 1.67),yes,1.27 (1.06 - 1.52),no
458.1,Orthostatic hypotension,circulatory system,Tier 2,density independent of area,SFD↑ VFD↑,206,2.735597505765475e-05,1.2175654444730407e-05,0.3520887275612177,2.74e-05,1.22e-05,0.352,1.10 (0.82 - 1.48),no,1.27 (0.98 - 1.65),no,1.46 (1.24 - 1.71),yes,1.58 (1.30 - 1.94),yes
510,Other diseases of lung,respiratory,Tier 2,"shared (joint signal, not attributable)",,468,4.191805334254425e-05,4.981976959134192e-05,0.3636423837722815,4.19e-05,4.98e-05,0.364,0.99 (0.82 - 1.20),no,1.22 (1.02 - 1.45),no,1.24 (1.11 - 1.37),no,1.24 (1.09 - 1.42),no
079,Viral infection,infectious diseases,Tier 2,"shared (joint signal, not attributable)",,612,5.212404063091812e-05,0.0003452127280095,0.1022606040648956,5.21e-05,0.000345,0.102,1.06 (0.91 - 1.23),no,1.25 (1.08 - 1.45),no,1.14 (1.03 - 1.27),no,1.07 (0.95 - 1.21),no
348.9,"Other conditions of brain, NOS",neurological,Tier 2,"shared (joint signal, not attributable)",,299,5.230027943671783e-05,0.0029725419632823,0.0848292595752722,5.23e-05,0.00297,0.0848,1.02 (0.82 - 1.28),no,0.84 (0.67 - 1.04),no,1.32 (1.16 - 1.51),no,1.17 (0.99 - 1.39),no
204,Leukemia,neoplasms,Tier 2,"shared (joint signal, not attributable)",VFD↑,484,6.053153487177813e-05,5.79481661283928e-05,0.061773871340289,6.05e-05,5.79e-05,0.0618,0.97 (0.81 - 1.16),no,1.26 (1.07 - 1.49),no,1.23 (1.10 - 1.36),no,1.38 (1.21 - 1.58),yes
395.1,Nonrheumatic mitral valve disorders,circulatory system,Tier 2,"shared (joint signal, not attributable)",,365,6.724093922408676e-05,0.0071239813741199,0.5555249816130019,6.72e-05,0.00712,0.556,0.89 (0.69 - 1.14),no,0.98 (0.80 - 1.21),no,1.25 (1.11 - 1.42),no,1.29 (1.10 - 1.50),no
306,Other mental disorder,mental disorders,Tier 2,density independent of area,VFD↑,796,7.887768867238446e-05,2.0568879540583137e-05,0.0334653046138315,7.89e-05,2.06e-05,0.0335,1.00 (0.87 - 1.14),no,1.19 (1.06 - 1.35),no,1.17 (1.07 - 1.28),no,1.30 (1.17 - 1.44),yes
261.4,Vitamin D deficiency,endocrine/metabolic,Tier 3,no joint signal,SFD↑,1299,9.88925005401686e-05,1.5261648676169086e-05,0.0305406466711724,9.89e-05,1.53e-05,0.0305,1.15 (1.04 - 1.29),no,1.08 (0.98 - 1.19),no,1.19 (1.10 - 1.29),yes,1.10 (1.00 - 1.20),no
592.1,Cystitis,genitourinary,Tier 3,no joint signal,,1213,0.0001553635925042,2.517630341028212e-05,0.0661687893182724,0.000155,2.52e-05,0.0662,1.11 (0.99 - 1.25),no,1.13 (1.03 - 1.25),no,1.17 (1.09 - 1.26),no,1.12 (1.03 - 1.23),no
185,Cancer of prostate,neoplasms,Tier 3,no joint signal,,648,0.0001617323298555,0.0010366716707311,0.9196894637188624,0.000162,0.00104,0.92,1.05 (0.88 - 1.25),no,0.95 (0.81 - 1.11),no,0.80 (0.72 - 0.89),no,0.77 (0.66 - 0.89),no
805,Fracture of vertebral column without mention of spinal cord injury,injuries & poisonings,Tier 3,no joint signal,,423,0.0001655879202496,0.0188798505351837,0.0009227622497659,0.000166,0.0189,0.000923,0.81 (0.66 - 1.01),no,0.77 (0.64 - 0.93),no,1.09 (0.97 - 1.22),no,0.96 (0.83 - 1.10),no
512.1,Wheezing,respiratory,Tier 3,no joint signal,SFI↑,215,0.0001663636695609,0.0467460553002846,9.283142276805756e-05,0.000166,0.0467,9.28e-05,1.67 (1.33 - 2.10),yes,1.09 (0.88 - 1.36),no,1.18 (0.99 - 1.42),no,0.94 (0.76 - 1.17),no
136,Other infectious and parasitic diseases,infectious diseases,Tier 3,no joint signal,SFD↑,447,0.0002054347451193,2.2944888253673925e-05,0.1664624942248488,0.000205,2.29e-05,0.166,1.13 (0.95 - 1.36),no,1.18 (0.99 - 1.39),no,1.28 (1.15 - 1.43),yes,1.30 (1.14 - 1.49),no
574.1,Cholelithiasis,digestive,Tier 3,no joint signal,,1274,0.0002392900654636,0.0007937373987927,0.0017379339346889,0.000239,0.000794,0.00174,1.07 (0.96 - 1.18),no,1.21 (1.10 - 1.32),no,1.11 (1.04 - 1.20),no,1.14 (1.05 - 1.25),no
590,Pyelonephritis,genitourinary,Tier 3,no joint signal,VFI↑,767,0.0002895816131895,0.0110292676256754,2.767951209800736e-05,0.00029,0.011,2.77e-05,1.08 (0.95 - 1.23),no,1.31 (1.16 - 1.48),yes,1.04 (0.95 - 1.15),no,1.16 (1.04 - 1.29),no
396,Abnormal heart sounds,circulatory system,Tier 3,no joint signal,VFD↑,255,0.0003751266376822,0.0001340951329042,0.3959195833257088,0.000375,0.000134,0.396,1.06 (0.83 - 1.35),no,1.18 (0.96 - 1.45),no,1.34 (1.16 - 1.55),no,1.47 (1.23 - 1.75),yes
592.11,Acute cystitis,genitourinary,Tier 3,no joint signal,,1025,0.0003892864201897,8.388890026616935e-05,0.0952900484203232,0.000389,8.39e-05,0.0953,1.10 (0.97 - 1.24),no,1.15 (1.03 - 1.28),no,1.17 (1.08 - 1.27),no,1.13 (1.03 - 1.25),no
722,Intervertebral disc disorders,musculoskeletal,Tier 3,no joint signal,,796,0.0004130458099388,0.0001437877127163,0.0044155147072619,0.000413,0.000144,0.00442,0.89 (0.77 - 1.02),no,0.87 (0.77 - 0.99),no,0.98 (0.89 - 1.07),no,0.86 (0.77 - 0.95),no
433.8,Late effects of cerebrovascular disease,circulatory system,Tier 3,no joint signal,,234,0.0004142963274674,4.096981244514465e-05,0.2615375035152628,0.000414,4.1e-05,0.262,1.23 (0.95 - 1.60),no,1.18 (0.95 - 1.46),no,1.39 (1.19 - 1.61),no,1.27 (1.05 - 1.55),no
389.4,Tinnitus,sense organs,Tier 3,no joint signal,,210,0.0004503502118185,0.0005511192005821,0.0026900631835589,0.00045,0.000551,0.00269,0.67 (0.51 - 0.87),no,0.86 (0.68 - 1.07),no,0.80 (0.70 - 0.91),no,0.73 (0.60 - 0.88),no
611.3,Lump or mass in breast,genitourinary,Tier 3,no joint signal,,388,0.0005422978458863,0.0196815835399424,9.372325244214957e-05,0.000542,0.0197,9.37e-05,0.62 (0.50 - 0.78),no,0.91 (0.75 - 1.10),no,0.84 (0.74 - 0.95),no,0.90 (0.78 - 1.04),no
737,Curvature of spine,musculoskeletal,Tier 3,no joint signal,,244,0.0005548920427726,0.5441624750916852,0.0070492000526537,0.000555,0.544,0.00705,0.84 (0.63 - 1.12),no,0.70 (0.53 - 0.90),no,1.15 (0.99 - 1.32),no,1.06 (0.88 - 1.27),no
550.2,Diaphragmatic hernia,digestive,Tier 3,no joint signal,,744,0.0008289246948087,0.0573961362176084,0.0001172273547537,0.000829,0.0574,0.000117,1.26 (1.09 - 1.45),no,0.85 (0.75 - 0.96),no,1.06 (0.96 - 1.17),no,0.89 (0.80 - 1.00),no
577.3,Cyst and pseudocyst of pancreas,digestive,Tier 3,no joint signal,,349,0.0010220568003825,0.0003440826782585,0.0012773286376751,0.00102,0.000344,0.00128,1.10 (0.89 - 1.35),no,1.40 (1.17 - 1.67),no,1.16 (1.02 - 1.32),no,1.36 (1.17 - 1.59),no
442.1,Aortic aneurysm,circulatory system,Tier 3,no joint signal,,268,0.0010667190342147,0.0530749179120402,0.2839461794147266,0.00107,0.0531,0.284,0.87 (0.66 - 1.13),no,0.93 (0.74 - 1.16),no,1.25 (1.08 - 1.45),no,1.22 (1.01 - 1.47),no
625,Pain and other symptoms associated with female genital organs,genitourinary,Tier 3,no joint signal,,590,0.001271005796033,0.0001664253462663,0.079557258403697,0.00127,0.000166,0.0796,0.87 (0.73 - 1.03),no,0.82 (0.69 - 0.97),no,0.80 (0.72 - 0.90),no,0.82 (0.73 - 0.93),no
455,Hemorrhoids,circulatory system,Tier 3,no joint signal,,1087,0.0013000379851652,0.1746036765919431,0.0195577058608627,0.0013,0.175,0.0196,0.84 (0.74 - 0.95),no,1.07 (0.95 - 1.19),no,1.07 (0.99 - 1.16),no,1.13 (1.03 - 1.23),no
345.1,Epilepsy,neurological,Tier 3,no joint signal,,213,0.0013354907579244,0.0004452697088013,0.0161289876892694,0.00134,0.000445,0.0161,1.43 (1.13 - 1.81),no,1.12 (0.87 - 1.45),no,1.39 (1.19 - 1.63),no,1.27 (1.04 - 1.55),no
476,Allergic rhinitis,respiratory,Tier 3,no joint signal,,719,0.001434898008932,0.0002373517286669,0.3700738532664991,0.00143,0.000237,0.37,0.94 (0.81 - 1.08),no,0.91 (0.80 - 1.04),no,0.83 (0.76 - 0.91),no,0.82 (0.73 - 0.91),no
611.1,Abnormal mammogram,genitourinary,Tier 3,no joint signal,,330,0.0014367039926924,0.0015459088061638,0.0036283310939762,0.00144,0.00155,0.00363,0.67 (0.53 - 0.85),no,0.91 (0.75 - 1.10),no,0.76 (0.66 - 0.88),no,0.83 (0.70 - 0.98),no
371.3,Inflammation of eyelids,sense organs,Tier 3,no joint signal,,321,0.0015135431640919,0.0012623428822945,0.0653854412625323,0.00151,0.00126,0.0654,1.07 (0.86 - 1.33),no,0.76 (0.63 - 0.93),no,0.81 (0.71 - 0.92),no,0.74 (0.63 - 0.86),no
174,Breast cancer,neoplasms,Tier 3,no joint signal,,903,0.0015699896833187,0.723874807053033,0.0014680858353038,0.00157,0.724,0.00147,0.78 (0.67 - 0.91),no,1.11 (0.98 - 1.25),no,1.00 (0.92 - 1.08),no,1.06 (0.95 - 1.17),no
366.2,Senile cataract,sense organs,Tier 3,no joint signal,,656,0.0015703737733984,0.0025426739798827,0.9072240460768748,0.00157,0.00254,0.907,0.99 (0.84 - 1.15),no,0.97 (0.84 - 1.11),no,0.85 (0.77 - 0.93),no,0.81 (0.71 - 0.91),no
939,Atopic/contact dermatitis due to other or unspecified,dermatologic,Tier 3,no joint signal,,999,0.0016760673267285,0.0002467648322453,0.0490241906488348,0.00168,0.000247,0.049,1.13 (1.00 - 1.28),no,1.10 (0.98 - 1.24),no,1.16 (1.07 - 1.25),no,1.18 (1.08 - 1.30),no
241.1,Nontoxic uninodular goiter,endocrine/metabolic,Tier 3,no joint signal,,361,0.0016888166051003,0.0004739521989556,0.0072878158010233,0.00169,0.000474,0.00729,0.75 (0.60 - 0.94),no,0.84 (0.69 - 1.01),no,0.81 (0.72 - 0.91),no,0.78 (0.66 - 0.91),no
763,"Thoracic or lumbosacral neuritis or radiculitis, unspecified",symptoms,Tier 3,no joint signal,,507,0.0019036796387032,0.0007064895323849,0.1849700859433313,0.0019,0.000706,0.185,1.07 (0.91 - 1.26),no,0.92 (0.80 - 1.06),no,0.94 (0.84 - 1.06),no,0.79 (0.69 - 0.90),no
694,Dyschromia and Vitiligo,dermatologic,Tier 3,no joint signal,,499,0.0020891788885354,0.0007824219728434,0.6885614325894829,0.00209,0.000782,0.689,0.93 (0.78 - 1.11),no,0.97 (0.82 - 1.14),no,0.80 (0.73 - 0.89),no,0.83 (0.73 - 0.95),no
495.2,Asthma with exacerbation,respiratory,Tier 3,no joint signal,,376,0.0020983105520226,0.0304516436678236,0.411057992732678,0.0021,0.0305,0.411,1.09 (0.92 - 1.30),no,1.13 (0.96 - 1.32),no,0.96 (0.84 - 1.11),no,0.86 (0.74 - 1.00),no
627,Menopausal and postmenopausal disorders,genitourinary,Tier 3,no joint signal,,798,0.0021841575289383,0.0003321673741854,0.0878316008198995,0.00218,0.000332,0.0878,0.85 (0.73 - 0.98),no,0.91 (0.80 - 1.03),no,0.84 (0.76 - 0.92),no,0.90 (0.81 - 1.00),no
174.1,Breast cancer [female],neoplasms,Tier 3,no joint signal,,895,0.0022216612046375,0.8799399861288836,0.0011732956970136,0.00222,0.88,0.00117,0.77 (0.66 - 0.90),no,1.11 (0.99 - 1.25),no,0.99 (0.91 - 1.07),no,1.05 (0.95 - 1.17),no
414,Other forms of chronic heart disease,circulatory system,Tier 3,no joint signal,,215,0.0023899848519621,0.0002599422337831,0.0666593023543934,0.00239,0.00026,0.0667,1.24 (0.96 - 1.59),no,1.26 (1.01 - 1.56),no,1.36 (1.16 - 1.60),no,1.42 (1.17 - 1.73),no
593,Hematuria,genitourinary,Tier 3,no joint signal,,1089,0.002507792602126,0.0083848759721764,0.0009915670232307,0.00251,0.00838,0.000992,1.15 (1.02 - 1.29),no,1.18 (1.07 - 1.31),no,1.10 (1.01 - 1.19),no,1.11 (1.01 - 1.22),no
411.3,Angina pectoris,circulatory system,Tier 3,no joint signal,,238,0.002605631386166,0.2435636695310616,0.0012530011778996,0.00261,0.244,0.00125,1.09 (0.85 - 1.40),no,1.48 (1.21 - 1.81),no,1.03 (0.87 - 1.23),no,1.16 (0.95 - 1.42),no
374,Other disorders of eyelids,sense organs,Tier 3,no joint signal,,290,0.002622905134443,0.0006615146872666,0.1935206142553119,0.00262,0.000662,0.194,0.86 (0.68 - 1.08),no,0.89 (0.73 - 1.09),no,0.81 (0.71 - 0.92),no,0.73 (0.62 - 0.86),no
930,Allergic reaction to food,injuries & poisonings,Tier 3,no joint signal,,274,0.0026307754239884,0.0181738688218242,0.673438561437277,0.00263,0.0182,0.673,1.04 (0.83 - 1.31),no,0.93 (0.73 - 1.18),no,1.23 (1.07 - 1.41),no,1.28 (1.08 - 1.53),no
698,Pruritus and related conditions,dermatologic,Tier 3,no joint signal,,499,0.0029107632811427,0.0003852098589565,0.2430632346604104,0.00291,0.000385,0.243,1.15 (0.97 - 1.37),no,1.14 (0.97 - 1.33),no,1.21 (1.09 - 1.35),no,1.13 (0.99 - 1.29),no
174.11,Malignant neoplasm of female breast,neoplasms,Tier 3,no joint signal,,878,0.0031191667450649,0.8232642453425841,0.0022010023061117,0.00312,0.823,0.0022,0.78 (0.67 - 0.92),no,1.12 (0.99 - 1.26),no,1.00 (0.92 - 1.09),no,1.06 (0.96 - 1.18),no
255,Disorders of adrenal glands,endocrine/metabolic,Tier 3,no joint signal,,459,0.0031868938103566,0.0194743699567169,0.3483607575360147,0.00319,0.0195,0.348,1.04 (0.88 - 1.23),no,1.19 (1.02 - 1.38),no,1.06 (0.94 - 1.19),no,0.99 (0.86 - 1.13),no
626,Disorders of menstruation and other abnormal bleeding from female genital tract,genitourinary,Tier 3,no joint signal,,809,0.0032633431887311,0.0052735808754853,0.0110530719528351,0.00326,0.00527,0.0111,0.87 (0.76 - 1.00),no,0.79 (0.68 - 0.92),no,0.86 (0.78 - 0.96),no,0.88 (0.79 - 0.98),no
800,Fracture of lower limb,injuries & poisonings,Tier 3,no joint signal,,350,0.0033200821954879,0.0026842877061909,0.978514828199572,0.00332,0.00268,0.979,0.99 (0.80 - 1.23),no,1.08 (0.89 - 1.30),no,1.24 (1.10 - 1.40),no,1.23 (1.06 - 1.44),no
209,Neuroendocrine tumors,neoplasms,Tier 3,no joint signal,,237,0.0033216169324534,0.0006234310207098,0.0110136469240947,0.00332,0.000623,0.011,1.35 (1.05 - 1.74),no,1.34 (1.06 - 1.69),no,1.29 (1.11 - 1.49),no,1.32 (1.10 - 1.58),no
204.2,Myeloid leukemia,neoplasms,Tier 3,no joint signal,,214,0.0033638703517938,0.0005127600948258,0.0388429595996447,0.00336,0.000513,0.0388,1.11 (0.86 - 1.43),no,1.40 (1.09 - 1.79),no,1.28 (1.09 - 1.50),no,1.48 (1.21 - 1.80),no
483,Acute bronchitis and bronchiolitis,respiratory,Tier 3,no joint signal,,362,0.0036625420154607,0.009722188080328,0.4526274388372873,0.00366,0.00972,0.453,1.12 (0.94 - 1.34),no,0.97 (0.82 - 1.15),no,0.89 (0.78 - 1.02),no,0.78 (0.67 - 0.90),no
740,Osteoarthrosis,musculoskeletal,Tier 3,no joint signal,,1627,0.0037957471076473,0.2209233145628498,0.0004725923537343,0.0038,0.221,0.000473,1.21 (1.10 - 1.33),no,0.97 (0.89 - 1.05),no,1.07 (1.00 - 1.14),no,0.99 (0.92 - 1.07),no
216.1,Screening for malignant neoplasms of the skin,neoplasms,Tier 3,no joint signal,,485,0.0038158844993172,0.0492865685893888,0.0074596760782068,0.00382,0.0493,0.00746,0.91 (0.77 - 1.08),no,1.20 (1.04 - 1.39),no,0.86 (0.77 - 0.96),no,1.00 (0.87 - 1.14),no
528,"Diseases of the oral soft tissues, excluding lesions specific for gingiva and tongue",digestive,Tier 3,no joint signal,,348,0.0039777816007569,0.0026173347633931,0.7206216093926046,0.00398,0.00262,0.721,0.99 (0.79 - 1.24),no,1.16 (0.94 - 1.43),no,1.23 (1.09 - 1.39),no,1.24 (1.06 - 1.44),no
694.2,Other dyschromia,dermatologic,Tier 3,no joint signal,,468,0.0040879952388329,0.0010003618684103,0.8095796272479197,0.00409,0.001,0.81,0.95 (0.79 - 1.14),no,0.93 (0.78 - 1.10),no,0.81 (0.73 - 0.90),no,0.82 (0.72 - 0.95),no
627.2,Symptomatic menopause,genitourinary,Tier 3,no joint signal,,296,0.0047139461999239,0.0242673567146868,0.0021842839462443,0.00471,0.0243,0.00218,0.71 (0.55 - 0.91),no,0.75 (0.60 - 0.93),no,0.85 (0.73 - 0.99),no,0.87 (0.73 - 1.03),no
429,Ill-defined descriptions and complications of heart disease,circulatory system,Tier 3,no joint signal,,375,0.0047932121729566,0.000744754008318,0.5623035154328759,0.00479,0.000745,0.562,1.10 (0.90 - 1.34),no,1.12 (0.95 - 1.34),no,1.26 (1.11 - 1.42),no,1.21 (1.04 - 1.41),no
803,Fracture of upper limb,injuries & poisonings,Tier 3,no joint signal,,295,0.0049376692814095,0.1016219466603563,0.3661394199611016,0.00494,0.102,0.366,0.85 (0.67 - 1.09),no,0.97 (0.78 - 1.20),no,1.19 (1.04 - 1.36),no,1.22 (1.03 - 1.44),no
860,Bone marrow or stem cell transplant,neoplasms,Tier 3,no joint signal,,200,0.0052110478586814,0.022804920062246,0.0006925582880343,0.00521,0.0228,0.000693,1.18 (0.91 - 1.52),no,1.63 (1.26 - 2.10),no,1.09 (0.91 - 1.29),no,1.30 (1.06 - 1.61),no
340,Migraine,neurological,Tier 3,no joint signal,,925,0.0055819517460904,0.2301034989271253,0.0018697642378128,0.00558,0.23,0.00187,1.22 (1.09 - 1.37),no,0.93 (0.83 - 1.05),no,1.03 (0.94 - 1.12),no,0.92 (0.83 - 1.01),no
593.1,Gross hematuria,genitourinary,Tier 3,no joint signal,,348,0.0058714262796113,0.0012568006063831,0.0152751144798804,0.00587,0.00126,0.0153,1.22 (0.99 - 1.49),no,1.26 (1.05 - 1.50),no,1.24 (1.08 - 1.42),no,1.28 (1.09 - 1.51),no
371,Inflammation of the eye,sense organs,Tier 3,no joint signal,,438,0.0059698328272065,0.0018248905177243,0.0945575917230468,0.00597,0.00182,0.0946,1.00 (0.83 - 1.20),no,0.80 (0.68 - 0.95),no,0.84 (0.75 - 0.94),no,0.78 (0.68 - 0.89),no
386,Vertiginous syndromes and other disorders of vestibular system,sense organs,Tier 3,no joint signal,,277,0.0060094080017417,0.0050965974007984,0.1734496738083251,0.00601,0.0051,0.173,0.81 (0.64 - 1.02),no,0.98 (0.81 - 1.19),no,0.80 (0.70 - 0.92),no,0.78 (0.65 - 0.92),no
593.2,Microscopic hematuria,genitourinary,Tier 3,no joint signal,,238,0.0060400354329239,0.0874973195797539,0.0104759176184468,0.00604,0.0875,0.0105,1.42 (1.12 - 1.81),no,1.02 (0.82 - 1.27),no,1.00 (0.83 - 1.21),no,1.07 (0.88 - 1.30),no
721,Spondylosis and allied disorders,musculoskeletal,Tier 3,no joint signal,,1000,0.0065551569905768,0.0061099431737893,0.027880716906208,0.00656,0.00611,0.0279,0.90 (0.79 - 1.02),no,0.92 (0.83 - 1.03),no,1.02 (0.94 - 1.10),no,0.93 (0.85 - 1.03),no
722.6,Degeneration of intervertebral disc,musculoskeletal,Tier 3,no joint signal,,467,0.006837121759196,0.0021057917731327,0.0078722672526035,0.00684,0.00211,0.00787,0.86 (0.71 - 1.03),no,0.83 (0.70 - 0.97),no,0.93 (0.83 - 1.04),no,0.82 (0.71 - 0.94),no
687,Symptoms affecting skin,dermatologic,Tier 3,no joint signal,,443,0.0070091355617024,0.0027259461630724,0.6419184698906192,0.00701,0.00273,0.642,1.09 (0.91 - 1.29),no,1.04 (0.88 - 1.23),no,1.23 (1.10 - 1.38),no,1.22 (1.06 - 1.39),no
375.1,Dry eyes,sense organs,Tier 3,no joint signal,,287,0.0087581506727573,0.0023466503407361,0.3916496073369181,0.00876,0.00235,0.392,0.98 (0.77 - 1.24),no,0.86 (0.69 - 1.07),no,0.83 (0.73 - 0.95),no,0.73 (0.62 - 0.87),no
770,Myalgia and myositis unspecified,symptoms,Tier 3,no joint signal,,824,0.0091290049011083,0.0035420475210824,0.2087769104606282,0.00913,0.00354,0.209,1.10 (0.97 - 1.25),no,0.97 (0.86 - 1.09),no,1.03 (0.94 - 1.12),no,0.90 (0.81 - 0.99),no
535.2,Atrophic gastritis,digestive,Tier 3,no joint signal,,508,0.0092536526389034,0.026890431322778,0.0181125821195716,0.00925,0.0269,0.0181,1.25 (1.06 - 1.47),no,0.94 (0.80 - 1.10),no,1.05 (0.93 - 1.19),no,0.88 (0.77 - 1.01),no
687.4,Disturbance of skin sensation,dermatologic,Tier 3,no joint signal,,846,0.0100816478678821,0.002739884105677,0.1807367095258448,0.0101,0.00274,0.181,0.92 (0.81 - 1.05),no,0.94 (0.83 - 1.07),no,0.95 (0.87 - 1.03),no,0.87 (0.78 - 0.96),no
550.6,Incisional hernia,digestive,Tier 3,no joint signal,,288,0.010286899887663,0.0062720621056013,0.0043864153497624,0.0103,0.00627,0.00439,1.23 (1.01 - 1.48),no,1.27 (1.06 - 1.51),no,1.19 (1.02 - 1.40),no,1.28 (1.07 - 1.53),no
327.1,Hypersomnia,neurological,Tier 3,no joint signal,,283,0.0105805206898637,0.3930787087188346,0.0030237098810692,0.0106,0.393,0.00302,1.04 (0.86 - 1.27),no,1.32 (1.11 - 1.57),no,0.93 (0.78 - 1.10),no,1.06 (0.88 - 1.27),no
687.1,Rash and other nonspecific skin eruption,dermatologic,Tier 3,no joint signal,,933,0.0107172205675097,0.0023902473405353,0.7058628112564782,0.0107,0.00239,0.706,1.05 (0.93 - 1.19),no,1.05 (0.93 - 1.19),no,1.16 (1.07 - 1.25),no,1.13 (1.02 - 1.24),no
427.9,Palpitations,circulatory system,Tier 3,no joint signal,,726,0.0109754421853402,0.0393017830978272,0.0052208569220085,0.011,0.0393,0.00522,1.25 (1.09 - 1.45),no,0.95 (0.83 - 1.09),no,1.14 (1.02 - 1.27),no,0.99 (0.88 - 1.12),no
465.2,Acute pharyngitis,respiratory,Tier 3,no joint signal,,524,0.0112890645949106,0.0374363271957501,0.1020026571139738,0.0113,0.0374,0.102,1.15 (0.99 - 1.34),no,0.91 (0.78 - 1.07),no,0.91 (0.81 - 1.03),no,0.82 (0.73 - 0.93),no
429.3,Symptoms involving cardiovascular system,circulatory system,Tier 3,no joint signal,,271,0.0116549987244373,0.001867655375678,0.3784892442301938,0.0117,0.00187,0.378,1.19 (0.94 - 1.51),no,1.05 (0.85 - 1.30),no,1.28 (1.11 - 1.48),no,1.15 (0.97 - 1.37),no
382,Otalgia,sense organs,Tier 3,no joint signal,,203,0.0119247368285441,0.0039821099062273,0.4399507994320599,0.0119,0.00398,0.44,1.05 (0.82 - 1.34),no,0.87 (0.69 - 1.10),no,0.83 (0.70 - 0.99),no,0.70 (0.58 - 0.85),no
536.8,Dyspepsia and other specified disorders of function of stomach,digestive,Tier 3,no joint signal,,303,0.0123632787632853,0.0261184808513117,0.0128784249727785,0.0124,0.0261,0.0129,1.29 (1.04 - 1.60),no,0.82 (0.65 - 1.04),no,1.05 (0.91 - 1.21),no,0.82 (0.69 - 0.97),no
809,Fracture of unspecified bones,injuries & poisonings,Tier 3,no joint signal,,777,0.0126967153364829,0.1098527913912305,0.1403751730041276,0.0127,0.11,0.14,0.86 (0.75 - 0.99),no,1.03 (0.90 - 1.17),no,1.04 (0.95 - 1.14),no,1.15 (1.04 - 1.28),no
788,Syncope and collapse,symptoms,Tier 3,no joint signal,,875,0.0129591133877303,0.0189485558915458,0.0625112182267878,0.013,0.0189,0.0625,1.17 (1.02 - 1.33),no,0.98 (0.87 - 1.11),no,1.14 (1.05 - 1.24),no,1.10 (0.99 - 1.21),no
357,Inflammatory and toxic neuropathy,neurological,Tier 3,no joint signal,,509,0.0130996683717256,0.0033114259622084,0.6081419590702423,0.0131,0.00331,0.608,1.03 (0.88 - 1.22),no,1.11 (0.96 - 1.28),no,1.20 (1.08 - 1.33),no,1.21 (1.07 - 1.38),no
228,"Hemangioma and lymphangioma, any site",neoplasms,Tier 3,no joint signal,,214,0.0132350096371598,0.0169115458596186,0.0627175159264041,0.0132,0.0169,0.0627,0.77 (0.59 - 1.01),no,1.11 (0.87 - 1.41),no,0.78 (0.68 - 0.90),no,0.90 (0.73 - 1.09),no
464,Acute sinusitis,respiratory,Tier 3,no joint signal,,445,0.0135728978672665,0.0045585677208101,0.6969724432628343,0.0136,0.00456,0.697,0.94 (0.79 - 1.12),no,0.95 (0.81 - 1.12),no,0.83 (0.74 - 0.93),no,0.80 (0.70 - 0.92),no
389.1,Sensorineural hearing loss,sense organs,Tier 3,no joint signal,,481,0.0142814968772618,0.0027369209001547,0.2513738175819384,0.0143,0.00274,0.251,0.93 (0.77 - 1.13),no,0.89 (0.76 - 1.05),no,0.88 (0.79 - 0.97),no,0.79 (0.69 - 0.91),no
535,Gastritis and duodenitis,digestive,Tier 3,no joint signal,,1400,0.0146380240466605,0.0047752984128252,0.1090589084316266,0.0146,0.00478,0.109,1.11 (1.00 - 1.23),no,0.98 (0.89 - 1.08),no,1.07 (0.99 - 1.14),no,0.96 (0.89 - 1.04),no
172.2,Other non-epithelial cancer of skin,neoplasms,Tier 3,no joint signal,,617,0.0149111796207511,0.0687640648244944,0.0051139458914186,0.0149,0.0688,0.00511,0.81 (0.68 - 0.97),no,1.17 (1.01 - 1.35),no,0.96 (0.87 - 1.06),no,1.14 (1.01 - 1.29),no
740.11,"Osteoarthrosis, localized, primary",musculoskeletal,Tier 3,no joint signal,,970,0.0153550094571891,0.2599040279790237,0.0029417313203776,0.0154,0.26,0.00294,1.24 (1.10 - 1.40),no,0.99 (0.89 - 1.10),no,1.07 (0.98 - 1.16),no,0.98 (0.88 - 1.08),no
279.7,Other immunological findings,endocrine/metabolic,Tier 3,no joint signal,,269,0.0164246813762972,0.0736838781176399,0.0487364156864482,0.0164,0.0737,0.0487,0.88 (0.69 - 1.12),no,1.32 (1.08 - 1.61),no,1.13 (0.98 - 1.31),no,1.26 (1.06 - 1.49),no
596.5,Functional disorders of bladder,genitourinary,Tier 3,no joint signal,,388,0.0169911092526407,0.004871756055802,0.061510124438005,0.017,0.00487,0.0615,1.15 (0.96 - 1.38),no,0.90 (0.75 - 1.07),no,1.13 (0.99 - 1.27),no,0.92 (0.80 - 1.07),no
614.3,Pelvic inflammatory disease (PID),genitourinary,Tier 3,no joint signal,,314,0.0171330783160076,0.1999355131975349,0.0616878262411803,0.0171,0.2,0.0617,0.75 (0.60 - 0.94),no,1.02 (0.82 - 1.27),no,1.01 (0.87 - 1.17),no,1.20 (1.01 - 1.42),no
720,Spinal stenosis,musculoskeletal,Tier 3,no joint signal,,696,0.0173143703206106,0.0828556532075388,0.0938027565362474,0.0173,0.0829,0.0938,0.85 (0.73 - 0.99),no,1.02 (0.90 - 1.16),no,1.01 (0.92 - 1.11),no,0.98 (0.87 - 1.10),no
327.4,Insomnia,neurological,Tier 3,no joint signal,,1353,0.0173223438476244,0.0434254821323464,0.4661609982970952,0.0173,0.0434,0.466,0.94 (0.84 - 1.05),no,1.05 (0.95 - 1.17),no,1.09 (1.01 - 1.16),no,1.10 (1.01 - 1.19),no
721.1,Spondylosis without myelopathy,musculoskeletal,Tier 3,no joint signal,,940,0.0178478957731026,0.0100684562954717,0.0455368391227662,0.0178,0.0101,0.0455,0.93 (0.81 - 1.06),no,0.91 (0.81 - 1.03),no,1.02 (0.94 - 1.11),no,0.93 (0.84 - 1.03),no
217,Vascular hamartomas and non-neoplastic nevi,neoplasms,Tier 3,no joint signal,,206,0.0195690989335,0.0042191561136256,0.3452651005523167,0.0196,0.00422,0.345,0.82 (0.62 - 1.08),no,0.93 (0.71 - 1.21),no,0.77 (0.67 - 0.88),no,0.81 (0.66 - 1.00),no
598,Abnormal findings on examination of urine,genitourinary,Tier 3,no joint signal,,389,0.0203126122668445,0.0075608590453829,0.2253015193689597,0.0203,0.00756,0.225,1.16 (0.96 - 1.41),no,0.97 (0.81 - 1.16),no,1.22 (1.08 - 1.37),no,1.10 (0.95 - 1.27),no
211,Benign neoplasm of other parts of digestive system,neoplasms,Tier 3,no joint signal,,327,0.0205335735648036,0.0461187846829849,0.0146560740052395,0.0205,0.0461,0.0147,1.05 (0.85 - 1.30),no,1.36 (1.13 - 1.63),no,1.12 (0.97 - 1.29),no,1.21 (1.03 - 1.43),no
740.1,Osteoarthritis; localized,musculoskeletal,Tier 3,no joint signal,,1079,0.0210435943623288,0.3106517921554532,0.0036250069760734,0.021,0.311,0.00363,1.22 (1.09 - 1.37),no,0.99 (0.90 - 1.09),no,1.06 (0.98 - 1.16),no,0.98 (0.90 - 1.08),no
386.2,Peripheral or central vertigo,sense organs,Tier 3,no joint signal,,233,0.021297256958579,0.0094925516980517,0.028736043844673,0.0213,0.00949,0.0287,0.73 (0.56 - 0.95),no,0.87 (0.70 - 1.09),no,0.80 (0.68 - 0.94),no,0.78 (0.64 - 0.96),no
293,Symptoms involving head and neck,mental disorders,Tier 3,no joint signal,,584,0.0217438818457838,0.0044274060338171,0.250253063196555,0.0217,0.00443,0.25,1.02 (0.87 - 1.18),no,0.89 (0.75 - 1.05),no,0.95 (0.86 - 1.05),no,0.82 (0.72 - 0.93),no
916,Contusion,injuries & poisonings,Tier 3,no joint signal,,706,0.0223191746246667,0.0060302473160562,0.2359300456743354,0.0223,0.00603,0.236,1.07 (0.93 - 1.23),no,0.95 (0.83 - 1.08),no,1.13 (1.03 - 1.25),no,1.01 (0.91 - 1.13),no
244.4,Hypothyroidism NOS,endocrine/metabolic,Tier 3,no joint signal,,2194,0.0238061668088296,0.0036571908783416,0.1683508549217725,0.0238,0.00366,0.168,1.06 (0.96 - 1.15),no,1.07 (0.99 - 1.16),no,1.09 (1.03 - 1.15),no,1.10 (1.03 - 1.18),no
379.2,Disorders of vitreous body,sense organs,Tier 3,no joint signal,,421,0.0238123861350611,0.0466680039440767,0.2904177621863825,0.0238,0.0467,0.29,1.12 (0.92 - 1.36),no,0.87 (0.73 - 1.04),no,0.87 (0.77 - 0.98),no,0.82 (0.71 - 0.96),no
615,Endometriosis,genitourinary,Tier 3,no joint signal,,319,0.0241576922488674,0.0045562349967728,0.1855675856982376,0.0242,0.00456,0.186,0.83 (0.66 - 1.03),no,0.84 (0.68 - 1.05),no,0.77 (0.65 - 0.91),no,0.84 (0.71 - 1.00),no
170.2,Cancer of connective tissue,neoplasms,Tier 3,no joint signal,,373,0.0299624396068628,0.3042755841696761,0.1601864793696849,0.03,0.304,0.16,0.98 (0.79 - 1.22),no,0.84 (0.69 - 1.04),no,1.15 (1.01 - 1.30),no,1.07 (0.92 - 1.24),no
726,Peripheral enthesopathies and allied syndromes,musculoskeletal,Tier 3,no joint signal,,762,0.0301894344003196,0.0411178018960301,0.7142259820197141,0.0302,0.0411,0.714,1.06 (0.93 - 1.21),no,0.96 (0.85 - 1.09),no,0.88 (0.80 - 0.97),no,0.88 (0.79 - 0.98),no
172,Skin cancer,neoplasms,Tier 3,no joint signal,,787,0.0302331611077986,0.0587043263917891,0.0136269823343113,0.0302,0.0587,0.0136,0.85 (0.73 - 1.00),no,1.13 (1.00 - 1.29),no,0.97 (0.89 - 1.05),no,1.12 (1.00 - 1.24),no
180,Cervical cancer and dysplasia,neoplasms,Tier 3,no joint signal,,214,0.030513547280482,0.0149537017701735,0.8671826898122305,0.0305,0.015,0.867,1.00 (0.77 - 1.31),no,1.11 (0.87 - 1.41),no,1.25 (1.07 - 1.46),no,1.33 (1.10 - 1.61),no
722.1,Displacement of intervertebral disc,musculoskeletal,Tier 3,no joint signal,,279,0.0309028206059201,0.0193779300213421,0.1159245660062643,0.0309,0.0194,0.116,0.82 (0.66 - 1.03),no,0.94 (0.76 - 1.16),no,0.91 (0.78 - 1.05),no,0.83 (0.69 - 1.00),no
704,Diseases of hair and hair follicles,dermatologic,Tier 3,no joint signal,,394,0.0315659060403349,0.0895074796722081,0.6941586885794058,0.0316,0.0895,0.694,1.07 (0.90 - 1.28),no,1.02 (0.85 - 1.23),no,0.85 (0.75 - 0.97),no,0.85 (0.73 - 0.98),no
054,Herpes simplex,infectious diseases,Tier 3,no joint signal,,277,0.0318229939412309,0.071381812934058,0.4416700332114515,0.0318,0.0714,0.442,0.87 (0.69 - 1.10),no,1.11 (0.89 - 1.38),no,1.16 (1.00 - 1.34),no,1.29 (1.08 - 1.54),no
628,Ovarian cyst,genitourinary,Tier 3,no joint signal,,902,0.0367771946934555,0.0156387022358846,0.1580379592145456,0.0368,0.0156,0.158,0.88 (0.76 - 1.01),no,0.98 (0.86 - 1.12),no,0.86 (0.79 - 0.95),no,0.90 (0.81 - 1.00),no
519.9,Symptoms involving respiratory system and other chest symptoms,respiratory,Tier 3,no joint signal,,254,0.0373959867162309,0.1020852160910503,0.8522855940373909,0.0374,0.102,0.852,0.94 (0.72 - 1.21),no,0.99 (0.78 - 1.26),no,1.19 (1.04 - 1.38),no,1.22 (1.02 - 1.46),no
