phenotype,description,group,groupnum,color,metric,p,p_display,significant,OR,lower,upper,OR_CI,n_total,n_cases,n_controls
008,Intestinal infection,infectious diseases,1,#0000FF,SFD,6.865568186431758e-9,6.87e-09,yes,1.2193,1.1396,1.3032,1.22 (1.14 - 1.30),22356,968,21388
008,Intestinal infection,infectious diseases,1,#0000FF,VFD,1.1917583805350103e-7,1.19e-07,yes,1.223,1.1349,1.3173,1.22 (1.13 - 1.32),22356,968,21388
008.5,Bacterial enteritis,infectious diseases,1,#0000FF,SFD,1.437488703189912e-11,1.44e-11,yes,1.3272,1.2215,1.4397,1.33 (1.22 - 1.44),21969,581,21388
008.5,Bacterial enteritis,infectious diseases,1,#0000FF,VFD,2.7850797179033917e-8,2.79e-08,yes,1.3068,1.1886,1.4357,1.31 (1.19 - 1.44),21969,581,21388
008.52,Intestinal infection due to C. difficile,infectious diseases,1,#0000FF,SFD,3.98826954725972e-15,3.99e-15,yes,1.4359,1.3106,1.57,1.44 (1.31 - 1.57),21832,444,21388
008.52,Intestinal infection due to C. difficile,infectious diseases,1,#0000FF,VFD,3.8175748452734165e-11,3.82e-11,yes,1.4338,1.288,1.5949,1.43 (1.29 - 1.59),21832,444,21388
038,Septicemia,infectious diseases,1,#0000FF,SFD,5.224868168098192e-177,5.22e-177,yes,1.9102,1.8268,1.9977,1.91 (1.83 - 2.00),20514,2572,17942
038,Septicemia,infectious diseases,1,#0000FF,SFI,4.8326462739216643e-36,4.83e-36,yes,0.6029,0.5569,0.6524,0.60 (0.56 - 0.65),20514,2572,17942
038,Septicemia,infectious diseases,1,#0000FF,VFD,2.6744477955252294e-129,2.67e-129,yes,1.8533,1.7631,1.9485,1.85 (1.76 - 1.95),20514,2572,17942
038,Septicemia,infectious diseases,1,#0000FF,VFI,6.743580809061045e-6,6.74e-06,yes,0.8677,0.8155,0.9228,0.87 (0.82 - 0.92),20514,2572,17942
038.1,Gram negative septicemia,infectious diseases,1,#0000FF,SFD,2.5235235176006654e-36,2.52e-36,yes,1.9026,1.7199,2.1016,1.90 (1.72 - 2.10),18304,362,17942
038.1,Gram negative septicemia,infectious diseases,1,#0000FF,SFI,3.6263495193748464e-8,3.63e-08,yes,0.5702,0.4661,0.6952,0.57 (0.47 - 0.70),18304,362,17942
038.1,Gram negative septicemia,infectious diseases,1,#0000FF,VFD,1.5825509108633587e-26,1.58e-26,yes,1.9402,1.7171,2.1912,1.94 (1.72 - 2.19),18304,362,17942
038.3,Bacteremia,infectious diseases,1,#0000FF,SFD,4.632801469231219e-73,4.63e-73,yes,1.8682,1.7456,1.9989,1.87 (1.75 - 2.00),18807,865,17942
038.3,Bacteremia,infectious diseases,1,#0000FF,SFI,2.725176674744519e-20,2.73e-20,yes,0.5392,0.4725,0.6142,0.54 (0.47 - 0.61),18807,865,17942
038.3,Bacteremia,infectious diseases,1,#0000FF,VFD,2.3885811030651282e-60,2.39e-60,yes,1.9531,1.8028,2.1159,1.95 (1.80 - 2.12),18807,865,17942
038.3,Bacteremia,infectious diseases,1,#0000FF,VFI,5.0430280282892646e-6,5.04e-06,yes,0.7831,0.7046,0.8692,0.78 (0.70 - 0.87),18807,865,17942
041,Bacterial infection NOS,infectious diseases,1,#0000FF,SFD,7.669861293370353e-100,7.67e-100,yes,1.716,1.6324,1.8038,1.72 (1.63 - 1.80),19822,1880,17942
041,Bacterial infection NOS,infectious diseases,1,#0000FF,SFI,1.1087524008280858e-11,1.11e-11,yes,0.742,0.6806,0.8084,0.74 (0.68 - 0.81),19822,1880,17942
041,Bacterial infection NOS,infectious diseases,1,#0000FF,VFD,1.7079770582071277e-67,1.71e-67,yes,1.6487,1.5582,1.7445,1.65 (1.56 - 1.74),19822,1880,17942
041.1,Staphylococcus infections,infectious diseases,1,#0000FF,SFD,3.6177025441684045e-19,3.62e-19,yes,1.5867,1.4323,1.7535,1.59 (1.43 - 1.75),18356,414,17942
041.1,Staphylococcus infections,infectious diseases,1,#0000FF,VFD,6.574293226617068e-17,6.57e-17,yes,1.6281,1.4515,1.8246,1.63 (1.45 - 1.82),18356,414,17942
041.12,Methicillin resistant Staphylococcus aureus,infectious diseases,1,#0000FF,SFD,6.553886976150785e-10,6.55e-10,yes,1.5385,1.3384,1.7596,1.54 (1.34 - 1.76),18160,218,17942
041.12,Methicillin resistant Staphylococcus aureus,infectious diseases,1,#0000FF,VFD,1.9485035505185392e-7,1.95e-07,yes,1.5154,1.2944,1.7705,1.52 (1.29 - 1.77),18160,218,17942
041.2,Streptococcus infection,infectious diseases,1,#0000FF,SFD,1.9165382492405499e-62,1.92e-62,yes,2.244,2.04,2.4671,2.24 (2.04 - 2.47),18288,346,17942
041.2,Streptococcus infection,infectious diseases,1,#0000FF,SFI,1.2447054865789436e-9,1.24e-09,yes,0.54,0.4419,0.6576,0.54 (0.44 - 0.66),18288,346,17942
041.2,Streptococcus infection,infectious diseases,1,#0000FF,VFD,1.077082232655571e-46,1.08e-46,yes,2.4063,2.1344,2.7133,2.41 (2.13 - 2.71),18288,346,17942
041.4,E. coli,infectious diseases,1,#0000FF,SFD,2.2945757742752755e-14,2.29e-14,yes,1.6339,1.4375,1.8501,1.63 (1.44 - 1.85),18180,238,17942
041.4,E. coli,infectious diseases,1,#0000FF,VFD,2.1355339356384428e-8,2.14e-08,yes,1.5463,1.3264,1.7995,1.55 (1.33 - 1.80),18180,238,17942
041.9,Infection with drug-resistant microorganisms,infectious diseases,1,#0000FF,SFD,5.391542134656351e-33,5.39e-33,yes,2.1151,1.8684,2.3887,2.12 (1.87 - 2.39),18154,212,17942
041.9,Infection with drug-resistant microorganisms,infectious diseases,1,#0000FF,SFI,1.84051634396113e-5,1.84e-05,yes,0.5758,0.4461,0.7391,0.58 (0.45 - 0.74),18154,212,17942
041.9,Infection with drug-resistant microorganisms,infectious diseases,1,#0000FF,VFD,1.1563011507645144e-16,1.16e-16,yes,1.9386,1.6564,2.2656,1.94 (1.66 - 2.27),18154,212,17942
070,Viral hepatitis,infectious diseases,1,#0000FF,SFD,3.8807849548631207e-13,3.88e-13,yes,1.331,1.2313,1.4369,1.33 (1.23 - 1.44),20743,702,20041
070,Viral hepatitis,infectious diseases,1,#0000FF,VFD,8.580675103961312e-19,8.58e-19,yes,1.4683,1.3483,1.5983,1.47 (1.35 - 1.60),20743,702,20041
070,Viral hepatitis,infectious diseases,1,#0000FF,VFI,1.0186762468344737e-5,1.02e-05,yes,0.7683,0.6829,0.863,0.77 (0.68 - 0.86),20743,702,20041
070.3,Viral hepatitis C,infectious diseases,1,#0000FF,SFD,8.255594325501951e-17,8.26e-17,yes,1.5072,1.3669,1.6582,1.51 (1.37 - 1.66),20452,411,20041
070.3,Viral hepatitis C,infectious diseases,1,#0000FF,VFD,1.350111894815762e-34,1.35e-34,yes,1.9638,1.7628,2.1871,1.96 (1.76 - 2.19),20452,411,20041
070.3,Viral hepatitis C,infectious diseases,1,#0000FF,VFI,1.6865973399690774e-13,1.69e-13,yes,0.56,0.4793,0.6524,0.56 (0.48 - 0.65),20452,411,20041
080,Postoperative infection,infectious diseases,1,#0000FF,SFD,3.1853156844622995e-17,3.19e-17,yes,1.5797,1.4186,1.7544,1.58 (1.42 - 1.75),21923,315,21608
080,Postoperative infection,infectious diseases,1,#0000FF,VFD,5.157222526723124e-13,5.16e-13,yes,1.5939,1.4037,1.808,1.59 (1.40 - 1.81),21923,315,21608
081,Infection/inflammation of internal prosthetic device; implant; and graft,infectious diseases,1,#0000FF,SFD,3.273332438136291e-9,3.27e-09,yes,1.3373,1.2131,1.4707,1.34 (1.21 - 1.47),22026,418,21608
112,Candidiasis,infectious diseases,1,#0000FF,SFD,3.0725003798631334e-21,3.07e-21,yes,1.4222,1.3213,1.5289,1.42 (1.32 - 1.53),21508,743,20765
112,Candidiasis,infectious diseases,1,#0000FF,VFD,4.1286622920632265e-14,4.13e-14,yes,1.3843,1.272,1.5057,1.38 (1.27 - 1.51),21508,743,20765
117,Mycoses,infectious diseases,1,#0000FF,SFD,3.304628000431498e-9,3.3e-09,yes,1.4359,1.2714,1.616,1.44 (1.27 - 1.62),21018,253,20765
136,Other infectious and parasitic diseases,infectious diseases,1,#0000FF,SFD,1.1724852067644214e-5,1.17e-05,yes,1.2384,1.1242,1.3611,1.24 (1.12 - 1.36),22137,447,21690
151,Cancer of stomach,neoplasms,2,#008B8B,SFD,1.2556364422088196e-14,1.26e-14,yes,1.5667,1.3959,1.7541,1.57 (1.40 - 1.75),19255,248,19007
151,Cancer of stomach,neoplasms,2,#008B8B,VFD,2.917806114891544e-17,2.92e-17,yes,1.8202,1.5837,2.0911,1.82 (1.58 - 2.09),19255,248,19007
151,Cancer of stomach,neoplasms,2,#008B8B,VFI,1.2914612961518686e-5,1.29e-05,yes,0.6129,0.4903,0.7613,0.61 (0.49 - 0.76),19255,248,19007
153,Colorectal cancer,neoplasms,2,#008B8B,SFD,4.5754938831558385e-8,4.58e-08,yes,1.197,1.1218,1.2762,1.20 (1.12 - 1.28),19113,1183,17930
153,Colorectal cancer,neoplasms,2,#008B8B,VFD,2.0680876456287936e-16,2.07e-16,yes,1.3361,1.2467,1.4316,1.34 (1.25 - 1.43),19113,1183,17930
153.2,Colon cancer,neoplasms,2,#008B8B,SFD,1.2528457875944294e-8,1.25e-08,yes,1.2334,1.1468,1.3251,1.23 (1.15 - 1.33),18828,898,17930
153.2,Colon cancer,neoplasms,2,#008B8B,VFD,7.867463287042787e-15,7.87e-15,yes,1.3634,1.2606,1.4741,1.36 (1.26 - 1.47),18828,898,17930
153.3,"Malignant neoplasm of rectum, rectosigmoid junction, and anus",neoplasms,2,#008B8B,VFD,6.281449088785822e-10,6.28e-10,yes,1.3517,1.2281,1.4867,1.35 (1.23 - 1.49),18512,582,17930
155,Cancer of liver and intrahepatic bile duct,neoplasms,2,#008B8B,SFD,1.7404893008631183e-41,1.74e-41,yes,1.8266,1.6725,1.9926,1.83 (1.67 - 1.99),19458,451,19007
155,Cancer of liver and intrahepatic bile duct,neoplasms,2,#008B8B,VFD,1.2919971440674981e-56,1.29e-56,yes,2.2974,2.0731,2.5466,2.30 (2.07 - 2.55),19458,451,19007
155.1,"Malignant neoplasm of liver, primary",neoplasms,2,#008B8B,SFD,4.433252181906089e-31,4.43e-31,yes,1.8313,1.6516,2.0268,1.83 (1.65 - 2.03),19326,319,19007
155.1,"Malignant neoplasm of liver, primary",neoplasms,2,#008B8B,VFD,5.739321560716151e-41,5.74e-41,yes,2.2596,2.0055,2.5458,2.26 (2.01 - 2.55),19326,319,19007
157,Pancreatic cancer,neoplasms,2,#008B8B,SFD,1.1561544612851566e-45,1.16e-45,yes,1.7767,1.6405,1.9231,1.78 (1.64 - 1.92),19524,517,19007
157,Pancreatic cancer,neoplasms,2,#008B8B,SFI,1.1666975041889837e-8,1.17e-08,yes,0.5621,0.4604,0.684,0.56 (0.46 - 0.68),19524,517,19007
157,Pancreatic cancer,neoplasms,2,#008B8B,VFD,7.169976869143428e-51,7.17e-51,yes,2.1461,1.9427,2.3719,2.15 (1.94 - 2.37),19524,517,19007
158,Neoplasm of unspecified nature of digestive system,neoplasms,2,#008B8B,SFD,1.3618559616934956e-6,1.36e-06,yes,1.3152,1.1749,1.4676,1.32 (1.17 - 1.47),19345,338,19007
158,Neoplasm of unspecified nature of digestive system,neoplasms,2,#008B8B,VFD,6.531784117183664e-7,6.53e-07,yes,1.3663,1.2075,1.5442,1.37 (1.21 - 1.54),19345,338,19007
159,Malignant neoplasm of other and ill-defined sites within the digestive organs and peritoneum,neoplasms,2,#008B8B,SFD,6.977661053523006e-48,6.98e-48,yes,1.6406,1.5342,1.7534,1.64 (1.53 - 1.75),19802,795,19007
159,Malignant neoplasm of other and ill-defined sites within the digestive organs and peritoneum,neoplasms,2,#008B8B,SFI,1.0067307683464614e-13,1.01e-13,yes,0.56,0.4803,0.6518,0.56 (0.48 - 0.65),19802,795,19007
159,Malignant neoplasm of other and ill-defined sites within the digestive organs and peritoneum,neoplasms,2,#008B8B,VFD,1.2627984588229547e-57,1.26e-57,yes,1.9333,1.7834,2.0961,1.93 (1.78 - 2.10),19802,795,19007
159,Malignant neoplasm of other and ill-defined sites within the digestive organs and peritoneum,neoplasms,2,#008B8B,VFI,7.02870496690226e-8,7.03e-08,yes,0.7251,0.6445,0.8143,0.73 (0.64 - 0.81),19802,795,19007
184,Cancer of other female genital organs,neoplasms,2,#008B8B,VFD,6.952365569852669e-6,6.95e-06,yes,1.2787,1.1483,1.423,1.28 (1.15 - 1.42),11439,477,10962
184.1,Malignant neoplasm of ovary and other uterine adnexa,neoplasms,2,#008B8B,VFD,8.976353264445265e-7,8.98e-07,yes,1.3298,1.1864,1.4894,1.33 (1.19 - 1.49),11379,417,10962
184.11,Malignant neoplasm of ovary,neoplasms,2,#008B8B,VFD,1.462149366768734e-7,1.46e-07,yes,1.3733,1.2197,1.5452,1.37 (1.22 - 1.55),11343,381,10962
184.11,Malignant neoplasm of ovary,neoplasms,2,#008B8B,VFI,1.7327976626639336e-6,1.73e-06,yes,0.6647,0.5609,0.7841,0.66 (0.56 - 0.78),11343,381,10962
185,Cancer of prostate,neoplasms,2,#008B8B,SFD,3.991054924036984e-6,3.99e-06,yes,0.792,0.7168,0.8753,0.79 (0.72 - 0.88),7608,648,6960
195,"Cancer, suspected or other",neoplasms,2,#008B8B,SFD,1.2102264022284157e-71,1.21e-71,yes,1.5797,1.5025,1.6608,1.58 (1.50 - 1.66),18748,1819,16929
195,"Cancer, suspected or other",neoplasms,2,#008B8B,SFI,1.910972413580554e-16,1.91e-16,yes,0.6633,0.6012,0.7311,0.66 (0.60 - 0.73),18748,1819,16929
195,"Cancer, suspected or other",neoplasms,2,#008B8B,VFD,4.8966310632053233e-73,4.9e-73,yes,1.6883,1.5952,1.7871,1.69 (1.60 - 1.79),18748,1819,16929
195,"Cancer, suspected or other",neoplasms,2,#008B8B,VFI,2.8428642751171435e-11,2.84e-11,yes,0.7678,0.71,0.8296,0.77 (0.71 - 0.83),18748,1819,16929
195.1,"Malignant neoplasm, other",neoplasms,2,#008B8B,SFD,9.93515522536024e-29,9.94e-29,yes,1.4384,1.3488,1.5332,1.44 (1.35 - 1.53),18014,1085,16929
195.1,"Malignant neoplasm, other",neoplasms,2,#008B8B,SFI,7.586043429009029e-7,7.59e-07,yes,0.7346,0.6497,0.8295,0.73 (0.65 - 0.83),18014,1085,16929
195.1,"Malignant neoplasm, other",neoplasms,2,#008B8B,VFD,2.3729801562728383e-36,2.37e-36,yes,1.5795,1.471,1.696,1.58 (1.47 - 1.70),18014,1085,16929
195.1,"Malignant neoplasm, other",neoplasms,2,#008B8B,VFI,3.4675592218447866e-8,3.47e-08,yes,0.7587,0.6874,0.8364,0.76 (0.69 - 0.84),18014,1085,16929
196,Radiotherapy,neoplasms,2,#008B8B,SFD,2.9075881366877707e-10,2.91e-10,yes,1.2965,1.195,1.4045,1.30 (1.20 - 1.40),17711,782,16929
196,Radiotherapy,neoplasms,2,#008B8B,VFD,1.3468181100104374e-13,1.35e-13,yes,1.376,1.2641,1.4969,1.38 (1.26 - 1.50),17711,782,16929
197,Chemotherapy,neoplasms,2,#008B8B,SFD,9.825783124394741e-53,9.83e-53,yes,1.4384,1.3728,1.507,1.44 (1.37 - 1.51),19344,2415,16929
197,Chemotherapy,neoplasms,2,#008B8B,SFI,6.046562121087905e-14,6.05e-14,yes,0.7326,0.6752,0.7943,0.73 (0.68 - 0.79),19344,2415,16929
197,Chemotherapy,neoplasms,2,#008B8B,VFD,2.9334701146635544e-55,2.93e-55,yes,1.4936,1.4204,1.5705,1.49 (1.42 - 1.57),19344,2415,16929
197,Chemotherapy,neoplasms,2,#008B8B,VFI,2.4524836163766535e-8,2.45e-08,yes,0.8289,0.7758,0.8852,0.83 (0.78 - 0.89),19344,2415,16929
198,Secondary malignant neoplasm,neoplasms,2,#008B8B,SFD,2.9573535619867427e-86,2.96e-86,yes,1.5545,1.4877,1.6243,1.55 (1.49 - 1.62),19508,2579,16929
198,Secondary malignant neoplasm,neoplasms,2,#008B8B,SFI,2.8338814884990472e-18,2.83e-18,yes,0.6876,0.6318,0.7477,0.69 (0.63 - 0.75),19508,2579,16929
198,Secondary malignant neoplasm,neoplasms,2,#008B8B,VFD,9.582569594496192e-97,9.58e-97,yes,1.6928,1.6113,1.7788,1.69 (1.61 - 1.78),19508,2579,16929
198,Secondary malignant neoplasm,neoplasms,2,#008B8B,VFI,1.4316063975233363e-14,1.43e-14,yes,0.77,0.7202,0.8228,0.77 (0.72 - 0.82),19508,2579,16929
198.1,Secondary malignancy of lymph nodes,neoplasms,2,#008B8B,SFD,4.028650924346791e-40,4.03e-40,yes,1.5593,1.4598,1.6648,1.56 (1.46 - 1.66),17912,983,16929
198.1,Secondary malignancy of lymph nodes,neoplasms,2,#008B8B,VFD,5.523394049055246e-38,5.52e-38,yes,1.631,1.514,1.757,1.63 (1.51 - 1.76),17912,983,16929
198.2,Secondary malignancy of respiratory organs,neoplasms,2,#008B8B,SFD,9.044940283189836e-31,9.04e-31,yes,1.6347,1.503,1.7763,1.63 (1.50 - 1.78),17448,519,16929
198.2,Secondary malignancy of respiratory organs,neoplasms,2,#008B8B,SFI,1.4068496361629451e-5,1.41e-05,yes,0.6654,0.5528,0.7984,0.67 (0.55 - 0.80),17448,519,16929
198.2,Secondary malignancy of respiratory organs,neoplasms,2,#008B8B,VFD,2.8543056672046134e-28,2.85e-28,yes,1.7428,1.5788,1.9236,1.74 (1.58 - 1.92),17448,519,16929
198.3,Secondary malignant neoplasm of digestive systems,neoplasms,2,#008B8B,SFD,5.942575799768937e-57,5.94e-57,yes,1.7563,1.6383,1.8824,1.76 (1.64 - 1.88),17709,780,16929
198.3,Secondary malignant neoplasm of digestive systems,neoplasms,2,#008B8B,SFI,9.655061024233014e-17,9.66e-17,yes,0.5154,0.4404,0.602,0.52 (0.44 - 0.60),17709,780,16929
198.3,Secondary malignant neoplasm of digestive systems,neoplasms,2,#008B8B,VFD,8.182555708974522e-71,8.18e-71,yes,2.1544,1.9801,2.345,2.15 (1.98 - 2.35),17709,780,16929
198.3,Secondary malignant neoplasm of digestive systems,neoplasms,2,#008B8B,VFI,4.47504709894175e-13,4.48e-13,yes,0.6306,0.5559,0.7136,0.63 (0.56 - 0.71),17709,780,16929
198.4,Secondary malignant neoplasm of liver,neoplasms,2,#008B8B,SFD,1.9346772501417363e-77,1.93e-77,yes,1.8566,1.7395,1.9814,1.86 (1.74 - 1.98),17819,890,16929
198.4,Secondary malignant neoplasm of liver,neoplasms,2,#008B8B,SFI,1.1514197736251751e-15,1.15e-15,yes,0.5563,0.4815,0.6415,0.56 (0.48 - 0.64),17819,890,16929
198.4,Secondary malignant neoplasm of liver,neoplasms,2,#008B8B,VFD,5.367307025102478e-77,5.37e-77,yes,2.093,1.9363,2.2631,2.09 (1.94 - 2.26),17819,890,16929
198.4,Secondary malignant neoplasm of liver,neoplasms,2,#008B8B,VFI,6.061135024156148e-9,6.06e-09,yes,0.7158,0.639,0.8005,0.72 (0.64 - 0.80),17819,890,16929
198.6,Secondary malignancy of bone,neoplasms,2,#008B8B,SFD,4.617430202253887e-15,4.62e-15,yes,1.4044,1.2892,1.5279,1.40 (1.29 - 1.53),17494,565,16929
198.6,Secondary malignancy of bone,neoplasms,2,#008B8B,VFD,5.925090409780041e-11,5.93e-11,yes,1.3805,1.2531,1.5201,1.38 (1.25 - 1.52),17494,565,16929
199,Neoplasm of uncertain behavior,neoplasms,2,#008B8B,SFD,3.540497115037303e-14,3.54e-14,yes,1.3392,1.241,1.4435,1.34 (1.24 - 1.44),17774,845,16929
199,Neoplasm of uncertain behavior,neoplasms,2,#008B8B,VFD,2.534712037231066e-10,2.53e-10,yes,1.2987,1.1974,1.408,1.30 (1.20 - 1.41),17774,845,16929
200,Myeloproliferative disease,neoplasms,2,#008B8B,SFD,2.8475892319833896e-6,2.85e-06,yes,1.2822,1.1537,1.4206,1.28 (1.15 - 1.42),21708,371,21337
202,"Cancer of other lymphoid, histiocytic tissue",neoplasms,2,#008B8B,SFD,5.26769743388492e-9,5.27e-09,yes,1.3086,1.1943,1.4306,1.31 (1.19 - 1.43),21832,495,21337
202,"Cancer of other lymphoid, histiocytic tissue",neoplasms,2,#008B8B,VFD,7.365842312202891e-9,7.37e-09,yes,1.3439,1.2152,1.4848,1.34 (1.22 - 1.48),21832,495,21337
202.2,Non-Hodgkins lymphoma,neoplasms,2,#008B8B,SFD,5.185783361311434e-10,5.19e-10,yes,1.3574,1.231,1.4929,1.36 (1.23 - 1.49),21765,428,21337
202.2,Non-Hodgkins lymphoma,neoplasms,2,#008B8B,VFD,2.3047754926770873e-9,2.3e-09,yes,1.388,1.2457,1.5447,1.39 (1.25 - 1.54),21765,428,21337
204,Leukemia,neoplasms,2,#008B8B,SFD,1.1991447894229337e-5,1.2e-05,yes,1.2353,1.1225,1.3563,1.24 (1.12 - 1.36),21821,484,21337
208,Benign neoplasm of colon,neoplasms,2,#008B8B,SFD,2.999092875183559e-6,3e-06,yes,0.8653,0.8143,0.9195,0.87 (0.81 - 0.92),21206,1589,19617
216,Benign neoplasm of skin,neoplasms,2,#008B8B,SFD,5.680702004173505e-6,5.68e-06,yes,0.8225,0.7565,0.8957,0.82 (0.76 - 0.90),22177,718,21459
249,Secondary diabetes mellitus,endocrine/metabolic,3,#A52A2A,SFD,4.41634845240452e-11,4.42e-11,yes,1.4571,1.3004,1.627,1.46 (1.30 - 1.63),17314,314,17000
249,Secondary diabetes mellitus,endocrine/metabolic,3,#A52A2A,VFI,5.762646835285814e-9,5.76e-09,yes,1.5658,1.3448,1.8188,1.57 (1.34 - 1.82),17314,314,17000
250,Diabetes mellitus,endocrine/metabolic,3,#A52A2A,SFD,2.047093688938943e-38,2.05e-38,yes,1.3256,1.2702,1.3833,1.33 (1.27 - 1.38),20583,3583,17000
250,Diabetes mellitus,endocrine/metabolic,3,#A52A2A,VFI,4.451940759274249e-68,4.45e-68,yes,1.5651,1.4884,1.6461,1.57 (1.49 - 1.65),20583,3583,17000
250.1,Type 1 diabetes,endocrine/metabolic,3,#A52A2A,SFD,1.5293220697435342e-14,1.53e-14,yes,1.6176,1.4277,1.8251,1.62 (1.43 - 1.83),17235,235,17000
250.1,Type 1 diabetes,endocrine/metabolic,3,#A52A2A,VFD,1.050520396129401e-8,1.05e-08,yes,1.5313,1.3219,1.7702,1.53 (1.32 - 1.77),17235,235,17000
250.2,Type 2 diabetes,endocrine/metabolic,3,#A52A2A,SFD,1.4752815527798746e-35,1.48e-35,yes,1.3198,1.2633,1.3787,1.32 (1.26 - 1.38),20416,3416,17000
250.2,Type 2 diabetes,endocrine/metabolic,3,#A52A2A,VFI,2.1539913572344252e-67,2.15e-67,yes,1.5738,1.4953,1.6567,1.57 (1.50 - 1.66),20416,3416,17000
250.22,Type 2 diabetes with renal manifestations,endocrine/metabolic,3,#A52A2A,SFD,1.1472557393494872e-32,1.15e-32,yes,1.7522,1.5962,1.9203,1.75 (1.60 - 1.92),17470,470,17000
250.22,Type 2 diabetes with renal manifestations,endocrine/metabolic,3,#A52A2A,SFI,1.2690439780509862e-6,1.27e-06,yes,0.6626,0.5603,0.7818,0.66 (0.56 - 0.78),17470,470,17000
250.22,Type 2 diabetes with renal manifestations,endocrine/metabolic,3,#A52A2A,VFD,6.550137085176857e-12,6.55e-12,yes,1.4645,1.3128,1.6323,1.46 (1.31 - 1.63),17470,470,17000
250.22,Type 2 diabetes with renal manifestations,endocrine/metabolic,3,#A52A2A,VFI,7.55474266734138e-10,7.55e-10,yes,1.4423,1.283,1.6202,1.44 (1.28 - 1.62),17470,470,17000
250.23,Type 2 diabetes with ophthalmic manifestations,endocrine/metabolic,3,#A52A2A,SFD,2.7025954165842095e-13,2.7e-13,yes,1.6477,1.437,1.8789,1.65 (1.44 - 1.88),17225,225,17000
250.23,Type 2 diabetes with ophthalmic manifestations,endocrine/metabolic,3,#A52A2A,VFI,3.445409248342842e-6,3.45e-06,yes,1.4721,1.2489,1.7313,1.47 (1.25 - 1.73),17225,225,17000
250.24,Type 2 diabetes with neurological manifestations,endocrine/metabolic,3,#A52A2A,SFD,3.0709170780716732e-15,3.07e-15,yes,1.5533,1.3898,1.7301,1.55 (1.39 - 1.73),17375,375,17000
250.24,Type 2 diabetes with neurological manifestations,endocrine/metabolic,3,#A52A2A,VFI,2.1789952316417187e-12,2.18e-12,yes,1.5737,1.3859,1.7853,1.57 (1.39 - 1.79),17375,375,17000
250.3,Insulin pump user,endocrine/metabolic,3,#A52A2A,SFD,9.449681055780804e-38,9.45e-38,yes,1.5665,1.4621,1.6769,1.57 (1.46 - 1.68),17949,949,17000
250.3,Insulin pump user,endocrine/metabolic,3,#A52A2A,VFD,1.6157469494795448e-14,1.62e-14,yes,1.3547,1.2534,1.4636,1.35 (1.25 - 1.46),17949,949,17000
250.3,Insulin pump user,endocrine/metabolic,3,#A52A2A,VFI,8.763058199174568e-22,8.76e-22,yes,1.5166,1.3927,1.6512,1.52 (1.39 - 1.65),17949,949,17000
250.4,Abnormal glucose,endocrine/metabolic,3,#A52A2A,VFI,1.1210003544121443e-14,1.12e-14,yes,1.3276,1.2354,1.4265,1.33 (1.24 - 1.43),18565,1565,17000
250.41,Impaired fasting glucose,endocrine/metabolic,3,#A52A2A,VFD,1.4799455464456938e-6,1.48e-06,yes,0.7573,0.6763,0.848,0.76 (0.68 - 0.85),17507,507,17000
250.41,Impaired fasting glucose,endocrine/metabolic,3,#A52A2A,VFI,1.2539730012990188e-8,1.25e-08,yes,1.4089,1.2515,1.5849,1.41 (1.25 - 1.58),17507,507,17000
250.42,Other abnormal glucose,endocrine/metabolic,3,#A52A2A,VFI,3.909242020004451e-9,3.91e-09,yes,1.285,1.1819,1.3966,1.29 (1.18 - 1.40),18117,1117,17000
250.7,Diabetic retinopathy,endocrine/metabolic,3,#A52A2A,SFD,9.983225807051739e-12,9.98e-12,yes,1.5866,1.3849,1.8071,1.59 (1.38 - 1.81),21289,214,21075
260,Protein-calorie malnutrition,endocrine/metabolic,3,#A52A2A,SFD,2.7744918567343855e-246,2.77e-246,yes,2.351,2.2368,2.472,2.35 (2.24 - 2.47),19416,2078,17338
260,Protein-calorie malnutrition,endocrine/metabolic,3,#A52A2A,SFI,2.8945509461572874e-98,2.89e-98,yes,0.2892,0.2575,0.3244,0.29 (0.26 - 0.32),19416,2078,17338
260,Protein-calorie malnutrition,endocrine/metabolic,3,#A52A2A,VFD,1.438337718660481e-191,1.44e-191,yes,2.4399,2.3001,2.5893,2.44 (2.30 - 2.59),19416,2078,17338
260,Protein-calorie malnutrition,endocrine/metabolic,3,#A52A2A,VFI,1.0120631594676529e-44,1.01e-44,yes,0.522,0.4764,0.5713,0.52 (0.48 - 0.57),19416,2078,17338
260.2,severe protein-calorie malnutrition,endocrine/metabolic,3,#A52A2A,SFD,1.938963368141833e-142,1.94e-142,yes,2.8136,2.5986,3.0484,2.81 (2.60 - 3.05),17935,597,17338
260.2,severe protein-calorie malnutrition,endocrine/metabolic,3,#A52A2A,SFI,6.315729631354695e-53,6.32e-53,yes,0.1882,0.1518,0.2328,0.19 (0.15 - 0.23),17935,597,17338
260.2,severe protein-calorie malnutrition,endocrine/metabolic,3,#A52A2A,VFD,1.1059118038657252e-108,1.11e-108,yes,3.2375,2.9197,3.5947,3.24 (2.92 - 3.59),17935,597,17338
260.2,severe protein-calorie malnutrition,endocrine/metabolic,3,#A52A2A,VFI,1.69791054077749e-23,1.7e-23,yes,0.4227,0.3563,0.4996,0.42 (0.36 - 0.50),17935,597,17338
260.3,Adult failure to thrive,endocrine/metabolic,3,#A52A2A,SFD,7.943773712177464e-70,7.94e-70,yes,2.4914,2.2516,2.7575,2.49 (2.25 - 2.76),17680,342,17338
260.3,Adult failure to thrive,endocrine/metabolic,3,#A52A2A,SFI,6.162005084952749e-28,6.16e-28,yes,0.215,0.1629,0.2824,0.21 (0.16 - 0.28),17680,342,17338
260.3,Adult failure to thrive,endocrine/metabolic,3,#A52A2A,VFD,4.608949126508505e-39,4.61e-39,yes,2.4137,2.116,2.7561,2.41 (2.12 - 2.76),17680,342,17338
260.3,Adult failure to thrive,endocrine/metabolic,3,#A52A2A,VFI,8.837911966059666e-9,8.84e-09,yes,0.5536,0.4513,0.6753,0.55 (0.45 - 0.68),17680,342,17338
260.6,Anorexia,endocrine/metabolic,3,#A52A2A,SFD,2.1326187587976527e-43,2.13e-43,yes,1.9027,1.736,2.0839,1.90 (1.74 - 2.08),17774,436,17338
260.6,Anorexia,endocrine/metabolic,3,#A52A2A,SFI,1.2243448402495566e-13,1.22e-13,yes,0.4335,0.347,0.5398,0.43 (0.35 - 0.54),17774,436,17338
260.6,Anorexia,endocrine/metabolic,3,#A52A2A,VFD,4.7374989035454383e-29,4.74e-29,yes,1.8967,1.6955,2.122,1.90 (1.70 - 2.12),17774,436,17338
261,Vitamin deficiency,endocrine/metabolic,3,#A52A2A,SFD,8.300930564286393e-8,8.3e-08,yes,1.1974,1.1206,1.2784,1.20 (1.12 - 1.28),18912,1574,17338
261.2,Vitamin B-complex deficiencies,endocrine/metabolic,3,#A52A2A,SFD,9.894446552584218e-8,9.89e-08,yes,1.3735,1.2199,1.5409,1.37 (1.22 - 1.54),17719,381,17338
261.2,Vitamin B-complex deficiencies,endocrine/metabolic,3,#A52A2A,VFD,6.412097916397948e-6,6.41e-06,yes,1.3292,1.174,1.5032,1.33 (1.17 - 1.50),17719,381,17338
269,Proteinuria,endocrine/metabolic,3,#A52A2A,SFD,3.5988743563231834e-6,3.6e-06,yes,1.3863,1.2037,1.587,1.39 (1.20 - 1.59),21980,227,21753
270,Disorders of protein plasma/amino-acid transport and metabolism,endocrine/metabolic,3,#A52A2A,SFD,1.5750332603884008e-37,1.58e-37,yes,1.8476,1.6803,2.028,1.85 (1.68 - 2.03),22100,347,21753
270,Disorders of protein plasma/amino-acid transport and metabolism,endocrine/metabolic,3,#A52A2A,SFI,1.9788635214321986e-7,1.98e-07,yes,0.5747,0.4657,0.7069,0.57 (0.47 - 0.71),22100,347,21753
270,Disorders of protein plasma/amino-acid transport and metabolism,endocrine/metabolic,3,#A52A2A,VFD,3.866721095291713e-30,3.87e-30,yes,1.9593,1.7449,2.1988,1.96 (1.74 - 2.20),22100,347,21753
270.3,Disorders of plasma protein metabolism,endocrine/metabolic,3,#A52A2A,SFD,9.796217567976883e-36,9.8e-36,yes,1.8808,1.7013,2.0751,1.88 (1.70 - 2.08),22056,303,21753
270.3,Disorders of plasma protein metabolism,endocrine/metabolic,3,#A52A2A,SFI,1.7417896673721987e-8,1.74e-08,yes,0.5172,0.4105,0.6493,0.52 (0.41 - 0.65),22056,303,21753
270.3,Disorders of plasma protein metabolism,endocrine/metabolic,3,#A52A2A,VFD,7.494042615710033e-27,7.49e-27,yes,1.9672,1.7379,2.2255,1.97 (1.74 - 2.23),22056,303,21753
271,Disorders of carbohydrate transport and metabolism,endocrine/metabolic,3,#A52A2A,SFD,2.1715248812247537e-6,2.17e-06,yes,0.7835,0.7097,0.8683,0.78 (0.71 - 0.87),22467,568,21899
271,Disorders of carbohydrate transport and metabolism,endocrine/metabolic,3,#A52A2A,VFD,7.762961593517677e-6,7.76e-06,yes,0.7851,0.706,0.8727,0.79 (0.71 - 0.87),22467,568,21899
271.3,Intestinal disaccharidase deficiencies and disaccharide malabsorption,endocrine/metabolic,3,#A52A2A,SFD,8.555687135091512e-7,8.56e-07,yes,0.7748,0.7014,0.8593,0.77 (0.70 - 0.86),22458,559,21899
271.3,Intestinal disaccharidase deficiencies and disaccharide malabsorption,endocrine/metabolic,3,#A52A2A,VFD,3.5153730470688617e-6,3.52e-06,yes,0.7761,0.6972,0.8637,0.78 (0.70 - 0.86),22458,559,21899
272,Disorders of lipoid metabolism,endocrine/metabolic,3,#A52A2A,SFD,5.439457168350972e-6,5.44e-06,yes,0.9144,0.8798,0.9504,0.91 (0.88 - 0.95),21054,5741,15313
272,Disorders of lipoid metabolism,endocrine/metabolic,3,#A52A2A,VFD,2.3570486800329473e-26,2.36e-26,yes,0.8016,0.7694,0.8349,0.80 (0.77 - 0.83),21054,5741,15313
272,Disorders of lipoid metabolism,endocrine/metabolic,3,#A52A2A,VFI,2.5796494765507404e-43,2.58e-43,yes,1.3897,1.3263,1.4563,1.39 (1.33 - 1.46),21054,5741,15313
272.1,Hyperlipidemia,endocrine/metabolic,3,#A52A2A,SFD,7.077205866553227e-6,7.08e-06,yes,0.9154,0.8807,0.9514,0.92 (0.88 - 0.95),21039,5726,15313
272.1,Hyperlipidemia,endocrine/metabolic,3,#A52A2A,VFD,2.583557278919848e-26,2.58e-26,yes,0.8016,0.7695,0.835,0.80 (0.77 - 0.83),21039,5726,15313
272.1,Hyperlipidemia,endocrine/metabolic,3,#A52A2A,VFI,2.5743258411988826e-43,2.57e-43,yes,1.3899,1.3265,1.4566,1.39 (1.33 - 1.46),21039,5726,15313
272.11,Hypercholesterolemia,endocrine/metabolic,3,#A52A2A,VFI,2.0833410789801172e-10,2.08e-10,yes,1.3657,1.2402,1.5032,1.37 (1.24 - 1.50),16159,846,15313
272.13,Mixed hyperlipidemia,endocrine/metabolic,3,#A52A2A,VFD,2.516995618634995e-7,2.52e-07,yes,0.77,0.697,0.8502,0.77 (0.70 - 0.85),16116,803,15313
272.13,Mixed hyperlipidemia,endocrine/metabolic,3,#A52A2A,VFI,5.849005837904737e-10,5.85e-10,yes,1.3804,1.2464,1.5286,1.38 (1.25 - 1.53),16116,803,15313
275,Disorders of mineral metabolism,endocrine/metabolic,3,#A52A2A,SFD,4.060020637269818e-55,4.06e-55,yes,1.5643,1.4787,1.6543,1.56 (1.48 - 1.65),21867,1281,20586
275,Disorders of mineral metabolism,endocrine/metabolic,3,#A52A2A,SFI,1.7513797018560102e-9,1.75e-09,yes,0.7221,0.6491,0.8024,0.72 (0.65 - 0.80),21867,1281,20586
275,Disorders of mineral metabolism,endocrine/metabolic,3,#A52A2A,VFD,2.4348247568593538e-34,2.43e-34,yes,1.5009,1.4062,1.6018,1.50 (1.41 - 1.60),21867,1281,20586
275.3,Disorders of magnesium metabolism,endocrine/metabolic,3,#A52A2A,SFD,7.853055340224551e-19,7.85e-19,yes,1.4877,1.3614,1.623,1.49 (1.36 - 1.62),21075,489,20586
275.3,Disorders of magnesium metabolism,endocrine/metabolic,3,#A52A2A,VFD,5.58658613583964e-14,5.59e-14,yes,1.4818,1.3369,1.6412,1.48 (1.34 - 1.64),21075,489,20586
275.5,Disorders of calcium/phosphorus metabolism,endocrine/metabolic,3,#A52A2A,SFD,3.913170325042559e-33,3.91e-33,yes,1.7072,1.5632,1.862,1.71 (1.56 - 1.86),21035,449,20586
275.5,Disorders of calcium/phosphorus metabolism,endocrine/metabolic,3,#A52A2A,VFD,4.342779272606431e-20,4.34e-20,yes,1.6463,1.4797,1.8309,1.65 (1.48 - 1.83),21035,449,20586
275.53,Disorders of phosphorus metabolism,endocrine/metabolic,3,#A52A2A,SFD,8.161550264574566e-23,8.16e-23,yes,1.8085,1.6048,2.0329,1.81 (1.60 - 2.03),20805,219,20586
275.53,Disorders of phosphorus metabolism,endocrine/metabolic,3,#A52A2A,VFD,5.042705228988008e-15,5.04e-15,yes,1.8071,1.5573,2.095,1.81 (1.56 - 2.09),20805,219,20586
275.6,Hypercalcemia,endocrine/metabolic,3,#A52A2A,SFD,6.493533040340511e-13,6.49e-13,yes,1.6212,1.4177,1.8454,1.62 (1.42 - 1.85),20786,200,20586
275.6,Hypercalcemia,endocrine/metabolic,3,#A52A2A,VFD,3.7253378692461406e-7,3.73e-07,yes,1.5155,1.2896,1.7773,1.52 (1.29 - 1.78),20786,200,20586
276,"Disorders of fluid, electrolyte, and acid-base balance",endocrine/metabolic,3,#A52A2A,SFD,1.7870650199174281e-209,1.79e-209,yes,1.8697,1.7971,1.9456,1.87 (1.80 - 1.95),20541,4227,16314
276,"Disorders of fluid, electrolyte, and acid-base balance",endocrine/metabolic,3,#A52A2A,SFI,5.827851575638794e-27,5.83e-27,yes,0.6998,0.6556,0.7467,0.70 (0.66 - 0.75),20541,4227,16314
276,"Disorders of fluid, electrolyte, and acid-base balance",endocrine/metabolic,3,#A52A2A,VFD,1.0590583902161227e-166,1.06e-166,yes,1.8171,1.7416,1.8962,1.82 (1.74 - 1.90),20541,4227,16314
276,"Disorders of fluid, electrolyte, and acid-base balance",endocrine/metabolic,3,#A52A2A,VFI,3.25143058418599e-14,3.25e-14,yes,0.8183,0.7769,0.8617,0.82 (0.78 - 0.86),20541,4227,16314
276.1,Electrolyte imbalance,endocrine/metabolic,3,#A52A2A,SFD,6.23324847895923e-184,6.23e-184,yes,1.9181,1.8354,2.0048,1.92 (1.84 - 2.00),19394,3080,16314
276.1,Electrolyte imbalance,endocrine/metabolic,3,#A52A2A,SFI,2.9459754077491376e-29,2.95e-29,yes,0.6452,0.5975,0.6962,0.65 (0.60 - 0.70),19394,3080,16314
276.1,Electrolyte imbalance,endocrine/metabolic,3,#A52A2A,VFD,3.952851169856828e-149,3.95e-149,yes,1.8971,1.8079,1.9911,1.90 (1.81 - 1.99),19394,3080,16314
276.1,Electrolyte imbalance,endocrine/metabolic,3,#A52A2A,VFI,3.486835499071792e-13,3.49e-13,yes,0.8025,0.7561,0.8513,0.80 (0.76 - 0.85),19394,3080,16314
276.12,Hyposmolality and/or hyponatremia,endocrine/metabolic,3,#A52A2A,SFD,5.33195223226936e-137,5.33e-137,yes,2.1198,1.9983,2.2491,2.12 (2.00 - 2.25),17709,1395,16314
276.12,Hyposmolality and/or hyponatremia,endocrine/metabolic,3,#A52A2A,SFI,3.7896879861493593e-32,3.79e-32,yes,0.4909,0.4359,0.5521,0.49 (0.44 - 0.55),17709,1395,16314
276.12,Hyposmolality and/or hyponatremia,endocrine/metabolic,3,#A52A2A,VFD,1.9000905070967463e-112,1.9e-112,yes,2.1789,2.0365,2.332,2.18 (2.04 - 2.33),17709,1395,16314
276.12,Hyposmolality and/or hyponatremia,endocrine/metabolic,3,#A52A2A,VFI,1.2510940176719667e-16,1.25e-16,yes,0.6883,0.6297,0.7516,0.69 (0.63 - 0.75),17709,1395,16314
276.13,Hyperpotassemia,endocrine/metabolic,3,#A52A2A,SFD,1.659086732517251e-70,1.66e-70,yes,2.441,2.2114,2.6934,2.44 (2.21 - 2.69),16705,391,16314
276.13,Hyperpotassemia,endocrine/metabolic,3,#A52A2A,SFI,4.6577719205159835e-18,4.66e-18,yes,0.4097,0.3343,0.5006,0.41 (0.33 - 0.50),16705,391,16314
276.13,Hyperpotassemia,endocrine/metabolic,3,#A52A2A,VFD,3.0747953742718616e-50,3.07e-50,yes,2.4567,2.1829,2.7652,2.46 (2.18 - 2.77),16705,391,16314
276.13,Hyperpotassemia,endocrine/metabolic,3,#A52A2A,VFI,1.7389028552541888e-5,1.74e-05,yes,0.7149,0.6126,0.8321,0.71 (0.61 - 0.83),16705,391,16314
276.14,Hypopotassemia,endocrine/metabolic,3,#A52A2A,SFD,4.892380985294416e-64,4.89e-64,yes,1.7178,1.613,1.8288,1.72 (1.61 - 1.83),17583,1269,16314
276.14,Hypopotassemia,endocrine/metabolic,3,#A52A2A,SFI,4.1652729572908235e-6,4.17e-06,yes,0.7714,0.6902,0.861,0.77 (0.69 - 0.86),17583,1269,16314
276.14,Hypopotassemia,endocrine/metabolic,3,#A52A2A,VFD,1.262922246511318e-45,1.26e-45,yes,1.6762,1.5607,1.8003,1.68 (1.56 - 1.80),17583,1269,16314
276.4,Acid-base balance disorder,endocrine/metabolic,3,#A52A2A,SFD,7.337118690075323e-116,7.34e-116,yes,2.4082,2.2336,2.5967,2.41 (2.23 - 2.60),17065,751,16314
276.4,Acid-base balance disorder,endocrine/metabolic,3,#A52A2A,SFI,2.0833640509271587e-21,2.08e-21,yes,0.4966,0.4294,0.5732,0.50 (0.43 - 0.57),17065,751,16314
276.4,Acid-base balance disorder,endocrine/metabolic,3,#A52A2A,VFD,3.369207158516057e-73,3.37e-73,yes,2.2855,2.09,2.4999,2.29 (2.09 - 2.50),17065,751,16314
276.41,Acidosis,endocrine/metabolic,3,#A52A2A,SFD,7.015019709487341e-98,7.02e-98,yes,2.3902,2.2033,2.5927,2.39 (2.20 - 2.59),16940,626,16314
276.41,Acidosis,endocrine/metabolic,3,#A52A2A,SFI,3.4388945354877155e-16,3.44e-16,yes,0.5155,0.4392,0.6038,0.52 (0.44 - 0.60),16940,626,16314
276.41,Acidosis,endocrine/metabolic,3,#A52A2A,VFD,1.728407732270943e-59,1.73e-59,yes,2.25,2.0406,2.4812,2.25 (2.04 - 2.48),16940,626,16314
276.5,Hypovolemia,endocrine/metabolic,3,#A52A2A,SFD,4.524857247510849e-68,4.52e-68,yes,1.6931,1.5956,1.7962,1.69 (1.60 - 1.80),17683,1369,16314
276.5,Hypovolemia,endocrine/metabolic,3,#A52A2A,VFD,1.1600752512754476e-53,1.16e-53,yes,1.707,1.5949,1.8271,1.71 (1.59 - 1.83),17683,1369,16314
276.5,Hypovolemia,endocrine/metabolic,3,#A52A2A,VFI,2.2228243961067559e-7,2.22e-07,yes,0.7913,0.7239,0.8642,0.79 (0.72 - 0.86),17683,1369,16314
276.6,Fluid overload,endocrine/metabolic,3,#A52A2A,SFD,4.90725626491922e-152,4.91e-152,yes,3.5788,3.2561,3.939,3.58 (3.26 - 3.94),16756,442,16314
276.6,Fluid overload,endocrine/metabolic,3,#A52A2A,SFI,1.4010973499264859e-31,1.4e-31,yes,0.3233,0.2671,0.3901,0.32 (0.27 - 0.39),16756,442,16314
276.6,Fluid overload,endocrine/metabolic,3,#A52A2A,VFD,6.3071157102146595e-121,6.31e-121,yes,3.9692,3.5389,4.4594,3.97 (3.54 - 4.46),16756,442,16314
276.6,Fluid overload,endocrine/metabolic,3,#A52A2A,VFI,1.925000990189789e-9,1.93e-09,yes,0.6416,0.5544,0.7407,0.64 (0.55 - 0.74),16756,442,16314
277,Other disorders of metabolism,endocrine/metabolic,3,#A52A2A,SFD,6.759585395755124e-9,6.76e-09,yes,1.4082,1.2518,1.578,1.41 (1.25 - 1.58),21909,276,21633
277.4,Disorders of bilirubin excretion,endocrine/metabolic,3,#A52A2A,SFD,3.184564047479842e-32,3.18e-32,yes,1.9531,1.7458,2.1803,1.95 (1.75 - 2.18),21870,237,21633
277.4,Disorders of bilirubin excretion,endocrine/metabolic,3,#A52A2A,SFI,1.1419074589344257e-7,1.14e-07,yes,0.5281,0.4162,0.6672,0.53 (0.42 - 0.67),21870,237,21633
277.4,Disorders of bilirubin excretion,endocrine/metabolic,3,#A52A2A,VFD,4.5525461715270306e-32,4.55e-32,yes,2.2858,1.9918,2.6226,2.29 (1.99 - 2.62),21870,237,21633
278,"Overweight, obesity and other hyperalimentation",endocrine/metabolic,3,#A52A2A,SFD,9.026952936885179e-26,9.03e-26,yes,1.344,1.2716,1.4201,1.34 (1.27 - 1.42),21740,3575,18165
278,"Overweight, obesity and other hyperalimentation",endocrine/metabolic,3,#A52A2A,SFI,2.293996318076112e-28,2.29e-28,yes,1.4138,1.3297,1.5036,1.41 (1.33 - 1.50),21740,3575,18165
278,"Overweight, obesity and other hyperalimentation",endocrine/metabolic,3,#A52A2A,VFD,3.2519516492844915e-9,3.25e-09,yes,1.174,1.1132,1.238,1.17 (1.11 - 1.24),21740,3575,18165
278,"Overweight, obesity and other hyperalimentation",endocrine/metabolic,3,#A52A2A,VFI,7.33413908271177e-17,7.33e-17,yes,1.2502,1.1863,1.3176,1.25 (1.19 - 1.32),21740,3575,18165
278.1,Obesity,endocrine/metabolic,3,#A52A2A,SFD,2.56834692836092e-31,2.57e-31,yes,1.4771,1.3829,1.577,1.48 (1.38 - 1.58),21001,2836,18165
278.1,Obesity,endocrine/metabolic,3,#A52A2A,SFI,2.3264258870055512e-32,2.33e-32,yes,1.5054,1.407,1.6111,1.51 (1.41 - 1.61),21001,2836,18165
278.1,Obesity,endocrine/metabolic,3,#A52A2A,VFD,1.760491170896511e-9,1.76e-09,yes,1.2131,1.1391,1.2918,1.21 (1.14 - 1.29),21001,2836,18165
278.1,Obesity,endocrine/metabolic,3,#A52A2A,VFI,1.999341834573564e-18,2e-18,yes,1.2986,1.225,1.377,1.30 (1.22 - 1.38),21001,2836,18165
278.11,Morbid obesity,endocrine/metabolic,3,#A52A2A,SFD,5.2169602977015945e-45,5.22e-45,yes,1.9056,1.7412,2.0838,1.91 (1.74 - 2.08),19484,1319,18165
278.11,Morbid obesity,endocrine/metabolic,3,#A52A2A,SFI,8.056121174537833e-25,8.06e-25,yes,1.6025,1.4652,1.7537,1.60 (1.47 - 1.75),19484,1319,18165
278.11,Morbid obesity,endocrine/metabolic,3,#A52A2A,VFD,5.817682468090508e-19,5.82e-19,yes,1.5077,1.3771,1.6503,1.51 (1.38 - 1.65),19484,1319,18165
278.11,Morbid obesity,endocrine/metabolic,3,#A52A2A,VFI,3.676231966677562e-10,3.68e-10,yes,1.2929,1.1933,1.4014,1.29 (1.19 - 1.40),19484,1319,18165
279,Disorders involving the immune mechanism,endocrine/metabolic,3,#A52A2A,SFD,1.509756325285238e-6,1.51e-06,yes,1.2161,1.1221,1.316,1.22 (1.12 - 1.32),22270,677,21593
279,Disorders involving the immune mechanism,endocrine/metabolic,3,#A52A2A,VFI,1.1278778342642665e-5,1.13e-05,yes,1.2874,1.1492,1.4399,1.29 (1.15 - 1.44),22270,677,21593
280,Iron deficiency anemias,hematopoietic,4,#FF7F00,SFD,2.024129045771104e-93,2.02e-93,yes,1.8126,1.7124,1.9186,1.81 (1.71 - 1.92),17412,1625,15787
280,Iron deficiency anemias,hematopoietic,4,#FF7F00,SFI,2.4248373531090622e-12,2.42e-12,yes,0.705,0.639,0.777,0.70 (0.64 - 0.78),17412,1625,15787
280,Iron deficiency anemias,hematopoietic,4,#FF7F00,VFD,9.535030556129078e-86,9.54e-86,yes,1.8769,1.7626,1.9989,1.88 (1.76 - 2.00),17412,1625,15787
280,Iron deficiency anemias,hematopoietic,4,#FF7F00,VFI,2.5652309652187326e-20,2.57e-20,yes,0.6813,0.6278,0.7388,0.68 (0.63 - 0.74),17412,1625,15787
280.1,"Iron deficiency anemias, unspecified or not due to blood loss",hematopoietic,4,#FF7F00,SFD,1.0007550911135169e-65,1e-65,yes,1.7578,1.6477,1.8748,1.76 (1.65 - 1.87),17026,1239,15787
280.1,"Iron deficiency anemias, unspecified or not due to blood loss",hematopoietic,4,#FF7F00,SFI,2.2738613646632034e-7,2.27e-07,yes,0.7477,0.6694,0.8343,0.75 (0.67 - 0.83),17026,1239,15787
280.1,"Iron deficiency anemias, unspecified or not due to blood loss",hematopoietic,4,#FF7F00,VFD,1.6161614257036385e-61,1.62e-61,yes,1.826,1.7004,1.9611,1.83 (1.70 - 1.96),17026,1239,15787
280.1,"Iron deficiency anemias, unspecified or not due to blood loss",hematopoietic,4,#FF7F00,VFI,6.132185236624468e-17,6.13e-17,yes,0.6744,0.6145,0.7392,0.67 (0.61 - 0.74),17026,1239,15787
280.2,Iron deficiency anemia secondary to blood loss (chronic),hematopoietic,4,#FF7F00,SFD,4.7940066961716764e-65,4.79e-65,yes,2.0487,1.8858,2.2244,2.05 (1.89 - 2.22),16392,605,15787
280.2,Iron deficiency anemia secondary to blood loss (chronic),hematopoietic,4,#FF7F00,SFI,4.72310026543322e-17,4.72e-17,yes,0.497,0.4217,0.5845,0.50 (0.42 - 0.58),16392,605,15787
280.2,Iron deficiency anemia secondary to blood loss (chronic),hematopoietic,4,#FF7F00,VFD,9.529705138272337e-51,9.53e-51,yes,2.1008,1.9063,2.3151,2.10 (1.91 - 2.32),16392,605,15787
280.2,Iron deficiency anemia secondary to blood loss (chronic),hematopoietic,4,#FF7F00,VFI,5.942233722862208e-9,5.94e-09,yes,0.6805,0.5971,0.7739,0.68 (0.60 - 0.77),16392,605,15787
281,Other deficiency anemia,hematopoietic,4,#FF7F00,SFD,6.792470457056872e-13,6.79e-13,yes,1.6113,1.4122,1.8325,1.61 (1.41 - 1.83),16039,252,15787
281,Other deficiency anemia,hematopoietic,4,#FF7F00,VFD,4.153038567538598e-11,4.15e-11,yes,1.6514,1.422,1.9158,1.65 (1.42 - 1.92),16039,252,15787
284,Aplastic anemia,hematopoietic,4,#FF7F00,SFD,1.924114987330316e-68,1.92e-68,yes,2.1223,1.9501,2.3087,2.12 (1.95 - 2.31),16367,580,15787
284,Aplastic anemia,hematopoietic,4,#FF7F00,SFI,1.5985013534088086e-12,1.6e-12,yes,0.553,0.4686,0.6509,0.55 (0.47 - 0.65),16367,580,15787
284,Aplastic anemia,hematopoietic,4,#FF7F00,VFD,3.0198081477283465e-60,3.02e-60,yes,2.292,2.0755,2.5316,2.29 (2.08 - 2.53),16367,580,15787
284,Aplastic anemia,hematopoietic,4,#FF7F00,VFI,1.8301500247445423e-5,1.83e-05,yes,0.7416,0.6461,0.8493,0.74 (0.65 - 0.85),16367,580,15787
284.1,Pancytopenia,hematopoietic,4,#FF7F00,SFD,5.849705316635043e-66,5.85e-66,yes,2.1077,1.935,2.2946,2.11 (1.94 - 2.29),16356,569,15787
284.1,Pancytopenia,hematopoietic,4,#FF7F00,SFI,1.2548596565817196e-11,1.25e-11,yes,0.5655,0.4788,0.666,0.57 (0.48 - 0.67),16356,569,15787
284.1,Pancytopenia,hematopoietic,4,#FF7F00,VFD,8.04389766839097e-58,8.04e-58,yes,2.27,2.0536,2.5096,2.27 (2.05 - 2.51),16356,569,15787
285,Other anemias,hematopoietic,4,#FF7F00,SFD,9.891159308411556e-216,9.89e-216,yes,1.9385,1.8601,2.0206,1.94 (1.86 - 2.02),19610,3823,15787
285,Other anemias,hematopoietic,4,#FF7F00,SFI,2.553460347844836e-41,2.55e-41,yes,0.6237,0.5821,0.6679,0.62 (0.58 - 0.67),19610,3823,15787
285,Other anemias,hematopoietic,4,#FF7F00,VFD,2.540276094893459e-192,2.54e-192,yes,1.95,1.8658,2.0385,1.95 (1.87 - 2.04),19610,3823,15787
285,Other anemias,hematopoietic,4,#FF7F00,VFI,2.671645274376848e-29,2.67e-29,yes,0.7296,0.6904,0.7707,0.73 (0.69 - 0.77),19610,3823,15787
285.1,Acute posthemorrhagic anemia,hematopoietic,4,#FF7F00,SFD,5.15313509316863e-105,5.15e-105,yes,2.1824,2.0343,2.3414,2.18 (2.03 - 2.34),16693,906,15787
285.1,Acute posthemorrhagic anemia,hematopoietic,4,#FF7F00,SFI,1.955645026790191e-21,1.96e-21,yes,0.5245,0.4587,0.5986,0.52 (0.46 - 0.60),16693,906,15787
285.1,Acute posthemorrhagic anemia,hematopoietic,4,#FF7F00,VFD,1.24981144427017e-86,1.25e-86,yes,2.2651,2.0887,2.4572,2.27 (2.09 - 2.46),16693,906,15787
285.1,Acute posthemorrhagic anemia,hematopoietic,4,#FF7F00,VFI,2.998417622958146e-15,3e-15,yes,0.6508,0.5845,0.7236,0.65 (0.58 - 0.72),16693,906,15787
285.2,Anemia of chronic disease,hematopoietic,4,#FF7F00,SFD,1.4778848373982874e-162,1.48e-162,yes,2.4476,2.295,2.6114,2.45 (2.29 - 2.61),16851,1064,15787
285.2,Anemia of chronic disease,hematopoietic,4,#FF7F00,SFI,2.0863039582025807e-40,2.09e-40,yes,0.4083,0.3576,0.4655,0.41 (0.36 - 0.47),16851,1064,15787
285.2,Anemia of chronic disease,hematopoietic,4,#FF7F00,VFD,7.53762016777621e-127,7.54e-127,yes,2.5312,2.3465,2.7317,2.53 (2.35 - 2.73),16851,1064,15787
285.2,Anemia of chronic disease,hematopoietic,4,#FF7F00,VFI,4.5295125831364416e-15,4.53e-15,yes,0.6683,0.6038,0.7387,0.67 (0.60 - 0.74),16851,1064,15787
285.21,Anemia in chronic kidney disease,hematopoietic,4,#FF7F00,SFD,1.3791734508623847e-81,1.38e-81,yes,2.9115,2.6097,3.249,2.91 (2.61 - 3.25),16092,305,15787
285.21,Anemia in chronic kidney disease,hematopoietic,4,#FF7F00,SFI,2.481708435699662e-21,2.48e-21,yes,0.3152,0.2478,0.3993,0.32 (0.25 - 0.40),16092,305,15787
285.21,Anemia in chronic kidney disease,hematopoietic,4,#FF7F00,VFD,1.5501001906788424e-49,1.55e-49,yes,2.7522,2.4072,3.1481,2.75 (2.41 - 3.15),16092,305,15787
285.22,Anemia in neoplastic disease,hematopoietic,4,#FF7F00,SFD,2.877102691565781e-61,2.88e-61,yes,2.245,2.0389,2.4706,2.24 (2.04 - 2.47),16205,418,15787
285.22,Anemia in neoplastic disease,hematopoietic,4,#FF7F00,SFI,1.0437827837236459e-11,1.04e-11,yes,0.483,0.391,0.5947,0.48 (0.39 - 0.59),16205,418,15787
285.22,Anemia in neoplastic disease,hematopoietic,4,#FF7F00,VFD,8.079942569068401e-53,8.08e-53,yes,2.494,2.2188,2.8045,2.49 (2.22 - 2.80),16205,418,15787
285.22,Anemia in neoplastic disease,hematopoietic,4,#FF7F00,VFI,1.0272324347647625e-8,1.03e-08,yes,0.6166,0.5217,0.7264,0.62 (0.52 - 0.73),16205,418,15787
286,Coagulation defects,hematopoietic,4,#FF7F00,SFD,3.307480717293903e-90,3.31e-90,yes,1.9972,1.8669,2.136,2.00 (1.87 - 2.14),19315,833,18482
286,Coagulation defects,hematopoietic,4,#FF7F00,SFI,5.197194944857215e-15,5.2e-15,yes,0.5985,0.5259,0.6802,0.60 (0.53 - 0.68),19315,833,18482
286,Coagulation defects,hematopoietic,4,#FF7F00,VFD,1.3292627827008793e-80,1.33e-80,yes,2.1743,2.0071,2.3557,2.17 (2.01 - 2.36),19315,833,18482
286,Coagulation defects,hematopoietic,4,#FF7F00,VFI,1.1697813317212042e-8,1.17e-08,yes,0.7324,0.6576,0.8145,0.73 (0.66 - 0.81),19315,833,18482
286.2,Encounter for long-term (current) use of anticoagulants,hematopoietic,4,#FF7F00,SFD,5.970660932043961e-53,5.97e-53,yes,1.6372,1.5368,1.7435,1.64 (1.54 - 1.74),19688,1206,18482
286.2,Encounter for long-term (current) use of anticoagulants,hematopoietic,4,#FF7F00,VFD,3.452019675591284e-39,3.45e-39,yes,1.6101,1.4992,1.729,1.61 (1.50 - 1.73),19688,1206,18482
286.2,Encounter for long-term (current) use of anticoagulants,hematopoietic,4,#FF7F00,VFI,1.3117102932015899e-6,1.31e-06,yes,0.8144,0.749,0.8846,0.81 (0.75 - 0.88),19688,1206,18482
286.7,Other and unspecified coagulation defects,hematopoietic,4,#FF7F00,SFD,8.378387476831076e-77,8.38e-77,yes,2.524,2.2881,2.783,2.52 (2.29 - 2.78),18817,335,18482
286.7,Other and unspecified coagulation defects,hematopoietic,4,#FF7F00,SFI,6.618205942759751e-18,6.62e-18,yes,0.4041,0.3283,0.4956,0.40 (0.33 - 0.50),18817,335,18482
286.7,Other and unspecified coagulation defects,hematopoietic,4,#FF7F00,VFD,3.3989129436301156e-71,3.4e-71,yes,3.0518,2.7006,3.4513,3.05 (2.70 - 3.45),18817,335,18482
286.7,Other and unspecified coagulation defects,hematopoietic,4,#FF7F00,VFI,4.808556386780708e-9,4.81e-09,yes,0.5954,0.4996,0.707,0.60 (0.50 - 0.71),18817,335,18482
287,Purpura and other hemorrhagic conditions,hematopoietic,4,#FF7F00,SFD,1.7020317503269013e-86,1.7e-86,yes,1.8017,1.699,1.9101,1.80 (1.70 - 1.91),19743,1261,18482
287,Purpura and other hemorrhagic conditions,hematopoietic,4,#FF7F00,SFI,2.5995499071686034e-16,2.6e-16,yes,0.6377,0.5723,0.7098,0.64 (0.57 - 0.71),19743,1261,18482
287,Purpura and other hemorrhagic conditions,hematopoietic,4,#FF7F00,VFD,8.41294200216316e-100,8.41e-100,yes,2.0749,1.9396,2.2199,2.07 (1.94 - 2.22),19743,1261,18482
287,Purpura and other hemorrhagic conditions,hematopoietic,4,#FF7F00,VFI,1.3293658333581047e-9,1.33e-09,yes,0.7638,0.6998,0.833,0.76 (0.70 - 0.83),19743,1261,18482
287.3,Thrombocytopenia,hematopoietic,4,#FF7F00,SFD,3.43645632155925e-86,3.44e-86,yes,1.8213,1.7155,1.9332,1.82 (1.72 - 1.93),19680,1198,18482
287.3,Thrombocytopenia,hematopoietic,4,#FF7F00,SFI,2.7873097982979777e-15,2.79e-15,yes,0.6417,0.5745,0.716,0.64 (0.57 - 0.72),19680,1198,18482
287.3,Thrombocytopenia,hematopoietic,4,#FF7F00,VFD,4.313171251662057e-99,4.31e-99,yes,2.1036,1.9635,2.254,2.10 (1.96 - 2.25),19680,1198,18482
287.3,Thrombocytopenia,hematopoietic,4,#FF7F00,VFI,9.583811214434076e-9,9.58e-09,yes,0.7704,0.7044,0.8418,0.77 (0.70 - 0.84),19680,1198,18482
287.31,Primary thrombocytopenia,hematopoietic,4,#FF7F00,SFD,4.736247592360938e-12,4.74e-12,yes,1.5992,1.3966,1.8229,1.60 (1.40 - 1.82),18713,231,18482
287.31,Primary thrombocytopenia,hematopoietic,4,#FF7F00,VFD,1.8512406972040788e-14,1.85e-14,yes,1.7958,1.5447,2.0846,1.80 (1.54 - 2.08),18713,231,18482
287.32,Secondary thrombocytopenia,hematopoietic,4,#FF7F00,SFD,3.6137558496995347e-28,3.61e-28,yes,1.9669,1.741,2.2157,1.97 (1.74 - 2.22),18719,237,18482
287.32,Secondary thrombocytopenia,hematopoietic,4,#FF7F00,SFI,5.143577511221447e-6,5.14e-06,yes,0.5643,0.4402,0.72,0.56 (0.44 - 0.72),18719,237,18482
287.32,Secondary thrombocytopenia,hematopoietic,4,#FF7F00,VFD,8.391114876444927e-31,8.39e-31,yes,2.3832,2.0559,2.7618,2.38 (2.06 - 2.76),18719,237,18482
288,Diseases of white blood cells,hematopoietic,4,#FF7F00,SFD,4.539801953874757e-67,4.54e-67,yes,1.6332,1.5447,1.7263,1.63 (1.54 - 1.73),18059,1525,16534
288,Diseases of white blood cells,hematopoietic,4,#FF7F00,SFI,1.2659920939590666e-9,1.27e-09,yes,0.7432,0.675,0.8175,0.74 (0.67 - 0.82),18059,1525,16534
288,Diseases of white blood cells,hematopoietic,4,#FF7F00,VFD,8.706862619752585e-47,8.71e-47,yes,1.5771,1.482,1.6782,1.58 (1.48 - 1.68),18059,1525,16534
288.1,Decreased white blood cell count,hematopoietic,4,#FF7F00,SFD,3.6999937752324713e-32,3.7e-32,yes,1.4871,1.3918,1.5879,1.49 (1.39 - 1.59),17536,1002,16534
288.1,Decreased white blood cell count,hematopoietic,4,#FF7F00,SFI,1.5155218920970638e-7,1.52e-07,yes,0.7154,0.6309,0.81,0.72 (0.63 - 0.81),17536,1002,16534
288.1,Decreased white blood cell count,hematopoietic,4,#FF7F00,VFD,1.0144473418239112e-29,1.01e-29,yes,1.5343,1.4246,1.6521,1.53 (1.42 - 1.65),17536,1002,16534
288.11,Neutropenia,hematopoietic,4,#FF7F00,SFD,6.086072441934841e-26,6.09e-26,yes,1.4802,1.3754,1.5915,1.48 (1.38 - 1.59),17349,815,16534
288.11,Neutropenia,hematopoietic,4,#FF7F00,SFI,1.3883280364620336e-5,1.39e-05,yes,0.74,0.6454,0.8468,0.74 (0.65 - 0.85),17349,815,16534
288.11,Neutropenia,hematopoietic,4,#FF7F00,VFD,3.61048919324262e-23,3.61e-23,yes,1.5129,1.3938,1.6417,1.51 (1.39 - 1.64),17349,815,16534
288.2,Elevated white blood cell count,hematopoietic,4,#FF7F00,SFD,1.0633874027399093e-63,1.06e-63,yes,1.6463,1.5533,1.7444,1.65 (1.55 - 1.74),17903,1369,16534
288.2,Elevated white blood cell count,hematopoietic,4,#FF7F00,SFI,1.8612960398505946e-8,1.86e-08,yes,0.7495,0.6775,0.8283,0.75 (0.68 - 0.83),17903,1369,16534
288.2,Elevated white blood cell count,hematopoietic,4,#FF7F00,VFD,1.7909415016618002e-42,1.79e-42,yes,1.5744,1.475,1.6803,1.57 (1.48 - 1.68),17903,1369,16534
289,Other diseases of blood and blood-forming organs,hematopoietic,4,#FF7F00,SFD,1.2998462701096689e-7,1.3e-07,yes,1.3126,1.185,1.4503,1.31 (1.18 - 1.45),16965,431,16534
289,Other diseases of blood and blood-forming organs,hematopoietic,4,#FF7F00,VFD,1.5760584614839142e-6,1.58e-06,yes,1.3157,1.1757,1.4709,1.32 (1.18 - 1.47),16965,431,16534
289.4,Lymphadenitis,hematopoietic,4,#FF7F00,SFD,2.0355116181147323e-27,2.04e-27,yes,1.3662,1.291,1.4451,1.37 (1.29 - 1.45),18048,1514,16534
289.4,Lymphadenitis,hematopoietic,4,#FF7F00,SFI,1.4712570637207784e-5,1.47e-05,yes,0.8067,0.7316,0.8886,0.81 (0.73 - 0.89),18048,1514,16534
289.4,Lymphadenitis,hematopoietic,4,#FF7F00,VFD,6.032456591704985e-29,6.03e-29,yes,1.4188,1.3342,1.5086,1.42 (1.33 - 1.51),18048,1514,16534
289.5,Diseases of spleen,hematopoietic,4,#FF7F00,SFD,8.712068761032237e-19,8.71e-19,yes,1.6957,1.5059,1.9031,1.70 (1.51 - 1.90),16807,273,16534
289.5,Diseases of spleen,hematopoietic,4,#FF7F00,VFD,1.2940725314078915e-17,1.29e-17,yes,1.7863,1.5625,2.0392,1.79 (1.56 - 2.04),16807,273,16534
290,Delirium dementia and amnestic and other cognitive disorders,mental disorders,5,#FF00FF,SFD,1.2865658587938236e-39,1.29e-39,yes,1.6037,1.4946,1.7202,1.60 (1.49 - 1.72),20190,912,19278
290,Delirium dementia and amnestic and other cognitive disorders,mental disorders,5,#FF00FF,SFI,1.341048989532039e-6,1.34e-06,yes,0.7008,0.6062,0.8088,0.70 (0.61 - 0.81),20190,912,19278
290,Delirium dementia and amnestic and other cognitive disorders,mental disorders,5,#FF00FF,VFD,2.578744291099177e-20,2.58e-20,yes,1.4737,1.3572,1.6001,1.47 (1.36 - 1.60),20190,912,19278
290.2,Delirium due to conditions classified elsewhere,mental disorders,5,#FF00FF,SFD,1.2627504112944706e-37,1.26e-37,yes,1.9361,1.7487,2.1405,1.94 (1.75 - 2.14),19601,323,19278
290.2,Delirium due to conditions classified elsewhere,mental disorders,5,#FF00FF,SFI,1.2095560866462962e-5,1.21e-05,yes,0.6171,0.4961,0.7644,0.62 (0.50 - 0.76),19601,323,19278
290.2,Delirium due to conditions classified elsewhere,mental disorders,5,#FF00FF,VFD,9.264877914154227e-22,9.26e-22,yes,1.8352,1.6205,2.0774,1.84 (1.62 - 2.08),19601,323,19278
291,Other specified nonpsychotic and/or transient mental disorders,mental disorders,5,#FF00FF,SFD,3.140991273868363e-39,3.14e-39,yes,1.7821,1.6335,1.9418,1.78 (1.63 - 1.94),19763,485,19278
291,Other specified nonpsychotic and/or transient mental disorders,mental disorders,5,#FF00FF,SFI,8.753201437104702e-12,8.75e-12,yes,0.5508,0.4635,0.6528,0.55 (0.46 - 0.65),19763,485,19278
291,Other specified nonpsychotic and/or transient mental disorders,mental disorders,5,#FF00FF,VFD,7.724952000015295e-23,7.72e-23,yes,1.682,1.516,1.8651,1.68 (1.52 - 1.87),19763,485,19278
291.8,Alteration of consciousness,mental disorders,5,#FF00FF,SFD,7.361016657764321e-46,7.36e-46,yes,1.9485,1.7762,2.1351,1.95 (1.78 - 2.14),19689,411,19278
291.8,Alteration of consciousness,mental disorders,5,#FF00FF,SFI,1.6176165300589301e-12,1.62e-12,yes,0.5099,0.4223,0.6137,0.51 (0.42 - 0.61),19689,411,19278
291.8,Alteration of consciousness,mental disorders,5,#FF00FF,VFD,4.0338142091680938e-28,4.03e-28,yes,1.8758,1.6764,2.098,1.88 (1.68 - 2.10),19689,411,19278
292,Neurological disorders,mental disorders,5,#FF00FF,SFD,6.162107028462237e-76,6.16e-76,yes,1.6026,1.5241,1.6848,1.60 (1.52 - 1.68),21187,1909,19278
292,Neurological disorders,mental disorders,5,#FF00FF,SFI,4.66472287548446e-12,4.66e-12,yes,0.7272,0.6641,0.7956,0.73 (0.66 - 0.80),21187,1909,19278
292,Neurological disorders,mental disorders,5,#FF00FF,VFD,2.545938792096378e-50,2.55e-50,yes,1.5382,1.4536,1.6278,1.54 (1.45 - 1.63),21187,1909,19278
292,Neurological disorders,mental disorders,5,#FF00FF,VFI,9.886866391539415e-14,9.89e-14,yes,0.7668,0.7148,0.8221,0.77 (0.71 - 0.82),21187,1909,19278
292.1,Aphasia/speech disturbance,mental disorders,5,#FF00FF,SFD,1.2157850178005736e-9,1.22e-09,yes,1.4371,1.2764,1.6129,1.44 (1.28 - 1.61),19580,302,19278
292.4,Altered mental status,mental disorders,5,#FF00FF,SFD,3.217119777526913e-91,3.22e-91,yes,1.8318,1.7275,1.9422,1.83 (1.73 - 1.94),20519,1241,19278
292.4,Altered mental status,mental disorders,5,#FF00FF,SFI,1.7465488653807792e-17,1.75e-17,yes,0.6149,0.5494,0.6874,0.61 (0.55 - 0.69),20519,1241,19278
292.4,Altered mental status,mental disorders,5,#FF00FF,VFD,3.4511002704847553e-66,3.45e-66,yes,1.8206,1.7004,1.9495,1.82 (1.70 - 1.95),20519,1241,19278
292.4,Altered mental status,mental disorders,5,#FF00FF,VFI,1.6339477982864724e-16,1.63e-16,yes,0.692,0.6337,0.7549,0.69 (0.63 - 0.75),20519,1241,19278
295,Schizophrenia and other psychotic disorders,mental disorders,5,#FF00FF,SFD,9.873321807290795e-7,9.87e-07,yes,1.3586,1.1992,1.533,1.36 (1.20 - 1.53),15765,272,15493
296,Mood disorders,mental disorders,5,#FF00FF,SFD,6.21980792751667e-21,6.22e-21,yes,1.2444,1.1887,1.3024,1.24 (1.19 - 1.30),18296,2803,15493
296,Mood disorders,mental disorders,5,#FF00FF,VFD,9.344510837963337e-14,9.34e-14,yes,1.2025,1.1455,1.2623,1.20 (1.15 - 1.26),18296,2803,15493
296.1,Bipolar,mental disorders,5,#FF00FF,SFD,3.3659978943711045e-9,3.37e-09,yes,1.3671,1.2305,1.5141,1.37 (1.23 - 1.51),15929,436,15493
296.1,Bipolar,mental disorders,5,#FF00FF,VFD,1.5470553206437964e-6,1.55e-06,yes,1.3205,1.1781,1.478,1.32 (1.18 - 1.48),15929,436,15493
296.2,Depression,mental disorders,5,#FF00FF,SFD,4.2954068410692214e-16,4.3e-16,yes,1.2214,1.1637,1.2815,1.22 (1.16 - 1.28),17957,2464,15493
296.2,Depression,mental disorders,5,#FF00FF,VFD,1.5223106242876755e-10,1.52e-10,yes,1.1824,1.1232,1.2445,1.18 (1.12 - 1.24),17957,2464,15493
296.22,Major depressive disorder,mental disorders,5,#FF00FF,SFD,7.899048841876424e-13,7.9e-13,yes,1.224,1.1578,1.2933,1.22 (1.16 - 1.29),17291,1798,15493
296.22,Major depressive disorder,mental disorders,5,#FF00FF,VFD,2.2891902835323797e-10,2.29e-10,yes,1.2095,1.1404,1.2827,1.21 (1.14 - 1.28),17291,1798,15493
300,Anxiety disorders,mental disorders,5,#FF00FF,SFD,3.578886736239277e-16,3.58e-16,yes,1.2114,1.1566,1.2683,1.21 (1.16 - 1.27),18280,2787,15493
300,Anxiety disorders,mental disorders,5,#FF00FF,VFD,2.326227853702315e-11,2.33e-11,yes,1.1807,1.1245,1.2396,1.18 (1.12 - 1.24),18280,2787,15493
300.1,Anxiety disorder,mental disorders,5,#FF00FF,SFD,4.662275403514268e-14,4.66e-14,yes,1.2041,1.1472,1.2635,1.20 (1.15 - 1.26),17978,2485,15493
300.1,Anxiety disorder,mental disorders,5,#FF00FF,VFD,1.354807140651533e-9,1.35e-09,yes,1.1713,1.1129,1.2327,1.17 (1.11 - 1.23),17978,2485,15493
304,Adjustment reaction,mental disorders,5,#FF00FF,SFD,1.5859224609607124e-17,1.59e-17,yes,1.4211,1.3097,1.5396,1.42 (1.31 - 1.54),16089,596,15493
304,Adjustment reaction,mental disorders,5,#FF00FF,VFD,4.430499994836285e-12,4.43e-12,yes,1.3923,1.2674,1.5287,1.39 (1.27 - 1.53),16089,596,15493
316,Substance addiction and disorders,mental disorders,5,#FF00FF,SFD,1.4603103409943786e-22,1.46e-22,yes,1.4414,1.3388,1.5503,1.44 (1.34 - 1.55),17332,864,16468
316,Substance addiction and disorders,mental disorders,5,#FF00FF,VFD,3.792480175630722e-27,3.79e-27,yes,1.561,1.4395,1.6923,1.56 (1.44 - 1.69),17332,864,16468
316,Substance addiction and disorders,mental disorders,5,#FF00FF,VFI,9.323230717029201e-7,9.32e-07,yes,0.76,0.6806,0.8475,0.76 (0.68 - 0.85),17332,864,16468
317,Alcohol-related disorders,mental disorders,5,#FF00FF,SFD,9.270146326829408e-51,9.27e-51,yes,1.7216,1.603,1.8478,1.72 (1.60 - 1.85),17329,861,16468
317,Alcohol-related disorders,mental disorders,5,#FF00FF,SFI,6.224841711994879e-9,6.22e-09,yes,0.7046,0.6256,0.7923,0.70 (0.63 - 0.79),17329,861,16468
317,Alcohol-related disorders,mental disorders,5,#FF00FF,VFD,1.2950688352809118e-58,1.3e-58,yes,1.912,1.7673,2.0687,1.91 (1.77 - 2.07),17329,861,16468
317.1,Alcoholism,mental disorders,5,#FF00FF,SFD,7.957017846921631e-51,7.96e-51,yes,1.7798,1.65,1.9185,1.78 (1.65 - 1.92),17202,734,16468
317.1,Alcoholism,mental disorders,5,#FF00FF,SFI,6.010720834613929e-9,6.01e-09,yes,0.6852,0.6027,0.7776,0.69 (0.60 - 0.78),17202,734,16468
317.1,Alcoholism,mental disorders,5,#FF00FF,VFD,5.186391535142582e-62,5.19e-62,yes,2.0427,1.8777,2.2225,2.04 (1.88 - 2.22),17202,734,16468
317.11,Alcoholic liver damage,mental disorders,5,#FF00FF,SFD,2.8742606101049165e-73,2.87e-73,yes,2.4743,2.2425,2.7288,2.47 (2.24 - 2.73),16821,353,16468
317.11,Alcoholic liver damage,mental disorders,5,#FF00FF,SFI,1.955942785669691e-13,1.96e-13,yes,0.506,0.4213,0.6058,0.51 (0.42 - 0.61),16821,353,16468
317.11,Alcoholic liver damage,mental disorders,5,#FF00FF,VFD,2.758653506162188e-85,2.76e-85,yes,3.2474,2.888,3.6569,3.25 (2.89 - 3.66),16821,353,16468
318,Tobacco use disorder,mental disorders,5,#FF00FF,SFD,3.1999707607171565e-54,3.2e-54,yes,1.4042,1.3451,1.4657,1.40 (1.35 - 1.47),19721,3253,16468
318,Tobacco use disorder,mental disorders,5,#FF00FF,SFI,8.15463661169932e-7,8.15e-07,yes,0.8469,0.7926,0.9045,0.85 (0.79 - 0.90),19721,3253,16468
318,Tobacco use disorder,mental disorders,5,#FF00FF,VFD,6.859223297325949e-56,6.86e-56,yes,1.4519,1.3861,1.5209,1.45 (1.39 - 1.52),19721,3253,16468
318,Tobacco use disorder,mental disorders,5,#FF00FF,VFI,3.7991038200297753e-8,3.8e-08,yes,0.8572,0.8113,0.9054,0.86 (0.81 - 0.91),19721,3253,16468
327,Sleep disorders,neurological,6,#00008B,SFD,2.1989704357133996e-6,2.2e-06,yes,1.1323,1.0753,1.1917,1.13 (1.08 - 1.19),20218,1990,18228
327.3,Sleep apnea,neurological,6,#00008B,VFI,1.0351020705641105e-9,1.04e-09,yes,1.2094,1.1377,1.2855,1.21 (1.14 - 1.29),20168,1940,18228
327.32,Obstructive sleep apnea,neurological,6,#00008B,VFI,8.26539202561041e-8,8.27e-08,yes,1.1925,1.1181,1.2717,1.19 (1.12 - 1.27),19938,1710,18228
338,Pain,neurological,6,#00008B,SFD,1.1266093108441372e-22,1.13e-22,yes,1.2096,1.1644,1.2564,1.21 (1.16 - 1.26),21076,4242,16834
338,Pain,neurological,6,#00008B,VFD,1.3857017557301373e-11,1.39e-11,yes,1.1495,1.104,1.1969,1.15 (1.10 - 1.20),21076,4242,16834
338.1,Acute pain,neurological,6,#00008B,SFD,4.0269067564603816e-28,4.03e-28,yes,1.3164,1.2533,1.3823,1.32 (1.25 - 1.38),18958,2124,16834
338.1,Acute pain,neurological,6,#00008B,VFD,1.2461431550897293e-18,1.25e-18,yes,1.2718,1.2055,1.3417,1.27 (1.21 - 1.34),18958,2124,16834
338.2,Chronic pain,neurological,6,#00008B,SFD,2.5839319954475784e-7,2.58e-07,yes,1.1327,1.0801,1.1876,1.13 (1.08 - 1.19),19423,2589,16834
345,"Epilepsy, recurrent seizures, convulsions",neurological,6,#00008B,SFD,6.252890421574675e-15,6.25e-15,yes,1.3853,1.2754,1.5025,1.39 (1.28 - 1.50),20023,618,19405
345.3,Convulsions,neurological,6,#00008B,SFD,4.142134943769912e-8,4.14e-08,yes,1.3461,1.2088,1.4949,1.35 (1.21 - 1.49),19768,363,19405
348,Other conditions of brain,neurological,6,#00008B,SFD,3.2893483290061763e-42,3.29e-42,yes,1.7292,1.5974,1.8703,1.73 (1.60 - 1.87),19987,582,19405
348,Other conditions of brain,neurological,6,#00008B,SFI,2.4729029640455698e-6,2.47e-06,yes,0.7036,0.6072,0.8135,0.70 (0.61 - 0.81),19987,582,19405
348,Other conditions of brain,neurological,6,#00008B,VFD,1.8157715215135934e-27,1.82e-27,yes,1.6862,1.5342,1.8527,1.69 (1.53 - 1.85),19987,582,19405
348,Other conditions of brain,neurological,6,#00008B,VFI,2.0850746435386415e-9,2.09e-09,yes,0.6831,0.6024,0.7731,0.68 (0.60 - 0.77),19987,582,19405
348.8,"Encephalopathy, not elsewhere classified",neurological,6,#00008B,SFD,3.3043004175932576e-41,3.3e-41,yes,1.8962,1.7264,2.0807,1.90 (1.73 - 2.08),19790,385,19405
348.8,"Encephalopathy, not elsewhere classified",neurological,6,#00008B,SFI,4.492270498532921e-9,4.49e-09,yes,0.5674,0.4688,0.6847,0.57 (0.47 - 0.68),19790,385,19405
348.8,"Encephalopathy, not elsewhere classified",neurological,6,#00008B,VFD,1.7198349315698578e-28,1.72e-28,yes,1.9082,1.7017,2.1393,1.91 (1.70 - 2.14),19790,385,19405
348.8,"Encephalopathy, not elsewhere classified",neurological,6,#00008B,VFI,5.630424503542647e-8,5.63e-08,yes,0.6557,0.5623,0.7625,0.66 (0.56 - 0.76),19790,385,19405
348.9,"Other conditions of brain, NOS",neurological,6,#00008B,SFD,4.053696620779406e-6,4.05e-06,yes,1.3154,1.1686,1.4755,1.32 (1.17 - 1.48),19704,299,19405
394,Rheumatic disease of the heart valves,circulatory system,8,#FF0000,SFD,4.2642199859662395e-18,4.26e-18,yes,1.5769,1.421,1.7461,1.58 (1.42 - 1.75),20567,338,20229
394,Rheumatic disease of the heart valves,circulatory system,8,#FF0000,SFI,4.844476895339246e-9,4.84e-09,yes,0.519,0.416,0.6455,0.52 (0.42 - 0.65),20567,338,20229
394,Rheumatic disease of the heart valves,circulatory system,8,#FF0000,VFD,2.9645491095374638e-12,2.96e-12,yes,1.5472,1.3681,1.7482,1.55 (1.37 - 1.75),20567,338,20229
395,Heart valve disorders,circulatory system,8,#FF0000,SFD,1.2700109407648205e-15,1.27e-15,yes,1.3418,1.2479,1.4414,1.34 (1.25 - 1.44),21069,840,20229
395,Heart valve disorders,circulatory system,8,#FF0000,SFI,2.683295235534208e-6,2.68e-06,yes,0.7163,0.6227,0.8228,0.72 (0.62 - 0.82),21069,840,20229
395,Heart valve disorders,circulatory system,8,#FF0000,VFD,2.1654037085120218e-11,2.17e-11,yes,1.3186,1.2158,1.4296,1.32 (1.22 - 1.43),21069,840,20229
395.1,Nonrheumatic mitral valve disorders,circulatory system,8,#FF0000,SFD,1.1124956516189894e-6,1.11e-06,yes,1.2925,1.1641,1.4312,1.29 (1.16 - 1.43),20594,365,20229
395.1,Nonrheumatic mitral valve disorders,circulatory system,8,#FF0000,VFD,1.6939203396650052e-5,1.69e-05,yes,1.2952,1.1507,1.4566,1.30 (1.15 - 1.46),20594,365,20229
395.2,Nonrheumatic aortic valve disorders,circulatory system,8,#FF0000,SFD,1.0452882773216461e-8,1.05e-08,yes,1.3572,1.2208,1.5049,1.36 (1.22 - 1.50),20620,391,20229
395.2,Nonrheumatic aortic valve disorders,circulatory system,8,#FF0000,VFD,2.0014029203105287e-6,2e-06,yes,1.3301,1.182,1.4955,1.33 (1.18 - 1.50),20620,391,20229
395.6,Heart valve replaced,circulatory system,8,#FF0000,SFD,1.3703959817795387e-9,1.37e-09,yes,1.5125,1.3199,1.7254,1.51 (1.32 - 1.73),20443,214,20229
395.6,Heart valve replaced,circulatory system,8,#FF0000,VFD,5.3748349344023174e-6,5.37e-06,yes,1.4349,1.2269,1.6747,1.43 (1.23 - 1.67),20443,214,20229
401,Hypertension,circulatory system,8,#FF0000,SFD,9.406425277402754e-26,9.41e-26,yes,1.2266,1.1808,1.2744,1.23 (1.18 - 1.27),20682,7681,13001
401,Hypertension,circulatory system,8,#FF0000,VFI,3.0200594551148433e-25,3.02e-25,yes,1.281,1.2225,1.3424,1.28 (1.22 - 1.34),20682,7681,13001
401.1,Essential hypertension,circulatory system,8,#FF0000,SFD,5.7528651259630115e-19,5.75e-19,yes,1.1939,1.1483,1.2415,1.19 (1.15 - 1.24),20223,7222,13001
401.1,Essential hypertension,circulatory system,8,#FF0000,VFI,7.019842148629132e-26,7.02e-26,yes,1.291,1.2311,1.3541,1.29 (1.23 - 1.35),20223,7222,13001
401.2,Hypertensive heart and/or renal disease,circulatory system,8,#FF0000,SFD,2.3063542183099364e-55,2.31e-55,yes,1.7263,1.6124,1.8484,1.73 (1.61 - 1.85),14163,1162,13001
401.2,Hypertensive heart and/or renal disease,circulatory system,8,#FF0000,SFI,1.351124718120874e-5,1.35e-05,yes,0.7656,0.6783,0.8629,0.77 (0.68 - 0.86),14163,1162,13001
401.2,Hypertensive heart and/or renal disease,circulatory system,8,#FF0000,VFD,2.574981645654736e-22,2.57e-22,yes,1.4676,1.3583,1.5857,1.47 (1.36 - 1.59),14163,1162,13001
401.21,Hypertensive heart disease,circulatory system,8,#FF0000,SFD,1.7137485875419635e-10,1.71e-10,yes,1.5872,1.3748,1.8261,1.59 (1.37 - 1.83),13232,231,13001
401.21,Hypertensive heart disease,circulatory system,8,#FF0000,VFD,1.7005741123162322e-5,1.7e-05,yes,1.4414,1.2195,1.7018,1.44 (1.22 - 1.70),13232,231,13001
401.22,Hypertensive chronic kidney disease,circulatory system,8,#FF0000,SFD,2.5856458576936252e-33,2.59e-33,yes,1.6298,1.5047,1.7645,1.63 (1.50 - 1.76),13729,728,13001
401.22,Hypertensive chronic kidney disease,circulatory system,8,#FF0000,VFD,4.0590076427487933e-11,4.06e-11,yes,1.3651,1.2445,1.4971,1.37 (1.24 - 1.50),13729,728,13001
401.3,Other hypertensive complications,circulatory system,8,#FF0000,SFD,7.216561912262194e-8,7.22e-08,yes,1.3623,1.2153,1.5221,1.36 (1.22 - 1.52),13343,342,13001
401.3,Other hypertensive complications,circulatory system,8,#FF0000,VFI,2.6533280476334784e-6,2.65e-06,yes,1.4282,1.2295,1.6559,1.43 (1.23 - 1.66),13343,342,13001
411,Ischemic Heart Disease,circulatory system,8,#FF0000,SFD,3.770329827677521e-23,3.77e-23,yes,1.2986,1.233,1.3673,1.30 (1.23 - 1.37),21653,2214,19439
411,Ischemic Heart Disease,circulatory system,8,#FF0000,VFD,5.398581895209078e-8,5.4e-08,yes,1.1678,1.1042,1.2348,1.17 (1.10 - 1.23),21653,2214,19439
411.2,Myocardial infarction,circulatory system,8,#FF0000,SFD,1.444583147025874e-21,1.44e-21,yes,1.4423,1.3371,1.5543,1.44 (1.34 - 1.55),20222,783,19439
411.2,Myocardial infarction,circulatory system,8,#FF0000,VFD,5.802715034874898e-8,5.8e-08,yes,1.2679,1.1635,1.3812,1.27 (1.16 - 1.38),20222,783,19439
411.4,Coronary atherosclerosis,circulatory system,8,#FF0000,SFD,7.591407475678543e-14,7.59e-14,yes,1.2531,1.1808,1.3291,1.25 (1.18 - 1.33),21172,1733,19439
411.4,Coronary atherosclerosis,circulatory system,8,#FF0000,VFI,7.496925604110012e-6,7.5e-06,yes,1.1708,1.0927,1.2544,1.17 (1.09 - 1.25),21172,1733,19439
415,Pulmonary heart disease,circulatory system,8,#FF0000,SFD,7.337293730164042e-51,7.34e-51,yes,1.5838,1.4911,1.6815,1.58 (1.49 - 1.68),20495,1216,19279
415,Pulmonary heart disease,circulatory system,8,#FF0000,VFD,4.035749543259869e-32,4.04e-32,yes,1.5066,1.4073,1.6127,1.51 (1.41 - 1.61),20495,1216,19279
415,Pulmonary heart disease,circulatory system,8,#FF0000,VFI,8.881621377150633e-6,8.88e-06,yes,0.8281,0.7616,0.8996,0.83 (0.76 - 0.90),20495,1216,19279
415.1,Acute pulmonary heart disease,circulatory system,8,#FF0000,SFD,3.8651937539552767e-23,3.87e-23,yes,1.5277,1.4037,1.66,1.53 (1.40 - 1.66),19867,588,19279
415.1,Acute pulmonary heart disease,circulatory system,8,#FF0000,VFD,1.3072542361802862e-17,1.31e-17,yes,1.5138,1.376,1.6644,1.51 (1.38 - 1.66),19867,588,19279
415.11,"Pulmonary embolism and infarction, acute",circulatory system,8,#FF0000,SFD,4.59192027613562e-22,4.59e-22,yes,1.5167,1.3926,1.6492,1.52 (1.39 - 1.65),19860,581,19279
415.11,"Pulmonary embolism and infarction, acute",circulatory system,8,#FF0000,VFD,1.5930638374862875e-17,1.59e-17,yes,1.5158,1.377,1.6675,1.52 (1.38 - 1.67),19860,581,19279
415.2,Chronic pulmonary heart disease,circulatory system,8,#FF0000,SFD,6.0650560144513725e-34,6.07e-34,yes,1.7424,1.5919,1.9045,1.74 (1.59 - 1.90),19751,472,19279
415.2,Chronic pulmonary heart disease,circulatory system,8,#FF0000,VFD,6.415333427549497e-19,6.42e-19,yes,1.617,1.4538,1.7972,1.62 (1.45 - 1.80),19751,472,19279
416,Cardiomegaly,circulatory system,8,#FF0000,SFD,7.18591883709265e-54,7.19e-54,yes,1.6911,1.5816,1.8071,1.69 (1.58 - 1.81),20231,952,19279
416,Cardiomegaly,circulatory system,8,#FF0000,SFI,3.4409440467275105e-6,3.44e-06,yes,0.7619,0.6788,0.854,0.76 (0.68 - 0.85),20231,952,19279
416,Cardiomegaly,circulatory system,8,#FF0000,VFD,1.3013304187126848e-31,1.3e-31,yes,1.5792,1.4626,1.7047,1.58 (1.46 - 1.70),20231,952,19279
420,Carditis,circulatory system,8,#FF0000,SFD,7.559865663205698e-35,7.56e-35,yes,1.7382,1.5905,1.8967,1.74 (1.59 - 1.90),21717,407,21310
420,Carditis,circulatory system,8,#FF0000,SFI,3.581816406463504e-8,3.58e-08,yes,0.5901,0.4885,0.7109,0.59 (0.49 - 0.71),21717,407,21310
420,Carditis,circulatory system,8,#FF0000,VFD,8.108338200733455e-25,8.11e-25,yes,1.7641,1.5828,1.9651,1.76 (1.58 - 1.97),21717,407,21310
420,Carditis,circulatory system,8,#FF0000,VFI,9.162235943487509e-7,9.16e-07,yes,0.6748,0.5758,0.7883,0.67 (0.58 - 0.79),21717,407,21310
420.2,Pericarditis,circulatory system,8,#FF0000,SFD,8.995569582278302e-27,9e-27,yes,1.7428,1.5725,1.9273,1.74 (1.57 - 1.93),21604,294,21310
420.2,Pericarditis,circulatory system,8,#FF0000,SFI,6.771494884090799e-8,6.77e-08,yes,0.5393,0.4303,0.6737,0.54 (0.43 - 0.67),21604,294,21310
420.2,Pericarditis,circulatory system,8,#FF0000,VFD,2.2887766438326772e-18,2.29e-18,yes,1.7586,1.5488,1.9951,1.76 (1.55 - 2.00),21604,294,21310
420.2,Pericarditis,circulatory system,8,#FF0000,VFI,4.662737347756772e-6,4.66e-06,yes,0.6446,0.5329,0.7761,0.64 (0.53 - 0.78),21604,294,21310
425,Cardiomyopathy,circulatory system,8,#FF0000,SFD,4.619247642995865e-17,4.62e-17,yes,1.4342,1.3173,1.5589,1.43 (1.32 - 1.56),21865,555,21310
425,Cardiomyopathy,circulatory system,8,#FF0000,VFD,1.7729770753215085e-10,1.77e-10,yes,1.3693,1.2427,1.5075,1.37 (1.24 - 1.51),21865,555,21310
425.1,Primary/intrinsic cardiomyopathies,circulatory system,8,#FF0000,SFD,1.5628303732938302e-13,1.56e-13,yes,1.41,1.2857,1.5431,1.41 (1.29 - 1.54),21790,480,21310
425.1,Primary/intrinsic cardiomyopathies,circulatory system,8,#FF0000,VFD,6.061795361210014e-9,6.06e-09,yes,1.3605,1.2257,1.5085,1.36 (1.23 - 1.51),21790,480,21310
426,Cardiac conduction disorders,circulatory system,8,#FF0000,SFD,7.774290830197418e-144,7.77e-144,yes,1.7649,1.6899,1.8438,1.76 (1.69 - 1.84),17297,5232,12065
426,Cardiac conduction disorders,circulatory system,8,#FF0000,SFI,5.15197944722728e-7,5.15e-07,yes,0.8508,0.7987,0.9061,0.85 (0.80 - 0.91),17297,5232,12065
426,Cardiac conduction disorders,circulatory system,8,#FF0000,VFD,6.864259737511761e-104,6.86e-104,yes,1.6249,1.5552,1.6981,1.62 (1.56 - 1.70),17297,5232,12065
426,Cardiac conduction disorders,circulatory system,8,#FF0000,VFI,7.13430168851951e-8,7.13e-08,yes,0.8703,0.8274,0.9154,0.87 (0.83 - 0.92),17297,5232,12065
426.2,Atrioventricular [AV] block,circulatory system,8,#FF0000,SFD,5.781978149484429e-24,5.78e-24,yes,1.7992,1.604,2.0152,1.80 (1.60 - 2.02),12477,412,12065
426.2,Atrioventricular [AV] block,circulatory system,8,#FF0000,VFD,1.058743396247357e-20,1.06e-20,yes,1.8137,1.6002,2.0551,1.81 (1.60 - 2.06),12477,412,12065
426.21,First degree AV block,circulatory system,8,#FF0000,SFD,1.1557790639531262e-16,1.16e-16,yes,1.832,1.5849,2.1111,1.83 (1.58 - 2.11),12315,250,12065
426.21,First degree AV block,circulatory system,8,#FF0000,VFD,1.2510370909610156e-13,1.25e-13,yes,1.8211,1.5533,2.1333,1.82 (1.55 - 2.13),12315,250,12065
426.3,Bundle branch block,circulatory system,8,#FF0000,SFD,7.303968336371514e-52,7.3e-52,yes,1.8991,1.7479,2.0635,1.90 (1.75 - 2.06),12945,880,12065
426.3,Bundle branch block,circulatory system,8,#FF0000,VFD,1.1488943233926121e-34,1.15e-34,yes,1.7643,1.6116,1.9319,1.76 (1.61 - 1.93),12945,880,12065
426.31,Right bundle branch block,circulatory system,8,#FF0000,SFD,7.712178242826775e-30,7.71e-30,yes,1.9288,1.7211,2.1599,1.93 (1.72 - 2.16),12464,399,12065
426.31,Right bundle branch block,circulatory system,8,#FF0000,VFD,8.33941349699783e-21,8.34e-21,yes,1.8305,1.6126,2.0778,1.83 (1.61 - 2.08),12464,399,12065
426.32,Left bundle branch block,circulatory system,8,#FF0000,SFD,6.549288890042802e-21,6.55e-21,yes,1.7101,1.5274,1.9117,1.71 (1.53 - 1.91),12468,403,12065
426.32,Left bundle branch block,circulatory system,8,#FF0000,VFD,3.075191782804486e-14,3.08e-14,yes,1.6327,1.4383,1.8525,1.63 (1.44 - 1.85),12468,403,12065
426.7,Abnormal electrocardiogram [ECG] [EKG],circulatory system,8,#FF0000,SFD,4.4330963898388926e-148,4.43e-148,yes,1.8448,1.7617,1.9327,1.84 (1.76 - 1.93),16196,4131,12065
426.7,Abnormal electrocardiogram [ECG] [EKG],circulatory system,8,#FF0000,SFI,9.88425515427197e-7,9.88e-07,yes,0.8428,0.7869,0.9024,0.84 (0.79 - 0.90),16196,4131,12065
426.7,Abnormal electrocardiogram [ECG] [EKG],circulatory system,8,#FF0000,VFD,1.6314291874704765e-104,1.63e-104,yes,1.6919,1.6137,1.7744,1.69 (1.61 - 1.77),16196,4131,12065
426.7,Abnormal electrocardiogram [ECG] [EKG],circulatory system,8,#FF0000,VFI,8.52392873066408e-9,8.52e-09,yes,0.8497,0.8038,0.898,0.85 (0.80 - 0.90),16196,4131,12065
426.8,Other cardiac conduction disorders,circulatory system,8,#FF0000,SFD,2.1790556089505152e-52,2.18e-52,yes,2.2681,2.0409,2.5201,2.27 (2.04 - 2.52),12432,367,12065
426.8,Other cardiac conduction disorders,circulatory system,8,#FF0000,VFD,1.1197911347181342e-39,1.12e-39,yes,2.3161,2.0445,2.6248,2.32 (2.04 - 2.62),12432,367,12065
426.8,Other cardiac conduction disorders,circulatory system,8,#FF0000,VFI,3.815383643864217e-6,3.82e-06,yes,0.6732,0.5682,0.7949,0.67 (0.57 - 0.79),12432,367,12065
426.9,Cardiac pacemaker/device in situ,circulatory system,8,#FF0000,SFD,2.0532358351462702e-27,2.05e-27,yes,1.7574,1.5864,1.9451,1.76 (1.59 - 1.95),12588,523,12065
426.9,Cardiac pacemaker/device in situ,circulatory system,8,#FF0000,VFD,3.304857902438042e-17,3.3e-17,yes,1.6283,1.4537,1.8234,1.63 (1.45 - 1.82),12588,523,12065
426.91,Cardiac pacemaker in situ,circulatory system,8,#FF0000,SFD,3.557402087031076e-19,3.56e-19,yes,1.6965,1.5099,1.9034,1.70 (1.51 - 1.90),12464,399,12065
426.91,Cardiac pacemaker in situ,circulatory system,8,#FF0000,VFD,8.747507146992327e-13,8.75e-13,yes,1.5997,1.4061,1.8194,1.60 (1.41 - 1.82),12464,399,12065
427,Cardiac dysrhythmias,circulatory system,8,#FF0000,SFD,6.735129009162409e-148,6.74e-148,yes,1.729,1.6591,1.8024,1.73 (1.66 - 1.80),17674,5609,12065
427,Cardiac dysrhythmias,circulatory system,8,#FF0000,SFI,1.3495491836367784e-5,1.35e-05,yes,0.8766,0.826,0.9301,0.88 (0.83 - 0.93),17674,5609,12065
427,Cardiac dysrhythmias,circulatory system,8,#FF0000,VFD,5.50934063050581e-112,5.51e-112,yes,1.6166,1.5504,1.6858,1.62 (1.55 - 1.69),17674,5609,12065
427,Cardiac dysrhythmias,circulatory system,8,#FF0000,VFI,5.028200188233958e-11,5.03e-11,yes,0.8485,0.8078,0.891,0.85 (0.81 - 0.89),17674,5609,12065
427.1,"Paroxysmal tachycardia, unspecified",circulatory system,8,#FF0000,SFD,7.362160350046786e-28,7.36e-28,yes,1.651,1.5084,1.8054,1.65 (1.51 - 1.81),12699,634,12065
427.1,"Paroxysmal tachycardia, unspecified",circulatory system,8,#FF0000,VFD,5.124050497780789e-21,5.12e-21,yes,1.6166,1.4624,1.7865,1.62 (1.46 - 1.79),12699,634,12065
427.11,Paroxysmal supraventricular tachycardia,circulatory system,8,#FF0000,SFD,1.0000862861647034e-16,1e-16,yes,1.5757,1.4139,1.7526,1.58 (1.41 - 1.75),12494,429,12065
427.11,Paroxysmal supraventricular tachycardia,circulatory system,8,#FF0000,VFD,4.561372443186834e-12,4.56e-12,yes,1.5287,1.3551,1.7236,1.53 (1.36 - 1.72),12494,429,12065
427.12,Paroxysmal ventricular tachycardia,circulatory system,8,#FF0000,SFD,4.5347940110357345e-14,4.53e-14,yes,1.7682,1.5208,2.0456,1.77 (1.52 - 2.05),12273,208,12065
427.12,Paroxysmal ventricular tachycardia,circulatory system,8,#FF0000,VFD,2.091793432321225e-11,2.09e-11,yes,1.7642,1.4927,2.0812,1.76 (1.49 - 2.08),12273,208,12065
427.2,Atrial fibrillation and flutter,circulatory system,8,#FF0000,SFD,4.805988025777671e-90,4.81e-90,yes,1.9786,1.8518,2.1151,1.98 (1.85 - 2.12),13879,1814,12065
427.2,Atrial fibrillation and flutter,circulatory system,8,#FF0000,VFD,7.076374374974432e-69,7.08e-69,yes,1.8804,1.7527,2.0184,1.88 (1.75 - 2.02),13879,1814,12065
427.2,Atrial fibrillation and flutter,circulatory system,8,#FF0000,VFI,7.498621372780277e-13,7.5e-13,yes,0.752,0.6954,0.8127,0.75 (0.70 - 0.81),13879,1814,12065
427.21,Atrial fibrillation,circulatory system,8,#FF0000,SFD,1.1374881846405667e-84,1.14e-84,yes,1.9655,1.8368,2.1041,1.97 (1.84 - 2.10),13798,1733,12065
427.21,Atrial fibrillation,circulatory system,8,#FF0000,VFD,7.158349176349414e-66,7.16e-66,yes,1.8787,1.7484,2.0197,1.88 (1.75 - 2.02),13798,1733,12065
427.21,Atrial fibrillation,circulatory system,8,#FF0000,VFI,8.772642514558485e-12,8.77e-12,yes,0.7585,0.7004,0.8209,0.76 (0.70 - 0.82),13798,1733,12065
427.22,Atrial flutter,circulatory system,8,#FF0000,SFD,1.432192903987656e-42,1.43e-42,yes,2.2505,2.0028,2.5276,2.25 (2.00 - 2.53),12397,332,12065
427.22,Atrial flutter,circulatory system,8,#FF0000,VFD,2.810738226831245e-30,2.81e-30,yes,2.1744,1.9035,2.4847,2.17 (1.90 - 2.48),12397,332,12065
427.22,Atrial flutter,circulatory system,8,#FF0000,VFI,1.2192990666039894e-7,1.22e-07,yes,0.6475,0.5503,0.7595,0.65 (0.55 - 0.76),12397,332,12065
427.3,Other specified cardiac dysrhythmias,circulatory system,8,#FF0000,SFD,8.336066593048449e-78,8.34e-78,yes,1.8468,1.7317,1.9698,1.85 (1.73 - 1.97),13401,1336,12065
427.3,Other specified cardiac dysrhythmias,circulatory system,8,#FF0000,VFD,9.564452636632338e-52,9.56e-52,yes,1.728,1.6099,1.855,1.73 (1.61 - 1.85),13401,1336,12065
427.3,Other specified cardiac dysrhythmias,circulatory system,8,#FF0000,VFI,2.3146834584478905e-7,2.31e-07,yes,0.7887,0.7205,0.8625,0.79 (0.72 - 0.86),13401,1336,12065
427.5,Arrhythmia (cardiac) NOS,circulatory system,8,#FF0000,SFD,2.705284957842802e-7,2.71e-07,yes,1.447,1.2535,1.6616,1.45 (1.25 - 1.66),12303,238,12065
427.5,Arrhythmia (cardiac) NOS,circulatory system,8,#FF0000,VFD,6.51574333694401e-7,6.52e-07,yes,1.4817,1.268,1.7286,1.48 (1.27 - 1.73),12303,238,12065
427.6,Premature beats,circulatory system,8,#FF0000,SFD,3.7264601921540066e-49,3.73e-49,yes,1.8224,1.6825,1.9738,1.82 (1.68 - 1.97),12999,934,12065
427.6,Premature beats,circulatory system,8,#FF0000,VFD,8.971207384874982e-38,8.97e-38,yes,1.7762,1.6273,1.9392,1.78 (1.63 - 1.94),12999,934,12065
427.6,Premature beats,circulatory system,8,#FF0000,VFI,2.7402319983830302e-8,2.74e-08,yes,0.7483,0.6752,0.8284,0.75 (0.68 - 0.83),12999,934,12065
427.61,Supraventricular premature beats,circulatory system,8,#FF0000,SFD,4.219424002331879e-27,4.22e-27,yes,1.8692,1.6674,2.0935,1.87 (1.67 - 2.09),12432,367,12065
427.61,Supraventricular premature beats,circulatory system,8,#FF0000,VFD,7.278168148870412e-20,7.28e-20,yes,1.8476,1.6192,2.1081,1.85 (1.62 - 2.11),12432,367,12065
427.7,Tachycardia NOS,circulatory system,8,#FF0000,SFD,2.630188185976795e-95,2.63e-95,yes,1.8098,1.7111,1.9144,1.81 (1.71 - 1.91),13940,1875,12065
427.7,Tachycardia NOS,circulatory system,8,#FF0000,VFD,3.7722522740301156e-69,3.77e-69,yes,1.7244,1.6228,1.8326,1.72 (1.62 - 1.83),13940,1875,12065
428,Congestive heart failure; nonhypertensive,circulatory system,8,#FF0000,SFD,1.8194969414108625e-63,1.82e-63,yes,1.645,1.5521,1.7431,1.65 (1.55 - 1.74),21587,1320,20267
428,Congestive heart failure; nonhypertensive,circulatory system,8,#FF0000,SFI,1.6378337249942146e-6,1.64e-06,yes,0.7818,0.7066,0.8642,0.78 (0.71 - 0.86),21587,1320,20267
428,Congestive heart failure; nonhypertensive,circulatory system,8,#FF0000,VFD,1.4503088367706662e-34,1.45e-34,yes,1.5165,1.4187,1.6208,1.52 (1.42 - 1.62),21587,1320,20267
428.1,Congestive heart failure (CHF) NOS,circulatory system,8,#FF0000,SFD,1.1357949169263075e-41,1.14e-41,yes,1.6322,1.5198,1.7517,1.63 (1.52 - 1.75),21063,796,20267
428.1,Congestive heart failure (CHF) NOS,circulatory system,8,#FF0000,SFI,1.0114998518664989e-5,1.01e-05,yes,0.751,0.6608,0.8522,0.75 (0.66 - 0.85),21063,796,20267
428.1,Congestive heart failure (CHF) NOS,circulatory system,8,#FF0000,VFD,7.299777438004163e-23,7.3e-23,yes,1.5166,1.3957,1.6475,1.52 (1.40 - 1.65),21063,796,20267
428.3,Heart failure with reduced EF [Systolic or combined heart failure],circulatory system,8,#FF0000,SFD,7.73884989843287e-40,7.74e-40,yes,1.6738,1.5499,1.806,1.67 (1.55 - 1.81),20920,653,20267
428.3,Heart failure with reduced EF [Systolic or combined heart failure],circulatory system,8,#FF0000,VFD,5.113683283379476e-22,5.11e-22,yes,1.5568,1.4226,1.703,1.56 (1.42 - 1.70),20920,653,20267
428.4,Heart failure with preserved EF [Diastolic heart failure],circulatory system,8,#FF0000,SFD,2.222502837757892e-25,2.22e-25,yes,1.7776,1.5937,1.9794,1.78 (1.59 - 1.98),20606,339,20267
428.4,Heart failure with preserved EF [Diastolic heart failure],circulatory system,8,#FF0000,VFD,7.2128392075848126e-12,7.21e-12,yes,1.5745,1.3823,1.7922,1.57 (1.38 - 1.79),20606,339,20267
430,Intracranial hemorrhage,circulatory system,8,#FF0000,SFD,1.244382420501525e-9,1.24e-09,yes,1.4375,1.2763,1.6132,1.44 (1.28 - 1.61),20895,269,20626
433,Cerebrovascular disease,circulatory system,8,#FF0000,SFD,2.0116191693912995e-13,2.01e-13,yes,1.2503,1.1776,1.3267,1.25 (1.18 - 1.33),21986,1360,20626
433.2,Occlusion of cerebral arteries,circulatory system,8,#FF0000,SFD,2.7419540875992438e-9,2.74e-09,yes,1.3232,1.2053,1.4497,1.32 (1.21 - 1.45),21101,475,20626
433.21,"Cerebral artery occlusion, with cerebral infarction",circulatory system,8,#FF0000,SFD,3.19104085135513e-9,3.19e-09,yes,1.3273,1.2073,1.4562,1.33 (1.21 - 1.46),21085,459,20626
433.3,Cerebral ischemia,circulatory system,8,#FF0000,SFD,5.329982944088863e-11,5.33e-11,yes,1.2865,1.1925,1.3862,1.29 (1.19 - 1.39),21411,785,20626
433.3,Cerebral ischemia,circulatory system,8,#FF0000,VFD,8.252603246319994e-6,8.25e-06,yes,1.2144,1.1147,1.3223,1.21 (1.11 - 1.32),21411,785,20626
433.31,Transient cerebral ischemia,circulatory system,8,#FF0000,SFD,2.838039785906979e-10,2.84e-10,yes,1.2825,1.1863,1.3847,1.28 (1.19 - 1.38),21374,748,20626
433.31,Transient cerebral ischemia,circulatory system,8,#FF0000,VFD,6.581610713610763e-6,6.58e-06,yes,1.2223,1.1198,1.3334,1.22 (1.12 - 1.33),21374,748,20626
441,Vascular insufficiency of intestine,circulatory system,8,#FF0000,SFD,5.983448635309046e-12,5.98e-12,yes,1.4135,1.2792,1.5581,1.41 (1.28 - 1.56),20347,367,19980
441,Vascular insufficiency of intestine,circulatory system,8,#FF0000,VFD,1.6442711863011563e-14,1.64e-14,yes,1.5715,1.3995,1.763,1.57 (1.40 - 1.76),20347,367,19980
442,Other aneurysm,circulatory system,8,#FF0000,SFD,9.8236258306680275e-11,9.82e-11,yes,1.3704,1.2442,1.506,1.37 (1.24 - 1.51),20436,456,19980
442,Other aneurysm,circulatory system,8,#FF0000,VFD,9.082352355456617e-7,9.08e-07,yes,1.3101,1.1756,1.4586,1.31 (1.18 - 1.46),20436,456,19980
443,Peripheral vascular disease,circulatory system,8,#FF0000,SFD,8.217867173968396e-11,8.22e-11,yes,1.3556,1.2354,1.4844,1.36 (1.24 - 1.48),20479,499,19980
443,Peripheral vascular disease,circulatory system,8,#FF0000,VFD,1.0177930578523054e-6,1.02e-06,yes,1.2966,1.1678,1.4383,1.30 (1.17 - 1.44),20479,499,19980
443.9,"Peripheral vascular disease, unspecified",circulatory system,8,#FF0000,SFD,9.680884498532295e-8,9.68e-08,yes,1.3327,1.1975,1.4791,1.33 (1.20 - 1.48),20367,387,19980
447,Other disorders of arteries and arterioles,circulatory system,8,#FF0000,SFD,7.158442770719731e-8,7.16e-08,yes,1.3966,1.2342,1.574,1.40 (1.23 - 1.57),20236,256,19980
450,Noninfectious disorders of lymphatic channels,circulatory system,8,#FF0000,SFD,1.6573935765864125e-8,1.66e-08,yes,1.4496,1.2709,1.6449,1.45 (1.27 - 1.64),22560,240,22320
450,Noninfectious disorders of lymphatic channels,circulatory system,8,#FF0000,SFI,1.030803603398242e-6,1.03e-06,yes,0.5812,0.4668,0.7215,0.58 (0.47 - 0.72),22560,240,22320
450,Noninfectious disorders of lymphatic channels,circulatory system,8,#FF0000,VFD,7.205399044431853e-8,7.21e-08,yes,1.495,1.29,1.7287,1.49 (1.29 - 1.73),22560,240,22320
452,Other venous embolism and thrombosis,circulatory system,8,#FF0000,SFD,3.167617976434583e-95,3.17e-95,yes,1.7379,1.6493,1.8312,1.74 (1.65 - 1.83),17747,1669,16078
452,Other venous embolism and thrombosis,circulatory system,8,#FF0000,SFI,9.204663381372977e-12,9.2e-12,yes,0.7258,0.6616,0.7955,0.73 (0.66 - 0.80),17747,1669,16078
452,Other venous embolism and thrombosis,circulatory system,8,#FF0000,VFD,7.513670297722668e-81,7.51e-81,yes,1.7777,1.6756,1.8863,1.78 (1.68 - 1.89),17747,1669,16078
452,Other venous embolism and thrombosis,circulatory system,8,#FF0000,VFI,5.773064665187075e-10,5.77e-10,yes,0.7834,0.725,0.846,0.78 (0.72 - 0.85),17747,1669,16078
452.2,Deep vein thrombosis [DVT],circulatory system,8,#FF0000,SFD,5.69377931039847e-66,5.69e-66,yes,1.8232,1.702,1.9524,1.82 (1.70 - 1.95),16928,850,16078
452.2,Deep vein thrombosis [DVT],circulatory system,8,#FF0000,SFI,7.787843585564541e-8,7.79e-08,yes,0.7042,0.6192,0.7997,0.70 (0.62 - 0.80),16928,850,16078
452.2,Deep vein thrombosis [DVT],circulatory system,8,#FF0000,VFD,2.2309126514243792e-42,2.23e-42,yes,1.75,1.6147,1.8964,1.75 (1.61 - 1.90),16928,850,16078
452.2,Deep vein thrombosis [DVT],circulatory system,8,#FF0000,VFI,1.5452926850115526e-6,1.55e-06,yes,0.7724,0.6947,0.8576,0.77 (0.69 - 0.86),16928,850,16078
454,Varicose veins,circulatory system,8,#FF0000,SFD,2.6497700047519846e-19,2.65e-19,yes,1.642,1.4714,1.8271,1.64 (1.47 - 1.83),16429,351,16078
454,Varicose veins,circulatory system,8,#FF0000,SFI,7.645114230760124e-6,7.65e-06,yes,0.6529,0.5409,0.7858,0.65 (0.54 - 0.79),16429,351,16078
454,Varicose veins,circulatory system,8,#FF0000,VFD,8.353687116109146e-25,8.35e-25,yes,1.887,1.6711,2.129,1.89 (1.67 - 2.13),16429,351,16078
454,Varicose veins,circulatory system,8,#FF0000,VFI,1.666409971993397e-6,1.67e-06,yes,0.6823,0.5827,0.7967,0.68 (0.58 - 0.80),16429,351,16078
454.1,Varicose veins of lower extremity,circulatory system,8,#FF0000,SFD,7.002556117370117e-6,7e-06,yes,1.4031,1.2066,1.6216,1.40 (1.21 - 1.62),16290,212,16078
454.1,Varicose veins of lower extremity,circulatory system,8,#FF0000,VFD,9.23984768727806e-8,9.24e-08,yes,1.5514,1.3189,1.8206,1.55 (1.32 - 1.82),16290,212,16078
457,"Encounter for long-term (current) use of anticoagulants, antithrombotics, aspirin",circulatory system,8,#FF0000,SFD,4.238823258440042e-18,4.24e-18,yes,1.3154,1.2361,1.3991,1.32 (1.24 - 1.40),17593,1515,16078
457,"Encounter for long-term (current) use of anticoagulants, antithrombotics, aspirin",circulatory system,8,#FF0000,VFD,3.868157675844599e-9,3.87e-09,yes,1.2234,1.1439,1.3083,1.22 (1.14 - 1.31),17593,1515,16078
457.2,Encounter for long-term (current) use of antiplatelets/antithrombotics,circulatory system,8,#FF0000,SFD,1.58032601169892e-6,1.58e-06,yes,1.4016,1.2181,1.605,1.40 (1.22 - 1.60),16323,245,16078
457.3,Encounter for long-term (current) use of aspirin,circulatory system,8,#FF0000,SFD,7.432113790708096e-16,7.43e-16,yes,1.3141,1.2293,1.4039,1.31 (1.23 - 1.40),17359,1281,16078
457.3,Encounter for long-term (current) use of aspirin,circulatory system,8,#FF0000,VFD,4.86415578870011e-8,4.86e-08,yes,1.2217,1.1368,1.3127,1.22 (1.14 - 1.31),17359,1281,16078
458,Hypotension,circulatory system,8,#FF0000,SFD,1.0286766031271144e-90,1.03e-90,yes,1.7957,1.6964,1.9005,1.80 (1.70 - 1.90),20647,1222,19425
458,Hypotension,circulatory system,8,#FF0000,SFI,3.4690479899351547e-15,3.47e-15,yes,0.6373,0.5694,0.7125,0.64 (0.57 - 0.71),20647,1222,19425
458,Hypotension,circulatory system,8,#FF0000,VFD,2.7362944679488377e-68,2.74e-68,yes,1.8196,1.7014,1.9462,1.82 (1.70 - 1.95),20647,1222,19425
458,Hypotension,circulatory system,8,#FF0000,VFI,2.608543223833646e-9,2.61e-09,yes,0.7634,0.6982,0.834,0.76 (0.70 - 0.83),20647,1222,19425
458.1,Orthostatic hypotension,circulatory system,8,#FF0000,SFD,4.246281111228323e-7,4.25e-07,yes,1.4203,1.2368,1.6233,1.42 (1.24 - 1.62),19631,206,19425
458.1,Orthostatic hypotension,circulatory system,8,#FF0000,VFD,1.893617290891881e-5,1.89e-05,yes,1.4144,1.2055,1.6565,1.41 (1.21 - 1.66),19631,206,19425
458.9,Hypotension NOS,circulatory system,8,#FF0000,SFD,3.690790875717432e-88,3.69e-88,yes,1.9011,1.7843,2.0251,1.90 (1.78 - 2.03),20373,948,19425
458.9,Hypotension NOS,circulatory system,8,#FF0000,SFI,7.120318819673096e-15,7.12e-15,yes,0.6065,0.5344,0.6874,0.61 (0.53 - 0.69),20373,948,19425
458.9,Hypotension NOS,circulatory system,8,#FF0000,VFD,3.303746961451845e-66,3.3e-66,yes,1.9398,1.7986,2.0921,1.94 (1.80 - 2.09),20373,948,19425
458.9,Hypotension NOS,circulatory system,8,#FF0000,VFI,2.2978238797048388e-10,2.3e-10,yes,0.7246,0.6555,0.7999,0.72 (0.66 - 0.80),20373,948,19425
459,Other disorders of circulatory system,circulatory system,8,#FF0000,SFD,2.458396726830261e-49,2.46e-49,yes,1.7285,1.6067,1.858,1.73 (1.61 - 1.86),20177,752,19425
459,Other disorders of circulatory system,circulatory system,8,#FF0000,SFI,1.8579144145558195e-7,1.86e-07,yes,0.7027,0.6149,0.8017,0.70 (0.61 - 0.80),20177,752,19425
459,Other disorders of circulatory system,circulatory system,8,#FF0000,VFD,1.7788097228040269e-41,1.78e-41,yes,1.7902,1.6448,1.9481,1.79 (1.64 - 1.95),20177,752,19425
459,Other disorders of circulatory system,circulatory system,8,#FF0000,VFI,1.0873102871936173e-5,1.09e-05,yes,0.7846,0.7037,0.8735,0.78 (0.70 - 0.87),20177,752,19425
459.7,Blood vessel replaced,circulatory system,8,#FF0000,SFD,1.148022751459229e-17,1.15e-17,yes,1.8025,1.5715,2.0588,1.80 (1.57 - 2.06),19630,205,19425
459.7,Blood vessel replaced,circulatory system,8,#FF0000,VFD,2.2387019592432224e-14,2.24e-14,yes,1.8509,1.5789,2.1661,1.85 (1.58 - 2.17),19630,205,19425
459.9,Circulatory disease NEC,circulatory system,8,#FF0000,SFD,2.18493907369181e-11,2.18e-11,yes,1.4797,1.3172,1.6571,1.48 (1.32 - 1.66),19758,333,19425
459.9,Circulatory disease NEC,circulatory system,8,#FF0000,VFD,8.600286014487018e-10,8.6e-10,yes,1.4971,1.3152,1.7022,1.50 (1.32 - 1.70),19758,333,19425
465,Acute upper respiratory infections of multiple or unspecified sites,respiratory,9,#8B3E2F,VFD,6.743996032948927e-8,6.74e-08,yes,0.8226,0.7661,0.8829,0.82 (0.77 - 0.88),22042,1235,20807
480,Pneumonia,respiratory,9,#8B3E2F,SFD,1.7112567963354133e-32,1.71e-32,yes,1.3924,1.318,1.4703,1.39 (1.32 - 1.47),21739,1417,20322
480,Pneumonia,respiratory,9,#8B3E2F,VFD,1.8853936662449903e-14,1.89e-14,yes,1.2781,1.2002,1.3609,1.28 (1.20 - 1.36),21739,1417,20322
480.1,Bacterial pneumonia,respiratory,9,#8B3E2F,SFD,4.978909914575964e-9,4.98e-09,yes,1.4719,1.2905,1.6724,1.47 (1.29 - 1.67),20525,203,20322
480.1,Bacterial pneumonia,respiratory,9,#8B3E2F,VFD,2.4805875125760735e-6,2.48e-06,yes,1.4533,1.2427,1.6964,1.45 (1.24 - 1.70),20525,203,20322
496,Chronic airway obstruction,respiratory,9,#8B3E2F,SFD,3.999398007614531e-8,4e-08,yes,1.1956,1.1214,1.2739,1.20 (1.12 - 1.27),19776,1114,18662
501,Pneumonitis due to inhalation of food or vomitus,respiratory,9,#8B3E2F,SFD,5.824901176058366e-44,5.82e-44,yes,2.1026,1.8927,2.3341,2.10 (1.89 - 2.33),17696,352,17344
501,Pneumonitis due to inhalation of food or vomitus,respiratory,9,#8B3E2F,SFI,4.883793702523104e-7,4.88e-07,yes,0.5552,0.4405,0.6967,0.56 (0.44 - 0.70),17696,352,17344
501,Pneumonitis due to inhalation of food or vomitus,respiratory,9,#8B3E2F,VFD,3.3198445887822155e-18,3.32e-18,yes,1.7624,1.5509,2.0021,1.76 (1.55 - 2.00),17696,352,17344
503,Pulmonary congestion and hypostasis,respiratory,9,#8B3E2F,SFD,3.0081407765091095e-147,3.01e-147,yes,2.7673,2.5624,2.9904,2.77 (2.56 - 2.99),18065,721,17344
503,Pulmonary congestion and hypostasis,respiratory,9,#8B3E2F,SFI,5.078478154498728e-26,5.08e-26,yes,0.4568,0.3946,0.5279,0.46 (0.39 - 0.53),18065,721,17344
503,Pulmonary congestion and hypostasis,respiratory,9,#8B3E2F,VFD,2.815809330528285e-104,2.82e-104,yes,2.6873,2.4583,2.9394,2.69 (2.46 - 2.94),18065,721,17344
503,Pulmonary congestion and hypostasis,respiratory,9,#8B3E2F,VFI,5.4049067678220595e-15,5.4e-15,yes,0.6344,0.5655,0.7104,0.63 (0.57 - 0.71),18065,721,17344
506,Empyema and pneumothorax,respiratory,9,#8B3E2F,SFD,1.8564057336127184e-40,1.86e-40,yes,1.8903,1.7202,2.075,1.89 (1.72 - 2.08),17765,421,17344
506,Empyema and pneumothorax,respiratory,9,#8B3E2F,SFI,3.7394446536718135e-12,3.74e-12,yes,0.4755,0.3849,0.5854,0.48 (0.38 - 0.59),17765,421,17344
506,Empyema and pneumothorax,respiratory,9,#8B3E2F,VFD,1.9726431724196075e-26,1.97e-26,yes,1.8459,1.6485,2.0663,1.85 (1.65 - 2.07),17765,421,17344
506,Empyema and pneumothorax,respiratory,9,#8B3E2F,VFI,4.264764435037865e-9,4.26e-09,yes,0.5976,0.5023,0.7083,0.60 (0.50 - 0.71),17765,421,17344
507,Pleurisy; pleural effusion,respiratory,9,#8B3E2F,SFD,3.333103666495175e-268,3.33e-268,yes,2.4,2.2856,2.5211,2.40 (2.29 - 2.52),19638,2294,17344
507,Pleurisy; pleural effusion,respiratory,9,#8B3E2F,SFI,7.42754624023362e-63,7.43e-63,yes,0.4595,0.4194,0.5031,0.46 (0.42 - 0.50),19638,2294,17344
507,Pleurisy; pleural effusion,respiratory,9,#8B3E2F,VFD,5.065295025553428e-211,5.07e-211,yes,2.3847,2.2576,2.5198,2.38 (2.26 - 2.52),19638,2294,17344
507,Pleurisy; pleural effusion,respiratory,9,#8B3E2F,VFI,4.511165192073588e-37,4.51e-37,yes,0.631,0.5875,0.6771,0.63 (0.59 - 0.68),19638,2294,17344
508,Pulmonary collapse; interstitial and compensatory emphysema,respiratory,9,#8B3E2F,SFD,3.2362293039728667e-150,3.24e-150,yes,2.2826,2.1456,2.4288,2.28 (2.15 - 2.43),18557,1213,17344
508,Pulmonary collapse; interstitial and compensatory emphysema,respiratory,9,#8B3E2F,SFI,3.0631081623172412e-24,3.06e-24,yes,0.5616,0.5021,0.6273,0.56 (0.50 - 0.63),18557,1213,17344
508,Pulmonary collapse; interstitial and compensatory emphysema,respiratory,9,#8B3E2F,VFD,6.561652309372361e-100,6.56e-100,yes,2.1339,1.9898,2.2889,2.13 (1.99 - 2.29),18557,1213,17344
508,Pulmonary collapse; interstitial and compensatory emphysema,respiratory,9,#8B3E2F,VFI,8.525311903474585e-12,8.53e-12,yes,0.7361,0.6738,0.8033,0.74 (0.67 - 0.80),18557,1213,17344
509,"Respiratory failure, insufficiency, arrest",respiratory,9,#8B3E2F,SFD,3.531337214464131e-160,3.53e-160,yes,2.4092,2.2603,2.5686,2.41 (2.26 - 2.57),18542,1198,17344
509,"Respiratory failure, insufficiency, arrest",respiratory,9,#8B3E2F,SFI,1.2941597401160824e-22,1.29e-22,yes,0.5779,0.5174,0.6446,0.58 (0.52 - 0.64),18542,1198,17344
509,"Respiratory failure, insufficiency, arrest",respiratory,9,#8B3E2F,VFD,3.177111015854004e-96,3.18e-96,yes,2.1469,1.9981,2.3073,2.15 (2.00 - 2.31),18542,1198,17344
509,"Respiratory failure, insufficiency, arrest",respiratory,9,#8B3E2F,VFI,1.6718821931897869e-10,1.67e-10,yes,0.7541,0.6912,0.8219,0.75 (0.69 - 0.82),18542,1198,17344
509.1,Respiratory failure,respiratory,9,#8B3E2F,SFD,1.7891331782916788e-142,1.79e-142,yes,2.3975,2.2414,2.5651,2.40 (2.24 - 2.57),18378,1034,17344
509.1,Respiratory failure,respiratory,9,#8B3E2F,SFI,3.4486273273647993e-22,3.45e-22,yes,0.5574,0.4948,0.6269,0.56 (0.49 - 0.63),18378,1034,17344
509.1,Respiratory failure,respiratory,9,#8B3E2F,VFD,3.760176278136766e-86,3.76e-86,yes,2.159,1.9998,2.3313,2.16 (2.00 - 2.33),18378,1034,17344
509.1,Respiratory failure,respiratory,9,#8B3E2F,VFI,7.588369889293165e-10,7.59e-10,yes,0.748,0.6815,0.82,0.75 (0.68 - 0.82),18378,1034,17344
509.8,Dependence on respirator [Ventilator] or supplemental oxygen,respiratory,9,#8B3E2F,SFD,4.605622548929993e-23,4.61e-23,yes,1.9064,1.6746,2.1632,1.91 (1.67 - 2.16),17583,239,17344
509.8,Dependence on respirator [Ventilator] or supplemental oxygen,respiratory,9,#8B3E2F,VFD,1.7882502865242953e-8,1.79e-08,yes,1.5557,1.3327,1.8128,1.56 (1.33 - 1.81),17583,239,17344
510,Other diseases of lung,respiratory,9,#8B3E2F,SFD,4.431112186720004e-6,4.43e-06,yes,1.2381,1.1294,1.3552,1.24 (1.13 - 1.36),22104,468,21636
512,Other symptoms of respiratory system,respiratory,9,#8B3E2F,SFD,7.26185257964428e-38,7.26e-38,yes,1.2676,1.2226,1.3142,1.27 (1.22 - 1.31),21132,5061,16071
512,Other symptoms of respiratory system,respiratory,9,#8B3E2F,VFD,1.7693830382257546e-14,1.77e-14,yes,1.1608,1.1174,1.2059,1.16 (1.12 - 1.21),21132,5061,16071
512.7,Shortness of breath,respiratory,9,#8B3E2F,SFD,1.7737816235928415e-57,1.77e-57,yes,1.4153,1.3562,1.4768,1.42 (1.36 - 1.48),19139,3068,16071
512.7,Shortness of breath,respiratory,9,#8B3E2F,VFD,1.7420031885899057e-27,1.74e-27,yes,1.2926,1.2341,1.3539,1.29 (1.23 - 1.35),19139,3068,16071
512.9,Other dyspnea,respiratory,9,#8B3E2F,SFD,2.8111598137215234e-27,2.81e-27,yes,1.3803,1.3016,1.4629,1.38 (1.30 - 1.46),17523,1452,16071
512.9,Other dyspnea,respiratory,9,#8B3E2F,VFD,1.9586847001313525e-9,1.96e-09,yes,1.221,1.1438,1.3031,1.22 (1.14 - 1.30),17523,1452,16071
513,Respiratory abnormalities,respiratory,9,#8B3E2F,SFD,5.348565320387974e-13,5.35e-13,yes,1.5129,1.3496,1.6901,1.51 (1.35 - 1.69),22251,302,21949
513,Respiratory abnormalities,respiratory,9,#8B3E2F,VFD,6.910925954867224e-6,6.91e-06,yes,1.3477,1.1822,1.5335,1.35 (1.18 - 1.53),22251,302,21949
514,Abnormal findings examination of lungs,respiratory,9,#8B3E2F,SFD,1.1984928004817441e-178,1.2e-178,yes,1.7998,1.7287,1.8743,1.80 (1.73 - 1.87),19669,4306,15363
514,Abnormal findings examination of lungs,respiratory,9,#8B3E2F,SFI,4.990911191375554e-38,4.99e-38,yes,0.6467,0.6051,0.6908,0.65 (0.61 - 0.69),19669,4306,15363
514,Abnormal findings examination of lungs,respiratory,9,#8B3E2F,VFD,1.7116859915106295e-125,1.71e-125,yes,1.6786,1.6087,1.7518,1.68 (1.61 - 1.75),19669,4306,15363
514,Abnormal findings examination of lungs,respiratory,9,#8B3E2F,VFI,9.984653709490794e-12,9.98e-12,yes,0.8351,0.7928,0.8795,0.84 (0.79 - 0.88),19669,4306,15363
514.2,Solitary pulmonary nodule,respiratory,9,#8B3E2F,SFD,5.577932642688035e-6,5.58e-06,yes,1.2043,1.1108,1.304,1.20 (1.11 - 1.30),16277,914,15363
514.2,Solitary pulmonary nodule,respiratory,9,#8B3E2F,SFI,1.1428483585673458e-7,1.14e-07,yes,0.7039,0.6178,0.8009,0.70 (0.62 - 0.80),16277,914,15363
519,"Other diseases of respiratory system, not elsewhere classified",respiratory,9,#8B3E2F,SFD,1.709731244747438e-7,1.71e-07,yes,1.28,1.1655,1.4025,1.28 (1.17 - 1.40),22287,464,21823
519,"Other diseases of respiratory system, not elsewhere classified",respiratory,9,#8B3E2F,VFD,3.86463291337861e-6,3.86e-06,yes,1.2786,1.1514,1.4185,1.28 (1.15 - 1.42),22287,464,21823
530,Diseases of esophagus,digestive,10,#458B00,SFD,2.1255915853554453e-14,2.13e-14,yes,1.1598,1.1165,1.2047,1.16 (1.12 - 1.20),20106,4655,15451
530.2,Esophageal bleeding (varices/hemorrhage),digestive,10,#458B00,SFD,7.778325860846973e-51,7.78e-51,yes,1.9521,1.7877,2.1294,1.95 (1.79 - 2.13),15906,455,15451
530.2,Esophageal bleeding (varices/hemorrhage),digestive,10,#458B00,SFI,4.7647764582993376e-7,4.76e-07,yes,0.6414,0.5389,0.7614,0.64 (0.54 - 0.76),15906,455,15451
530.2,Esophageal bleeding (varices/hemorrhage),digestive,10,#458B00,VFD,2.543882678660543e-77,2.54e-77,yes,2.6707,2.4089,2.9629,2.67 (2.41 - 2.96),15906,455,15451
530.2,Esophageal bleeding (varices/hemorrhage),digestive,10,#458B00,VFI,3.5795265475760793e-10,3.58e-10,yes,0.6305,0.5452,0.7274,0.63 (0.55 - 0.73),15906,455,15451
531,Peptic ulcer (excl. esophageal),digestive,10,#458B00,SFD,5.567311330099051e-19,5.57e-19,yes,1.3905,1.2923,1.4943,1.39 (1.29 - 1.49),22217,731,21486
531,Peptic ulcer (excl. esophageal),digestive,10,#458B00,VFD,3.969606502541375e-15,3.97e-15,yes,1.4019,1.2883,1.5248,1.40 (1.29 - 1.52),22217,731,21486
531.2,Gastric ulcer,digestive,10,#458B00,SFD,7.784880234203389e-10,7.78e-10,yes,1.4881,1.3081,1.6856,1.49 (1.31 - 1.69),21700,214,21486
531.2,Gastric ulcer,digestive,10,#458B00,VFD,1.3328303705951938e-7,1.33e-07,yes,1.5091,1.294,1.757,1.51 (1.29 - 1.76),21700,214,21486
531.4,"Peptic ulcer, site unspecified",digestive,10,#458B00,SFD,3.2503870689162004e-7,3.25e-07,yes,1.3417,1.1964,1.4992,1.34 (1.20 - 1.50),21783,297,21486
531.4,"Peptic ulcer, site unspecified",digestive,10,#458B00,VFD,2.7924816558119416e-6,2.79e-06,yes,1.3654,1.1977,1.5542,1.37 (1.20 - 1.55),21783,297,21486
532,Dysphagia,digestive,10,#458B00,SFD,1.2759572583740965e-14,1.28e-14,yes,1.2949,1.2121,1.3824,1.29 (1.21 - 1.38),16514,1063,15451
536,Disorders of function of stomach,digestive,10,#458B00,SFD,3.876507806231238e-9,3.88e-09,yes,1.2486,1.1591,1.3436,1.25 (1.16 - 1.34),19637,780,18857
537,Other disorders of stomach and duodenum,digestive,10,#458B00,SFD,6.108992748582865e-40,6.11e-40,yes,1.4929,1.4064,1.5838,1.49 (1.41 - 1.58),19997,1140,18857
537,Other disorders of stomach and duodenum,digestive,10,#458B00,SFI,1.1084786672708124e-6,1.11e-06,yes,0.7539,0.6725,0.8441,0.75 (0.67 - 0.84),19997,1140,18857
537,Other disorders of stomach and duodenum,digestive,10,#458B00,VFD,4.584428886620126e-43,4.58e-43,yes,1.6097,1.5041,1.7226,1.61 (1.50 - 1.72),19997,1140,18857
537,Other disorders of stomach and duodenum,digestive,10,#458B00,VFI,1.4315947150473302e-5,1.43e-05,yes,0.8152,0.743,0.8936,0.82 (0.74 - 0.89),19997,1140,18857
539,Bariatric surgery,digestive,10,#458B00,SFD,3.859191416266089e-80,3.86e-80,yes,2.1917,2.0204,2.3765,2.19 (2.02 - 2.38),22581,642,21939
539,Bariatric surgery,digestive,10,#458B00,SFI,1.9715556507239423e-6,1.97e-06,yes,1.3178,1.1756,1.4759,1.32 (1.18 - 1.48),22581,642,21939
539,Bariatric surgery,digestive,10,#458B00,VFD,2.458397766750745e-75,2.46e-75,yes,2.3657,2.158,2.5936,2.37 (2.16 - 2.59),22581,642,21939
539,Bariatric surgery,digestive,10,#458B00,VFI,3.6703803916746734e-27,3.67e-27,yes,0.5194,0.4607,0.5844,0.52 (0.46 - 0.58),22581,642,21939
540,Appendiceal conditions,digestive,10,#458B00,SFD,3.5574613004210657e-7,3.56e-07,yes,0.8166,0.7555,0.8833,0.82 (0.76 - 0.88),22490,917,21573
540.1,Appendicitis,digestive,10,#458B00,SFD,4.8442636246636495e-8,4.84e-08,yes,0.8005,0.739,0.8675,0.80 (0.74 - 0.87),22432,859,21573
540.11,Acute appendicitis,digestive,10,#458B00,SFD,6.011933980260343e-9,6.01e-09,yes,0.783,0.721,0.8507,0.78 (0.72 - 0.85),22378,805,21573
550,Abdominal hernia,digestive,10,#458B00,SFD,5.395993538544094e-9,5.4e-09,yes,1.1679,1.1083,1.2301,1.17 (1.11 - 1.23),21789,2087,19702
550,Abdominal hernia,digestive,10,#458B00,VFD,6.119069015175943e-7,6.12e-07,yes,1.1482,1.0874,1.2122,1.15 (1.09 - 1.21),21789,2087,19702
550.1,Inguinal hernia,digestive,10,#458B00,VFI,1.787348206195032e-6,1.79e-06,yes,0.6827,0.583,0.7975,0.68 (0.58 - 0.80),20056,354,19702
550.4,Umbilical hernia,digestive,10,#458B00,SFD,4.091669038136135e-6,4.09e-06,yes,1.345,1.1823,1.5217,1.35 (1.18 - 1.52),20027,325,19702
550.5,Ventral hernia,digestive,10,#458B00,SFD,1.2383804233059399e-5,1.24e-05,yes,1.2266,1.1178,1.3426,1.23 (1.12 - 1.34),20337,635,19702
555,Inflammatory bowel disease and other gastroenteritis and colitis,digestive,10,#458B00,SFD,1.3004355862682112e-5,1.3e-05,yes,1.2035,1.1066,1.3071,1.20 (1.11 - 1.31),10846,822,10024
555,Inflammatory bowel disease and other gastroenteritis and colitis,digestive,10,#458B00,VFD,6.648168324457295e-13,6.65e-13,yes,1.3736,1.2595,1.4977,1.37 (1.26 - 1.50),10846,822,10024
555.2,Ulcerative colitis,digestive,10,#458B00,VFD,4.8645932093141453e-11,4.86e-11,yes,1.4781,1.3151,1.6602,1.48 (1.32 - 1.66),10444,420,10024
555.2,Ulcerative colitis,digestive,10,#458B00,VFI,2.1419153552157605e-7,2.14e-07,yes,0.6107,0.5059,0.7344,0.61 (0.51 - 0.73),10444,420,10024
558,Noninfectious gastroenteritis,digestive,10,#458B00,SFD,2.1076381121978556e-13,2.11e-13,yes,1.2609,1.1849,1.3411,1.26 (1.18 - 1.34),11578,1554,10024
558,Noninfectious gastroenteritis,digestive,10,#458B00,VFD,4.251621533674586e-14,4.25e-14,yes,1.2832,1.2027,1.3689,1.28 (1.20 - 1.37),11578,1554,10024
559,Ileostomy status,digestive,10,#458B00,SFD,1.220562247159708e-7,1.22e-07,yes,1.3602,1.2119,1.5223,1.36 (1.21 - 1.52),10374,350,10024
559,Ileostomy status,digestive,10,#458B00,VFD,5.3616685461598e-12,5.36e-12,yes,1.5489,1.3674,1.7536,1.55 (1.37 - 1.75),10374,350,10024
559,Ileostomy status,digestive,10,#458B00,VFI,1.0288337996495325e-7,1.03e-07,yes,0.5798,0.4732,0.7071,0.58 (0.47 - 0.71),10374,350,10024
560,Intestinal obstruction without mention of hernia,digestive,10,#458B00,SFD,2.486397622143034e-75,2.49e-75,yes,1.6066,1.5275,1.6902,1.61 (1.53 - 1.69),12393,2369,10024
560,Intestinal obstruction without mention of hernia,digestive,10,#458B00,SFI,6.016049640991945e-24,6.02e-24,yes,0.6249,0.5701,0.6843,0.62 (0.57 - 0.68),12393,2369,10024
560,Intestinal obstruction without mention of hernia,digestive,10,#458B00,VFD,1.9084713508560955e-102,1.91e-102,yes,1.853,1.7519,1.9605,1.85 (1.75 - 1.96),12393,2369,10024
560,Intestinal obstruction without mention of hernia,digestive,10,#458B00,VFI,7.900031969956144e-34,7.9e-34,yes,0.622,0.5758,0.6714,0.62 (0.58 - 0.67),12393,2369,10024
560.1,Paralytic ileus,digestive,10,#458B00,SFD,8.72979568882258e-64,8.73e-64,yes,2.0592,1.8933,2.2397,2.06 (1.89 - 2.24),10614,590,10024
560.1,Paralytic ileus,digestive,10,#458B00,SFI,5.541409781939647e-16,5.54e-16,yes,0.4987,0.4209,0.5894,0.50 (0.42 - 0.59),10614,590,10024
560.1,Paralytic ileus,digestive,10,#458B00,VFD,4.106319482395934e-52,4.11e-52,yes,2.1263,1.9294,2.3442,2.13 (1.93 - 2.34),10614,590,10024
560.1,Paralytic ileus,digestive,10,#458B00,VFI,1.7962709015119116e-13,1.8e-13,yes,0.5966,0.5193,0.6837,0.60 (0.52 - 0.68),10614,590,10024
560.3,Peritoneal or intestinal adhesions,digestive,10,#458B00,SFD,4.2432360375022826e-12,4.24e-12,yes,1.5114,1.3429,1.6966,1.51 (1.34 - 1.70),10303,279,10024
560.3,Peritoneal or intestinal adhesions,digestive,10,#458B00,VFD,3.1260961468636194e-22,3.13e-22,yes,1.9738,1.7203,2.2649,1.97 (1.72 - 2.26),10303,279,10024
560.3,Peritoneal or intestinal adhesions,digestive,10,#458B00,VFI,1.3613544032462757e-12,1.36e-12,yes,0.4573,0.3672,0.5661,0.46 (0.37 - 0.57),10303,279,10024
560.4,Other intestinal obstruction,digestive,10,#458B00,SFD,3.46229662105537e-50,3.46e-50,yes,1.5269,1.4443,1.6144,1.53 (1.44 - 1.61),11790,1766,10024
560.4,Other intestinal obstruction,digestive,10,#458B00,SFI,6.958937121418622e-17,6.96e-17,yes,0.6403,0.5763,0.7105,0.64 (0.58 - 0.71),11790,1766,10024
560.4,Other intestinal obstruction,digestive,10,#458B00,VFD,3.4527823423999773e-84,3.45e-84,yes,1.8653,1.7519,1.9866,1.87 (1.75 - 1.99),11790,1766,10024
560.4,Other intestinal obstruction,digestive,10,#458B00,VFI,4.6433891833358494e-29,4.64e-29,yes,0.6029,0.5515,0.6584,0.60 (0.55 - 0.66),11790,1766,10024
561,Symptoms involving digestive system,digestive,10,#458B00,SFD,8.925132845055701e-32,8.93e-32,yes,1.2796,1.2281,1.3335,1.28 (1.23 - 1.33),14679,4655,10024
561,Symptoms involving digestive system,digestive,10,#458B00,VFD,2.6870628176383186e-26,2.69e-26,yes,1.2568,1.2049,1.311,1.26 (1.20 - 1.31),14679,4655,10024
562,Diverticulosis and diverticulitis,digestive,10,#458B00,SFD,4.1305250514422804e-12,4.13e-12,yes,0.8001,0.7508,0.8518,0.80 (0.75 - 0.85),12385,2361,10024
562,Diverticulosis and diverticulitis,digestive,10,#458B00,VFD,2.342928536164572e-6,2.34e-06,yes,0.8675,0.8176,0.9201,0.87 (0.82 - 0.92),12385,2361,10024
562,Diverticulosis and diverticulitis,digestive,10,#458B00,VFI,6.615218548438252e-8,6.62e-08,yes,1.191,1.1178,1.269,1.19 (1.12 - 1.27),12385,2361,10024
562.1,Diverticulosis,digestive,10,#458B00,SFD,2.4520052561837752e-6,2.45e-06,yes,0.8368,0.7768,0.9009,0.84 (0.78 - 0.90),11535,1511,10024
562.2,Diverticulitis,digestive,10,#458B00,SFD,2.9545993339880754e-12,2.95e-12,yes,0.7353,0.6739,0.8011,0.74 (0.67 - 0.80),11185,1161,10024
562.2,Diverticulitis,digestive,10,#458B00,VFD,1.2762246981658164e-5,1.28e-05,yes,0.8371,0.7727,0.9065,0.84 (0.77 - 0.91),11185,1161,10024
562.2,Diverticulitis,digestive,10,#458B00,VFI,1.2242396989807308e-6,1.22e-06,yes,1.2313,1.1319,1.3391,1.23 (1.13 - 1.34),11185,1161,10024
564,Functional digestive disorders,digestive,10,#458B00,SFD,5.527852153995018e-32,5.53e-32,yes,1.3271,1.2661,1.3912,1.33 (1.27 - 1.39),13069,3045,10024
564,Functional digestive disorders,digestive,10,#458B00,SFI,2.073506991908366e-9,2.07e-09,yes,0.79,0.7311,0.8531,0.79 (0.73 - 0.85),13069,3045,10024
564,Functional digestive disorders,digestive,10,#458B00,VFD,1.166278208042122e-32,1.17e-32,yes,1.3491,1.2842,1.4174,1.35 (1.28 - 1.42),13069,3045,10024
564,Functional digestive disorders,digestive,10,#458B00,VFI,6.811076896080087e-6,6.81e-06,yes,0.8653,0.8123,0.9214,0.87 (0.81 - 0.92),13069,3045,10024
564.9,Personal history of diseases of digestive system,digestive,10,#458B00,SFD,9.339914977675904e-6,9.34e-06,yes,1.2339,1.1233,1.3528,1.23 (1.12 - 1.35),10661,637,10024
564.9,Personal history of diseases of digestive system,digestive,10,#458B00,VFD,1.7720020756579055e-6,1.77e-06,yes,1.267,1.1494,1.3957,1.27 (1.15 - 1.40),10661,637,10024
565,Anal and rectal conditions,digestive,10,#458B00,SFD,1.0800504585808464e-8,1.08e-08,yes,1.2404,1.1514,1.3347,1.24 (1.15 - 1.33),16917,975,15942
565,Anal and rectal conditions,digestive,10,#458B00,VFD,2.8329236246588067e-6,2.83e-06,yes,1.2057,1.1146,1.3035,1.21 (1.11 - 1.30),16917,975,15942
567,Peritonitis and retroperitoneal infections,digestive,10,#458B00,SFD,1.4075902442739979e-95,1.41e-95,yes,1.8171,1.7174,1.9226,1.82 (1.72 - 1.92),17348,1406,15942
567,Peritonitis and retroperitoneal infections,digestive,10,#458B00,SFI,3.6204894039511954e-25,3.62e-25,yes,0.5763,0.519,0.6392,0.58 (0.52 - 0.64),17348,1406,15942
567,Peritonitis and retroperitoneal infections,digestive,10,#458B00,VFD,1.5721847084877816e-103,1.57e-103,yes,2.0227,1.8977,2.1565,2.02 (1.90 - 2.16),17348,1406,15942
567,Peritonitis and retroperitoneal infections,digestive,10,#458B00,VFI,1.2411688140727972e-8,1.24e-08,yes,0.7792,0.7147,0.8487,0.78 (0.71 - 0.85),17348,1406,15942
568,Other disorders of peritoneum,digestive,10,#458B00,SFD,9.26285623542585e-49,9.26e-49,yes,1.6674,1.5569,1.7848,1.67 (1.56 - 1.78),16837,895,15942
568,Other disorders of peritoneum,digestive,10,#458B00,SFI,3.8165395288207725e-9,3.82e-09,yes,0.6796,0.5972,0.7722,0.68 (0.60 - 0.77),16837,895,15942
568,Other disorders of peritoneum,digestive,10,#458B00,VFD,2.687701034576135e-58,2.69e-58,yes,1.8977,1.7553,2.0518,1.90 (1.76 - 2.05),16837,895,15942
568,Other disorders of peritoneum,digestive,10,#458B00,VFI,3.404953469750753e-14,3.4e-14,yes,0.6538,0.5853,0.7291,0.65 (0.59 - 0.73),16837,895,15942
568.1,Peritoneal adhesions (postoperative) (postinfection),digestive,10,#458B00,SFD,4.735437227025767e-17,4.74e-17,yes,1.514,1.3725,1.666,1.51 (1.37 - 1.67),16389,447,15942
568.1,Peritoneal adhesions (postoperative) (postinfection),digestive,10,#458B00,VFD,4.091055368604123e-23,4.09e-23,yes,1.7268,1.5492,1.9234,1.73 (1.55 - 1.92),16389,447,15942
568.1,Peritoneal adhesions (postoperative) (postinfection),digestive,10,#458B00,VFI,6.096734385402399e-7,6.1e-07,yes,0.6809,0.5845,0.7907,0.68 (0.58 - 0.79),16389,447,15942
569,Other disorders of intestine,digestive,10,#458B00,SFD,4.404958339966044e-98,4.4e-98,yes,1.6467,1.5719,1.7252,1.65 (1.57 - 1.73),18297,2355,15942
569,Other disorders of intestine,digestive,10,#458B00,SFI,2.1361294531672961e-10,2.14e-10,yes,0.7721,0.7126,0.836,0.77 (0.71 - 0.84),18297,2355,15942
569,Other disorders of intestine,digestive,10,#458B00,VFD,4.5945864625883483e-95,4.59e-95,yes,1.724,1.6374,1.8155,1.72 (1.64 - 1.82),18297,2355,15942
569,Other disorders of intestine,digestive,10,#458B00,VFI,1.1062057882155644e-18,1.11e-18,yes,0.7343,0.6854,0.7862,0.73 (0.69 - 0.79),18297,2355,15942
569.2,Gastrointestinal complications,digestive,10,#458B00,SFD,1.1923243936238735e-58,1.19e-58,yes,1.8353,1.7044,1.9752,1.84 (1.70 - 1.98),16699,757,15942
569.2,Gastrointestinal complications,digestive,10,#458B00,VFD,3.088892318360156e-67,3.09e-67,yes,2.1294,1.955,2.3197,2.13 (1.95 - 2.32),16699,757,15942
569.2,Gastrointestinal complications,digestive,10,#458B00,VFI,6.5871195212419905e-19,6.59e-19,yes,0.58,0.5137,0.6534,0.58 (0.51 - 0.65),16699,757,15942
571,Chronic liver disease and cirrhosis,digestive,10,#458B00,SFD,1.114415325877485e-96,1.11e-96,yes,1.6836,1.6032,1.7681,1.68 (1.60 - 1.77),16785,2731,14054
571,Chronic liver disease and cirrhosis,digestive,10,#458B00,SFI,4.917273294002971e-10,4.92e-10,yes,0.8027,0.7489,0.8601,0.80 (0.75 - 0.86),16785,2731,14054
571,Chronic liver disease and cirrhosis,digestive,10,#458B00,VFD,8.44650297320164e-62,8.45e-62,yes,1.5259,1.4516,1.6041,1.53 (1.45 - 1.60),16785,2731,14054
571,Chronic liver disease and cirrhosis,digestive,10,#458B00,VFI,4.4919236219766557e-7,4.49e-07,yes,1.1575,1.0935,1.2251,1.16 (1.09 - 1.23),16785,2731,14054
571.5,Other chronic nonalcoholic liver disease,digestive,10,#458B00,SFD,3.379076365945471e-67,3.38e-67,yes,1.5895,1.5082,1.675,1.59 (1.51 - 1.67),16456,2402,14054
571.5,Other chronic nonalcoholic liver disease,digestive,10,#458B00,SFI,7.745615433854754e-7,7.75e-07,yes,0.8343,0.7762,0.8962,0.83 (0.78 - 0.90),16456,2402,14054
571.5,Other chronic nonalcoholic liver disease,digestive,10,#458B00,VFD,1.8916491821662365e-37,1.89e-37,yes,1.4144,1.3412,1.4916,1.41 (1.34 - 1.49),16456,2402,14054
571.5,Other chronic nonalcoholic liver disease,digestive,10,#458B00,VFI,2.957919461996104e-9,2.96e-09,yes,1.1964,1.1275,1.2694,1.20 (1.13 - 1.27),16456,2402,14054
571.51,Cirrhosis of liver without mention of alcohol,digestive,10,#458B00,SFD,6.931391073758736e-156,6.93e-156,yes,2.9009,2.6828,3.1389,2.90 (2.68 - 3.14),14824,770,14054
571.51,Cirrhosis of liver without mention of alcohol,digestive,10,#458B00,SFI,6.172359459506997e-29,6.17e-29,yes,0.4598,0.4007,0.5265,0.46 (0.40 - 0.53),14824,770,14054
571.51,Cirrhosis of liver without mention of alcohol,digestive,10,#458B00,VFD,7.884385724654586e-169,7.88e-169,yes,3.5646,3.2599,3.9026,3.56 (3.26 - 3.90),14824,770,14054
571.51,Cirrhosis of liver without mention of alcohol,digestive,10,#458B00,VFI,1.5639386101684658e-10,1.56e-10,yes,0.7044,0.6322,0.7837,0.70 (0.63 - 0.78),14824,770,14054
571.8,Liver abscess and sequelae of chronic liver disease,digestive,10,#458B00,SFD,2.658858343661509e-183,2.66e-183,yes,3.071,2.847,3.3156,3.07 (2.85 - 3.32),14894,840,14054
571.8,Liver abscess and sequelae of chronic liver disease,digestive,10,#458B00,SFI,1.4769497535532252e-36,1.48e-36,yes,0.4127,0.3594,0.473,0.41 (0.36 - 0.47),14894,840,14054
571.8,Liver abscess and sequelae of chronic liver disease,digestive,10,#458B00,VFD,4.53599953549679e-200,4.54e-200,yes,3.9955,3.6543,4.3749,4.00 (3.65 - 4.37),14894,840,14054
571.8,Liver abscess and sequelae of chronic liver disease,digestive,10,#458B00,VFI,1.8821682062549143e-15,1.88e-15,yes,0.6393,0.5721,0.7134,0.64 (0.57 - 0.71),14894,840,14054
571.81,Portal hypertension,digestive,10,#458B00,SFD,9.683665200596625e-140,9.68e-140,yes,3.3796,3.0756,3.7183,3.38 (3.08 - 3.72),14539,485,14054
571.81,Portal hypertension,digestive,10,#458B00,SFI,1.7740565952796245e-27,1.77e-27,yes,0.3808,0.3194,0.4526,0.38 (0.32 - 0.45),14539,485,14054
571.81,Portal hypertension,digestive,10,#458B00,VFD,1.2331420166471022e-164,1.23e-164,yes,5.2834,4.6956,5.9616,5.28 (4.70 - 5.96),14539,485,14054
571.81,Portal hypertension,digestive,10,#458B00,VFI,4.951624775586839e-16,4.95e-16,yes,0.5508,0.4763,0.6354,0.55 (0.48 - 0.64),14539,485,14054
572,Ascites (non malignant),digestive,10,#458B00,SFD,7.85871932496356e-294,7.86e-294,yes,2.7458,2.6022,2.8992,2.75 (2.60 - 2.90),16054,2000,14054
572,Ascites (non malignant),digestive,10,#458B00,SFI,1.0875742352761296e-92,1.09e-92,yes,0.3525,0.3188,0.3894,0.35 (0.32 - 0.39),16054,2000,14054
572,Ascites (non malignant),digestive,10,#458B00,VFD,1.77858552075e-313,1.78e-313,yes,3.3603,3.1571,3.5794,3.36 (3.16 - 3.58),16054,2000,14054
572,Ascites (non malignant),digestive,10,#458B00,VFI,2.991386992046252e-30,2.99e-30,yes,0.6316,0.5835,0.6831,0.63 (0.58 - 0.68),16054,2000,14054
573,Other disorders of liver,digestive,10,#458B00,SFD,1.2000258866105465e-85,1.2e-85,yes,1.7931,1.6914,1.9009,1.79 (1.69 - 1.90),15538,1484,14054
573,Other disorders of liver,digestive,10,#458B00,SFI,1.4380267504964795e-17,1.44e-17,yes,0.6259,0.5617,0.6967,0.63 (0.56 - 0.70),15538,1484,14054
573,Other disorders of liver,digestive,10,#458B00,VFD,1.9306853429808926e-78,1.93e-78,yes,1.8492,1.7342,1.972,1.85 (1.73 - 1.97),15538,1484,14054
573.3,Hepatomegaly,digestive,10,#458B00,SFD,1.9274234731282805e-21,1.93e-21,yes,1.7105,1.5294,1.9084,1.71 (1.53 - 1.91),14473,419,14054
573.3,Hepatomegaly,digestive,10,#458B00,SFI,1.2841849671996485e-6,1.28e-06,yes,0.6551,0.5513,0.7764,0.66 (0.55 - 0.78),14473,419,14054
573.3,Hepatomegaly,digestive,10,#458B00,VFD,6.3161568655622214e-15,6.32e-15,yes,1.6141,1.4303,1.8197,1.61 (1.43 - 1.82),14473,419,14054
573.5,Jaundice (not of newborn),digestive,10,#458B00,SFD,6.3236118792235e-89,6.32e-89,yes,2.6298,2.3924,2.892,2.63 (2.39 - 2.89),14519,465,14054
573.5,Jaundice (not of newborn),digestive,10,#458B00,SFI,1.8414391065404853e-16,1.84e-16,yes,0.4384,0.3596,0.5326,0.44 (0.36 - 0.53),14519,465,14054
573.5,Jaundice (not of newborn),digestive,10,#458B00,VFD,5.329369636546408e-71,5.33e-71,yes,2.8298,2.5249,3.1745,2.83 (2.52 - 3.17),14519,465,14054
573.6,Nonspecific elevation of levels of transaminase or lactic acid dehydrogenase [LDH],digestive,10,#458B00,SFD,7.379806493442793e-21,7.38e-21,yes,1.5313,1.3998,1.673,1.53 (1.40 - 1.67),14733,679,14054
573.6,Nonspecific elevation of levels of transaminase or lactic acid dehydrogenase [LDH],digestive,10,#458B00,VFD,6.877005680582125e-16,6.88e-16,yes,1.4857,1.3493,1.6353,1.49 (1.35 - 1.64),14733,679,14054
573.7,Abnormal results of function study of liver,digestive,10,#458B00,SFD,6.727893877003405e-15,6.73e-15,yes,1.6927,1.4795,1.9285,1.69 (1.48 - 1.93),14320,266,14054
573.7,Abnormal results of function study of liver,digestive,10,#458B00,VFD,1.2988272992649763e-9,1.3e-09,yes,1.5812,1.3626,1.8321,1.58 (1.36 - 1.83),14320,266,14054
573.9,Abnormal serum enzyme levels,digestive,10,#458B00,SFD,6.701904717161586e-27,6.7e-27,yes,1.579,1.4518,1.7154,1.58 (1.45 - 1.72),14831,777,14054
573.9,Abnormal serum enzyme levels,digestive,10,#458B00,VFD,2.8336310871685823e-18,2.83e-18,yes,1.4907,1.3625,1.6304,1.49 (1.36 - 1.63),14831,777,14054
574,Cholelithiasis and cholecystitis,digestive,10,#458B00,SFD,2.1614267163467147e-7,2.16e-07,yes,1.1646,1.0991,1.2333,1.16 (1.10 - 1.23),20167,1699,18468
575,Other biliary tract disease,digestive,10,#458B00,SFD,5.793528414465799e-57,5.79e-57,yes,1.5154,1.4395,1.5949,1.52 (1.44 - 1.59),20151,1683,18468
575,Other biliary tract disease,digestive,10,#458B00,SFI,1.5606833187576653e-7,1.56e-07,yes,0.7777,0.7076,0.8539,0.78 (0.71 - 0.85),20151,1683,18468
575,Other biliary tract disease,digestive,10,#458B00,VFD,1.3457726653004187e-48,1.35e-48,yes,1.5495,1.4613,1.643,1.55 (1.46 - 1.64),20151,1683,18468
575.1,Cholangitis,digestive,10,#458B00,SFD,9.434505700503273e-43,9.43e-43,yes,1.9044,1.7358,2.0872,1.90 (1.74 - 2.09),18842,374,18468
575.1,Cholangitis,digestive,10,#458B00,SFI,3.8645581595163053e-13,3.86e-13,yes,0.4461,0.3582,0.5539,0.45 (0.36 - 0.55),18842,374,18468
575.1,Cholangitis,digestive,10,#458B00,VFD,5.498222963096586e-38,5.5e-38,yes,2.1468,1.9113,2.4116,2.15 (1.91 - 2.41),18842,374,18468
575.2,Obstruction of bile duct,digestive,10,#458B00,SFD,3.6071343892116464e-60,3.61e-60,yes,1.926,1.7801,2.083,1.93 (1.78 - 2.08),19009,541,18468
575.2,Obstruction of bile duct,digestive,10,#458B00,SFI,2.0805329917351573e-9,2.08e-09,yes,0.5768,0.4811,0.6896,0.58 (0.48 - 0.69),19009,541,18468
575.2,Obstruction of bile duct,digestive,10,#458B00,VFD,1.2732639816688026e-56,1.27e-56,yes,2.2219,2.0135,2.4529,2.22 (2.01 - 2.45),19009,541,18468
575.7,Other disorders of gallbladder,digestive,10,#458B00,SFD,1.2681389016398572e-14,1.27e-14,yes,1.4966,1.3491,1.6563,1.50 (1.35 - 1.66),18858,390,18468
575.7,Other disorders of gallbladder,digestive,10,#458B00,VFD,1.143423699212243e-9,1.14e-09,yes,1.4444,1.2824,1.6251,1.44 (1.28 - 1.63),18858,390,18468
575.8,Other disorders of biliary tract,digestive,10,#458B00,SFD,1.1002285218806524e-48,1.1e-48,yes,1.6433,1.5373,1.7557,1.64 (1.54 - 1.76),19321,853,18468
575.8,Other disorders of biliary tract,digestive,10,#458B00,SFI,1.8467125737734838e-5,1.85e-05,yes,0.7422,0.647,0.85,0.74 (0.65 - 0.85),19321,853,18468
575.8,Other disorders of biliary tract,digestive,10,#458B00,VFD,2.2516238403862913e-42,2.25e-42,yes,1.7429,1.6091,1.8877,1.74 (1.61 - 1.89),19321,853,18468
577,Diseases of pancreas,digestive,10,#458B00,SFD,4.480242176915751e-21,4.48e-21,yes,1.2756,1.2124,1.3416,1.28 (1.21 - 1.34),22235,1776,20459
577,Diseases of pancreas,digestive,10,#458B00,VFD,1.1977353978992514e-18,1.2e-18,yes,1.2871,1.2167,1.3613,1.29 (1.22 - 1.36),22235,1776,20459
577.1,Acute pancreatitis,digestive,10,#458B00,SFD,3.230942047080463e-7,3.23e-07,yes,1.2127,1.1255,1.305,1.21 (1.13 - 1.30),21332,873,20459
577.1,Acute pancreatitis,digestive,10,#458B00,VFD,1.6375989000728377e-6,1.64e-06,yes,1.2151,1.1218,1.3155,1.22 (1.12 - 1.32),21332,873,20459
578,Gastrointestinal hemorrhage,digestive,10,#458B00,SFD,8.151717196065633e-38,8.15e-38,yes,1.3904,1.3221,1.4619,1.39 (1.32 - 1.46),19563,1925,17638
578,Gastrointestinal hemorrhage,digestive,10,#458B00,SFI,1.1504871857958006e-8,1.15e-08,yes,0.7767,0.7119,0.8468,0.78 (0.71 - 0.85),19563,1925,17638
578,Gastrointestinal hemorrhage,digestive,10,#458B00,VFD,2.9008017546264416e-33,2.9e-33,yes,1.4052,1.3293,1.4853,1.41 (1.33 - 1.49),19563,1925,17638
578,Gastrointestinal hemorrhage,digestive,10,#458B00,VFI,1.9546272137570115e-7,1.95e-07,yes,0.8261,0.7685,0.8875,0.83 (0.77 - 0.89),19563,1925,17638
578.1,Hematemesis,digestive,10,#458B00,SFD,9.958486150003942e-22,9.96e-22,yes,1.8407,1.6218,2.0823,1.84 (1.62 - 2.08),17864,226,17638
578.1,Hematemesis,digestive,10,#458B00,VFD,1.3619239643553352e-22,1.36e-22,yes,2.0955,1.8058,2.4294,2.10 (1.81 - 2.43),17864,226,17638
578.1,Hematemesis,digestive,10,#458B00,VFI,2.8837339253048446e-7,2.88e-07,yes,0.565,0.453,0.7007,0.56 (0.45 - 0.70),17864,226,17638
578.2,Blood in stool,digestive,10,#458B00,SFD,5.223980704058405e-13,5.22e-13,yes,1.3035,1.2123,1.4,1.30 (1.21 - 1.40),18521,883,17638
578.2,Blood in stool,digestive,10,#458B00,VFD,1.0180288244067392e-12,1.02e-12,yes,1.3357,1.2333,1.4461,1.34 (1.23 - 1.45),18521,883,17638
578.9,Hemorrhage of gastrointestinal tract,digestive,10,#458B00,SFD,1.4103277400142742e-59,1.41e-59,yes,1.751,1.6364,1.8728,1.75 (1.64 - 1.87),18490,852,17638
578.9,Hemorrhage of gastrointestinal tract,digestive,10,#458B00,SFI,2.745900105955945e-11,2.75e-11,yes,0.6381,0.5586,0.7277,0.64 (0.56 - 0.73),18490,852,17638
578.9,Hemorrhage of gastrointestinal tract,digestive,10,#458B00,VFD,2.5525785193692025e-55,2.55e-55,yes,1.8919,1.7468,2.049,1.89 (1.75 - 2.05),18490,852,17638
578.9,Hemorrhage of gastrointestinal tract,digestive,10,#458B00,VFI,1.8233744151540906e-10,1.82e-10,yes,0.7076,0.6357,0.7864,0.71 (0.64 - 0.79),18490,852,17638
579,Other symptoms involving abdomen and pelvis,digestive,10,#458B00,SFD,3.9662851918540017e-42,3.97e-42,yes,1.472,1.392,1.5561,1.47 (1.39 - 1.56),19145,1507,17638
579,Other symptoms involving abdomen and pelvis,digestive,10,#458B00,SFI,5.690794556418541e-20,5.69e-20,yes,0.6324,0.573,0.6973,0.63 (0.57 - 0.70),19145,1507,17638
579,Other symptoms involving abdomen and pelvis,digestive,10,#458B00,VFD,3.1899622066558873e-54,3.19e-54,yes,1.6229,1.5265,1.7253,1.62 (1.53 - 1.73),19145,1507,17638
579,Other symptoms involving abdomen and pelvis,digestive,10,#458B00,VFI,1.155175370864158e-7,1.16e-07,yes,0.8051,0.7428,0.8719,0.81 (0.74 - 0.87),19145,1507,17638
579.2,Splenomegaly,digestive,10,#458B00,SFD,1.014898663121835e-49,1.01e-49,yes,1.9427,1.7783,2.1198,1.94 (1.78 - 2.12),18129,491,17638
579.2,Splenomegaly,digestive,10,#458B00,SFI,1.421806035728814e-19,1.42e-19,yes,0.4792,0.4081,0.5613,0.48 (0.41 - 0.56),18129,491,17638
579.2,Splenomegaly,digestive,10,#458B00,VFD,2.364060221278593e-56,2.36e-56,yes,2.2456,2.0314,2.4825,2.25 (2.03 - 2.48),18129,491,17638
579.2,Splenomegaly,digestive,10,#458B00,VFI,6.584575735863308e-6,6.58e-06,yes,0.7288,0.6345,0.8354,0.73 (0.63 - 0.84),18129,491,17638
580,Nephritis; nephrosis; renal sclerosis,genitourinary,11,#000000,SFD,4.059854223425226e-19,4.06e-19,yes,1.7711,1.5596,2.0045,1.77 (1.56 - 2.00),16327,241,16086
580,Nephritis; nephrosis; renal sclerosis,genitourinary,11,#000000,VFD,9.99163857918025e-11,9.99e-11,yes,1.6304,1.4047,1.8894,1.63 (1.40 - 1.89),16327,241,16086
585,Renal failure,genitourinary,11,#000000,SFD,2.750857752182046e-145,2.75e-145,yes,1.7963,1.7178,1.8786,1.80 (1.72 - 1.88),19091,3005,16086
585,Renal failure,genitourinary,11,#000000,SFI,4.397075792964857e-22,4.4e-22,yes,0.6953,0.6457,0.7483,0.70 (0.65 - 0.75),19091,3005,16086
585,Renal failure,genitourinary,11,#000000,VFD,8.861954990431644e-97,8.86e-97,yes,1.6769,1.5975,1.7604,1.68 (1.60 - 1.76),19091,3005,16086
585.1,Acute renal failure,genitourinary,11,#000000,SFD,4.504179640368319e-131,4.5e-131,yes,1.9476,1.846,2.0551,1.95 (1.85 - 2.06),17804,1718,16086
585.1,Acute renal failure,genitourinary,11,#000000,SFI,2.1882364509200596e-25,2.19e-25,yes,0.6084,0.5538,0.6677,0.61 (0.55 - 0.67),17804,1718,16086
585.1,Acute renal failure,genitourinary,11,#000000,VFD,1.5326905126875455e-100,1.53e-100,yes,1.9225,1.8104,2.042,1.92 (1.81 - 2.04),17804,1718,16086
585.1,Acute renal failure,genitourinary,11,#000000,VFI,1.2167065102009732e-9,1.22e-09,yes,0.7965,0.7399,0.8569,0.80 (0.74 - 0.86),17804,1718,16086
585.3,Chronic renal failure [CKD],genitourinary,11,#000000,SFD,2.1005122097538675e-90,2.1e-90,yes,1.8245,1.7209,1.9343,1.82 (1.72 - 1.93),17507,1421,16086
585.3,Chronic renal failure [CKD],genitourinary,11,#000000,SFI,6.55829287383292e-10,6.56e-10,yes,0.7218,0.6505,0.8,0.72 (0.65 - 0.80),17507,1421,16086
585.3,Chronic renal failure [CKD],genitourinary,11,#000000,VFD,3.2088693811554975e-49,3.21e-49,yes,1.642,1.5373,1.7539,1.64 (1.54 - 1.75),17507,1421,16086
585.31,Renal dialysis,genitourinary,11,#000000,SFD,8.76391504781787e-79,8.76e-79,yes,2.5099,2.2801,2.763,2.51 (2.28 - 2.76),16451,365,16086
585.31,Renal dialysis,genitourinary,11,#000000,SFI,3.192374956583189e-13,3.19e-13,yes,0.4769,0.3901,0.581,0.48 (0.39 - 0.58),16451,365,16086
585.31,Renal dialysis,genitourinary,11,#000000,VFD,3.8796939365684917e-50,3.88e-50,yes,2.4426,2.1721,2.748,2.44 (2.17 - 2.75),16451,365,16086
585.32,End stage renal disease,genitourinary,11,#000000,SFD,5.822553788097068e-74,5.82e-74,yes,2.4285,2.2069,2.6721,2.43 (2.21 - 2.67),16448,362,16086
585.32,End stage renal disease,genitourinary,11,#000000,SFI,1.590228182539184e-17,1.59e-17,yes,0.3954,0.3188,0.4885,0.40 (0.32 - 0.49),16448,362,16086
585.32,End stage renal disease,genitourinary,11,#000000,VFD,1.202485615259146e-44,1.2e-44,yes,2.3261,2.0674,2.6181,2.33 (2.07 - 2.62),16448,362,16086
585.33,"Chronic Kidney Disease, Stage III",genitourinary,11,#000000,SFD,2.0534193978261454e-30,2.05e-30,yes,1.651,1.5147,1.7981,1.65 (1.51 - 1.80),16757,671,16086
585.33,"Chronic Kidney Disease, Stage III",genitourinary,11,#000000,VFD,4.787668108111449e-14,4.79e-14,yes,1.4549,1.3195,1.6036,1.45 (1.32 - 1.60),16757,671,16086
585.4,"Chronic kidney disease, Stage I or II",genitourinary,11,#000000,SFD,4.894934232173053e-8,4.89e-08,yes,1.3959,1.2366,1.5718,1.40 (1.24 - 1.57),16477,391,16086
586,Other disorders of the kidney and ureters,genitourinary,11,#000000,SFD,1.134185944042146e-17,1.13e-17,yes,1.2896,1.2164,1.3667,1.29 (1.22 - 1.37),17795,1709,16086
586,Other disorders of the kidney and ureters,genitourinary,11,#000000,VFD,1.2362516142010659e-12,1.24e-12,yes,1.2482,1.174,1.3269,1.25 (1.17 - 1.33),17795,1709,16086
586.4,Stricture/obstruction of ureter,genitourinary,11,#000000,SFD,9.236345858090934e-7,9.24e-07,yes,1.3284,1.1843,1.4859,1.33 (1.18 - 1.49),16448,362,16086
586.4,Stricture/obstruction of ureter,genitourinary,11,#000000,VFD,1.2226132698507456e-10,1.22e-10,yes,1.5014,1.3261,1.6987,1.50 (1.33 - 1.70),16448,362,16086
591,Urinary tract infection,genitourinary,11,#000000,SFD,3.6956512265042707e-10,3.7e-10,yes,1.1681,1.1125,1.2261,1.17 (1.11 - 1.23),19841,2354,17487
594,Urinary calculus,genitourinary,11,#000000,SFD,6.923141565881276e-6,6.92e-06,yes,0.8694,0.8177,0.924,0.87 (0.82 - 0.92),21021,1624,19397
594,Urinary calculus,genitourinary,11,#000000,VFD,5.584728082656617e-6,5.58e-06,yes,0.8647,0.812,0.9205,0.86 (0.81 - 0.92),21021,1624,19397
594,Urinary calculus,genitourinary,11,#000000,VFI,1.1254757424400249e-8,1.13e-08,yes,1.2258,1.1429,1.3143,1.23 (1.14 - 1.31),21021,1624,19397
594.1,Calculus of kidney,genitourinary,11,#000000,SFD,1.4441152849102274e-6,1.44e-06,yes,0.8442,0.7878,0.9044,0.84 (0.79 - 0.90),20618,1221,19397
594.1,Calculus of kidney,genitourinary,11,#000000,VFD,9.000986796012162e-6,9e-06,yes,0.8504,0.7916,0.9134,0.85 (0.79 - 0.91),20618,1221,19397
594.1,Calculus of kidney,genitourinary,11,#000000,VFI,1.052395451459242e-9,1.05e-09,yes,1.2787,1.1813,1.3835,1.28 (1.18 - 1.38),20618,1221,19397
594.3,Calculus of ureter,genitourinary,11,#000000,SFD,1.176394333380218e-5,1.18e-05,yes,0.7807,0.6992,0.8744,0.78 (0.70 - 0.87),19785,388,19397
595,Hydronephrosis,genitourinary,11,#000000,SFD,5.561166700236575e-9,5.56e-09,yes,1.2197,1.1404,1.3034,1.22 (1.14 - 1.30),20376,979,19397
595,Hydronephrosis,genitourinary,11,#000000,VFD,7.895776814302856e-15,7.9e-15,yes,1.3388,1.2436,1.4408,1.34 (1.24 - 1.44),20376,979,19397
599.2,Retention of urine,genitourinary,11,#000000,SFD,4.818075251776604e-8,4.82e-08,yes,1.2319,1.1424,1.327,1.23 (1.14 - 1.33),18430,816,17614
599.2,Retention of urine,genitourinary,11,#000000,VFD,3.332728356827582e-6,3.33e-06,yes,1.2167,1.1199,1.3213,1.22 (1.12 - 1.32),18430,816,17614
605,Erectile dysfunction [ED],genitourinary,11,#000000,VFI,7.354918798482521e-6,7.35e-06,yes,1.4193,1.2175,1.6537,1.42 (1.22 - 1.65),7450,340,7110
613,Other nonmalignant breast conditions,genitourinary,11,#000000,VFD,2.3909833263566567e-6,2.39e-06,yes,0.7404,0.6533,0.839,0.74 (0.65 - 0.84),22579,386,22193
613.5,Mastodynia,genitourinary,11,#000000,VFD,7.354445292422009e-7,7.35e-07,yes,0.6769,0.5798,0.7906,0.68 (0.58 - 0.79),22439,246,22193
796,Elevated prostate specific antigen [PSA],genitourinary,11,#000000,VFI,8.595817947539286e-6,8.6e-06,yes,1.4554,1.2336,1.7171,1.46 (1.23 - 1.72),7229,269,6960
681,Superficial cellulitis and abscess,dermatologic,13,#B22222,SFD,2.447186090424365e-33,2.45e-33,yes,1.4012,1.3259,1.4799,1.40 (1.33 - 1.48),22065,1502,20563
681,Superficial cellulitis and abscess,dermatologic,13,#B22222,VFD,4.036527525241134e-21,4.04e-21,yes,1.3411,1.2616,1.4253,1.34 (1.26 - 1.43),22065,1502,20563
681.5,"Cellulitis and abscess of leg, except foot",dermatologic,13,#B22222,SFD,2.506842694544918e-17,2.51e-17,yes,1.6175,1.4446,1.8051,1.62 (1.44 - 1.81),20866,303,20563
681.5,"Cellulitis and abscess of leg, except foot",dermatologic,13,#B22222,VFD,3.071260121960772e-13,3.07e-13,yes,1.612,1.4165,1.8312,1.61 (1.42 - 1.83),20866,303,20563
681.7,Cellulitis and abscess of trunk,dermatologic,13,#B22222,SFD,2.3596452173161204e-14,2.36e-14,yes,1.4221,1.2976,1.555,1.42 (1.30 - 1.56),21089,526,20563
681.7,Cellulitis and abscess of trunk,dermatologic,13,#B22222,VFD,4.932756034335655e-9,4.93e-09,yes,1.3527,1.2218,1.496,1.35 (1.22 - 1.50),21089,526,20563
686,Other local infections of skin and subcutaneous tissue,dermatologic,13,#B22222,SFD,1.0690041231807151e-7,1.07e-07,yes,1.4162,1.2425,1.6062,1.42 (1.24 - 1.61),20806,243,20563
702,Degenerative skin conditions and other dermatoses,dermatologic,13,#B22222,SFD,3.774928036328071e-9,3.77e-09,yes,0.7992,0.7418,0.8613,0.80 (0.74 - 0.86),21973,954,21019
702.1,Actinic keratosis,dermatologic,13,#B22222,SFD,3.890824342532896e-7,3.89e-07,yes,0.7862,0.717,0.8639,0.79 (0.72 - 0.86),22230,557,21673
702.2,Seborrheic keratosis,dermatologic,13,#B22222,SFD,1.2879191973302356e-8,1.29e-08,yes,0.7835,0.7206,0.8529,0.78 (0.72 - 0.85),22392,719,21673
707,Chronic ulcer of skin,dermatologic,13,#B22222,SFD,3.95338374995833e-58,3.95e-58,yes,1.8676,1.7301,2.0149,1.87 (1.73 - 2.01),22514,569,21945
707,Chronic ulcer of skin,dermatologic,13,#B22222,SFI,1.099161762442253e-6,1.1e-06,yes,0.6795,0.5811,0.7929,0.68 (0.58 - 0.79),22514,569,21945
707,Chronic ulcer of skin,dermatologic,13,#B22222,VFD,1.0420462422867709e-31,1.04e-31,yes,1.7485,1.5923,1.9197,1.75 (1.59 - 1.92),22514,569,21945
707.1,Decubitus ulcer,dermatologic,13,#B22222,SFD,2.8752710277883785e-47,2.88e-47,yes,1.9629,1.7905,2.1504,1.96 (1.79 - 2.15),22317,372,21945
707.1,Decubitus ulcer,dermatologic,13,#B22222,SFI,1.4619833283141159e-8,1.46e-08,yes,0.5514,0.448,0.6763,0.55 (0.45 - 0.68),22317,372,21945
707.1,Decubitus ulcer,dermatologic,13,#B22222,VFD,1.5453942187397263e-25,1.55e-25,yes,1.8447,1.6442,2.0691,1.84 (1.64 - 2.07),22317,372,21945
710,"Osteomyelitis, periostitis, and other infections involving bone",musculoskeletal,14,#556B2F,SFD,4.043236938890097e-14,4.04e-14,yes,1.6083,1.419,1.8158,1.61 (1.42 - 1.82),21618,234,21384
710,"Osteomyelitis, periostitis, and other infections involving bone",musculoskeletal,14,#556B2F,VFD,7.829785243012264e-10,7.83e-10,yes,1.5646,1.3551,1.8028,1.56 (1.36 - 1.80),21618,234,21384
710.1,Osteomyelitis,musculoskeletal,14,#556B2F,SFD,2.8071890584058548e-14,2.81e-14,yes,1.6167,1.4255,1.8262,1.62 (1.43 - 1.83),21615,231,21384
710.1,Osteomyelitis,musculoskeletal,14,#556B2F,VFD,1.6043859759144253e-9,1.6e-09,yes,1.5567,1.3468,1.7956,1.56 (1.35 - 1.80),21615,231,21384
729,Other disorders of soft tissues,musculoskeletal,14,#556B2F,SFD,9.920071489496853e-19,9.92e-19,yes,1.3162,1.2379,1.3984,1.32 (1.24 - 1.40),20267,1238,19029
729,Other disorders of soft tissues,musculoskeletal,14,#556B2F,VFD,1.1352765411871654e-8,1.14e-08,yes,1.2186,1.1385,1.304,1.22 (1.14 - 1.30),20267,1238,19029
760,Back pain,symptoms,17,#A020F0,VFD,7.2585243486420856e-6,7.26e-06,yes,0.8989,0.8579,0.9417,0.90 (0.86 - 0.94),21586,3092,18494
761,Cervicalgia,symptoms,17,#A020F0,VFD,6.302015662967437e-6,6.3e-06,yes,0.838,0.7761,0.9047,0.84 (0.78 - 0.90),22323,1010,21313
764,Sciatica,symptoms,17,#A020F0,VFD,1.1385984012053852e-6,1.14e-06,yes,0.7861,0.7134,0.866,0.79 (0.71 - 0.87),21633,651,20982
765,Cervical radiculitis,symptoms,17,#A020F0,VFD,9.060288500807502e-6,9.06e-06,yes,0.6859,0.5806,0.8097,0.69 (0.58 - 0.81),21207,225,20982
771,Musculoskeletal symptoms referable to limbs,symptoms,17,#A020F0,SFD,9.889472838937332e-6,9.89e-06,yes,1.2707,1.1408,1.411,1.27 (1.14 - 1.41),20918,388,20530
771.1,Swelling of limb,symptoms,17,#A020F0,SFD,1.106654247641909e-34,1.11e-34,yes,1.5739,1.4632,1.6911,1.57 (1.46 - 1.69),21269,739,20530
771.1,Swelling of limb,symptoms,17,#A020F0,VFD,6.578635390660035e-18,6.58e-18,yes,1.4496,1.3319,1.5769,1.45 (1.33 - 1.58),21269,739,20530
772.3,Muscle weakness,symptoms,17,#A020F0,SFD,7.104942312296853e-9,7.1e-09,yes,1.2919,1.1835,1.4077,1.29 (1.18 - 1.41),21792,531,21261
782.3,Edema,symptoms,17,#A020F0,SFD,7.02820888084338e-168,7.03e-168,yes,2.0865,1.9805,2.1985,2.09 (1.98 - 2.20),21396,1651,19745
782.3,Edema,symptoms,17,#A020F0,SFI,9.134811180967185e-30,9.13e-30,yes,0.5847,0.5326,0.6412,0.58 (0.53 - 0.64),21396,1651,19745
782.3,Edema,symptoms,17,#A020F0,VFD,2.22561365842254e-121,2.23e-121,yes,2.0355,1.9182,2.1604,2.04 (1.92 - 2.16),21396,1651,19745
782.3,Edema,symptoms,17,#A020F0,VFI,3.785497562806651e-13,3.79e-13,yes,0.7664,0.7131,0.8232,0.77 (0.71 - 0.82),21396,1651,19745
783,Fever of unknown origin,symptoms,17,#A020F0,SFD,1.5367135683862642e-36,1.54e-36,yes,1.32,1.2642,1.378,1.32 (1.26 - 1.38),21596,2799,18797
783,Fever of unknown origin,symptoms,17,#A020F0,SFI,1.9755868644593554e-8,1.98e-08,yes,0.8162,0.7601,0.8759,0.82 (0.76 - 0.88),21596,2799,18797
783,Fever of unknown origin,symptoms,17,#A020F0,VFD,6.224159800568526e-28,6.22e-28,yes,1.3002,1.2405,1.3627,1.30 (1.24 - 1.36),21596,2799,18797
785,Abdominal pain,symptoms,17,#A020F0,SFD,1.106852785324072e-12,1.11e-12,yes,0.8795,0.8489,0.9111,0.88 (0.85 - 0.91),20804,14789,6015
785,Abdominal pain,symptoms,17,#A020F0,VFD,1.6856987742814067e-5,1.69e-05,yes,0.9224,0.8891,0.957,0.92 (0.89 - 0.96),20804,14789,6015
789,Nausea and vomiting,symptoms,17,#A020F0,SFD,2.343244017497252e-23,2.34e-23,yes,1.1907,1.1505,1.2323,1.19 (1.15 - 1.23),20835,6327,14508
789,Nausea and vomiting,symptoms,17,#A020F0,VFD,5.508379266778414e-28,5.51e-28,yes,1.2234,1.1801,1.2683,1.22 (1.18 - 1.27),20835,6327,14508
789,Nausea and vomiting,symptoms,17,#A020F0,VFI,5.409726129416749e-6,5.41e-06,yes,0.9003,0.8604,0.9419,0.90 (0.86 - 0.94),20835,6327,14508
790,Nonspecific findings on examination of blood,symptoms,17,#A020F0,SFD,1.0522155328041204e-7,1.05e-07,yes,1.3844,1.2254,1.5575,1.38 (1.23 - 1.56),19878,268,19610
790.6,Other abnormal blood chemistry,symptoms,17,#A020F0,SFD,6.557374501518142e-15,6.56e-15,yes,1.2318,1.1686,1.2978,1.23 (1.17 - 1.30),21440,1830,19610
790.6,Other abnormal blood chemistry,symptoms,17,#A020F0,VFD,1.1712692584845797e-9,1.17e-09,yes,1.1927,1.1267,1.2622,1.19 (1.13 - 1.26),21440,1830,19610
797,Shock,symptoms,17,#A020F0,SFD,2.8003588448309186e-42,2.8e-42,yes,2.0658,1.8595,2.2915,2.07 (1.86 - 2.29),22448,274,22174
797,Shock,symptoms,17,#A020F0,SFI,6.618259244301536e-10,6.62e-10,yes,0.5058,0.4067,0.6268,0.51 (0.41 - 0.63),22448,274,22174
797,Shock,symptoms,17,#A020F0,VFD,4.34251702378226e-31,4.34e-31,yes,2.1576,1.8941,2.4568,2.16 (1.89 - 2.46),22448,274,22174
798,Malaise and fatigue,symptoms,17,#A020F0,SFD,2.3333639710303265e-41,2.33e-41,yes,1.3166,1.2649,1.3703,1.32 (1.26 - 1.37),21591,3463,18128
798,Malaise and fatigue,symptoms,17,#A020F0,VFD,1.0009390481799713e-32,1e-32,yes,1.3024,1.247,1.3602,1.30 (1.25 - 1.36),21591,3463,18128
798,Malaise and fatigue,symptoms,17,#A020F0,VFI,1.4457477399625647e-5,1.45e-05,yes,0.8884,0.842,0.9371,0.89 (0.84 - 0.94),21591,3463,18128
850,Hemorrhage or hematoma complicating a procedure,injuries & poisonings,18,#7F7F7F,SFD,1.4103260024919434e-9,1.41e-09,yes,1.4771,1.2988,1.6722,1.48 (1.30 - 1.67),20926,236,20690
850,Hemorrhage or hematoma complicating a procedure,injuries & poisonings,18,#7F7F7F,VFD,7.601462050990583e-7,7.6e-07,yes,1.4493,1.2498,1.6772,1.45 (1.25 - 1.68),20926,236,20690
859,Complication due to other implant and internal device,injuries & poisonings,18,#7F7F7F,SFD,4.419909980036363e-19,4.42e-19,yes,1.5369,1.3971,1.6874,1.54 (1.40 - 1.69),21073,383,20690
859,Complication due to other implant and internal device,injuries & poisonings,18,#7F7F7F,SFI,1.3879912609745317e-5,1.39e-05,yes,0.6485,0.5326,0.787,0.65 (0.53 - 0.79),21073,383,20690
859,Complication due to other implant and internal device,injuries & poisonings,18,#7F7F7F,VFD,9.510501184865967e-15,9.51e-15,yes,1.5686,1.3992,1.7572,1.57 (1.40 - 1.76),21073,383,20690
870,Open wounds of head; neck; and trunk,injuries & poisonings,18,#7F7F7F,SFD,8.340785133396709e-10,8.34e-10,yes,1.3122,1.202,1.4297,1.31 (1.20 - 1.43),22018,559,21459
870,Open wounds of head; neck; and trunk,injuries & poisonings,18,#7F7F7F,VFD,2.7378928574338346e-9,2.74e-09,yes,1.339,1.2157,1.4736,1.34 (1.22 - 1.47),22018,559,21459
871,Open wounds of extremities,injuries & poisonings,18,#7F7F7F,SFD,8.38846986235158e-8,8.39e-08,yes,1.3188,1.1901,1.4571,1.32 (1.19 - 1.46),21878,419,21459
949,"Allergies, other",injuries & poisonings,18,#7F7F7F,SFD,1.4657912697875646e-7,1.47e-07,yes,1.2301,1.1378,1.3278,1.23 (1.14 - 1.33),20051,759,19292
960,Poisoning by antibiotics,injuries & poisonings,18,#7F7F7F,SFD,4.080039268732271e-20,4.08e-20,yes,1.3198,1.2437,1.4,1.32 (1.24 - 1.40),17061,1454,15607
960,Poisoning by antibiotics,injuries & poisonings,18,#7F7F7F,VFD,3.0649144485668043e-13,3.06e-13,yes,1.2731,1.193,1.3584,1.27 (1.19 - 1.36),17061,1454,15607
960.2,Allergy/adverse effect of penicillin,injuries & poisonings,18,#7F7F7F,SFD,1.2063324687343155e-16,1.21e-16,yes,1.3653,1.2677,1.4691,1.37 (1.27 - 1.47),16492,885,15607
960.2,Allergy/adverse effect of penicillin,injuries & poisonings,18,#7F7F7F,VFD,2.0262464345736183e-10,2.03e-10,yes,1.3039,1.2013,1.4148,1.30 (1.20 - 1.41),16492,885,15607
961.1,Poisoning/allergy of sulfonamides,injuries & poisonings,18,#7F7F7F,SFD,3.9226059100882425e-16,3.92e-16,yes,1.4574,1.33,1.5946,1.46 (1.33 - 1.59),16117,510,15607
961.1,Poisoning/allergy of sulfonamides,injuries & poisonings,18,#7F7F7F,VFD,4.925892869506382e-8,4.93e-08,yes,1.3394,1.2055,1.4873,1.34 (1.21 - 1.49),16117,510,15607
963,Poisoning by primarily systemic agents,injuries & poisonings,18,#7F7F7F,SFD,3.925821860566183e-12,3.93e-12,yes,1.395,1.2685,1.531,1.39 (1.27 - 1.53),16098,491,15607
963,Poisoning by primarily systemic agents,injuries & poisonings,18,#7F7F7F,VFD,1.8293261718327511e-10,1.83e-10,yes,1.4097,1.2681,1.5662,1.41 (1.27 - 1.57),16098,491,15607
963.1,Antineoplastic and immunosuppressive drugs causing adverse effects,injuries & poisonings,18,#7F7F7F,SFD,4.716957537211871e-12,4.72e-12,yes,1.3962,1.2689,1.5332,1.40 (1.27 - 1.53),16091,484,15607
963.1,Antineoplastic and immunosuppressive drugs causing adverse effects,injuries & poisonings,18,#7F7F7F,SFI,6.185052402906484e-6,6.19e-06,yes,0.6662,0.5577,0.7931,0.67 (0.56 - 0.79),16091,484,15607
963.1,Antineoplastic and immunosuppressive drugs causing adverse effects,injuries & poisonings,18,#7F7F7F,VFD,1.81988321753995e-10,1.82e-10,yes,1.4128,1.27,1.5706,1.41 (1.27 - 1.57),16091,484,15607
965,"Poisoning by analgesics, antipyretics, and antirheumatics",injuries & poisonings,18,#7F7F7F,SFD,4.884170529867252e-9,4.88e-09,yes,1.3675,1.2298,1.5167,1.37 (1.23 - 1.52),16004,397,15607
965,"Poisoning by analgesics, antipyretics, and antirheumatics",injuries & poisonings,18,#7F7F7F,VFD,1.500026234215084e-8,1.5e-08,yes,1.4006,1.2458,1.5732,1.40 (1.25 - 1.57),16004,397,15607
965.1,Opiates and related narcotics causing adverse effects in therapeutic use,injuries & poisonings,18,#7F7F7F,SFD,4.419516189448176e-19,4.42e-19,yes,1.5019,1.3724,1.6409,1.50 (1.37 - 1.64),16146,539,15607
965.1,Opiates and related narcotics causing adverse effects in therapeutic use,injuries & poisonings,18,#7F7F7F,VFD,7.13437854393598e-13,7.13e-13,yes,1.4531,1.3116,1.6087,1.45 (1.31 - 1.61),16146,539,15607
977,Personal history of allergy to medicinal agents,injuries & poisonings,18,#7F7F7F,SFD,1.08222898333696e-30,1.08e-30,yes,1.4777,1.3823,1.5788,1.48 (1.38 - 1.58),16642,1035,15607
977,Personal history of allergy to medicinal agents,injuries & poisonings,18,#7F7F7F,VFD,1.1470803010016788e-20,1.15e-20,yes,1.4218,1.3202,1.5308,1.42 (1.32 - 1.53),16642,1035,15607
979,Adverse drug events and drug allergies,injuries & poisonings,18,#7F7F7F,SFD,1.0137969322914622e-15,1.01e-15,yes,1.5141,1.3666,1.6737,1.51 (1.37 - 1.67),15998,391,15607
979,Adverse drug events and drug allergies,injuries & poisonings,18,#7F7F7F,VFD,9.906338426930282e-12,9.91e-12,yes,1.4996,1.3339,1.6844,1.50 (1.33 - 1.68),15998,391,15607
990,Effects radiation NOS,injuries & poisonings,18,#7F7F7F,SFD,7.13755069362675e-27,7.14e-27,yes,1.4531,1.3567,1.5552,1.45 (1.36 - 1.56),19202,898,18304
990,Effects radiation NOS,injuries & poisonings,18,#7F7F7F,SFI,1.2023949444546295e-5,1.2e-05,yes,0.736,0.6411,0.8435,0.74 (0.64 - 0.84),19202,898,18304
990,Effects radiation NOS,injuries & poisonings,18,#7F7F7F,VFD,7.631046887408798e-23,7.63e-23,yes,1.4781,1.3673,1.5977,1.48 (1.37 - 1.60),19202,898,18304
990,Effects radiation NOS,injuries & poisonings,18,#7F7F7F,VFI,1.733338988729373e-5,1.73e-05,yes,0.7865,0.7043,0.8769,0.79 (0.70 - 0.88),19202,898,18304
994,Sepsis and SIRS,injuries & poisonings,18,#7F7F7F,SFD,1.2103182889792896e-165,1.21e-165,yes,1.8461,1.7671,1.9289,1.85 (1.77 - 1.93),21849,2527,19322
994,Sepsis and SIRS,injuries & poisonings,18,#7F7F7F,SFI,2.375297463485292e-33,2.38e-33,yes,0.6165,0.5696,0.6668,0.62 (0.57 - 0.67),21849,2527,19322
994,Sepsis and SIRS,injuries & poisonings,18,#7F7F7F,VFD,4.431479301804286e-118,4.43e-118,yes,1.7919,1.7054,1.8829,1.79 (1.71 - 1.88),21849,2527,19322
994.2,Sepsis,injuries & poisonings,18,#7F7F7F,SFD,1.033126388352608e-166,1.03e-166,yes,1.8702,1.7887,1.9555,1.87 (1.79 - 1.96),21738,2416,19322
994.2,Sepsis,injuries & poisonings,18,#7F7F7F,SFI,2.0172741170956216e-33,2.02e-33,yes,0.61,0.5627,0.6609,0.61 (0.56 - 0.66),21738,2416,19322
994.2,Sepsis,injuries & poisonings,18,#7F7F7F,VFD,2.1385828798691004e-117,2.14e-117,yes,1.8086,1.7198,1.9023,1.81 (1.72 - 1.90),21738,2416,19322
994.2,Sepsis,injuries & poisonings,18,#7F7F7F,VFI,1.0690681894437345e-5,1.07e-05,yes,0.8687,0.8157,0.9247,0.87 (0.82 - 0.92),21738,2416,19322
994.21,Septic shock,injuries & poisonings,18,#7F7F7F,SFD,2.833198537109766e-128,2.83e-128,yes,2.4347,2.2649,2.6178,2.43 (2.26 - 2.62),20003,681,19322
994.21,Septic shock,injuries & poisonings,18,#7F7F7F,SFI,4.325776874656474e-32,4.33e-32,yes,0.4081,0.3512,0.4732,0.41 (0.35 - 0.47),20003,681,19322
994.21,Septic shock,injuries & poisonings,18,#7F7F7F,VFD,4.621846660852731e-94,4.62e-94,yes,2.5256,2.3128,2.7594,2.53 (2.31 - 2.76),20003,681,19322
994.21,Septic shock,injuries & poisonings,18,#7F7F7F,VFI,2.2352698813132216e-11,2.24e-11,yes,0.6711,0.5966,0.7536,0.67 (0.60 - 0.75),20003,681,19322
